date,SO2_mean,SPM_mean
2011-01-01,5.042,19.042
2011-01-02,3.958,14.958
2011-01-03,6.167,24.583
2011-01-04,6.583,21.958
2011-01-05,4.292,17.542
2011-01-06,4.625,12.292
2011-01-07,3.958,9.333
2011-01-08,2.875,8.875
2011-01-09,6.042,28.583
2011-01-10,5.875,33.167
2011-01-11,6.375,23.833
2011-01-12,3.87,9.13
2011-01-13,6.083,20.792
2011-01-14,7.417,34.917
2011-01-15,4.167,16.292
2011-01-16,2.542,17.042
2011-01-17,2.75,12.292
2011-01-18,2.917,13.708
2011-01-19,4.0,27.125
2011-01-20,2.708,14.0
2011-01-21,2.75,17.792
2011-01-22,4.25,13.792
2011-01-23,3.458,12.167
2011-01-24,3.458,9.0
2011-01-25,5.217,15.182
2011-01-26,4.292,9.417
2011-01-27,6.208,26.167
2011-01-28,5.917,36.583
2011-01-29,4.458,13.583
2011-01-30,4.042,14.0
2011-01-31,4.5,11.958
2011-02-01,5.875,23.625
2011-02-02,3.708,7.792
2011-02-03,4.583,9.5
2011-02-04,5.667,17.958
2011-02-05,5.375,38.042
2011-02-06,4.667,67.083
2011-02-07,6.208,21.75
2011-02-08,3.913,9.043
2011-02-09,3.625,9.625
2011-02-10,4.708,14.208
2011-02-11,3.708,9.625
2011-02-12,3.458,9.667
2011-02-13,3.125,24.458
2011-02-14,3.833,22.958
2011-02-15,4.417,24.958
2011-02-16,4.083,14.583
2011-02-17,4.167,11.125
2011-02-18,3.5,11.792
2011-02-19,3.292,10.25
2011-02-20,3.583,13.125
2011-02-21,5.125,20.0
2011-02-22,4.783,47.0
2011-02-23,6.042,36.042
2011-02-24,6.292,37.375
2011-02-25,7.042,35.917
2011-02-26,3.375,10.875
2011-02-27,3.375,14.958
2011-02-28,3.125,14.292
2011-03-01,5.0,39.958
2011-03-02,8.792,42.75
2011-03-03,4.75,19.833
2011-03-04,2.833,22.708
2011-03-05,5.292,18.333
2011-03-06,6.417,21.333
2011-03-07,5.304,40.652
2011-03-08,4.542,43.042
2011-03-09,3.083,24.542
2011-03-10,2.875,19.833
2011-03-11,5.333,23.083
2011-03-12,3.958,12.0
2011-03-13,4.167,12.0
2011-03-14,5.125,17.667
2011-03-15,7.083,33.625
2011-03-16,4.917,23.167
2011-03-17,6.208,33.667
2011-03-18,5.375,38.458
2011-03-19,4.458,12.75
2011-03-20,5.0,19.042
2011-03-21,4.0,15.333
2011-03-22,5.455,18.682
2011-03-23,5.0,24.708
2011-03-24,4.5,28.625
2011-03-25,4.208,15.667
2011-03-26,4.25,15.667
2011-03-27,5.792,25.417
2011-03-28,6.292,33.375
2011-03-29,4.917,24.292
2011-03-30,6.417,24.667
2011-03-31,3.917,18.958
2011-04-01,8.208,40.208
2011-04-02,7.542,33.25
2011-04-03,4.167,16.75
2011-04-04,4.0,13.083
2011-04-05,5.25,18.75
2011-04-06,6.583,23.833
2011-04-07,6.87,20.043
2011-04-08,7.375,24.667
2011-04-09,6.25,35.708
2011-04-10,6.5,28.625
2011-04-11,7.708,34.833
2011-04-12,5.417,27.417
2011-04-13,6.583,25.0
2011-04-14,10.125,42.917
2011-04-15,9.583,49.833
2011-04-16,7.583,59.917
2011-04-17,4.792,22.292
2011-04-18,6.042,28.417
2011-04-19,3.625,11.833
2011-04-20,4.435,10.478
2011-04-21,5.5,27.042
2011-04-22,7.75,43.292
2011-04-23,5.333,30.958
2011-04-24,4.458,27.375
2011-04-25,5.167,26.5
2011-04-26,8.333,26.583
2011-04-27,7.125,32.667
2011-04-28,4.417,25.417
2011-04-29,5.125,19.875
2011-04-30,8.625,32.458
2011-05-01,5.875,54.542
2011-05-02,6.042,128.292
2011-05-03,6.542,112.208
2011-05-04,5.708,78.417
2011-05-05,7.75,48.167
2011-05-06,6.391,35.739
2011-05-07,7.708,18.5
2011-05-08,5.875,25.542
2011-05-09,9.333,43.167
2011-05-10,8.542,41.625
2011-05-11,4.292,16.917
2011-05-12,5.75,22.292
2011-05-13,6.25,45.5
2011-05-14,7.0,38.75
2011-05-15,8.167,34.75
2011-05-16,9.583,40.5
2011-05-17,8.208,43.083
2011-05-18,7.792,36.083
2011-05-19,8.364,36.364
2011-05-20,8.917,38.667
2011-05-21,9.0,35.208
2011-05-22,5.625,15.333
2011-05-23,2.833,9.917
2011-05-24,2.958,12.208
2011-05-25,5.458,24.292
2011-05-26,6.083,31.875
2011-05-27,4.583,27.375
2011-05-28,3.125,22.0
2011-05-29,2.542,13.25
2011-05-30,4.417,20.167
2011-05-31,5.625,18.458
2011-06-01,9.708,31.5
2011-06-02,9.042,50.333
2011-06-03,10.348,61.87
2011-06-04,7.792,50.417
2011-06-05,6.625,39.917
2011-06-06,7.25,39.833
2011-06-07,9.375,41.667
2011-06-08,4.542,29.625
2011-06-09,6.292,34.708
2011-06-10,7.0,46.875
2011-06-11,4.375,17.333
2011-06-12,4.583,22.458
2011-06-13,5.917,28.417
2011-06-14,6.375,43.25
2011-06-15,8.864,46.045
2011-06-16,3.875,28.375
2011-06-17,4.083,25.833
2011-06-18,6.333,39.833
2011-06-19,4.667,29.875
2011-06-20,4.125,26.667
2011-06-21,6.792,34.708
2011-06-22,8.375,28.708
2011-06-23,9.458,35.083
2011-06-24,9.708,28.625
2011-06-25,8.167,22.042
2011-06-26,4.542,13.125
2011-06-27,4.542,16.75
2011-06-28,7.792,32.667
2011-06-29,6.739,28.826
2011-06-30,6.792,28.458
2011-07-01,3.917,44.083
2011-07-02,5.042,63.333
2011-07-03,4.5,45.708
2011-07-04,4.292,29.667
2011-07-05,5.292,29.75
2011-07-06,7.458,43.458
2011-07-07,3.208,22.167
2011-07-08,6.917,35.333
2011-07-09,7.167,29.75
2011-07-10,7.458,24.708
2011-07-11,7.208,27.0
2011-07-12,7.167,21.083
2011-07-13,9.696,28.435
2011-07-14,4.458,18.75
2011-07-15,4.75,20.417
2011-07-16,5.958,30.458
2011-07-17,6.583,34.333
2011-07-18,2.375,11.042
2011-07-19,1.833,15.625
2011-07-20,4.292,14.75
2011-07-21,5.583,13.333
2011-07-22,6.375,21.083
2011-07-23,6.708,36.5
2011-07-24,7.25,41.292
2011-07-25,6.583,41.708
2011-07-26,8.292,37.333
2011-07-27,7.708,32.792
2011-07-28,5.667,20.625
2011-07-29,7.0,22.13
2011-07-30,7.667,23.625
2011-07-31,6.042,29.333
2011-08-01,6.917,34.875
2011-08-02,7.042,34.208
2011-08-03,8.125,25.833
2011-08-04,8.375,23.417
2011-08-05,6.417,22.417
2011-08-06,6.083,24.417
2011-08-07,8.083,25.625
2011-08-08,6.042,23.458
2011-08-09,6.917,26.25
2011-08-10,8.609,29.476
2011-08-11,6.917,22.042
2011-08-12,7.042,20.625
2011-08-13,7.625,22.958
2011-08-14,4.625,35.083
2011-08-15,4.542,24.167
2011-08-16,5.542,22.708
2011-08-17,5.792,23.792
2011-08-18,5.917,22.083
2011-08-19,4.75,17.208
2011-08-20,4.542,23.458
2011-08-21,2.375,15.542
2011-08-22,3.958,24.125
2011-08-23,4.333,30.917
2011-08-24,7.13,33.217
2011-08-25,6.083,45.375
2011-08-26,5.125,26.292
2011-08-27,5.042,27.167
2011-08-28,5.583,34.625
2011-08-29,5.333,39.042
2011-08-30,6.5,47.917
2011-08-31,6.917,39.375
2011-09-01,4.208,18.75
2011-09-02,2.458,25.833
2011-09-03,2.167,18.667
2011-09-04,4.958,9.583
2011-09-05,5.833,9.5
2011-09-06,5.792,15.833
2011-09-07,6.304,22.565
2011-09-08,6.292,33.042
2011-09-09,7.5,38.042
2011-09-10,10.125,34.542
2011-09-11,6.0,22.417
2011-09-12,7.0,23.25
2011-09-13,6.458,29.875
2011-09-14,7.0,40.0
2011-09-15,6.375,29.167
2011-09-16,4.542,15.375
2011-09-17,2.708,13.0
2011-09-18,4.917,21.833
2011-09-19,3.833,14.583
2011-09-20,2.167,10.042
2011-09-21,2.25,5.208
2011-09-22,3.043,11.391
2011-09-23,4.875,13.208
2011-09-24,4.792,15.625
2011-09-25,5.042,19.292
2011-09-26,5.0,22.167
2011-09-27,4.917,17.875
2011-09-28,5.917,24.542
2011-09-29,6.542,29.042
2011-09-30,5.625,21.75
2011-10-01,4.708,17.583
2011-10-02,4.75,15.0
2011-10-03,4.917,12.708
2011-10-04,4.417,11.917
2011-10-05,3.957,17.13
2011-10-06,5.292,13.458
2011-10-07,6.208,32.208
2011-10-08,5.167,28.458
2011-10-09,6.208,43.5
2011-10-10,7.75,43.875
2011-10-11,6.708,41.875
2011-10-12,6.333,43.667
2011-10-13,5.0,38.667
2011-10-14,5.292,40.333
2011-10-15,4.625,9.958
2011-10-16,6.333,29.083
2011-10-17,6.167,25.0
2011-10-18,5.167,13.375
2011-10-19,4.542,18.375
2011-10-20,5.478,26.0
2011-10-21,5.208,25.5
2011-10-22,4.375,13.125
2011-10-23,3.125,5.5
2011-10-24,5.917,19.292
2011-10-25,3.958,15.0
2011-10-26,3.833,11.792
2011-10-27,3.458,14.875
2011-10-28,5.125,26.667
2011-10-29,5.5,32.042
2011-10-30,3.5,25.375
2011-10-31,4.333,11.5
2011-11-01,4.458,15.125
2011-11-02,7.0,20.375
2011-11-03,6.042,33.625
2011-11-04,4.609,35.087
2011-11-05,4.792,41.375
2011-11-06,3.542,14.208
2011-11-07,3.458,11.625
2011-11-08,4.5,15.375
2011-11-09,5.167,13.208
2011-11-10,3.417,14.292
2011-11-11,3.333,18.167
2011-11-12,4.708,25.542
2011-11-13,4.083,24.042
2011-11-14,6.667,40.5
2011-11-15,6.292,18.292
2011-11-16,3.773,10.636
2011-11-17,5.667,24.333
2011-11-18,4.167,40.833
2011-11-19,3.417,16.125
2011-11-20,4.5,18.25
2011-11-21,3.417,7.375
2011-11-22,3.042,8.167
2011-11-23,7.375,19.875
2011-11-24,4.292,9.333
2011-11-25,3.458,8.667
2011-11-26,3.583,11.375
2011-11-27,4.75,26.083
2011-11-28,4.792,51.083
2011-11-29,5.417,60.292
2011-11-30,7.217,69.826
2011-12-01,3.208,7.458
2011-12-02,2.792,10.708
2011-12-03,3.625,9.125
2011-12-04,3.75,6.042
2011-12-05,3.042,14.333
2011-12-06,3.417,17.25
2011-12-07,3.792,15.458
2011-12-08,4.042,14.75
2011-12-09,3.125,9.292
2011-12-10,2.833,9.333
2011-12-11,3.333,11.042
2011-12-12,3.458,16.167
2011-12-13,3.75,20.625
2011-12-14,3.591,25.318
2011-12-15,4.458,23.542
2011-12-16,3.458,9.167
2011-12-17,4.583,7.875
2011-12-18,4.083,13.208
2011-12-19,6.667,12.375
2011-12-20,4.583,10.208
2011-12-21,5.5,18.167
2011-12-22,6.958,22.958
2011-12-23,2.417,5.917
2011-12-24,3.667,8.75
2011-12-25,3.25,7.833
2011-12-26,2.792,6.833
2011-12-27,3.522,8.391
2011-12-28,3.083,10.667
2011-12-29,5.042,21.083
2011-12-30,3.125,8.458
2011-12-31,2.375,6.5
2012-01-01,4.625,13.625
2012-01-02,4.75,29.083
2012-01-03,3.042,8.75
2012-01-04,2.542,6.25
2012-01-05,3.125,12.208
2012-01-06,2.75,11.833
2012-01-07,4.792,16.125
2012-01-08,3.583,19.0
2012-01-09,3.565,18.87
2012-01-10,1.542,10.042
2012-01-11,2.391,8.958
2012-01-12,4.5,26.167
2012-01-13,4.333,40.5
2012-01-14,4.292,18.792
2012-01-15,4.333,20.125
2012-01-16,5.708,21.375
2012-01-17,4.917,21.25
2012-01-18,3.25,8.708
2012-01-19,3.75,13.583
2012-01-20,4.417,21.5
2012-01-21,4.5,31.625
2012-01-22,5.167,34.417
2012-01-23,4.375,9.625
2012-01-24,4.182,16.773
2012-01-25,5.375,19.375
2012-01-26,7.042,18.333
2012-01-27,4.667,11.417
2012-01-28,4.083,13.292
2012-01-29,5.583,16.875
2012-01-30,7.125,32.917
2012-01-31,4.75,39.458
2012-02-01,6.375,55.125
2012-02-02,6.167,36.458
2012-02-03,4.208,15.542
2012-02-04,5.333,37.042
2012-02-05,5.5,23.0
2012-02-06,5.091,18.045
2012-02-07,4.875,21.583
2012-02-08,3.542,7.875
2012-02-09,4.083,13.208
2012-02-10,5.958,16.0
2012-02-11,5.75,22.958
2012-02-12,4.833,22.208
2012-02-13,5.333,18.792
2012-02-14,5.167,15.0
2012-02-15,5.667,21.667
2012-02-16,4.042,12.667
2012-02-17,3.458,11.208
2012-02-18,5.458,29.625
2012-02-19,3.083,13.458
2012-02-20,3.261,11.913
2012-02-21,6.042,22.5
2012-02-22,5.542,22.958
2012-02-23,5.75,31.042
2012-02-24,4.333,11.667
2012-02-25,3.917,15.5
2012-02-26,3.708,27.25
2012-02-27,6.458,31.792
2012-02-28,4.875,22.917
2012-03-01,5.875,28.583
2012-03-02,3.542,25.0
2012-03-03,3.5,18.333
2012-03-04,5.875,24.75
2012-03-05,8.208,41.75
2012-03-06,5.565,23.13
2012-03-07,6.708,31.625
2012-03-08,8.708,44.375
2012-03-09,11.958,69.833
2012-03-10,6.333,30.375
2012-03-11,3.833,17.875
2012-03-12,4.417,28.042
2012-03-13,7.125,35.375
2012-03-14,3.417,15.833
2012-03-15,3.583,18.875
2012-03-16,6.125,27.25
2012-03-17,6.292,43.208
2012-03-18,6.25,46.25
2012-03-19,6.708,51.75
2012-03-20,8.435,56.087
2012-03-21,3.292,10.542
2012-03-22,5.042,22.542
2012-03-23,4.333,29.125
2012-03-24,4.917,33.917
2012-03-25,5.208,27.292
2012-03-26,4.25,14.333
2012-03-27,3.667,27.417
2012-03-28,8.083,54.083
2012-03-29,8.75,40.5
2012-03-30,5.25,27.708
2012-03-31,6.875,30.333
2012-04-01,5.167,27.792
2012-04-02,5.792,24.833
2012-04-03,5.875,26.125
2012-04-04,6.217,20.435
2012-04-05,7.333,29.0
2012-04-06,4.875,19.125
2012-04-07,3.75,12.958
2012-04-08,5.75,20.583
2012-04-09,7.208,35.25
2012-04-10,10.917,56.75
2012-04-11,8.958,50.667
2012-04-12,5.208,28.125
2012-04-13,7.292,27.792
2012-04-14,6.292,24.5
2012-04-15,5.25,22.458
2012-04-16,8.958,38.5
2012-04-17,6.25,23.708
2012-04-18,6.619,38.0
2012-04-19,10.167,46.542
2012-04-20,5.042,41.042
2012-04-21,6.625,37.042
2012-04-22,4.0,5.792
2012-04-23,6.417,33.958
2012-04-24,8.458,62.958
2012-04-25,11.435,63.833
2012-04-26,7.792,32.167
2012-04-27,4.458,14.0
2012-04-28,8.25,24.5
2012-04-29,10.875,32.583
2012-04-30,6.0,31.75
2012-05-01,9.667,31.083
2012-05-02,4.091,14.0
2012-05-03,5.125,10.042
2012-05-04,5.083,8.083
2012-05-05,7.292,29.0
2012-05-06,7.25,30.75
2012-05-07,9.375,45.458
2012-05-08,8.75,82.25
2012-05-09,6.524,54.81
2012-05-10,7.125,42.0
2012-05-11,4.875,8.042
2012-05-12,3.75,10.458
2012-05-13,4.542,15.708
2012-05-14,7.333,36.542
2012-05-15,7.875,40.208
2012-05-16,7.182,36.818
2012-05-17,9.125,45.042
2012-05-18,6.125,29.5
2012-05-19,5.792,31.458
2012-05-20,8.583,31.542
2012-05-21,3.792,18.833
2012-05-22,6.5,30.208
2012-05-23,8.958,30.333
2012-05-24,6.583,30.208
2012-05-25,6.208,32.375
2012-05-26,4.708,45.25
2012-05-27,5.417,30.583
2012-05-28,7.167,33.208
2012-05-29,8.458,44.083
2012-05-30,5.565,29.478
2012-05-31,9.958,38.625
2012-06-01,7.5,37.708
2012-06-02,7.833,40.458
2012-06-03,9.958,43.917
2012-06-04,7.625,35.125
2012-06-05,6.292,30.333
2012-06-06,8.792,26.292
2012-06-07,8.042,36.875
2012-06-08,7.167,45.833
2012-06-09,5.917,21.875
2012-06-10,6.208,27.583
2012-06-11,6.792,28.417
2012-06-12,5.75,31.042
2012-06-13,5.917,25.917
2012-06-14,8.522,29.87
2012-06-15,6.292,21.0
2012-06-16,4.375,16.708
2012-06-17,4.25,21.042
2012-06-18,5.792,25.958
2012-06-19,3.792,17.25
2012-06-20,6.0,14.292
2012-06-21,2.833,12.75
2012-06-22,3.333,12.333
2012-06-23,6.792,29.542
2012-06-24,4.458,35.417
2012-06-25,3.417,32.0
2012-06-26,4.708,30.417
2012-06-27,8.25,28.667
2012-06-28,4.913,24.522
2012-06-29,6.25,30.792
2012-06-30,6.875,34.125
2012-07-01,7.708,32.292
2012-07-02,5.25,17.917
2012-07-03,3.417,16.583
2012-07-04,4.875,17.667
2012-07-05,3.292,19.125
2012-07-06,4.833,23.417
2012-07-07,3.792,17.667
2012-07-08,3.667,17.25
2012-07-09,5.667,25.167
2012-07-10,7.917,38.792
2012-07-11,7.174,30.174
2012-07-12,4.75,31.917
2012-07-13,6.208,32.75
2012-07-14,4.042,28.708
2012-07-15,5.208,40.125
2012-07-16,6.375,22.458
2012-07-17,7.458,18.167
2012-07-18,8.0,16.583
2012-07-19,10.417,22.0
2012-07-20,5.75,23.333
2012-07-21,7.208,29.375
2012-07-22,4.417,37.625
2012-07-23,3.542,26.125
2012-07-24,4.0,24.875
2012-07-25,4.87,24.957
2012-07-26,6.75,26.292
2012-07-27,6.542,33.208
2012-07-28,6.792,45.833
2012-07-29,5.083,27.625
2012-07-30,6.167,33.917
2012-07-31,5.542,20.792
2012-08-01,4.292,16.5
2012-08-02,7.583,17.5
2012-08-03,6.792,21.542
2012-08-04,5.542,16.708
2012-08-05,5.5,14.5
2012-08-06,9.0,19.417
2012-08-07,8.208,25.583
2012-08-08,6.087,21.261
2012-08-09,7.458,31.5
2012-08-10,7.208,34.5
2012-08-11,5.083,45.667
2012-08-12,4.458,38.333
2012-08-13,4.542,35.458
2012-08-14,2.792,18.875
2012-08-15,3.792,27.458
2012-08-16,4.625,23.875
2012-08-17,6.0,24.292
2012-08-18,6.625,28.375
2012-08-19,5.792,22.75
2012-08-20,5.958,17.583
2012-08-21,8.583,20.0
2012-08-22,8.13,18.435
2012-08-23,6.917,20.542
2012-08-24,7.375,19.375
2012-08-25,5.083,18.0
2012-08-26,3.375,14.042
2012-08-27,3.458,9.083
2012-08-28,5.167,11.625
2012-08-29,4.208,18.25
2012-08-30,4.375,24.292
2012-08-31,4.042,20.5
2012-09-01,3.792,22.875
2012-09-02,5.875,27.708
2012-09-03,4.292,21.458
2012-09-04,5.875,33.208
2012-09-05,4.565,26.348
2012-09-06,5.125,19.583
2012-09-07,5.625,31.958
2012-09-08,7.25,31.083
2012-09-09,4.375,19.333
2012-09-10,3.583,17.875
2012-09-11,3.0,14.739
2012-09-12,4.0,27.208
2012-09-13,4.708,40.292
2012-09-14,6.0,39.708
2012-09-15,5.5,19.75
2012-09-16,4.042,12.583
2012-09-17,2.5,9.083
2012-09-18,5.0,17.375
2012-09-19,5.667,24.667
2012-09-20,5.826,24.739
2012-09-21,6.542,33.958
2012-09-22,5.917,33.25
2012-09-23,4.458,23.542
2012-09-24,3.875,12.083
2012-09-25,4.542,15.875
2012-09-26,4.583,14.875
2012-09-27,4.417,13.208
2012-09-28,6.417,19.125
2012-09-29,4.458,18.5
2012-09-30,2.5,7.5
2012-10-01,2.292,8.125
2012-10-02,4.208,9.792
2012-10-03,5.208,14.043
2012-10-04,6.083,14.25
2012-10-05,5.435,14.208
2012-10-06,5.208,21.167
2012-10-07,3.917,20.75
2012-10-08,4.792,14.208
2012-10-09,4.042,13.5
2012-10-10,4.833,21.375
2012-10-11,5.75,23.875
2012-10-12,5.167,16.25
2012-10-13,4.875,12.875
2012-10-14,4.042,19.792
2012-10-15,5.042,31.0
2012-10-16,5.783,28.0
2012-10-17,6.625,22.0
2012-10-18,3.375,14.542
2012-10-19,3.5,10.5
2012-10-20,3.708,16.375
2012-10-21,6.917,27.333
2012-10-22,5.458,31.375
2012-10-23,4.375,14.667
2012-10-24,4.667,17.167
2012-10-25,4.375,19.042
2012-10-26,5.87,29.174
2012-10-27,5.875,29.792
2012-10-28,5.333,39.0
2012-10-29,4.167,12.917
2012-10-30,5.042,20.792
2012-10-31,4.318,18.818
2012-11-01,4.875,16.583
2012-11-02,4.583,10.292
2012-11-03,4.208,18.167
2012-11-04,3.333,18.667
2012-11-05,4.458,23.25
2012-11-06,5.917,26.208
2012-11-07,4.292,23.208
2012-11-08,4.875,25.208
2012-11-09,5.542,28.292
2012-11-10,4.25,24.25
2012-11-11,3.917,16.0
2012-11-12,4.583,26.083
2012-11-13,5.083,22.0
2012-11-14,4.217,14.304
2012-11-15,2.75,8.292
2012-11-16,4.083,9.25
2012-11-17,3.583,16.833
2012-11-18,4.208,18.667
2012-11-19,4.375,19.042
2012-11-20,5.167,22.5
2012-11-21,4.958,19.833
2012-11-22,4.917,20.833
2012-11-23,3.708,22.542
2012-11-24,2.958,11.583
2012-11-25,2.75,10.792
2012-11-26,3.833,17.958
2012-11-27,3.417,11.25
2012-11-28,3.957,12.522
2012-11-29,3.042,21.375
2012-11-30,2.958,23.042
2012-12-01,4.542,15.292
2012-12-02,2.542,11.083
2012-12-03,3.292,19.0
2012-12-04,4.333,17.083
2012-12-05,3.792,10.708
2012-12-06,4.125,12.0
2012-12-07,4.0,13.542
2012-12-08,4.833,16.792
2012-12-09,4.5,12.792
2012-12-10,3.417,7.375
2012-12-11,4.083,8.833
2012-12-12,2.652,10.13
2012-12-13,2.75,11.583
2012-12-14,4.625,26.125
2012-12-15,4.375,35.708
2012-12-16,2.792,11.208
2012-12-17,3.375,21.292
2012-12-18,3.417,19.542
2012-12-19,2.833,7.167
2012-12-20,4.208,10.583
2012-12-21,3.917,13.333
2012-12-22,3.875,10.75
2012-12-23,4.292,17.125
2012-12-24,3.792,8.5
2012-12-25,3.292,13.958
2012-12-26,4.182,10.87
2012-12-27,3.417,9.042
2012-12-28,3.25,19.208
2012-12-29,3.292,10.667
2012-12-30,3.958,15.625
2012-12-31,3.458,8.708
2013-01-01,6.917,37.375
2013-01-02,5.583,31.25
2013-01-03,3.5,19.667
2013-01-04,4.083,21.333
2013-01-05,2.167,10.292
2013-01-06,2.125,10.75
2013-01-07,2.542,15.375
2013-01-08,2.957,34.13
2013-01-09,2.458,9.458
2013-01-10,2.583,8.125
2013-01-11,4.042,20.083
2013-01-12,4.333,26.917
2013-01-13,5.458,32.583
2013-01-14,3.042,17.042
2013-01-15,2.625,6.125
2013-01-16,2.208,7.208
2013-01-17,3.542,15.583
2013-01-18,5.958,33.542
2013-01-19,2.375,9.667
2013-01-20,4.042,25.542
2013-01-21,3.667,25.375
2013-01-22,3.565,20.043
2013-01-23,2.292,16.042
2013-01-24,3.583,23.083
2013-01-25,6.458,31.458
2013-01-26,2.75,17.333
2013-01-27,2.583,14.708
2013-01-28,3.875,18.792
2013-01-29,2.958,24.458
2013-01-30,5.333,54.5
2013-01-31,3.792,26.542
2013-02-01,3.625,27.333
2013-02-02,6.5,62.458
2013-02-03,5.625,76.333
2013-02-04,2.625,15.167
2013-02-05,2.0,7.542
2013-02-06,1.609,10.348
2013-02-07,1.292,10.542
2013-02-08,1.208,7.833
2013-02-09,1.333,6.792
2013-02-10,1.542,10.792
2013-02-11,2.5,8.583
2013-02-12,1.875,9.375
2013-02-13,3.208,9.583
2013-02-14,1.208,9.5
2013-02-15,1.042,9.083
2013-02-16,2.833,23.542
2013-02-17,3.875,25.083
2013-02-18,2.333,15.875
2013-02-19,2.696,14.261
2013-02-20,2.542,16.375
2013-02-21,2.583,16.583
2013-02-22,2.875,13.167
2013-02-23,2.208,13.583
2013-02-24,2.75,21.542
2013-02-25,4.208,34.625
2013-02-26,4.542,62.708
2013-02-27,6.083,68.875
2013-02-28,4.167,29.792
2013-03-01,3.875,59.125
2013-03-02,3.542,33.208
2013-03-03,2.583,9.333
2013-03-04,3.292,16.333
2013-03-05,2.652,27.348
2013-03-06,2.167,12.042
2013-03-07,2.458,11.625
2013-03-08,3.375,15.0
2013-03-09,5.0,27.0
2013-03-10,2.625,11.625
2013-03-11,4.167,14.0
2013-03-12,6.0,18.125
2013-03-13,3.958,24.875
2013-03-14,2.333,8.542
2013-03-15,3.292,21.292
2013-03-16,5.833,37.75
2013-03-17,5.083,42.208
2013-03-18,6.417,48.625
2013-03-19,6.333,63.375
2013-03-20,6.348,32.478
2013-03-21,2.125,9.25
2013-03-22,3.125,12.375
2013-03-23,6.292,25.625
2013-03-24,7.5,29.792
2013-03-25,9.208,32.417
2013-03-26,5.417,44.833
2013-03-27,4.0,21.458
2013-03-28,5.75,28.083
2013-03-29,8.5,42.333
2013-03-30,4.583,22.083
2013-03-31,4.333,18.792
2013-04-01,5.167,20.958
2013-04-02,7.542,35.583
2013-04-03,5.13,24.522
2013-04-04,5.708,27.875
2013-04-05,9.458,42.333
2013-04-06,6.792,40.5
2013-04-07,3.333,8.875
2013-04-08,4.667,17.542
2013-04-09,6.25,23.292
2013-04-10,5.5,18.333
2013-04-11,5.458,22.625
2013-04-12,6.458,22.125
2013-04-13,5.125,20.5
2013-04-14,6.875,30.458
2013-04-15,6.875,26.25
2013-04-16,10.583,32.917
2013-04-17,8.625,51.583
2013-04-18,8.0,42.261
2013-04-19,5.542,20.625
2013-04-20,4.083,17.792
2013-04-21,3.208,8.0
2013-04-22,4.0,13.958
2013-04-23,6.958,25.792
2013-04-24,5.75,51.833
2013-04-25,6.542,59.417
2013-04-26,7.125,30.292
2013-04-27,6.875,23.458
2013-04-28,6.792,23.167
2013-04-29,9.625,34.917
2013-04-30,6.0,24.417
2013-05-01,5.125,22.042
2013-05-02,4.136,8.227
2013-05-03,6.375,17.75
2013-05-04,6.375,26.042
2013-05-05,6.375,25.5
2013-05-06,9.208,29.625
2013-05-07,6.417,19.708
2013-05-08,6.667,12.75
2013-05-09,12.75,25.25
2013-05-10,8.083,41.083
2013-05-11,7.25,85.042
2013-05-12,8.417,36.042
2013-05-13,10.792,27.417
2013-05-14,13.042,37.042
2013-05-15,8.727,28.182
2013-05-16,8.5,33.125
2013-05-17,5.958,22.5
2013-05-18,7.958,29.667
2013-05-19,7.625,25.958
2013-05-20,8.0,27.5
2013-05-21,8.917,49.917
2013-05-22,10.75,45.958
2013-05-23,11.417,49.0
2013-05-24,10.913,37.826
2013-05-25,11.333,35.875
2013-05-26,10.708,29.042
2013-05-27,8.75,20.625
2013-05-28,6.833,9.375
2013-05-29,7.0,26.348
2013-05-30,7.417,40.708
2013-05-31,8.333,40.125
2013-06-01,7.375,33.042
2013-06-02,2.875,13.292
2013-06-03,4.917,36.458
2013-06-04,7.042,32.125
2013-06-05,7.417,33.583
2013-06-06,7.708,44.083
2013-06-07,9.042,40.042
2013-06-08,11.792,35.667
2013-06-09,7.708,37.625
2013-06-10,6.667,27.0
2013-06-11,7.792,22.0
2013-06-12,10.522,28.682
2013-06-13,11.125,27.042
2013-06-14,9.875,32.75
2013-06-15,5.083,18.375
2013-06-16,4.792,19.167
2013-06-17,6.167,20.75
2013-06-18,6.625,25.042
2013-06-19,6.208,18.083
2013-06-20,2.167,9.75
2013-06-21,1.958,7.917
2013-06-22,4.833,22.042
2013-06-23,5.583,23.5
2013-06-24,3.25,23.25
2013-06-25,4.875,38.042
2013-06-26,3.261,14.957
2013-06-27,5.5,17.917
2013-06-28,6.5,35.833
2013-06-29,4.125,29.75
2013-06-30,5.875,24.167
2013-07-01,5.583,19.958
2013-07-02,5.25,22.417
2013-07-03,4.167,17.25
2013-07-04,2.583,20.292
2013-07-05,4.5,21.75
2013-07-06,5.833,22.958
2013-07-07,6.583,28.917
2013-07-08,8.083,32.417
2013-07-09,8.25,27.042
2013-07-10,7.958,25.458
2013-07-11,7.261,31.13
2013-07-12,5.75,25.958
2013-07-13,5.583,25.5
2013-07-14,4.583,24.667
2013-07-15,4.458,17.417
2013-07-16,4.042,23.792
2013-07-17,6.042,40.833
2013-07-18,5.5,25.375
2013-07-19,3.958,21.0
2013-07-20,5.542,26.167
2013-07-21,5.75,29.708
2013-07-22,7.083,42.833
2013-07-23,6.042,21.667
2013-07-24,6.0,16.826
2013-07-25,7.083,35.625
2013-07-26,6.708,38.625
2013-07-27,4.826,44.625
2013-07-28,3.917,30.208
2013-07-29,4.292,36.458
2013-07-30,3.833,39.833
2013-07-31,5.708,37.0
2013-08-01,6.042,30.375
2013-08-02,5.125,33.917
2013-08-03,4.833,39.0
2013-08-04,5.083,26.542
2013-08-05,4.875,24.5
2013-08-06,5.375,37.167
2013-08-07,6.348,38.13
2013-08-08,5.792,40.417
2013-08-09,6.667,40.917
2013-08-10,6.125,49.708
2013-08-11,7.375,53.042
2013-08-12,6.083,42.375
2013-08-13,6.208,35.208
2013-08-14,6.583,43.083
2013-08-15,6.167,47.125
2013-08-16,5.25,47.208
2013-08-17,5.792,43.167
2013-08-18,5.75,29.458
2013-08-19,5.375,20.0
2013-08-20,5.0,16.583
2013-08-21,5.522,16.0
2013-08-22,4.75,15.875
2013-08-23,5.292,19.042
2013-08-24,3.208,11.75
2013-08-25,1.417,11.292
2013-08-26,1.75,15.208
2013-08-27,3.583,17.125
2013-08-28,5.375,28.375
2013-08-29,5.125,39.708
2013-08-30,4.583,25.208
2013-08-31,4.958,28.625
2013-09-01,2.375,18.292
2013-09-02,3.583,18.667
2013-09-03,2.458,14.458
2013-09-04,1.478,6.826
2013-09-05,2.083,11.417
2013-09-06,3.0,18.5
2013-09-07,3.417,23.875
2013-09-08,2.792,18.833
2013-09-09,3.417,18.083
2013-09-10,3.417,32.958
2013-09-11,4.917,45.792
2013-09-12,4.375,51.0
2013-09-13,4.667,54.708
2013-09-14,4.875,64.0
2013-09-15,2.125,18.375
2013-09-16,3.083,11.0
2013-09-17,3.833,14.833
2013-09-18,3.875,18.417
2013-09-19,3.6,22.35
2013-09-20,4.917,31.792
2013-09-21,3.917,39.083
2013-09-22,3.458,39.875
2013-09-23,4.75,38.167
2013-09-24,3.958,39.292
2013-09-25,3.5,32.217
2013-09-26,2.542,9.292
2013-09-27,3.208,10.25
2013-09-28,3.458,16.875
2013-09-29,4.25,14.042
2013-09-30,3.625,14.833
2013-10-01,4.708,27.208
2013-10-02,5.0,22.542
2013-10-03,4.043,20.435
2013-10-04,3.125,16.917
2013-10-05,1.458,13.792
2013-10-06,2.167,25.625
2013-10-07,3.75,21.833
2013-10-08,5.292,17.458
2013-10-09,3.708,14.458
2013-10-10,5.792,26.958
2013-10-11,4.5,35.875
2013-10-12,4.25,29.375
2013-10-13,2.708,13.167
2013-10-14,2.958,16.875
2013-10-15,2.304,23.696
2013-10-16,1.125,7.208
2013-10-17,2.333,11.917
2013-10-18,2.042,12.333
2013-10-19,1.208,8.917
2013-10-20,1.0,11.292
2013-10-21,2.0,11.542
2013-10-22,2.375,14.292
2013-10-23,0.958,9.875
2013-10-24,1.0,11.667
2013-10-25,1.125,7.542
2013-10-26,1.583,18.292
2013-10-27,1.958,17.417
2013-10-28,1.958,18.417
2013-10-29,2.625,23.292
2013-10-30,2.957,29.696
2013-10-31,2.042,31.375
2013-11-01,1.5,31.375
2013-11-02,1.458,34.208
2013-11-03,1.5,50.083
2013-11-04,1.833,18.292
2013-11-05,1.583,25.333
2013-11-06,2.167,30.833
2013-11-07,2.625,31.667
2013-11-08,3.292,30.125
2013-11-09,1.458,24.5
2013-11-10,2.0,28.333
2013-11-11,1.5,9.0
2013-11-12,1.917,9.75
2013-11-13,1.652,7.087
2013-11-14,2.125,10.625
2013-11-15,2.042,11.25
2013-11-16,3.083,22.458
2013-11-17,5.333,35.208
2013-11-18,2.792,10.125
2013-11-19,1.958,10.542
2013-11-20,2.292,12.375
2013-11-21,2.708,12.667
2013-11-22,3.375,12.083
2013-11-23,3.375,10.542
2013-11-24,3.625,21.25
2013-11-25,5.417,33.125
2013-11-26,4.625,11.5
2013-11-27,4.783,14.409
2013-11-28,2.625,10.042
2013-11-29,2.667,7.5
2013-11-30,2.542,9.75
2013-12-01,2.583,19.208
2013-12-02,3.667,21.625
2013-12-03,2.958,14.625
2013-12-04,7.042,20.792
2013-12-05,4.0,19.292
2013-12-06,7.583,43.208
2013-12-07,3.958,19.75
2013-12-08,3.0,12.083
2013-12-09,3.375,24.875
2013-12-10,4.25,17.125
2013-12-11,3.083,13.75
2013-12-12,2.696,8.304
2013-12-13,3.25,12.708
2013-12-14,2.875,11.583
2013-12-15,4.083,14.375
2013-12-16,2.542,9.292
2013-12-17,4.174,15.542
2013-12-18,2.0,8.167
2013-12-19,2.292,9.083
2013-12-20,2.667,12.0
2013-12-21,1.75,11.875
2013-12-22,2.375,12.75
2013-12-23,2.625,9.75
2013-12-24,3.0,13.125
2013-12-25,2.391,13.957
2013-12-26,2.375,25.917
2013-12-27,4.292,21.417
2013-12-28,2.125,9.292
2013-12-29,2.583,10.542
2013-12-30,2.625,15.375
2013-12-31,4.708,30.208
2014-01-01,2.917,9.125
2014-01-02,2.75,9.875
2014-01-03,3.208,8.792
2014-01-04,3.0,15.75
2014-01-05,4.708,24.417
2014-01-06,4.25,30.333
2014-01-07,3.042,11.083
2014-01-08,3.435,12.826
2014-01-09,4.875,13.5
2014-01-10,5.25,18.042
2014-01-11,5.75,27.042
2014-01-12,2.75,8.417
2014-01-13,2.667,10.292
2014-01-14,3.208,18.083
2014-01-15,3.333,12.708
2014-01-16,4.0,19.583
2014-01-17,6.875,36.583
2014-01-18,3.708,12.542
2014-01-19,5.167,25.0
2014-01-20,3.875,28.125
2014-01-21,4.435,31.565
2014-01-22,6.125,33.917
2014-01-23,2.583,12.167
2014-01-24,3.292,11.625
2014-01-25,3.542,20.625
2014-01-26,5.208,37.458
2014-01-27,5.25,22.042
2014-01-28,3.708,9.5
2014-01-29,2.667,10.0
2014-01-30,4.333,18.125
2014-01-31,3.958,14.083
2014-02-01,2.75,9.125
2014-02-02,2.667,10.417
2014-02-03,2.708,9.625
2014-02-04,2.957,13.478
2014-02-05,4.417,21.5
2014-02-06,3.042,10.833
2014-02-07,3.833,16.833
2014-02-08,3.917,22.25
2014-02-09,3.167,10.958
2014-02-10,3.625,15.0
2014-02-11,5.125,25.667
2014-02-12,5.542,23.958
2014-02-13,3.917,11.125
2014-02-14,4.0,11.708
2014-02-15,6.458,32.833
2014-02-16,4.875,41.333
2014-02-17,6.0,41.958
2014-02-18,4.565,16.783
2014-02-19,3.208,9.5
2014-02-20,2.875,11.375
2014-02-21,3.417,15.625
2014-02-22,6.208,28.417
2014-02-23,4.542,35.083
2014-02-24,4.25,42.333
2014-02-25,4.458,49.5
2014-02-26,4.5,31.125
2014-02-27,4.375,16.75
2014-02-28,4.0,23.583
2014-03-01,4.542,21.458
2014-03-02,4.125,27.5
2014-03-03,4.083,31.083
2014-03-04,4.435,19.217
2014-03-05,4.125,13.75
2014-03-06,3.208,24.0
2014-03-07,3.042,30.583
2014-03-08,3.25,18.042
2014-03-09,3.333,21.875
2014-03-10,3.708,14.708
2014-03-11,3.458,9.958
2014-03-12,6.083,31.417
2014-03-13,6.5,12.958
2014-03-14,4.792,20.0
2014-03-15,4.083,36.375
2014-03-16,4.958,64.792
2014-03-17,5.583,41.958
2014-03-18,6.783,62.739
2014-03-19,7.042,39.542
2014-03-20,6.083,34.375
2014-03-21,7.542,44.75
2014-03-22,8.958,53.083
2014-03-23,6.75,28.208
2014-03-24,4.417,13.583
2014-03-25,4.25,13.417
2014-03-26,5.792,17.542
2014-03-27,7.708,23.667
2014-03-28,10.542,28.542
2014-03-29,7.917,30.417
2014-03-30,7.958,31.667
2014-03-31,9.583,45.917
2014-04-01,4.583,21.958
2014-04-02,5.25,25.875
2014-04-03,6.609,37.348
2014-04-04,2.583,11.667
2014-04-05,2.583,15.083
2014-04-06,2.458,10.542
2014-04-07,3.792,17.292
2014-04-08,5.875,26.083
2014-04-09,7.708,35.333
2014-04-10,7.208,36.083
2014-04-11,4.958,19.708
2014-04-12,4.625,30.958
2014-04-13,3.333,45.292
2014-04-14,3.875,23.833
2014-04-15,6.5,20.833
2014-04-16,7.476,40.174
2014-04-17,6.318,37.818
2014-04-18,3.542,33.458
2014-04-19,3.417,30.792
2014-04-20,3.625,17.917
2014-04-21,6.708,40.167
2014-04-22,5.417,40.5
2014-04-23,6.5,28.958
2014-04-24,5.583,24.542
2014-04-25,6.125,23.917
2014-04-26,6.25,24.917
2014-04-27,5.208,22.083
2014-04-28,6.625,20.958
2014-04-29,5.0,20.417
2014-04-30,4.708,22.75
2014-05-01,4.636,16.364
2014-05-02,5.458,23.458
2014-05-03,5.292,32.583
2014-05-04,4.792,17.208
2014-05-05,3.5,19.292
2014-05-06,4.583,19.042
2014-05-07,4.833,23.208
2014-05-08,5.542,23.5
2014-05-09,5.333,24.042
2014-05-10,4.208,16.625
2014-05-11,5.083,18.167
2014-05-12,4.083,14.667
2014-05-13,6.208,26.25
2014-05-14,7.87,34.478
2014-05-15,4.292,29.583
2014-05-16,5.125,27.458
2014-05-17,7.958,33.333
2014-05-18,8.167,46.25
2014-05-19,8.667,45.917
2014-05-20,4.625,33.625
2014-05-21,3.708,13.792
2014-05-22,5.792,33.083
2014-05-23,4.125,19.917
2014-05-24,5.708,23.292
2014-05-25,5.208,21.75
2014-05-26,4.583,21.208
2014-05-27,6.25,45.708
2014-05-28,6.826,35.565
2014-05-29,8.875,52.458
2014-05-30,9.75,65.458
2014-05-31,8.5,68.25
2014-06-01,8.625,60.792
2014-06-02,8.458,54.042
2014-06-03,4.417,16.333
2014-06-04,3.708,22.0
2014-06-05,2.375,17.583
2014-06-06,3.458,17.167
2014-06-07,4.542,33.542
2014-06-08,4.083,24.583
2014-06-09,6.167,42.667
2014-06-10,7.0,27.917
2014-06-11,7.208,24.5
2014-06-12,7.87,19.609
2014-06-13,4.792,14.125
2014-06-14,4.875,39.708
2014-06-15,4.917,38.625
2014-06-16,5.333,38.042
2014-06-17,4.667,30.583
2014-06-18,2.583,21.125
2014-06-19,4.25,31.083
2014-06-20,4.708,23.333
2014-06-21,4.083,21.708
2014-06-22,2.583,13.542
2014-06-23,3.75,21.958
2014-06-24,4.833,25.292
2014-06-25,5.696,28.304
2014-06-26,6.261,35.652
2014-06-27,5.292,24.458
2014-06-28,5.208,17.375
2014-06-29,3.875,29.75
2014-06-30,5.333,22.5
2014-07-01,6.208,30.458
2014-07-02,6.958,39.833
2014-07-03,4.333,21.667
2014-07-04,4.708,23.542
2014-07-05,5.375,15.208
2014-07-06,4.708,19.167
2014-07-07,2.75,17.917
2014-07-08,6.792,32.875
2014-07-09,7.522,33.261
2014-07-10,4.25,12.042
2014-07-11,6.792,32.583
2014-07-12,7.75,34.583
2014-07-13,5.917,32.042
2014-07-14,4.375,21.292
2014-07-15,4.667,24.042
2014-07-16,6.833,33.708
2014-07-17,6.125,30.125
2014-07-18,6.375,23.0
2014-07-19,6.708,21.417
2014-07-20,4.042,20.875
2014-07-21,5.167,25.042
2014-07-22,6.0,41.917
2014-07-23,5.417,22.292
2014-07-24,5.174,19.652
2014-07-25,5.667,29.5
2014-07-26,7.375,40.542
2014-07-27,4.083,27.292
2014-07-28,3.75,20.042
2014-07-29,5.0,33.458
2014-07-30,7.042,36.875
2014-07-31,6.333,24.333
2014-08-01,4.75,21.5
2014-08-02,1.042,8.708
2014-08-03,1.625,12.25
2014-08-04,3.542,25.25
2014-08-05,3.25,21.917
2014-08-06,2.391,22.043
2014-08-07,3.875,35.083
2014-08-08,2.167,16.375
2014-08-09,0.958,16.875
2014-08-10,1.667,20.708
2014-08-11,3.25,16.583
2014-08-12,4.875,29.333
2014-08-13,4.75,42.5
2014-08-14,5.542,53.0
2014-08-15,4.5,34.0
2014-08-16,2.375,15.458
2014-08-17,2.917,24.25
2014-08-18,4.542,36.167
2014-08-19,4.75,24.042
2014-08-20,4.917,19.917
2014-08-21,4.792,20.125
2014-08-22,2.955,13.909
2014-08-23,3.25,28.25
2014-08-24,4.75,37.875
2014-08-25,7.0,36.5
2014-08-26,3.042,22.583
2014-08-27,3.125,14.833
2014-08-28,2.125,11.625
2014-08-29,2.083,15.375
2014-08-30,2.75,21.875
2014-08-31,2.375,22.208
2014-09-01,2.417,24.583
2014-09-02,2.667,27.167
2014-09-03,5.053,32.435
2014-09-04,5.833,25.625
2014-09-05,4.708,30.917
2014-09-06,3.625,25.917
2014-09-07,2.542,21.5
2014-09-08,3.75,21.875
2014-09-09,4.792,20.875
2014-09-10,5.833,25.292
2014-09-11,4.458,29.042
2014-09-12,3.333,15.042
2014-09-13,3.875,15.375
2014-09-14,3.833,15.875
2014-09-15,4.833,19.292
2014-09-16,5.125,21.167
2014-09-17,4.304,21.652
2014-09-18,4.708,18.167
2014-09-19,3.583,14.917
2014-09-20,2.375,12.958
2014-09-21,3.125,18.417
2014-09-22,3.625,21.625
2014-09-23,4.292,22.417
2014-09-24,5.708,27.375
2014-09-25,4.292,12.625
2014-09-26,3.833,16.375
2014-09-27,5.208,21.208
2014-09-28,5.0,24.25
2014-09-29,5.0,31.833
2014-09-30,6.042,38.042
2014-10-01,4.25,26.208
2014-10-02,4.609,30.13
2014-10-03,4.0,19.625
2014-10-04,3.542,19.875
2014-10-05,2.167,16.667
2014-10-06,2.125,9.75
2014-10-07,3.292,13.542
2014-10-08,3.5,15.667
2014-10-09,3.667,21.583
2014-10-10,3.5,22.0
2014-10-11,2.833,23.75
2014-10-12,2.458,20.0
2014-10-13,1.227,16.0
2014-10-14,1.833,9.667
2014-10-15,3.391,13.217
2014-10-16,4.333,18.292
2014-10-17,4.0,17.458
2014-10-18,3.458,16.625
2014-10-19,3.875,15.625
2014-10-20,3.375,21.417
2014-10-21,4.417,28.583
2014-10-22,3.0,18.042
2014-10-23,3.292,13.083
2014-10-24,3.083,15.708
2014-10-25,3.417,26.583
2014-10-26,4.333,34.167
2014-10-27,4.792,29.792
2014-10-28,3.625,14.5
2014-10-29,3.348,18.304
2014-10-30,3.542,19.042
2014-10-31,4.333,40.083
2014-11-01,3.583,21.792
2014-11-02,3.083,15.667
2014-11-03,3.542,12.667
2014-11-04,3.667,12.875
2014-11-05,3.625,15.542
2014-11-06,4.958,26.583
2014-11-07,4.125,23.25
2014-11-08,3.333,23.708
2014-11-09,2.792,20.042
2014-11-10,3.292,16.792
2014-11-11,3.208,19.833
2014-11-12,5.0,26.458
2014-11-13,3.783,10.391
2014-11-14,3.083,12.292
2014-11-15,4.208,12.292
2014-11-16,3.625,14.0
2014-11-17,4.167,17.958
2014-11-18,4.75,19.375
2014-11-19,3.542,14.333
2014-11-20,3.25,15.5
2014-11-21,5.542,24.792
2014-11-22,5.792,35.375
2014-11-23,3.833,26.5
2014-11-24,4.208,31.667
2014-11-25,3.0,24.75
2014-11-26,3.25,14.167
2014-11-27,3.217,16.478
2014-11-28,4.25,26.583
2014-11-29,4.458,21.875
2014-11-30,3.417,15.0
2014-12-01,3.875,18.5
2014-12-02,4.167,9.083
2014-12-03,3.625,11.333
2014-12-04,3.583,12.583
2014-12-05,3.375,8.333
2014-12-06,3.458,10.0
2014-12-07,3.667,11.042
2014-12-08,3.75,20.208
2014-12-09,4.792,15.417
2014-12-10,4.125,12.208
2014-12-11,3.739,24.652
2014-12-12,4.125,19.833
2014-12-13,4.375,11.417
2014-12-14,4.167,9.208
2014-12-15,4.125,14.0
2014-12-16,4.458,16.25
2014-12-17,3.375,8.375
2014-12-18,3.083,8.375
2014-12-19,3.042,11.083
2014-12-20,3.583,17.042
2014-12-21,3.958,13.167
2014-12-22,3.042,9.708
2014-12-23,3.167,14.75
2014-12-24,3.75,19.667
2014-12-25,5.391,19.696
2014-12-26,3.75,10.25
2014-12-27,3.125,10.875
2014-12-28,2.708,18.292
2014-12-29,5.125,26.0
2014-12-30,6.917,39.333
2014-12-31,4.958,23.75
2015-01-01,6.417,12.292
2015-01-02,7.042,17.5
2015-01-03,8.208,27.042
2015-01-04,7.667,27.5
2015-01-05,7.792,33.667
2015-01-06,7.583,29.625
2015-01-07,7.625,20.875
2015-01-08,5.609,14.591
2015-01-09,6.0,12.333
2015-01-10,4.792,13.125
2015-01-11,7.083,18.833
2015-01-12,6.583,11.042
2015-01-13,4.958,9.25
2015-01-14,4.333,13.042
2015-01-15,4.917,11.833
2015-01-16,5.125,18.125
2015-01-17,5.708,24.875
2015-01-18,5.625,14.792
2015-01-19,4.208,9.292
2015-01-20,3.304,7.913
2015-01-21,6.458,10.667
2015-01-22,5.5,9.833
2015-01-23,6.208,22.167
2015-01-24,4.125,11.792
2015-01-25,3.667,10.667
2015-01-26,3.958,14.417
2015-01-27,5.875,24.167
2015-01-28,6.042,32.458
2015-01-29,6.833,43.0
2015-01-30,5.125,8.667
2015-01-31,6.75,14.708
2015-02-01,9.208,44.708
2015-02-02,5.917,10.583
2015-02-03,5.375,10.833
2015-02-04,7.208,13.625
2015-02-05,7.304,20.957
2015-02-06,6.417,13.583
2015-02-07,5.083,11.458
2015-02-08,5.708,13.917
2015-02-09,6.375,22.167
2015-02-10,6.5,12.542
2015-02-11,7.458,22.75
2015-02-12,9.833,36.125
2015-02-13,12.667,44.375
2015-02-14,9.042,18.708
2015-02-15,5.125,11.625
2015-02-16,4.042,10.625
2015-02-17,4.958,13.875
2015-02-18,6.708,13.75
2015-02-19,8.13,12.87
2015-02-20,8.125,22.25
2015-02-21,6.625,18.292
2015-02-22,6.417,12.375
2015-02-23,10.125,19.167
2015-02-24,5.958,17.625
2015-02-25,5.542,12.0
2015-02-26,7.542,22.625
2015-02-27,8.875,37.542
2015-02-28,9.667,51.458
2015-03-01,6.125,16.542
2015-03-02,7.75,15.042
2015-03-03,10.292,18.792
2015-03-04,10.364,33.909
2015-03-05,14.875,50.125
2015-03-06,14.708,39.125
2015-03-07,16.375,30.083
2015-03-08,15.292,39.958
2015-03-09,7.292,21.083
2015-03-10,6.0,16.458
2015-03-11,6.909,15.545
2015-03-12,6.625,12.708
2015-03-13,7.208,16.375
2015-03-14,6.292,15.5
2015-03-15,8.333,21.833
2015-03-16,9.875,17.208
2015-03-17,13.875,29.167
2015-03-18,13.304,39.87
2015-03-19,12.958,35.875
2015-03-20,12.833,26.25
2015-03-21,9.542,10.75
2015-03-22,12.75,14.167
2015-03-23,15.25,22.417
2015-03-24,8.083,15.042
2015-03-25,7.792,11.917
2015-03-26,8.042,13.125
2015-03-27,10.458,17.917
2015-03-28,11.833,26.167
2015-03-29,14.958,31.583
2015-03-30,17.478,30.478
2015-03-31,16.708,38.417
2015-04-01,7.708,34.333
2015-04-02,6.208,18.292
2015-04-03,7.087,27.13
2015-04-04,6.833,46.875
2015-04-05,6.333,41.25
2015-04-06,8.625,39.25
2015-04-07,3.75,12.708
2015-04-08,2.958,13.417
2015-04-09,3.792,18.917
2015-04-10,3.625,22.0
2015-04-11,3.917,15.708
2015-04-12,4.292,19.458
2015-04-13,3.75,21.292
2015-04-14,5.875,26.583
2015-04-15,5.364,23.273
2015-04-16,7.917,34.375
2015-04-17,6.958,31.333
2015-04-18,6.75,31.208
2015-04-19,8.5,41.667
2015-04-20,7.458,43.75
2015-04-21,5.208,11.125
2015-04-22,7.292,22.958
2015-04-23,8.125,23.542
2015-04-24,10.417,32.125
2015-04-25,10.375,40.417
2015-04-26,9.958,42.208
2015-04-27,10.625,34.375
2015-04-28,10.0,42.458
2015-04-29,12.583,31.167
2015-04-30,10.636,23.727
2015-05-01,10.792,27.5
2015-05-02,10.208,22.833
2015-05-03,8.542,22.042
2015-05-04,10.125,21.208
2015-05-05,8.917,24.25
2015-05-06,10.0,25.583
2015-05-07,9.5,20.417
2015-05-08,9.083,18.667
2015-05-09,7.375,18.25
2015-05-10,8.333,28.792
2015-05-11,8.125,22.083
2015-05-12,7.042,16.5
2015-05-13,9.75,28.417
2015-05-14,9.864,28.227
2015-05-15,13.208,47.542
2015-05-16,8.917,27.042
2015-05-17,9.583,36.042
2015-05-18,10.208,25.167
2015-05-19,8.75,23.75
2015-05-20,11.0,26.292
2015-05-21,8.792,14.208
2015-05-22,10.667,19.208
2015-05-23,10.5,26.5
2015-05-24,12.167,37.042
2015-05-25,11.875,33.042
2015-05-26,14.625,28.833
2015-05-27,15.87,28.304
2015-05-28,15.208,37.25
2015-05-29,15.0,38.542
2015-05-30,12.375,32.292
2015-05-31,9.833,23.833
2015-06-01,11.583,28.5
2015-06-02,12.917,38.583
2015-06-03,8.167,20.125
2015-06-04,8.458,15.417
2015-06-05,6.167,12.5
2015-06-06,7.0,10.708
2015-06-07,8.125,17.208
2015-06-08,9.667,24.417
2015-06-09,7.5,16.667
2015-06-10,10.25,31.292
2015-06-11,7.682,32.818
2015-06-12,13.083,39.125
2015-06-13,12.958,48.625
2015-06-14,10.5,40.542
2015-06-15,10.958,29.458
2015-06-16,9.25,27.5
2015-06-17,10.167,41.042
2015-06-18,5.75,19.125
2015-06-19,4.333,11.25
2015-06-20,7.75,26.292
2015-06-21,10.333,21.542
2015-06-22,10.208,28.167
2015-06-23,12.125,41.667
2015-06-24,10.522,49.043
2015-06-25,7.625,46.417
2015-06-26,7.167,26.417
2015-06-27,5.333,12.667
2015-06-28,4.25,15.583
2015-06-29,5.125,13.5
2015-06-30,7.917,24.0
2015-07-01,5.583,16.208
2015-07-02,5.458,25.667
2015-07-03,6.542,34.333
2015-07-04,4.042,29.208
2015-07-05,3.875,22.417
2015-07-06,4.75,33.25
2015-07-07,2.708,23.583
2015-07-08,6.826,42.696
2015-07-09,5.458,43.792
2015-07-10,7.583,47.875
2015-07-11,6.875,41.5
2015-07-12,5.583,33.208
2015-07-13,5.208,21.583
2015-07-14,5.667,21.667
2015-07-15,5.542,22.583
2015-07-16,3.375,13.625
2015-07-17,2.227,9.636
2015-07-18,3.542,21.583
2015-07-19,11.0,41.667
2015-07-20,5.667,19.0
2015-07-21,6.458,15.917
2015-07-22,6.5,20.0
2015-07-23,3.773,16.727
2015-07-24,6.125,24.25
2015-07-25,5.5,19.458
2015-07-26,6.042,15.75
2015-07-27,4.958,15.375
2015-07-28,6.125,24.917
2015-07-29,6.125,36.375
2015-07-30,7.667,43.0
2015-07-31,9.375,46.667
2015-08-01,9.042,38.5
2015-08-02,9.083,52.083
2015-08-03,7.333,44.75
2015-08-04,7.917,38.042
2015-08-05,7.875,49.917
2015-08-06,6.833,44.75
2015-08-07,6.783,35.826
2015-08-08,6.458,33.542
2015-08-09,5.958,28.333
2015-08-10,6.833,31.292
2015-08-11,7.0,33.583
2015-08-12,5.0,34.042
2015-08-13,7.708,25.333
2015-08-14,3.833,15.375
2015-08-15,3.708,25.292
2015-08-16,4.042,35.333
2015-08-17,2.583,18.083
2015-08-18,2.708,23.125
2015-08-19,1.667,15.583
2015-08-20,2.208,19.25
2015-08-21,4.0,38.957
2015-08-22,4.5,19.25
2015-08-23,4.708,15.0
2015-08-24,4.5,19.125
2015-08-25,4.667,14.375
2015-08-26,4.958,8.875
2015-08-27,5.708,19.625
2015-08-28,5.542,27.375
2015-08-29,4.167,33.125
2015-08-30,4.5,12.417
2015-08-31,3.0,17.625
2015-09-01,3.5,12.958
2015-09-02,3.667,15.083
2015-09-03,3.333,18.792
2015-09-04,4.304,31.957
2015-09-05,4.625,27.5
2015-09-06,3.833,26.875
2015-09-07,3.083,9.75
2015-09-08,3.167,11.292
2015-09-09,3.25,7.875
2015-09-10,4.542,9.0
2015-09-11,4.875,14.167
2015-09-12,6.125,21.417
2015-09-13,6.167,16.083
2015-09-14,5.375,14.125
2015-09-15,5.167,17.0
2015-09-16,3.708,24.958
2015-09-17,3.708,13.375
2015-09-18,6.174,17.913
2015-09-19,6.458,14.417
2015-09-20,6.292,16.75
2015-09-21,6.75,18.75
2015-09-22,6.5,22.417
2015-09-23,7.708,24.5
2015-09-24,4.542,11.25
2015-09-25,5.583,17.625
2015-09-26,6.75,21.833
2015-09-27,7.167,20.083
2015-09-28,7.375,21.958
2015-09-29,7.667,20.5
2015-09-30,6.0,15.348
2015-10-01,6.208,19.458
2015-10-02,6.583,15.667
2015-10-03,7.875,12.208
2015-10-04,8.458,22.625
2015-10-05,5.833,11.875
2015-10-06,5.792,12.083
2015-10-07,6.25,12.042
2015-10-08,8.417,16.667
2015-10-09,9.833,25.0
2015-10-10,8.875,25.667
2015-10-11,7.125,20.333
2015-10-12,7.125,14.417
2015-10-13,7.333,13.208
2015-10-14,7.5,15.5
2015-10-15,8.348,21.609
2015-10-16,8.292,21.292
2015-10-17,8.292,19.167
2015-10-18,10.083,24.083
2015-10-19,9.375,23.542
2015-10-20,10.042,28.458
2015-10-21,8.875,39.875
2015-10-22,8.625,34.833
2015-10-23,8.583,28.667
2015-10-24,11.167,39.958
2015-10-25,7.125,18.083
2015-10-26,6.042,12.917
2015-10-27,8.667,20.75
2015-10-28,7.375,15.958
2015-10-29,8.391,16.565
2015-10-30,9.0,23.667
2015-10-31,6.583,11.083
2015-11-01,5.458,13.583
2015-11-02,6.833,12.958
2015-11-03,7.0,14.417
2015-11-04,6.792,13.667
2015-11-05,9.417,26.333
2015-11-06,10.375,41.542
2015-11-07,11.417,44.083
2015-11-08,9.542,27.708
2015-11-09,9.0,15.792
2015-11-10,7.5,8.333
2015-11-11,4.708,10.958
2015-11-12,5.625,9.917
2015-11-13,5.348,17.13
2015-11-14,6.042,20.292
2015-11-15,8.619,11.667
2015-11-16,7.417,14.208
2015-11-17,6.958,22.75
2015-11-18,6.042,13.125
2015-11-19,5.958,7.792
2015-11-20,6.792,19.917
2015-11-21,7.375,18.708
2015-11-22,7.5,27.208
2015-11-23,7.583,35.167
2015-11-24,6.333,15.458
2015-11-25,4.083,9.833
2015-11-26,3.826,8.826
2015-11-27,3.667,8.917
2015-11-28,4.5,10.083
2015-11-29,5.167,14.292
2015-11-30,7.208,16.5
2015-12-01,5.792,19.833
2015-12-02,6.042,23.542
2015-12-03,5.958,17.208
2015-12-04,4.625,12.958
2015-12-05,4.25,12.125
2015-12-06,6.208,19.542
2015-12-07,5.375,16.5
2015-12-08,4.75,11.458
2015-12-09,4.667,12.5
2015-12-10,4.958,21.625
2015-12-11,4.957,9.13
2015-12-12,5.917,18.542
2015-12-13,6.208,16.75
2015-12-14,5.833,13.792
2015-12-15,6.208,25.417
2015-12-16,5.875,18.458
2015-12-17,4.125,9.542
2015-12-18,4.75,8.875
2015-12-19,5.292,9.542
2015-12-20,4.333,12.333
2015-12-21,5.25,28.333
2015-12-22,6.958,20.208
2015-12-23,5.417,20.833
2015-12-24,7.174,22.652
2015-12-25,6.375,16.667
2015-12-26,6.083,22.708
2015-12-27,7.208,32.458
2015-12-28,5.625,10.167
2015-12-29,4.833,9.5
2015-12-30,4.75,10.458
2015-12-31,6.083,16.708
2016-01-01,2.792,15.0
2016-01-02,3.25,19.792
2016-01-03,3.417,17.417
2016-01-04,3.5,20.167
2016-01-05,2.875,16.458
2016-01-06,2.913,15.043
2016-01-07,2.542,15.125
2016-01-08,2.042,16.917
2016-01-09,3.667,18.583
2016-01-10,3.708,22.333
2016-01-11,3.5,11.792
2016-01-12,3.5,13.75
2016-01-13,5.458,20.917
2016-01-14,2.583,10.25
2016-01-15,3.542,14.458
2016-01-16,2.542,7.833
2016-01-17,2.5,8.583
2016-01-18,2.708,13.333
2016-01-19,4.333,25.083
2016-01-20,3.609,24.739
2016-01-21,4.25,22.75
2016-01-22,3.25,15.375
2016-01-23,3.375,12.0
2016-01-24,2.625,13.125
2016-01-25,2.792,11.292
2016-01-26,3.125,13.5
2016-01-27,3.542,21.542
2016-01-28,4.167,28.375
2016-01-29,3.708,39.125
2016-01-30,3.667,30.083
2016-01-31,3.083,15.75
2016-02-01,3.292,18.458
2016-02-02,4.458,13.083
2016-02-03,4.565,12.565
2016-02-04,4.0,18.167
2016-02-05,2.917,29.083
2016-02-06,4.458,21.458
2016-02-07,4.042,21.167
2016-02-08,3.208,12.292
2016-02-09,3.708,12.75
2016-02-10,2.917,12.958
2016-02-11,2.917,12.333
2016-02-12,3.417,11.542
2016-02-13,3.542,10.917
2016-02-14,3.708,21.042
2016-02-15,2.958,15.708
2016-02-16,4.542,19.542
2016-02-17,4.045,42.273
2016-02-18,4.583,17.833
2016-02-19,3.609,10.174
2016-02-20,3.0,21.667
2016-02-21,3.333,19.583
2016-02-22,3.625,19.0
2016-02-23,3.083,16.917
2016-02-24,3.25,11.708
2016-02-25,4.0,15.333
2016-02-26,4.375,23.708
2016-02-27,3.083,12.375
2016-02-28,2.958,15.375
2016-03-01,3.417,19.583
2016-03-02,4.125,17.458
2016-03-03,3.783,18.087
2016-03-04,4.042,19.583
2016-03-05,6.208,28.5
2016-03-06,4.792,20.292
2016-03-07,5.333,17.458
2016-03-08,3.333,16.25
2016-03-09,3.167,19.25
2016-03-10,4.833,21.042
2016-03-11,4.125,15.0
2016-03-12,4.083,17.5
2016-03-13,5.542,26.792
2016-03-14,4.125,25.75
2016-03-15,3.167,13.5
2016-03-16,3.542,13.542
2016-03-17,4.043,18.478
2016-03-18,5.25,25.75
2016-03-19,5.458,29.667
2016-03-20,5.25,31.25
2016-03-21,3.208,18.167
2016-03-22,4.417,20.625
2016-03-23,5.167,26.917
2016-03-24,4.208,20.458
2016-03-25,3.25,16.042
2016-03-26,4.125,22.5
2016-03-27,3.625,15.625
2016-03-28,4.542,25.5
2016-03-29,5.87,33.087
2016-03-30,6.417,47.042
2016-03-31,3.042,16.417
2016-04-01,14.625,49.167
2016-04-02,19.458,30.292
2016-04-03,19.333,42.5
2016-04-04,16.667,17.583
2016-04-05,17.0,11.958
2016-04-06,16.833,16.583
2016-04-07,13.333,21.875
2016-04-08,20.792,16.708
2016-04-09,21.292,22.0
2016-04-10,19.708,24.917
2016-04-11,12.042,20.0
2016-04-12,10.542,22.083
2016-04-13,17.565,33.652
2016-04-14,21.292,33.667
2016-04-15,15.458,17.958
2016-04-16,18.083,21.917
2016-04-17,18.458,14.125
2016-04-18,16.25,20.667
2016-04-19,13.917,26.667
2016-04-20,16.458,25.625
2016-04-21,15.167,29.458
2016-04-22,22.375,18.792
2016-04-23,20.667,24.792
2016-04-24,19.667,29.625
2016-04-25,20.708,46.833
2016-04-26,24.917,52.958
2016-04-27,23.609,38.652
2016-04-28,16.5,14.25
2016-04-29,14.875,14.583
2016-04-30,18.833,18.333
2016-05-01,25.583,26.958
2016-05-02,27.458,34.417
2016-05-03,20.125,18.958
2016-05-04,12.667,23.667
2016-05-05,18.792,19.167
2016-05-06,18.739,26.333
2016-05-07,23.708,35.083
2016-05-08,21.583,43.042
2016-05-09,17.75,26.792
2016-05-10,15.542,36.083
2016-05-11,15.429,18.409
2016-05-12,20.182,17.417
2016-05-13,23.773,21.208
2016-05-14,17.917,28.208
2016-05-15,10.167,33.792
2016-05-16,8.0,14.458
2016-05-17,5.792,21.667
2016-05-18,8.083,28.583
2016-05-19,8.25,30.25
2016-05-20,9.083,31.875
2016-05-21,8.625,31.833
2016-05-22,8.208,35.208
2016-05-23,7.833,35.917
2016-05-24,9.958,34.542
2016-05-25,6.435,29.826
2016-05-26,5.125,44.667
2016-05-27,8.167,43.125
2016-05-28,5.083,41.0
2016-05-29,3.542,50.458
2016-05-30,4.458,22.167
2016-05-31,7.75,29.958
2016-06-01,6.125,26.917
2016-06-02,4.167,13.167
2016-06-03,5.042,18.833
2016-06-04,3.292,25.583
2016-06-05,0.625,12.625
2016-06-06,3.875,31.542
2016-06-07,2.542,24.708
2016-06-08,2.913,25.957
2016-06-09,4.5,24.083
2016-06-10,5.167,29.458
2016-06-11,6.583,38.583
2016-06-12,3.292,28.667
2016-06-13,3.333,9.667
2016-06-14,5.125,23.417
2016-06-15,7.167,32.0
2016-06-16,5.083,26.25
2016-06-17,4.667,22.083
2016-06-18,6.0,33.083
2016-06-19,2.208,26.875
2016-06-20,2.708,36.0
2016-06-21,3.042,20.667
2016-06-22,3.455,32.0
2016-06-23,4.75,16.833
2016-06-24,4.375,28.583
2016-06-25,4.667,15.0
2016-06-26,4.667,22.417
2016-06-27,4.375,30.792
2016-06-28,2.833,17.75
2016-06-29,2.667,28.25
2016-06-30,3.458,37.625
2016-07-01,6.583,40.875
2016-07-02,7.625,39.542
2016-07-03,7.417,25.542
2016-07-04,7.708,26.25
2016-07-05,9.333,32.667
2016-07-06,6.348,17.565
2016-07-07,6.042,15.917
2016-07-08,3.458,16.583
2016-07-09,3.583,16.833
2016-07-10,4.25,24.167
2016-07-11,5.5,28.958
2016-07-12,5.667,30.667
2016-07-13,4.708,18.208
2016-07-14,5.792,25.083
2016-07-15,5.0,13.458
2016-07-16,5.208,27.958
2016-07-17,5.792,37.25
2016-07-18,5.542,29.167
2016-07-19,6.667,41.0
2016-07-20,7.542,43.333
2016-07-21,6.792,36.333
2016-07-22,6.826,36.348
2016-07-23,6.917,37.167
2016-07-24,7.083,30.417
2016-07-25,6.042,18.875
2016-07-26,6.167,25.042
2016-07-27,6.583,21.625
2016-07-28,6.417,21.042
2016-07-29,6.583,24.417
2016-07-30,6.958,21.083
2016-07-31,6.333,20.708
2016-08-01,7.792,28.958
2016-08-02,7.417,32.417
2016-08-03,7.625,35.625
2016-08-04,8.167,43.083
2016-08-05,8.217,45.087
2016-08-06,7.542,39.208
2016-08-07,7.042,37.5
2016-08-08,7.625,27.875
2016-08-09,7.792,27.583
2016-08-10,7.333,22.292
2016-08-11,7.75,23.958
2016-08-12,11.042,31.417
2016-08-13,8.083,36.25
2016-08-14,7.708,32.0
2016-08-15,8.0,37.542
2016-08-16,6.667,36.833
2016-08-17,6.208,27.208
2016-08-18,5.667,19.875
2016-08-19,7.304,30.0
2016-08-20,7.042,33.5
2016-08-21,6.542,24.542
2016-08-22,7.792,22.625
2016-08-23,6.083,15.917
2016-08-24,7.167,21.5
2016-08-25,7.75,31.25
2016-08-26,6.208,19.667
2016-08-27,4.583,12.75
2016-08-28,6.417,19.292
2016-08-29,4.875,12.5
2016-08-30,4.333,13.833
2016-08-31,6.609,17.273
2016-09-01,5.542,27.625
2016-09-02,7.25,32.458
2016-09-03,7.042,27.625
2016-09-04,3.667,16.667
2016-09-05,4.75,19.167
2016-09-06,5.083,29.167
2016-09-07,5.083,35.5
2016-09-08,4.333,18.083
2016-09-09,4.208,21.542
2016-09-10,4.208,30.958
2016-09-11,6.25,30.958
2016-09-12,4.958,28.875
2016-09-13,3.667,16.042
2016-09-14,2.783,17.565
2016-09-15,5.458,21.083
2016-09-16,4.917,35.5
2016-09-17,5.75,37.5
2016-09-18,4.0,16.875
2016-09-19,3.167,14.042
2016-09-20,2.125,11.292
2016-09-21,2.958,15.5
2016-09-22,2.25,17.667
2016-09-23,2.458,18.458
2016-09-24,3.167,24.542
2016-09-25,3.333,23.958
2016-09-26,3.208,19.625
2016-09-27,5.25,27.292
2016-09-28,3.792,21.5
2016-09-29,2.913,11.522
2016-09-30,2.667,21.0
2016-10-01,3.792,37.458
2016-10-02,5.5,51.542
2016-10-03,4.667,45.083
2016-10-04,5.417,26.083
2016-10-05,6.208,26.417
2016-10-06,5.833,15.458
2016-10-07,4.958,19.792
2016-10-08,7.542,32.792
2016-10-09,4.542,17.167
2016-10-10,4.292,14.417
2016-10-11,3.958,14.833
2016-10-12,5.083,21.042
2016-10-13,4.522,15.609
2016-10-14,4.083,14.042
2016-10-15,4.375,15.458
2016-10-16,6.25,22.167
2016-10-17,4.292,24.167
2016-10-18,4.958,34.042
2016-10-19,4.542,28.083
2016-10-20,5.542,35.5
2016-10-21,4.042,24.667
2016-10-22,2.833,28.125
2016-10-23,2.875,18.417
2016-10-24,3.875,15.0
2016-10-25,4.75,20.75
2016-10-26,4.957,32.739
2016-10-27,4.042,18.792
2016-10-28,3.25,22.708
2016-10-29,3.208,13.5
2016-10-30,3.125,17.417
2016-10-31,3.042,18.5
2016-11-01,3.542,16.583
2016-11-02,4.75,23.0
2016-11-03,5.667,14.792
2016-11-04,4.458,23.708
2016-11-05,6.667,28.708
2016-11-06,3.625,23.458
2016-11-07,3.458,21.958
2016-11-08,3.522,32.261
2016-11-09,2.958,9.167
2016-11-10,2.417,9.542
2016-11-11,3.25,16.625
2016-11-12,3.875,22.417
2016-11-13,4.375,32.125
2016-11-14,3.708,54.625
2016-11-15,4.958,31.75
2016-11-16,3.792,23.042
2016-11-17,3.458,25.792
2016-11-18,4.167,32.583
2016-11-19,4.333,29.625
2016-11-20,4.875,21.333
2016-11-21,3.417,26.708
2016-11-22,4.125,28.333
2016-11-23,2.833,11.292
2016-11-24,3.091,10.591
2016-11-25,3.375,10.833
2016-11-26,3.542,15.083
2016-11-27,2.625,14.0
2016-11-28,3.292,24.958
2016-11-29,3.625,20.792
2016-11-30,2.75,15.292
2016-12-01,3.333,21.833
2016-12-02,3.375,23.333
2016-12-03,3.375,20.833
2016-12-04,2.208,35.417
2016-12-05,3.333,16.375
2016-12-06,3.583,23.917
2016-12-07,4.087,12.522
2016-12-08,4.083,19.458
2016-12-09,3.458,27.208
2016-12-10,3.458,14.333
2016-12-11,3.125,9.833
2016-12-12,2.542,10.917
2016-12-13,2.458,25.625
2016-12-14,2.583,9.917
2016-12-15,2.958,9.833
2016-12-16,2.458,10.625
2016-12-17,2.5,13.5
2016-12-18,2.917,16.167
2016-12-19,3.083,14.792
2016-12-20,3.542,38.083
2016-12-21,3.217,57.348
2016-12-22,5.5,43.042
2016-12-23,4.083,16.125
2016-12-24,3.625,12.667
2016-12-25,2.375,13.333
2016-12-26,2.792,20.458
2016-12-27,3.375,16.167
2016-12-28,2.208,8.667
2016-12-29,3.833,13.0
2016-12-30,2.5,10.667
2016-12-31,2.583,11.458
2017-01-01,3.75,16.625
2017-01-02,4.083,15.75
2017-01-03,3.458,20.208
2017-01-04,3.875,8.958
2017-01-05,2.522,12.652
2017-01-06,3.208,13.875
2017-01-07,3.125,13.375
2017-01-08,2.625,24.833
2017-01-09,3.625,18.5
2017-01-10,2.458,11.375
2017-01-11,2.625,9.0
2017-01-12,1.917,8.583
2017-01-13,2.417,14.042
2017-01-14,2.292,13.292
2017-01-15,3.125,21.583
2017-01-16,4.5,57.875
2017-01-17,5.565,50.217
2017-01-18,4.292,11.5
2017-01-19,5.0,35.375
2017-01-20,4.25,37.0
2017-01-21,4.333,29.625
2017-01-22,2.583,17.417
2017-01-23,3.042,25.417
2017-01-24,3.083,10.292
2017-01-25,2.583,10.083
2017-01-26,2.208,9.958
2017-01-27,2.75,8.958
2017-01-28,4.333,14.75
2017-01-29,4.125,20.292
2017-01-30,3.75,14.208
2017-01-31,3.909,13.136
2017-02-01,2.292,15.25
2017-02-02,2.5,18.583
2017-02-03,3.042,13.542
2017-02-04,3.125,12.125
2017-02-05,2.917,11.75
2017-02-06,3.208,12.583
2017-02-07,2.542,10.042
2017-02-08,3.5,13.833
2017-02-09,4.417,27.292
2017-02-10,4.375,46.083
2017-02-11,3.583,18.0
2017-02-12,2.875,17.625
2017-02-13,3.125,15.458
2017-02-14,4.522,12.783
2017-02-15,2.792,23.875
2017-02-16,3.542,26.167
2017-02-17,3.5,16.458
2017-02-18,2.5,11.667
2017-02-19,3.0,16.667
2017-02-20,4.25,25.292
2017-02-21,4.875,26.0
2017-02-22,4.167,16.083
2017-02-23,4.333,18.083
2017-02-24,4.583,31.375
2017-02-25,3.083,38.583
2017-02-26,4.542,30.75
2017-02-27,4.083,24.833
2017-02-28,4.091,21.773
2017-03-01,2.958,27.292
2017-03-02,3.875,21.708
2017-03-03,4.958,29.042
2017-03-04,5.917,39.958
2017-03-05,4.625,27.125
2017-03-06,2.875,13.375
2017-03-07,3.167,16.208
2017-03-08,3.667,18.542
2017-03-09,2.333,13.708
2017-03-10,2.833,14.375
2017-03-11,3.833,18.625
2017-03-12,3.958,25.75
2017-03-13,5.708,32.542
2017-03-14,6.045,32.136
2017-03-15,6.833,32.5
2017-03-16,2.667,14.0
2017-03-17,2.75,14.667
2017-03-18,3.542,23.042
2017-03-19,5.208,61.542
2017-03-20,2.333,12.208
2017-03-21,1.333,13.875
2017-03-22,2.333,10.5
2017-03-23,3.125,10.792
2017-03-24,4.042,15.208
2017-03-25,4.333,40.125
2017-03-26,5.167,35.958
2017-03-27,6.25,34.458
2017-03-28,7.364,35.682
2017-03-29,7.083,29.458
2017-03-30,4.583,20.292
2017-03-31,5.125,21.25
2017-04-01,2.917,16.125
2017-04-02,4.375,15.208
2017-04-03,5.417,19.542
2017-04-04,7.333,26.083
2017-04-05,8.75,31.125
2017-04-06,7.208,28.375
2017-04-07,6.042,31.917
2017-04-08,7.625,70.167
2017-04-09,6.75,44.583
2017-04-10,4.167,20.375
2017-04-11,3.292,15.542
2017-04-12,4.833,17.75
2017-04-13,6.522,21.696
2017-04-14,7.208,22.333
2017-04-15,6.458,17.792
2017-04-16,6.375,25.333
2017-04-17,6.25,35.917
2017-04-18,6.208,17.875
2017-04-19,7.167,33.833
2017-04-20,6.958,28.542
2017-04-21,10.5,37.542
2017-04-22,7.0,29.917
2017-04-23,5.583,17.083
2017-04-24,7.5,20.542
2017-04-25,8.542,16.708
2017-04-26,5.0,15.591
2017-04-27,5.625,18.667
2017-04-28,6.417,19.333
2017-04-29,7.792,25.917
2017-04-30,9.042,25.375
2017-05-01,8.542,27.292
2017-05-02,5.875,17.292
2017-05-03,7.292,22.667
2017-05-04,7.167,18.542
2017-05-05,8.875,17.917
2017-05-06,6.708,18.042
2017-05-07,7.417,39.875
2017-05-08,11.542,67.125
2017-05-09,5.958,32.292
2017-05-10,5.583,37.458
2017-05-11,7.565,25.0
2017-05-12,7.083,32.75
2017-05-13,4.917,18.75
2017-05-14,6.5,29.083
2017-05-15,7.542,18.042
2017-05-16,6.5,25.958
2017-05-17,7.25,27.958
2017-05-18,7.625,25.875
2017-05-19,8.667,24.958
2017-05-20,9.583,27.292
2017-05-21,8.542,26.417
2017-05-22,7.833,21.583
2017-05-23,7.875,19.958
2017-05-24,5.217,22.565
2017-05-25,5.333,20.0
2017-05-26,6.458,20.375
2017-05-27,5.583,13.583
2017-05-28,7.208,17.625
2017-05-29,9.542,25.292
2017-05-30,12.208,44.625
2017-05-31,11.917,48.417
2017-06-01,8.75,37.583
2017-06-02,6.083,18.333
2017-06-03,7.333,17.083
2017-06-04,7.25,16.958
2017-06-05,7.708,16.167
2017-06-06,8.167,17.625
2017-06-07,5.217,21.913
2017-06-08,6.833,30.208
2017-06-09,8.5,23.5
2017-06-10,8.583,31.25
2017-06-11,9.042,38.25
2017-06-12,6.458,14.042
2017-06-13,6.375,15.0
2017-06-14,8.75,21.167
2017-06-15,10.0,25.792
2017-06-16,10.042,32.042
2017-06-17,8.292,19.667
2017-06-18,10.083,29.917
2017-06-19,10.833,36.083
2017-06-20,10.333,36.333
2017-06-21,6.174,18.217
2017-06-22,8.583,22.125
2017-06-23,9.875,33.0
2017-06-24,11.625,42.25
2017-06-25,5.958,23.125
2017-06-26,7.875,30.083
2017-06-27,8.208,41.083
2017-06-28,7.375,44.708
2017-06-29,6.458,34.875
2017-06-30,7.917,40.208
2017-07-01,11.542,27.333
2017-07-02,13.0,25.833
2017-07-03,14.25,31.958
2017-07-04,9.417,24.708
2017-07-05,6.833,17.542
2017-07-06,8.042,28.0
2017-07-07,7.636,20.591
2017-07-08,7.458,21.667
2017-07-09,9.208,30.875
2017-07-10,9.458,36.833
2017-07-11,13.458,40.667
2017-07-12,9.792,29.542
2017-07-13,10.333,36.417
2017-07-14,11.458,44.583
2017-07-15,11.333,48.167
2017-07-16,11.708,34.792
2017-07-17,10.042,16.792
2017-07-18,8.25,16.333
2017-07-19,8.583,22.958
2017-07-20,11.458,33.542
2017-07-21,12.13,37.348
2017-07-22,11.583,27.875
2017-07-23,11.208,30.75
2017-07-24,12.083,31.583
2017-07-25,12.417,39.792
2017-07-26,9.25,26.875
2017-07-27,11.667,35.5
2017-07-28,12.833,48.75
2017-07-29,12.333,49.458
2017-07-30,13.0,47.458
2017-07-31,13.042,49.292
2017-08-01,12.417,36.625
2017-08-02,10.208,22.208
2017-08-03,10.652,24.522
2017-08-04,11.083,19.75
2017-08-05,12.5,21.917
2017-08-06,7.958,18.708
2017-08-07,4.542,20.167
2017-08-08,8.667,32.833
2017-08-09,10.458,47.875
2017-08-10,12.583,35.125
2017-08-11,12.083,24.25
2017-08-12,10.417,15.458
2017-08-13,9.542,18.542
2017-08-14,11.333,30.958
2017-08-15,9.875,34.042
2017-08-16,9.208,28.333
2017-08-17,10.917,23.0
2017-08-18,10.739,23.739
2017-08-19,11.042,23.292
2017-08-20,12.458,28.333
2017-08-21,11.0,33.708
2017-08-22,12.667,35.167
2017-08-23,13.583,25.167
2017-08-24,13.208,21.125
2017-08-25,12.583,15.625
2017-08-26,8.667,16.958
2017-08-27,8.958,26.0
2017-08-28,11.958,36.958
2017-08-29,13.0,40.333
2017-08-30,10.5,26.333
2017-08-31,8.136,15.0
2017-09-01,8.125,15.0
2017-09-02,8.25,14.458
2017-09-03,7.958,14.5
2017-09-04,7.583,19.083
2017-09-05,7.375,24.958
2017-09-06,9.917,31.0
2017-09-07,7.5,26.667
2017-09-08,8.042,17.042
2017-09-09,8.042,19.792
2017-09-10,9.583,28.625
2017-09-11,9.458,27.333
2017-09-12,7.792,14.833
2017-09-13,8.87,20.565
2017-09-14,8.5,27.875
2017-09-15,5.083,12.833
2017-09-16,4.542,15.167
2017-09-17,3.083,22.25
2017-09-18,6.458,14.417
2017-09-19,7.792,30.458
2017-09-20,8.208,37.583
2017-09-21,7.083,23.708
2017-09-22,5.542,27.458
2017-09-23,7.208,26.167
2017-09-24,7.417,30.542
2017-09-25,8.208,35.542
2017-09-26,9.333,38.0
2017-09-27,11.136,31.864
2017-09-28,7.333,21.958
2017-09-29,6.958,17.75
2017-09-30,6.583,19.333
2017-10-01,7.833,17.125
2017-10-02,6.417,23.125
2017-10-03,6.292,14.917
2017-10-04,5.417,14.75
2017-10-05,5.542,14.5
2017-10-06,4.083,15.083
2017-10-07,5.75,21.125
2017-10-08,7.292,27.0
2017-10-09,9.0,30.708
2017-10-10,10.5,37.167
2017-10-11,9.458,39.208
2017-10-12,7.136,25.682
2017-10-13,4.792,15.917
2017-10-14,4.583,14.375
2017-10-15,2.917,13.5
2017-10-16,2.0,8.0
2017-10-17,2.292,11.0
2017-10-18,2.667,17.458
2017-10-19,2.083,11.125
2017-10-20,2.542,11.125
2017-10-21,2.375,12.167
2017-10-22,2.0,10.583
2017-10-23,3.083,13.208
2017-10-24,3.917,16.667
2017-10-25,4.261,20.087
2017-10-26,4.083,18.75
2017-10-27,5.25,29.417
2017-10-28,4.5,29.083
2017-10-29,2.875,11.292
2017-10-30,3.917,19.958
2017-10-31,3.417,15.042
2017-11-01,4.75,21.042
2017-11-02,5.667,29.583
2017-11-03,6.75,24.458
2017-11-04,4.417,19.583
2017-11-05,4.0,31.625
2017-11-06,4.375,35.25
2017-11-07,6.0,43.917
2017-11-08,4.739,23.783
2017-11-09,4.708,28.125
2017-11-10,3.75,19.708
2017-11-11,3.583,22.875
2017-11-12,3.333,12.708
2017-11-13,4.25,16.5
2017-11-14,3.583,23.083
2017-11-15,3.875,19.375
2017-11-16,3.542,13.625
2017-11-17,3.333,16.792
2017-11-18,2.875,19.167
2017-11-19,2.667,8.167
2017-11-20,2.792,11.667
2017-11-21,3.333,15.667
2017-11-22,2.522,24.783
2017-11-23,2.917,12.792
2017-11-24,3.625,11.833
2017-11-25,3.625,15.5
2017-11-26,2.708,26.25
2017-11-27,3.958,32.792
2017-11-28,3.667,38.167
2017-11-29,3.667,50.708
2017-11-30,4.25,26.5
2017-12-01,3.917,11.5
2017-12-02,2.708,10.375
2017-12-03,3.333,18.792
2017-12-04,3.208,25.375
2017-12-05,2.75,12.625
2017-12-06,2.958,9.708
2017-12-07,3.478,13.174
2017-12-08,3.208,13.292
2017-12-09,2.667,11.208
2017-12-10,2.708,13.833
2017-12-11,3.5,16.667
2017-12-12,2.417,10.417
2017-12-13,2.125,9.833
2017-12-14,2.417,12.417
2017-12-15,3.0,12.125
2017-12-16,3.667,17.25
2017-12-17,3.25,12.375
2017-12-18,2.792,12.833
2017-12-19,2.708,6.208
2017-12-20,3.708,4.708
2017-12-21,3.875,5.25
2017-12-22,3.909,10.818
2017-12-23,3.625,19.167
2017-12-24,3.5,35.75
2017-12-25,4.625,17.583
2017-12-26,3.458,11.708
2017-12-27,3.0,10.875
2017-12-28,2.792,10.0
2017-12-29,4.0,22.833
2017-12-30,3.833,19.833
2017-12-31,4.125,24.583
2018-01-01,2.542,12.75
2018-01-02,2.833,12.208
2018-01-03,2.792,9.833
2018-01-04,2.136,13.909
2018-01-05,2.917,14.833
2018-01-06,2.042,15.25
2018-01-07,3.167,14.833
2018-01-08,3.375,20.667
2018-01-09,2.417,13.292
2018-01-10,4.583,16.667
2018-01-11,2.5,12.417
2018-01-12,1.333,15.958
2018-01-13,1.917,21.5
2018-01-14,1.833,17.208
2018-01-15,2.542,32.375
2018-01-16,3.583,26.958
2018-01-17,2.783,11.261
2018-01-18,4.25,16.042
2018-01-19,7.667,14.292
2018-01-20,2.75,18.667
2018-01-21,3.958,14.333
2018-01-22,5.75,16.167
2018-01-23,2.958,21.792
2018-01-24,3.417,17.417
2018-01-25,4.292,19.292
2018-01-26,2.167,10.875
2018-01-27,3.208,11.333
2018-01-28,2.958,16.083
2018-01-29,3.667,17.0
2018-01-30,3.333,20.583
2018-01-31,2.292,22.833
2018-02-01,2.696,11.913
2018-02-02,1.792,15.708
2018-02-03,2.042,33.208
2018-02-04,2.5,28.625
2018-02-05,2.208,26.25
2018-02-06,2.708,32.292
2018-02-07,2.375,31.333
2018-02-08,2.042,17.833
2018-02-09,2.667,17.042
2018-02-10,2.208,13.917
2018-02-11,2.292,33.875
2018-02-12,2.042,15.5
2018-02-13,4.042,23.458
2018-02-14,2.167,18.583
2018-02-15,1.826,17.87
2018-02-16,3.083,29.667
2018-02-17,3.375,22.292
2018-02-18,2.583,26.792
2018-02-19,2.917,42.375
2018-02-20,2.917,18.667
2018-02-21,3.042,20.458
2018-02-22,2.792,31.583
2018-02-23,2.667,23.042
2018-02-24,2.417,18.458
2018-02-25,3.875,31.958
2018-02-26,3.458,29.875
2018-02-27,2.625,18.75
2018-02-28,2.5,30.042
2018-03-01,3.857,26.909
2018-03-02,3.458,32.5
2018-03-03,2.083,34.458
2018-03-04,2.25,20.083
2018-03-05,2.917,23.417
2018-03-06,3.0,32.708
2018-03-07,2.875,24.833
2018-03-08,2.458,12.375
2018-03-09,3.042,13.167
2018-03-10,2.708,29.5
2018-03-11,2.958,13.333
2018-03-12,2.958,21.792
2018-03-13,3.182,13.682
2018-03-14,3.208,12.417
2018-03-15,3.542,13.308
2018-03-16,2.458,
2018-03-17,2.25,
2018-03-18,2.875,
2018-03-19,2.167,17.538
2018-03-20,2.75,25.042
2018-03-21,5.083,42.833
2018-03-22,3.833,33.417
2018-03-23,3.5,22.875
2018-03-24,2.75,10.667
2018-03-25,3.667,13.0
2018-03-26,5.0,19.042
2018-03-27,7.522,22.391
2018-03-28,6.875,24.458
2018-03-29,3.833,21.625
2018-03-30,4.25,37.0
2018-03-31,4.667,18.208
2018-04-01,6.5,32.708
2018-04-02,6.25,33.042
2018-04-03,8.333,33.25
2018-04-04,8.5,38.083
2018-04-05,3.75,12.708
2018-04-06,4.5,26.833
2018-04-07,3.667,36.125
2018-04-08,3.5,14.583
2018-04-09,4.458,23.917
2018-04-10,5.958,36.667
2018-04-11,5.125,31.333
2018-04-12,5.261,21.87
2018-04-13,4.5,17.083
2018-04-14,4.875,23.917
2018-04-15,2.75,10.667
2018-04-16,2.958,41.875
2018-04-17,5.333,51.208
2018-04-18,5.0,39.292
2018-04-19,6.708,36.375
2018-04-20,7.833,31.542
2018-04-21,8.292,33.5
2018-04-22,6.792,32.125
2018-04-23,5.083,32.375
2018-04-24,6.625,29.375
2018-04-25,3.409,12.773
2018-04-26,3.542,18.25
2018-04-27,6.667,27.25
2018-04-28,5.083,29.708
2018-04-29,5.875,28.333
2018-04-30,5.375,32.667
2018-05-01,6.708,36.0
2018-05-02,7.833,42.0
2018-05-03,4.667,21.625
2018-05-04,4.208,19.083
2018-05-05,5.625,14.375
2018-05-06,5.542,20.833
2018-05-07,3.208,24.5
2018-05-08,2.208,10.5
2018-05-09,3.261,19.435
2018-05-10,3.917,16.292
2018-05-11,5.042,17.333
2018-05-12,5.917,27.125
2018-05-13,3.667,21.25
2018-05-14,4.0,28.333
2018-05-15,6.417,33.333
2018-05-16,8.292,38.875
2018-05-17,8.375,55.292
2018-05-18,8.917,56.667
2018-05-19,4.125,13.25
2018-05-20,3.792,13.75
2018-05-21,5.042,15.875
2018-05-22,6.75,18.292
2018-05-23,6.565,20.739
2018-05-24,5.333,19.542
2018-05-25,7.25,28.917
2018-05-26,7.667,28.958
2018-05-27,6.75,28.875
2018-05-28,8.417,34.708
2018-05-29,6.917,35.708
2018-05-30,3.75,24.375
2018-05-31,4.333,38.292
2018-06-01,4.333,19.208
2018-06-02,6.375,23.833
2018-06-03,6.792,27.542
2018-06-04,7.667,29.5
2018-06-05,6.792,24.833
2018-06-06,3.083,18.625
2018-06-07,3.957,34.696
2018-06-08,4.417,49.708
2018-06-09,5.292,59.083
2018-06-10,3.958,19.375
2018-06-11,3.917,21.75
2018-06-12,3.958,13.5
2018-06-13,5.208,13.792
2018-06-14,4.417,17.4
2018-06-15,5.958,32.292
2018-06-16,4.667,18.583
2018-06-17,5.583,24.958
2018-06-18,7.042,25.833
2018-06-19,4.792,30.0
2018-06-20,3.333,17.292
2018-06-21,6.318,34.955
2018-06-22,6.042,35.375
2018-06-23,5.75,27.958
2018-06-24,5.542,34.25
2018-06-25,6.083,38.5
2018-06-26,6.667,49.25
2018-06-27,6.0,41.708
2018-06-28,6.542,29.125
2018-06-29,4.583,21.958
2018-06-30,3.0,20.833
2018-07-01,5.292,43.458
2018-07-02,6.125,18.167
2018-07-03,3.833,17.25
2018-07-04,3.958,19.542
2018-07-05,2.458,15.0
2018-07-06,2.217,11.478
2018-07-07,1.875,12.167
2018-07-08,2.875,20.792
2018-07-09,6.333,27.667
2018-07-10,6.583,28.083
2018-07-11,5.542,27.375
2018-07-12,6.375,33.792
2018-07-13,6.875,35.125
2018-07-14,7.792,38.583
2018-07-15,8.042,36.042
2018-07-16,7.792,44.792
2018-07-17,7.417,41.0
2018-07-18,7.958,36.333
2018-07-19,8.292,50.375
2018-07-20,7.696,42.826
2018-07-21,7.0,24.417
2018-07-22,6.458,20.458
2018-07-23,6.625,18.708
2018-07-24,8.792,29.458
2018-07-25,7.583,31.875
2018-07-26,7.792,39.417
2018-07-27,7.833,40.792
2018-07-28,6.917,23.792
2018-07-29,4.125,14.542
2018-07-30,4.167,14.833
2018-07-31,5.375,17.958
2018-08-01,6.045,21.591
2018-08-02,7.125,27.833
2018-08-03,6.583,28.167
2018-08-04,7.625,27.458
2018-08-05,7.833,30.625
2018-08-06,6.708,27.292
2018-08-07,6.458,17.458
2018-08-08,7.167,17.417
2018-08-09,6.917,15.375
2018-08-10,6.083,21.917
2018-08-11,6.708,31.833
2018-08-12,8.167,38.5
2018-08-13,5.583,17.417
2018-08-14,5.958,19.583
2018-08-15,4.208,12.333
2018-08-16,4.0,20.167
2018-08-17,4.261,18.0
2018-08-18,4.042,16.375
2018-08-19,4.667,20.292
2018-08-20,5.417,26.5
2018-08-21,6.542,28.833
2018-08-22,4.25,12.5
2018-08-23,4.25,13.125
2018-08-24,4.417,17.708
2018-08-25,4.917,19.958
2018-08-26,5.333,15.583
2018-08-27,5.292,20.75
2018-08-28,5.792,22.375
2018-08-29,5.783,21.87
2018-08-30,5.5,17.167
2018-08-31,5.5,18.042
2018-09-01,3.292,10.333
2018-09-02,5.25,21.083
2018-09-03,5.042,20.25
2018-09-04,2.875,17.042
2018-09-05,4.292,15.917
2018-09-06,5.167,21.667
2018-09-07,5.125,30.542
2018-09-08,2.375,11.625
2018-09-09,1.792,10.417
2018-09-10,2.042,10.333
2018-09-11,3.5,15.792
2018-09-12,3.333,19.458
2018-09-13,2.174,19.391
2018-09-14,2.25,22.458
2018-09-15,3.5,28.125
2018-09-16,4.333,18.125
2018-09-17,4.125,20.583
2018-09-18,4.708,25.167
2018-09-19,4.625,30.208
2018-09-20,2.458,24.875
2018-09-21,2.708,26.708
2018-09-22,3.208,14.792
2018-09-23,3.25,22.75
2018-09-24,3.667,31.875
2018-09-25,3.0,19.542
2018-09-26,2.75,15.083
2018-09-27,2.87,17.13
2018-09-28,3.458,15.292
2018-09-29,2.375,11.958
2018-09-30,1.625,22.542
2018-10-01,4.125,18.708
2018-10-02,3.75,14.458
2018-10-03,4.208,21.375
2018-10-04,2.917,18.583
2018-10-05,2.583,23.833
2018-10-06,3.5,15.167
2018-10-07,4.333,15.792
2018-10-08,3.958,15.208
2018-10-09,4.0,23.208
2018-10-10,4.333,28.708
2018-10-11,2.75,18.958
2018-10-12,3.261,11.174
2018-10-13,3.042,10.75
2018-10-14,3.125,16.833
2018-10-15,4.375,22.167
2018-10-16,4.167,23.958
2018-10-17,3.708,17.083
2018-10-18,2.917,17.75
2018-10-19,4.25,13.792
2018-10-20,4.375,12.708
2018-10-21,3.25,10.417
2018-10-22,3.083,14.583
2018-10-23,3.292,21.875
2018-10-24,3.125,19.708
2018-10-25,3.696,23.957
2018-10-26,3.542,23.458
2018-10-27,3.458,15.792
2018-10-28,3.583,12.833
2018-10-29,4.208,15.167
2018-10-30,4.25,13.583
2018-10-31,3.5,11.333
2018-11-01,3.167,10.0
2018-11-02,2.5,10.542
2018-11-03,2.625,13.0
2018-11-04,3.042,14.708
2018-11-05,3.333,22.833
2018-11-06,3.208,24.25
2018-11-07,3.043,14.304
2018-11-08,3.25,20.583
2018-11-09,4.583,22.292
2018-11-10,3.875,19.25
2018-11-11,3.625,26.0
2018-11-12,2.875,30.167
2018-11-13,2.333,17.208
2018-11-14,2.958,10.667
2018-11-15,2.542,9.917
2018-11-16,2.458,14.333
2018-11-17,2.958,17.792
2018-11-18,3.083,19.333
2018-11-19,2.125,14.25
2018-11-20,3.25,13.417
2018-11-21,2.792,21.333
2018-11-22,2.435,19.522
2018-11-23,2.958,10.333
2018-11-24,2.417,13.417
2018-11-25,3.458,17.042
2018-11-26,3.208,28.792
2018-11-27,3.333,42.833
2018-11-28,3.25,38.792
2018-11-29,2.792,24.208
2018-11-30,3.208,27.292
2018-12-01,2.917,36.083
2018-12-02,2.625,36.917
2018-12-03,3.083,57.5
2018-12-04,3.167,45.75
2018-12-05,3.083,16.417
2018-12-06,2.417,20.75
2018-12-07,2.391,15.826
2018-12-08,2.292,10.042
2018-12-09,1.917,10.542
2018-12-10,1.583,10.292
2018-12-11,1.167,13.25
2018-12-12,1.75,17.042
2018-12-13,2.542,11.208
2018-12-14,2.583,11.625
2018-12-15,2.458,10.375
2018-12-16,1.292,20.458
2018-12-17,2.208,15.333
2018-12-18,3.5,16.792
2018-12-19,2.565,16.87
2018-12-20,1.917,15.375
2018-12-21,2.0,40.458
2018-12-22,2.125,36.917
2018-12-23,2.042,23.042
2018-12-24,2.375,11.833
2018-12-25,2.625,18.208
2018-12-26,2.167,14.25
2018-12-27,2.75,13.333
2018-12-28,2.792,9.292
2018-12-29,2.5,9.375
2018-12-30,2.292,9.333
2018-12-31,2.417,11.458
