date,CH4_mean,NMHC_mean,NO2_mean,NOX_mean,NO_mean,PM25_mean,SO2_mean,THC_mean
2013-01-01,,,,,,12.5,,
2013-01-02,,,,,,5.667,,
2013-01-03,,,,,,6.917,,
2013-01-04,,,,,,11.292,,
2013-01-05,,,,,,2.25,,
2013-01-06,,,,,,4.5,,
2013-01-07,,,,,,4.167,,
2013-01-08,,,,,,15.125,,
2013-01-09,,,,,,4.375,,
2013-01-10,,,,,,1.417,,
2013-01-11,,,,,,4.542,,
2013-01-12,,,,,,8.042,,
2013-01-13,,,,,,4.833,,
2013-01-14,,,,,,5.583,,
2013-01-15,,,,,,4.154,,
2013-01-16,,,,,,13.857,,
2013-01-17,,,,,,11.917,,
2013-01-18,,,,,,6.542,,
2013-01-19,,,,,,6.5,,
2013-01-20,,,,,,7.522,,
2013-01-21,,,,,,22.417,,
2013-01-22,,,,,,10.333,,
2013-01-23,,,,,,10.292,,
2013-01-24,,,,,,11.042,,
2013-01-25,,,,,,9.25,,
2013-01-26,,,,,,12.875,,
2013-01-27,,,,,,7.333,,
2013-01-28,,,,,,9.583,,
2013-01-29,,,,,,6.667,,
2013-01-30,,,,,,9.875,,
2013-01-31,,,,,,12.708,,
2013-02-01,,,,,,11.292,,
2013-02-02,,,,,,17.75,,
2013-02-03,,,,,,14.708,,
2013-02-04,,,,,,4.208,,
2013-02-05,,,,,,5.958,,
2013-02-06,,,,,,6.542,,
2013-02-07,,,,,,5.208,,
2013-02-08,,,,,,4.667,,
2013-02-09,,,,,,3.375,,
2013-02-10,,,,,,8.5,,
2013-02-11,,,,,,5.542,,
2013-02-12,,,,,,4.917,,
2013-02-13,,,,,,5.667,,
2013-02-14,,,,,,6.292,,
2013-02-15,,,,,,1.0,,
2013-02-16,,,,,,19.417,,
2013-02-17,,,,,,20.792,,
2013-02-18,,,,,,11.417,,
2013-02-19,,,,,,11.417,,
2013-02-20,,,,,,10.0,,
2013-02-21,,,,,,9.583,,
2013-02-22,,,,,,6.583,,
2013-02-23,,,,,,8.5,,
2013-02-24,,,,,,15.667,,
2013-02-25,,,,,,38.292,,
2013-02-26,,,,,,77.304,,
2013-02-27,,,,,,37.0,,
2013-02-28,,,,,,19.5,,
2013-03-01,,,,,,12.292,,
2013-03-02,,,,,,7.625,,
2013-03-03,,,,,,9.667,,
2013-03-04,,,,,,10.917,,
2013-03-05,,,,,,7.583,,
2013-03-06,,,,,,11.292,,
2013-03-07,,,,,,11.125,,
2013-03-08,,,,,,7.667,,
2013-03-09,,,,,,11.458,,
2013-03-10,,,,,,7.542,,
2013-03-11,,,,,,8.417,,
2013-03-12,,,,,,19.833,,
2013-03-13,,,,,,5.917,,
2013-03-14,,,,,,7.25,,
2013-03-15,,,,,,13.167,,
2013-03-16,,,,,,29.25,,
2013-03-17,,,,,,27.958,,
2013-03-18,,,,,,26.708,,
2013-03-19,,,,,,11.542,,
2013-03-20,,,,,,5.833,,
2013-03-21,,,,,,5.125,,
2013-03-22,,,,,,6.75,,
2013-03-23,,,,,,11.375,,
2013-03-24,,,,,,26.458,,
2013-03-25,,,,,,25.5,,
2013-03-26,,,,,,19.5,,
2013-03-27,,,,,,23.773,,
2013-03-28,,,,,,23.167,,
2013-03-29,,,,,,19.333,,
2013-03-30,,,,,,13.208,,
2013-03-31,,,,,,15.125,,
2013-07-01,,,,,,14.167,,
2013-07-02,,,,,,13.792,,
2013-07-03,,,,,,10.708,,
2013-07-04,,,,,,9.917,,
2013-07-05,,,,,,10.458,,
2013-07-06,,,,,,9.958,,
2013-07-07,,,,,,7.0,,
2013-07-08,,,,,,11.042,,
2013-07-09,,,,,,10.083,,
2013-07-10,,,,,,8.125,,
2013-07-11,,,,,,9.708,,
2013-07-12,,,,,,19.292,,
2013-07-13,,,,,,20.375,,
2013-07-14,,,,,,12.292,,
2013-07-15,,,,,,5.75,,
2013-07-16,,,,,,8.625,,
2013-07-17,,,,,,11.583,,
2013-07-18,,,,,,8.167,,
2013-07-19,,,,,,6.167,,
2013-07-20,,,,,,5.583,,
2013-07-21,,,,,,9.083,,
2013-07-22,,,,,,14.833,,
2013-07-23,,,,,,15.0,,
2013-07-24,,,,,,8.696,,
2013-07-25,,,,,,22.667,,
2013-07-26,,,,,,35.167,,
2013-07-27,,,,,,28.75,,
2013-07-28,,,,,,18.458,,
2013-07-29,,,,,,17.583,,
2013-07-30,,,,,,23.167,,
2013-07-31,,,,,,20.917,,
2013-08-01,,,,,,20.833,,
2013-08-02,,,,,,6.75,,
2013-08-03,,,,,,6.25,,
2013-08-04,,,,,,10.458,,
2013-08-05,,,,,,14.125,,
2013-08-06,,,,,,16.958,,
2013-08-07,,,,,,24.208,,
2013-08-08,,,,,,26.583,,
2013-08-09,,,,,,23.417,,
2013-08-10,,,,,,28.708,,
2013-08-11,,,,,,32.25,,
2013-08-12,,,,,,35.917,,
2013-08-13,,,,,,34.333,,
2013-08-14,,,,,,26.292,,
2013-08-15,,,,,,27.167,,
2013-08-16,,,,,,29.583,,
2013-08-17,,,,,,24.958,,
2013-08-18,,,,,,16.625,,
2013-08-19,,,,,,15.75,,
2013-08-20,,,,,,11.542,,
2013-08-21,,,,,,11.208,,
2013-08-22,,,,,,9.227,,
2013-08-23,,,,,,4.875,,
2013-08-24,,,,,,12.708,,
2013-08-25,,,,,,8.727,,
2013-08-26,,,,,,6.304,,
2013-08-27,,,,,,4.125,,
2013-08-28,,,,,,6.5,,
2013-08-29,,,,,,16.917,,
2013-08-30,,,,,,8.583,,
2013-08-31,,,,,,11.5,,
2013-09-01,,,,,,5.5,,
2013-09-02,,,,,,3.5,,
2013-09-03,,,,,,3.208,,
2013-09-04,,,,,,2.375,,
2013-09-05,,,,,,3.958,,
2013-09-06,,,,,,5.292,,
2013-09-07,,,,,,4.583,,
2013-09-08,,,,,,4.042,,
2013-09-09,,,,,,4.958,,
2013-09-10,,,,,,5.167,,
2013-09-11,,,,,,11.75,,
2013-09-12,,,,,,14.375,,
2013-09-13,,,,,,21.917,,
2013-09-14,,,,,,31.833,,
2013-09-15,,,,,,17.458,,
2013-09-16,,,,,,4.292,,
2013-09-17,,,,,,3.0,,
2013-09-18,,,,,,7.125,,
2013-09-19,,,,,,10.417,,
2013-09-20,,,,,,17.667,,
2013-09-21,,,,,,16.708,,
2013-09-22,,,,,,12.375,,
2013-09-23,,,,,,9.25,,
2013-09-24,,,,,,19.087,,
2013-09-25,,,,,,12.833,,
2013-09-26,,,,,,3.708,,
2013-09-27,,,,,,4.5,,
2013-09-28,,,,,,8.667,,
2013-09-29,,,,,,12.542,,
2013-09-30,,,,,,12.208,,
2013-10-01,,,,,,9.417,,
2013-10-02,,,,,,8.333,,
2013-10-03,,,,,,6.167,,
2013-10-04,,,,,,6.083,,
2013-10-05,,,,,,8.875,,
2013-10-06,,,,,,7.542,,
2013-10-07,,,,,,10.5,,
2013-10-08,,,,,,10.13,,
2013-10-09,,,,,,5.458,,
2013-10-10,,,,,,6.583,,
2013-10-11,,,,,,11.333,,
2013-10-12,,,,,,12.5,,
2013-10-13,,,,,,5.208,,
2013-10-14,,,,,,4.833,,
2013-10-15,,,,,,14.875,,
2013-10-16,,,,,,5.583,,
2013-10-17,,,,,,3.792,,
2013-10-18,,,,,,6.667,,
2013-10-19,,,,,,8.333,,
2013-10-20,,,,,,5.208,,
2013-10-21,,,,,,3.875,,
2013-10-22,,,,,,4.478,,
2013-10-23,,,,,,6.917,,
2013-10-24,,,,,,6.75,,
2013-10-25,,,,,,4.333,,
2013-10-26,,,,,,9.667,,
2013-10-27,,,,,,11.708,,
2013-10-28,,,,,,6.0,,
2013-10-29,,,,,,13.042,,
2013-10-30,,,,,,17.0,,
2013-10-31,,,,,,22.875,,
2013-11-01,,,,,,8.083,,
2013-11-02,,,,,,10.75,,
2013-11-03,,,,,,20.417,,
2013-11-04,,,,,,23.375,,
2013-11-05,,,,,,17.208,,
2013-11-06,,,,,,15.375,,
2013-11-07,,,,,,13.625,,
2013-11-08,,,,,,7.292,,
2013-11-09,,,,,,4.792,,
2013-11-10,,,,,,9.583,,
2013-11-11,,,,,,4.125,,
2013-11-12,,,,,,2.0,,
2013-11-13,,,,,,3.917,,
2013-11-14,,,,,,3.75,,
2013-11-15,,,,,,4.625,,
2013-11-16,,,,,,20.458,,
2013-11-17,,,,,,18.625,,
2013-11-18,,,,,,5.875,,
2013-11-19,,,,,,2.917,,
2013-11-20,,,,,,2.333,,
2013-11-21,,,,,,2.375,,
2013-11-22,,,,,,3.0,,
2013-11-23,,,,,,5.833,,
2013-11-24,,,,,,8.958,,
2013-11-25,,,,,,10.292,,
2013-11-26,,,,,,5.391,,
2013-11-27,,,,,,7.792,,
2013-11-28,,,,,,3.5,,
2013-11-29,,,,,,3.125,,
2013-11-30,,,,,,5.042,,
2013-12-01,,,,,,10.833,,
2013-12-02,,,,,,9.667,,
2013-12-03,,,,,,7.5,,
2013-12-04,,,,,,5.792,,
2013-12-05,,,,,,11.667,,
2013-12-06,,,,,,8.167,,
2013-12-07,,,,,,3.667,,
2013-12-08,,,,,,3.25,,
2013-12-09,,,,,,6.708,,
2013-12-10,,,,,,6.5,,
2013-12-11,,,,,,5.208,,
2013-12-12,,,,,,1.958,,
2013-12-13,,,,,,5.5,,
2013-12-14,,,,,,2.583,,
2013-12-15,,,,,,4.625,,
2013-12-16,,,,,,5.875,,
2013-12-17,,,,,,3.5,,
2013-12-18,,,,,,1.0,,
2013-12-19,,,,,,2.833,,
2013-12-20,,,,,,3.833,,
2013-12-21,,,,,,3.333,,
2013-12-22,,,,,,3.458,,
2013-12-23,,,,,,2.917,,
2013-12-24,,,,,,8.25,,
2013-12-25,,,,,,6.783,,
2013-12-26,,,,,,6.542,,
2013-12-27,,,,,,15.708,,
2013-12-28,,,,,,4.292,,
2013-12-29,,,,,,2.125,,
2013-12-30,,,,,,7.458,,
2013-12-31,,,,,,11.333,,
2014-01-01,,,,,,7.667,,
2014-01-02,,,,,,3.208,,
2014-01-03,,,,,,5.042,,
2014-01-04,,,,,,9.625,,
2014-01-05,,,,,,32.458,,
2014-01-06,,,,,,13.333,,
2014-01-07,,,,,,8.708,,
2014-01-08,,,,,,11.583,,
2014-01-09,,,,,,7.333,,
2014-01-10,,,,,,6.417,,
2014-01-11,,,,,,5.542,,
2014-01-12,,,,,,6.0,,
2014-01-13,,,,,,5.792,,
2014-01-14,,,,,,4.417,,
2014-01-15,,,,,,8.625,,
2014-01-16,,,,,,7.455,,
2014-01-17,,,,,,9.0,,
2014-01-18,,,,,,4.875,,
2014-01-19,,,,,,14.455,,
2014-01-20,,,,,,16.333,,
2014-01-21,,,,,,7.917,,
2014-01-22,,,,,,11.125,,
2014-01-23,,,,,,7.083,,
2014-01-24,,,,,,8.0,,
2014-01-25,,,,,,13.375,,
2014-01-26,,,,,,14.125,,
2014-01-27,,,,,,12.375,,
2014-01-28,,,,,,5.625,,
2014-01-29,,,,,,5.542,,
2014-01-30,,,,,,4.125,,
2014-01-31,,,,,,6.333,,
2014-02-01,,,,,,8.458,,
2014-02-02,,,,,,7.417,,
2014-02-03,,,,,,6.542,,
2014-02-04,,,,,,6.708,,
2014-02-05,,,,,,3.042,,
2014-02-06,,,,,,3.417,,
2014-02-07,,,,,,10.208,,
2014-02-08,,,,,,10.042,,
2014-02-09,,,,,,5.708,,
2014-02-10,,,,,,6.5,,
2014-02-11,,,,,,19.167,,
2014-02-12,,,,,,14.458,,
2014-02-13,,,,,,9.75,,
2014-02-14,,,,,,7.542,,
2014-02-15,,,,,,13.167,,
2014-02-16,,,,,,5.083,,
2014-02-17,,,,,,5.833,,
2014-02-18,,,,,,4.542,,
2014-02-19,,,,,,2.958,,
2014-02-20,,,,,,3.208,,
2014-02-21,,,,,,2.917,,
2014-02-22,,,,,,3.333,,
2014-02-23,,,,,,26.125,,
2014-02-24,,,,,,26.522,,
2014-02-25,,,,,,15.833,,
2014-02-26,,,,,,12.667,,
2014-02-27,,,,,,15.375,,
2014-02-28,,,,,,8.958,,
2014-03-01,,,,,,3.833,,
2014-03-02,,,,,,14.958,,
2014-03-03,,,,,,11.333,,
2014-03-04,,,,,,9.667,,
2014-03-05,,,,,,8.542,,
2014-03-06,,,,,,7.167,,
2014-03-07,,,,,,6.5,,
2014-03-08,,,,,,7.542,,
2014-03-09,,,,,,8.208,,
2014-03-10,,,,,,8.208,,
2014-03-11,,,,,,8.125,,
2014-03-12,,,,,,9.958,,
2014-03-13,,,,,,12.667,,
2014-03-14,,,,,,10.458,,
2014-03-15,,,,,,11.75,,
2014-03-16,,,,,,15.25,,
2014-03-17,,,,,,18.833,,
2014-03-18,,,,,,23.458,,
2014-03-19,,,,,,13.75,,
2014-03-20,,,,,,14.542,,
2014-03-21,,,,,,11.167,,
2014-03-22,,,,,,20.083,,
2014-03-23,,,,,,8.292,,
2014-03-24,,,,,,8.208,,
2014-03-25,,,,,,6.304,,
2014-03-26,,,,,,9.167,,
2014-03-27,,,,,,14.375,,
2014-03-28,,,,,,14.042,,
2014-03-29,,,,,,15.042,,
2014-03-30,,,,,,31.542,,
2014-03-31,,,,,,31.833,,
2014-04-01,,,,,,9.227,,
2014-04-02,,,,,,11.958,,
2014-04-03,,,,,,9.667,,
2014-04-04,,,,,,4.708,,
2014-04-05,,,,,,8.208,,
2014-04-06,,,,,,7.083,,
2014-04-07,,,,,,12.583,,
2014-04-08,,,,,,20.208,,
2014-04-09,,,,,,17.75,,
2014-04-10,,,,,,25.208,,
2014-04-11,,,,,,15.667,,
2014-04-12,,,,,,13.208,,
2014-04-13,,,,,,13.083,,
2014-04-14,,,,,,19.913,,
2014-04-15,,,,,,17.708,,
2014-04-16,,,,,,20.042,,
2014-04-17,,,,,,43.208,,
2014-04-18,,,,,,17.208,,
2014-04-19,,,,,,9.5,,
2014-04-20,,,,,,7.292,,
2014-04-21,,,,,,5.708,,
2014-04-22,,,,,,9.208,,
2014-04-23,,,,,,14.458,,
2014-04-24,,,,,,13.667,,
2014-04-25,,,,,,14.667,,
2014-04-26,,,,,,14.042,,
2014-04-27,,,,,,15.333,,
2014-04-28,,,,,,14.545,,
2014-04-29,,,,,,15.708,,
2014-04-30,,,,,,5.5,,
2014-05-01,,,,,,4.792,,
2014-05-02,,,,,,15.5,,
2014-05-03,,,,,,21.292,,
2014-05-04,,,,,,16.375,,
2014-05-05,,,,,,12.917,,
2014-05-06,,,,,,12.458,,
2014-05-07,,,,,,16.25,,
2014-05-08,,,,,,14.833,,
2014-05-09,,,,,,10.042,,
2014-05-10,,,,,,14.625,,
2014-05-11,,,,,,10.833,,
2014-05-12,,,,,,8.875,,
2014-05-13,,,,,,16.917,,
2014-05-14,,,,,,18.5,,
2014-05-15,,,,,,18.375,,
2014-05-16,,,,,,11.542,,
2014-05-17,,,,,,2.25,,
2014-05-18,,,,,,2.917,,
2014-05-19,,,,,,3.083,,
2014-05-20,,,,,,12.25,,
2014-05-21,,,,,,10.208,,
2014-05-22,,,,,,7.875,,
2014-05-23,,,,,,5.375,,
2014-05-24,,,,,,7.375,,
2014-05-25,,,,,,25.417,,
2014-05-26,,,,,,14.458,,
2014-05-27,,,,,,16.292,,
2014-05-28,,,,,,24.0,,
2014-05-29,,,,,,35.625,,
2014-05-30,,,,,,37.833,,
2014-05-31,,,,,,44.5,,
2014-06-01,,,,,,34.042,,
2014-06-02,,,,,,23.273,,
2014-06-03,,,,,,30.125,,
2014-06-04,,,,,,31.625,,
2014-06-05,,,,,,22.542,,
2014-06-06,,,,,,10.667,,
2014-06-07,,,,,,8.542,,
2014-06-08,,,,,,9.375,,
2014-06-09,,,,,,11.5,,
2014-06-10,,,,,,10.417,,
2014-06-11,,,,,,11.333,,
2014-06-12,,,,,,4.958,,
2014-06-13,,,,,,3.625,,
2014-06-14,,,,,,11.087,,
2014-06-15,,,,,,32.417,,
2014-06-16,,,,,,24.5,,
2014-06-17,,,,,,26.583,,
2014-06-18,,,,,,18.542,,
2014-06-19,,,,,,10.542,,
2014-06-20,,,,,,15.708,,
2014-06-21,,,,,,23.75,,
2014-06-22,,,,,,9.875,,
2014-06-23,,,,,,6.417,,
2014-06-24,,,,,,5.833,,
2014-06-25,,,,,,8.042,,
2014-06-26,,,,,,12.381,,
2014-06-27,,,,,,15.667,,
2014-06-28,,,,,,9.143,,
2014-06-29,,,,,,8.167,,
2014-06-30,,,,,,7.625,,
2014-07-01,,,,,,9.25,,
2014-07-02,,,,,,13.875,,
2014-07-03,,,,,,13.208,,
2014-07-04,,,,,,7.375,,
2014-07-05,,,,,,4.333,,
2014-07-06,,,,,,7.0,,
2014-07-07,,,,,,4.542,,
2014-07-08,,,,,,8.957,,
2014-07-09,,,,,,11.25,,
2014-07-10,,,,,,5.875,,
2014-07-11,,,,,,6.75,,
2014-07-12,,,,,,29.696,,
2014-07-13,,,,,,20.667,,
2014-07-14,,,,,,13.792,,
2014-07-15,,,,,,23.875,,
2014-07-16,,,,,,13.292,,
2014-07-17,,,,,,9.708,,
2014-07-18,,,,,,10.458,,
2014-07-19,,,,,,7.826,,
2014-07-20,,,,,,9.435,,
2014-07-21,,,,,,9.583,,
2014-07-22,,,,,,23.708,,
2014-07-23,,,,,,20.0,,
2014-07-24,,,,,,12.917,,
2014-07-25,,,,,,14.75,,
2014-07-26,,,,,,18.167,,
2014-07-27,,,,,,9.083,,
2014-07-28,,,,,,15.5,,
2014-07-29,,,,,,24.048,,
2014-07-30,,,,,,22.375,,
2014-07-31,,,,,,14.167,,
2014-08-01,,,,,,14.708,,
2014-08-02,,,,,,15.458,,
2014-08-03,,,,,,8.208,,
2014-08-04,,,,,,6.917,,
2014-08-05,,,,,,7.125,,
2014-08-06,,,,,,10.958,,
2014-08-07,,,,,,13.5,,
2014-08-08,,,,,,3.25,,
2014-08-09,,,,,,4.042,,
2014-08-10,,,,,,3.708,,
2014-08-11,,,,,,4.917,,
2014-08-12,,,,,,6.375,,
2014-08-13,,,,,,8.955,,
2014-08-14,,,,,,12.542,,
2014-08-15,,,,,,9.958,,
2014-08-16,,,,,,4.375,,
2014-08-17,,,,,,3.708,,
2014-08-18,,,,,,9.708,,
2014-08-19,,,,,,12.167,,
2014-08-20,,,,,,10.083,,
2014-08-21,,,,,,9.833,,
2014-08-22,,,,,,9.75,,
2014-08-23,,,,,,9.583,,
2014-08-24,,,,,,13.125,,
2014-08-25,,,,,,15.542,,
2014-08-26,,,,,,8.708,,
2014-08-27,,,,,,9.292,,
2014-08-28,,,,,,8.042,,
2014-08-29,,,,,,7.125,,
2014-08-30,,,,,,8.125,,
2014-08-31,,,,,,8.542,,
2014-09-01,,,,,,9.083,,
2014-09-02,,,,,,9.292,,
2014-09-03,,,,,,10.958,,
2014-09-04,,,,,,8.0,,
2014-09-05,,,,,,7.583,,
2014-09-06,,,,,,12.375,,
2014-09-07,,,,,,13.208,,
2014-09-08,,,,,,12.792,,
2014-09-09,,,,,,14.583,,
2014-09-10,,,,,,11.375,,
2014-09-11,,,,,,5.458,,
2014-09-12,,,,,,4.042,,
2014-09-13,,,,,,3.0,,
2014-09-14,,,,,,5.458,,
2014-09-15,,,,,,6.0,,
2014-09-16,,,,,,5.783,,
2014-09-17,,,,,,6.909,,
2014-09-18,,,,,,6.917,,
2014-09-19,,,,,,5.083,,
2014-09-20,,,,,,7.667,,
2014-09-21,,,,,,8.375,,
2014-09-22,,,,,,6.417,,
2014-09-23,,,,,,9.542,,
2014-09-24,,,,,,12.583,,
2014-09-25,,,,,,4.583,,
2014-09-26,,,,,,6.708,,
2014-09-27,,,,,,9.875,,
2014-09-28,,,,,,8.875,,
2014-09-29,,,,,,15.417,,
2014-09-30,,,,,,12.955,,
2014-10-01,,,,,,6.875,,
2014-10-02,,,,,,9.792,,
2014-10-03,,,,,,9.125,,
2014-10-04,,,,,,9.083,,
2014-10-05,,,,,,8.667,,
2014-10-06,,,,,,5.125,,
2014-10-07,,,,,,8.167,,
2014-10-08,,,,,,9.542,,
2014-10-09,,,,,,10.462,,
2014-10-10,,,,,,12.286,,
2014-10-11,,,,,,12.25,,
2014-10-12,,,,,,13.208,,
2014-10-13,,,,,,8.292,,
2014-10-14,,,,,,5.208,,
2014-10-15,,,,,,5.292,,
2014-10-16,,,,,,7.636,,
2014-10-17,,,,,,10.208,,
2014-10-18,,,,,,10.583,,
2014-10-19,,,,,,9.958,,
2014-10-20,,,,,,11.7,,
2014-10-21,,,,,,7.0,,
2014-10-22,,,,,,10.25,,
2014-10-23,,,,,,9.167,,
2014-10-24,,,,,,8.75,,
2014-10-25,,,,,,10.292,,
2014-10-26,,,,,,10.875,,
2014-10-27,,,,,,12.083,,
2014-10-28,,,,,,10.625,,
2014-10-29,,,,,,8.708,,
2014-10-30,,,,,,10.417,,
2014-10-31,,,,,,11.75,,
2014-11-01,,,,,,6.792,,
2014-11-02,,,,,,7.25,,
2014-11-03,,,,,,6.625,,
2014-11-04,,,,,,4.792,,
2014-11-05,,,,,,5.458,,
2014-11-06,,,,,,7.375,,
2014-11-07,,,,,,12.792,,
2014-11-08,,,,,,4.875,,
2014-11-09,,,,,,8.792,,
2014-11-10,,,,,,9.625,,
2014-11-11,,,,,,12.042,,
2014-11-12,,,,,,9.739,,
2014-11-13,,,,,,1.375,,
2014-11-14,,,,,,1.792,,
2014-11-15,,,,,,4.0,,
2014-11-16,,,,,,2.792,,
2014-11-17,,,,,,1.958,,
2014-11-18,,,,,,5.417,,
2014-11-19,,,,,,4.217,,
2014-11-20,,,,,,7.913,,
2014-11-21,,,,,,7.875,,
2014-11-22,,,,,,10.833,,
2014-11-23,,,,,,13.667,,
2014-11-24,,,,,,11.125,,
2014-11-25,,,,,,8.875,,
2014-11-26,,,,,,6.458,,
2014-11-27,,,,,,7.208,,
2014-11-28,,,,,,8.25,,
2014-11-29,,,,,,9.292,,
2014-11-30,,,,,,8.0,,
2014-12-01,,,,,,4.583,,
2014-12-02,,,,,,1.958,,
2014-12-03,,,,,,3.917,,
2014-12-04,,,,,,2.667,,
2014-12-05,,,,,,1.708,,
2014-12-06,,,,,,2.583,,
2014-12-07,,,,,,3.458,,
2014-12-08,,,,,,3.458,,
2014-12-09,,,,,,8.042,,
2014-12-10,,,,,,7.458,,
2014-12-11,,,,,,10.208,,
2014-12-12,,,,,,9.458,,
2014-12-13,,,,,,-0.292,,
2014-12-14,,,,,,4.167,,
2014-12-15,,,,,,4.583,,
2014-12-16,,,,,,2.458,,
2014-12-17,,,,,,3.5,,
2014-12-18,,,,,,2.792,,
2014-12-19,,,,,,5.478,,
2014-12-20,,,,,,7.792,,
2014-12-21,,,,,,7.458,,
2014-12-22,,,,,,3.292,,
2014-12-23,,,,,,6.708,,
2014-12-24,,,,,,6.875,,
2014-12-25,,,,,,7.917,,
2014-12-26,,,,,,6.083,,
2014-12-27,,,,,,5.792,,
2014-12-28,,,,,,6.083,,
2014-12-29,,,,,,16.25,,
2014-12-30,,,,,,14.958,,
2014-12-31,,,,,,7.917,,
2015-01-01,,,,,,3.667,,
2015-01-02,,,,,,10.542,,
2015-01-03,,,,,,14.167,,
2015-01-04,,,,,,17.625,,
2015-01-05,,,,,,6.625,,
2015-01-06,,,,,,2.667,,
2015-01-07,,,,,,4.0,,
2015-01-08,,,,,,1.458,,
2015-01-09,,,,,,1.792,,
2015-01-10,,,,,,3.542,,
2015-01-11,,,,,,4.0,,
2015-01-12,,,,,,2.667,,
2015-01-13,,,,,,1.458,,
2015-01-14,,,,,,4.125,,
2015-01-15,,,,,,2.292,,
2015-01-16,,,,,,4.542,,
2015-01-17,,,,,,6.292,,
2015-01-18,,,,,,2.875,,
2015-01-19,,,,,,2.125,,
2015-01-20,,,,,,2.261,,
2015-01-21,,,,,,3.792,,
2015-01-22,,,,,,3.833,,
2015-01-23,,,,,,2.542,,
2015-01-24,,,,,,1.792,,
2015-01-25,,,,,,4.958,,
2015-01-26,,,,,,4.458,,
2015-01-27,,,,,,10.792,,
2015-01-28,,,,,,12.375,,
2015-01-29,,,,,,2.25,,
2015-01-30,,,,,,5.875,,
2015-01-31,,,,,,6.208,,
2015-02-01,,,,,,4.667,,
2015-02-02,,,,,,4.625,,
2015-02-03,,,,,,3.833,,
2015-02-04,,,,,,5.208,,
2015-02-05,,,,,,9.75,,
2015-02-06,,,,,,3.667,,
2015-02-07,,,,,,4.458,,
2015-02-08,,,,,,3.458,,
2015-02-09,,,,,,10.458,,
2015-02-10,,,,,,9.542,,
2015-02-11,,,,,,6.458,,
2015-02-12,,,,,,6.042,,
2015-02-13,,,,,,2.833,,
2015-02-14,,,,,,3.125,,
2015-02-15,,,,,,4.542,,
2015-02-16,,,,,,2.0,,
2015-02-17,,,,,,5.458,,
2015-02-18,,,,,,5.5,,
2015-02-19,,,,,,10.458,,
2015-02-20,,,,,,10.75,,
2015-02-21,,,,,,5.625,,
2015-02-22,,,,,,5.5,,
2015-02-23,,,,,,9.0,,
2015-02-24,,,,,,4.125,,
2015-02-25,,,,,,2.125,,
2015-02-26,,,,,,6.0,,
2015-02-27,,,,,,14.0,,
2015-02-28,,,,,,6.417,,
2015-03-01,,,,,,4.958,,
2015-03-02,,,,,,8.5,,
2015-03-03,,,,,,25.125,,
2015-03-04,,,,,,21.042,,
2015-03-05,,,,,,20.25,,
2015-03-06,,,,,,14.042,,
2015-03-07,,,,,,7.208,,
2015-03-08,,,,,,13.958,,
2015-03-09,,,,,,6.5,,
2015-03-10,,,,,,8.25,,
2015-03-11,,,,,,5.0,,
2015-03-12,,,,,,5.208,,
2015-03-13,,,,,,4.542,,
2015-03-14,,,,,,8.208,,
2015-03-15,,,,,,8.792,,
2015-03-16,,,,,,5.167,,
2015-03-17,,,,,,8.708,,
2015-03-18,,,,,,8.583,,
2015-03-19,,,,,,9.625,,
2015-03-20,,,,,,10.208,,
2015-03-21,,,,,,2.375,,
2015-03-22,,,,,,7.417,,
2015-03-23,,,,,,4.75,,
2015-03-24,,,,,,4.786,,
2015-03-25,,,,,,0.6,,
2015-03-26,,,,,,2.625,,
2015-03-27,,,,,,2.5,,
2015-03-28,,,,,,4.833,,
2015-03-29,,,,,,12.75,,
2015-03-30,,,,,,23.5,,
2015-03-31,,,,,,15.333,,
2015-04-01,,,,,,21.417,,
2015-04-02,,,,,,9.417,,
2015-04-03,,,,,,8.167,,
2015-04-04,,,,,,5.833,,
2015-04-05,,,,,,4.167,,
2015-04-06,,,,,,8.625,,
2015-04-07,,,,,,12.917,,
2015-04-08,,,,,,7.208,,
2015-04-09,,,,,,8.042,,
2015-04-10,,,,,,12.375,,
2015-04-11,,,,,,11.208,,
2015-04-12,,,,,,11.875,,
2015-04-13,,,,,,10.75,,
2015-04-14,,,,,,3.208,,
2015-04-15,,,,,,7.875,,
2015-04-16,,,,,,24.917,,
2015-04-17,,,,,,16.917,,
2015-04-18,,,,,,13.792,,
2015-04-19,,,,,,12.917,,
2015-04-20,,,,,,10.083,,
2015-04-21,,,,,,5.417,,
2015-04-22,,,,,,8.208,,
2015-04-23,,,,,,14.542,,
2015-04-24,,,,,,22.333,,
2015-04-25,,,,,,19.583,,
2015-04-26,,,,,,15.708,,
2015-04-27,,,,,,23.125,,
2015-04-28,,,,,,28.25,,
2015-04-29,,,,,,23.5,,
2015-04-30,,,,,,18.478,,
2015-05-01,,,,,,19.0,,
2015-05-02,,,,,,23.208,,
2015-05-03,,,,,,15.792,,
2015-05-04,,,,,,9.208,,
2015-05-05,,,,,,7.417,,
2015-05-06,,,,,,12.0,,
2015-05-07,,,,,,13.375,,
2015-05-08,,,,,,15.417,,
2015-05-09,,,,,,17.5,,
2015-05-10,,,,,,10.208,,
2015-05-11,,,,,,6.167,,
2015-05-12,,,,,,7.292,,
2015-05-13,,,,,,15.25,,
2015-05-14,,,,,,13.792,,
2015-05-15,,,,,,20.667,,
2015-05-16,,,,,,15.0,,
2015-05-17,,,,,,15.125,,
2015-05-18,,,,,,15.417,,
2015-05-19,,,,,,7.583,,
2015-05-20,,,,,,11.958,,
2015-05-21,,,,,,7.375,,
2015-05-22,,,,,,10.708,,
2015-05-23,,,,,,17.417,,
2015-05-24,,,,,,17.708,,
2015-05-25,,,,,,22.458,,
2015-05-26,,,,,,25.917,,
2015-05-27,,,,,,23.542,,
2015-05-28,,,,,,26.625,,
2015-05-29,,,,,,24.913,,
2015-05-30,,,,,,26.833,,
2015-05-31,,,,,,12.875,,
2015-06-01,,,,,,9.583,,
2015-06-02,,,,,,20.783,,
2015-06-03,,,,,,18.167,,
2015-06-04,,,,,,4.292,,
2015-06-05,,,,,,4.75,,
2015-06-06,,,,,,6.167,,
2015-06-07,,,,,,7.917,,
2015-06-08,,,,,,8.833,,
2015-06-09,,,,,,7.083,,
2015-06-10,,,,,,8.5,,
2015-06-11,,,,,,11.458,,
2015-06-12,,,,,,21.083,,
2015-06-13,,,,,,34.125,,
2015-06-14,,,,,,37.417,,
2015-06-15,,,,,,30.333,,
2015-06-16,,,,,,20.667,,
2015-06-17,,,,,,18.917,,
2015-06-18,,,,,,15.5,,
2015-06-19,,,,,,14.458,,
2015-06-20,,,,,,15.25,,
2015-06-21,,,,,,9.0,,
2015-06-22,,,,,,11.25,,
2015-06-23,,,,,,13.208,,
2015-06-24,,,,,,11.875,,
2015-06-25,,,,,,12.708,,
2015-06-26,,,,,,15.375,,
2015-06-27,,,,,,4.0,,
2015-06-28,,,,,,2.833,,
2015-06-29,,,,,,3.583,,
2015-06-30,,,,,,9.75,,
2015-07-01,,,,,,7.208,,
2015-07-02,,,,,,14.125,,
2015-07-03,,,,,,17.25,,
2015-07-04,,,,,,18.75,,
2015-07-05,,,,,,13.917,,
2015-07-06,,,,,,11.042,,
2015-07-07,,,,,,10.609,,
2015-07-08,,,,,,5.167,,
2015-07-09,,,,,,5.833,,
2015-07-10,,,,,,8.125,,
2015-07-11,,,,,,10.333,,
2015-07-12,,,,,,15.833,,
2015-07-13,,,,,,11.917,,
2015-07-14,,,,,,15.375,,
2015-07-15,,,,,,30.458,,
2015-07-16,,,,,,18.042,,
2015-07-17,,,,,,9.167,,
2015-07-18,,,,,,4.875,,
2015-07-19,,,,,,8.292,,
2015-07-20,,,,,,7.5,,
2015-07-21,,,,,,10.0,,
2015-07-22,,,,,,6.167,,
2015-07-23,,,,,,3.417,,
2015-07-24,,,,,,10.375,,
2015-07-25,,,,,,12.375,,
2015-07-26,,,,,,9.833,,
2015-07-27,,,,,,9.833,,
2015-07-28,,,,,,15.083,,
2015-07-29,,,,,,21.708,,
2015-07-30,,,,,,23.125,,
2015-07-31,,,,,,26.958,,
2015-08-01,,,,,,36.458,,
2015-08-02,,,,,,27.25,,
2015-08-03,,,,,,21.917,,
2015-08-04,,,,,,24.625,,
2015-08-05,,,,,,30.167,,
2015-08-06,,,,,,23.333,,
2015-08-07,,,,,,16.5,,
2015-08-08,,,,,,12.375,,
2015-08-09,,,,,,14.833,,
2015-08-10,,,,,,14.917,,
2015-08-11,,,,,,11.13,,
2015-08-12,,,,,,10.125,,
2015-08-13,,,,,,8.667,,
2015-08-14,,,,,,7.5,,
2015-08-15,,,,,,8.875,,
2015-08-16,,,,,,8.875,,
2015-08-17,,,,,,7.625,,
2015-08-18,,,,,,5.917,,
2015-08-19,,,,,,9.458,,
2015-08-20,,,,,,9.333,,
2015-08-21,,,,,,6.5,,
2015-08-22,,,,,,6.458,,
2015-08-23,,,,,,4.0,,
2015-08-24,,,,,,3.875,,
2015-08-25,,,,,,5.75,,
2015-08-26,,,,,,5.5,,
2015-08-27,,,,,,6.083,,
2015-08-28,,,,,,5.167,,
2015-08-29,,,,,,6.375,,
2015-08-30,,,,,,4.5,,
2015-08-31,,,,,,3.667,,
2015-09-01,,,,,,1.958,,
2015-09-02,,,,,,6.5,,
2015-09-03,,,,,,8.542,,
2015-09-04,,,,,,12.125,,
2015-09-05,,,,,,8.0,,
2015-09-06,,,,,,6.917,,
2015-09-07,,,,,,7.5,,
2015-09-08,,,,,,3.042,,
2015-09-09,,,,,,2.5,,
2015-09-10,,,,,,3.125,,
2015-09-11,,,,,,4.208,,
2015-09-12,,,,,,9.667,,
2015-09-13,,,,,,5.667,,
2015-09-14,,,,,,4.708,,
2015-09-15,,,,,,3.583,,
2015-09-16,,,,,,5.667,,
2015-09-17,,,,,,9.227,,
2015-09-18,,,,,,3.292,,
2015-09-19,,,,,,4.5,,
2015-09-20,,,,,,5.625,,
2015-09-21,,,,,,4.25,,
2015-09-22,,,,,,8.333,,
2015-09-23,,,,,,13.875,,
2015-09-24,,,,,,11.958,,
2015-09-25,,,,,,8.083,,
2015-09-26,,,,,,6.625,,
2015-09-27,,,,,,9.708,,
2015-09-28,,,,,,9.583,,
2015-09-29,,,,,,3.375,,
2015-09-30,,,,,,3.909,,
2015-10-01,,,,,,2.0,,
2015-10-02,,,,,,7.708,,
2015-10-03,,,,,,10.083,,
2015-10-04,,,,,,5.958,,
2015-10-05,,,,,,4.75,,
2015-10-06,,,,,,4.333,,
2015-10-07,,,,,,5.5,,
2015-10-08,,,,,,9.292,,
2015-10-09,,,,,,21.0,,
2015-10-10,,,,,,13.25,,
2015-10-11,,,,,,13.792,,
2015-10-12,,,,,,6.0,,
2015-10-13,,,,,,5.042,,
2015-10-14,,,,,,5.292,,
2015-10-15,,,,,,5.583,,
2015-10-16,,,,,,6.227,,
2015-10-17,,,,,,9.458,,
2015-10-18,,,,,,14.375,,
2015-10-19,,,,,,14.667,,
2015-10-20,,,,,,16.25,,
2015-10-21,,,,,,7.7,,
2015-10-22,,,,,,10.458,,
2015-10-23,,,,,,6.333,,
2015-10-24,,,,,,19.708,,
2015-10-25,,,,,,7.625,,
2015-10-26,,,,,,7.875,,
2015-10-27,,,,,,9.042,,
2015-10-28,,,,,,9.417,,
2015-10-29,,,,,,6.375,,
2015-10-30,,,,,,6.792,,
2015-10-31,,,,,,3.875,,
2015-11-01,,,,,,9.0,,
2015-11-02,,,,,,7.625,,
2015-11-03,,,,,,2.792,,
2015-11-04,,,,,,6.25,,
2015-11-05,,,,,,7.625,,
2015-11-06,,,,,,13.667,,
2015-11-07,,,,,,21.083,,
2015-11-08,,,,,,8.958,,
2015-11-09,,,,,,2.333,,
2015-11-10,,,,,,1.833,,
2015-11-11,,,,,,2.917,,
2015-11-12,,,,,,2.708,,
2015-11-13,,,,,,4.583,,
2015-11-14,,,,,,4.917,,
2015-11-15,,,,,,1.542,,
2015-11-16,,,,,,1.083,,
2015-11-17,,,,,,5.792,,
2015-11-18,,,,,,6.292,,
2015-11-19,,,,,,3.708,,
2015-11-20,,,,,,3.87,,
2015-11-21,,,,,,8.417,,
2015-11-22,,,,,,7.958,,
2015-11-23,,,,,,9.25,,
2015-11-24,,,,,,5.083,,
2015-11-25,,,,,,2.083,,
2015-11-26,,,,,,3.25,,
2015-11-27,,,,,,5.542,,
2015-11-28,,,,,,5.958,,
2015-11-29,,,,,,4.833,,
2015-11-30,,,,,,10.5,,
2015-12-01,,,,,,6.75,,
2015-12-02,,,,,,5.625,,
2015-12-03,,,,,,6.333,,
2015-12-04,,,,,,5.958,,
2015-12-05,,,,,,6.682,,
2015-12-06,,,,,,4.75,,
2015-12-07,,,,,,3.542,,
2015-12-08,,,,,,2.625,,
2015-12-09,,,,,,3.727,,
2015-12-10,,,,,,5.75,,
2015-12-11,,,,,,5.458,,
2015-12-12,,,,,,9.042,,
2015-12-13,,,,,,6.042,,
2015-12-14,,,,,,5.583,,
2015-12-15,,,,,,5.833,,
2015-12-16,,,,,,6.542,,
2015-12-17,,,,,,6.083,,
2015-12-18,,,,,,5.045,,
2015-12-19,,,,,,3.792,,
2015-12-20,,,,,,4.083,,
2015-12-21,,,,,,4.458,,
2015-12-22,,,,,,11.042,,
2015-12-23,,,,,,10.917,,
2015-12-24,,,,,,7.583,,
2015-12-25,,,,,,9.375,,
2015-12-26,,,,,,7.958,,
2015-12-27,,,,,,4.542,,
2015-12-28,,,,,,3.125,,
2015-12-29,,,,,,2.417,,
2015-12-30,,,,,,1.667,,
2015-12-31,,,,,,2.917,,
2016-01-01,,,,,,6.167,,
2016-01-02,,,,,,9.375,,
2016-01-03,,,,,,21.625,,
2016-01-04,,,,,,11.542,,
2016-01-05,,,,,,8.375,,
2016-01-06,,,,,,3.042,,
2016-01-07,,,,,,3.417,,
2016-01-08,,,,,,5.583,,
2016-01-09,,,,,,3.125,,
2016-01-10,,,,,,6.083,,
2016-01-11,,,,,,3.0,,
2016-01-12,,,,,,3.292,,
2016-01-13,,,,,,1.542,,
2016-01-14,,,,,,0.167,,
2016-01-15,,,,,,1.25,,
2016-01-16,,,,,,2.042,,
2016-01-17,,,,,,0.708,,
2016-01-18,,,,,,4.292,,
2016-01-19,,,,,,13.208,,
2016-01-20,,,,,,7.375,,
2016-01-21,,,,,,4.0,,
2016-01-22,,,,,,6.375,,
2016-01-23,,,,,,5.708,,
2016-01-24,,,,,,3.75,,
2016-01-25,,,,,,4.348,,
2016-01-26,,,,,,3.542,,
2016-01-27,,,,,,7.208,,
2016-01-28,,,,,,5.333,,
2016-01-29,,,,,,5.958,,
2016-01-30,,,,,,5.25,,
2016-01-31,,,,,,3.833,,
2016-02-01,,,,,,4.667,,
2016-02-02,,,,,,3.25,,
2016-02-03,,,,,,5.125,,
2016-02-04,,,,,,4.167,,
2016-02-05,,,,,,4.917,,
2016-02-06,,,,,,11.75,,
2016-02-07,,,,,,6.625,,
2016-02-08,,,,,,4.708,,
2016-02-09,,,,,,3.75,,
2016-02-10,,,,,,4.792,,
2016-02-11,,,,,,3.917,,
2016-02-12,,,,,,5.958,,
2016-02-13,,,,,,3.958,,
2016-02-14,,,,,,4.458,,
2016-02-15,,,,,,8.417,,
2016-02-16,,,,,,12.0,,
2016-02-17,,,,,,7.25,,
2016-02-18,,,,,,4.542,,
2016-02-19,,,,,,5.208,,
2016-02-20,,,,,,8.042,,
2016-02-21,,,,,,6.083,,
2016-02-22,,,,,,5.125,,
2016-02-23,,,,,,7.0,,
2016-02-24,,,,,,5.875,,
2016-02-25,,,,,,4.625,,
2016-02-26,,,,,,5.667,,
2016-02-27,,,,,,4.174,,
2016-02-28,,,,,,5.0,,
2016-03-01,,,,,,6.375,,
2016-03-02,,,,,,6.042,,
2016-03-03,,,,,,6.25,,
2016-03-04,,,,,,9.375,,
2016-03-05,,,,,,11.833,,
2016-03-06,,,,,,8.917,,
2016-03-07,,,,,,7.25,,
2016-03-08,,,,,,5.542,,
2016-03-09,,,,,,5.375,,
2016-03-10,,,,,,7.167,,
2016-03-11,,,,,,8.208,,
2016-03-12,,,,,,5.083,,
2016-03-13,,,,,,11.0,,
2016-03-14,,,,,,13.208,,
2016-03-15,,,,,,3.667,,
2016-03-16,,,,,,3.818,,
2016-03-17,,,,,,9.875,,
2016-03-18,,,,,,10.75,,
2016-03-19,,,,,,25.75,,
2016-03-20,,,,,,23.5,,
2016-03-21,,,,,,12.292,,
2016-03-22,,,,,,12.5,,
2016-03-23,,,,,,9.625,,
2016-03-24,,,,,,7.083,,
2016-03-25,,,,,,7.375,,
2016-03-26,,,,,,6.667,,
2016-03-27,,,,,,6.708,,
2016-03-28,,,,,,12.667,,
2016-03-29,,,,,,14.375,,
2016-03-30,,,,,,20.957,,
2016-03-31,,,,,,10.417,,
2016-04-01,,,,,,12.083,,
2016-04-02,,,,,,13.0,,
2016-04-03,,,,,,8.25,,
2016-04-04,,,,,,3.042,,
2016-04-05,,,,,,4.083,,
2016-04-06,,,,,,8.292,,
2016-04-07,,,,,,4.833,,
2016-04-08,,,,,,5.292,,
2016-04-09,,,,,,13.708,,
2016-04-10,,,,,,15.958,,
2016-04-11,,,,,,10.208,,
2016-04-12,,,,,,15.167,,
2016-04-13,,,,,,6.792,,
2016-04-14,,,,,,5.652,,
2016-04-15,,,,,,7.833,,
2016-04-16,,,,,,6.708,,
2016-04-17,,,,,,8.875,,
2016-04-18,,,,,,11.25,,
2016-04-19,,,,,,8.583,,
2016-04-20,,,,,,7.167,,
2016-04-21,,,,,,9.667,,
2016-04-22,,,,,,3.208,,
2016-04-23,,,,,,17.875,,
2016-04-24,,,,,,17.5,,
2016-04-25,,,,,,11.042,,
2016-04-26,,,,,,12.875,,
2016-04-27,,,,,,9.833,,
2016-04-28,,,,,,6.609,,
2016-04-29,,,,,,6.292,,
2016-04-30,,,,,,9.25,,
2016-05-01,,,,,,17.667,,
2016-05-02,,,,,,12.083,,
2016-05-03,,,,,,10.5,,
2016-05-04,,,,,,12.167,,
2016-05-05,,,,,,9.917,,
2016-05-06,,,,,,5.833,,
2016-05-07,,,,,,18.125,,
2016-05-08,,,,,,15.167,,
2016-05-09,,,,,,12.5,,
2016-05-10,,,,,,6.792,,
2016-05-11,,,,,,3.958,,
2016-05-12,,,,,,2.542,,
2016-05-13,,,,,,9.333,,
2016-05-14,,,,,,10.375,,
2016-05-15,,,,,,13.458,,
2016-05-16,,,,,,8.917,,
2016-05-17,,,,,,8.542,,
2016-05-18,,,,,,9.304,,
2016-05-19,,,,,,12.375,,
2016-05-20,,,,,,14.417,,
2016-05-21,,,,,,15.208,,
2016-05-22,,,,,,10.75,,
2016-05-23,,,,,,13.625,,
2016-05-24,,,,,,16.833,,
2016-05-25,,,,,,17.542,,
2016-05-26,,,,,,11.833,,
2016-05-27,,,,,,20.625,,
2016-05-28,,,,,,26.167,,
2016-05-29,,,,,,22.167,,
2016-05-30,,,,,,10.583,,
2016-05-31,,,,,,10.583,,
2016-06-01,,,,,,4.0,,
2016-06-02,,,,,,4.667,,
2016-06-03,,,,,,5.0,,
2016-06-04,,,,,,8.917,,
2016-06-05,,,,,,11.083,,
2016-06-06,,,,,,6.958,,
2016-06-07,,,,,,8.833,,
2016-06-08,,,,,,8.0,,
2016-06-09,,,,,,5.708,,
2016-06-10,,,,,,4.13,,
2016-06-11,,,,,,9.417,,
2016-06-12,,,,,,11.583,,
2016-06-13,,,,,,6.958,,
2016-06-14,,,,,,9.375,,
2016-06-15,,,,,,10.0,,
2016-06-16,,,,,,8.042,,
2016-06-17,,,,,,13.292,,
2016-06-18,,,,,,15.583,,
2016-06-19,,,,,,11.583,,
2016-06-20,,,,,,16.583,,
2016-06-21,,,,,,17.333,,
2016-06-22,,,,,,13.958,,
2016-06-23,,,,,,7.833,,
2016-06-24,,,,,,5.833,,
2016-06-25,,,,,,8.708,,
2016-06-26,,,,,,5.333,,
2016-06-27,,,,,,3.583,,
2016-06-28,,,,,,5.958,,
2016-06-29,,,,,,5.375,,
2016-06-30,,,,,,4.625,,
2016-07-01,,,,,,7.042,,
2016-07-02,,,,,,8.792,,
2016-07-03,,,,,,6.417,,
2016-07-04,,,,,,5.958,,
2016-07-05,,,,,,2.833,,
2016-07-06,,,,,,9.391,,
2016-07-07,,,,,,4.667,,
2016-07-08,,,,,,8.042,,
2016-07-09,,,,,,4.833,,
2016-07-10,,,,,,5.75,,
2016-07-11,,,,,,10.375,,
2016-07-12,,,,,,10.125,,
2016-07-13,,,,,,5.917,,
2016-07-14,,,,,,8.208,,
2016-07-15,,,,,,2.458,,
2016-07-16,,,,,,4.25,,
2016-07-17,,,,,,6.417,,
2016-07-18,,,,,,2.667,,
2016-07-19,,,,,,5.5,,
2016-07-20,,,,,,4.083,,
2016-07-21,,,,,,4.167,,
2016-07-22,,,,,,6.708,,
2016-07-23,,,,,,7.792,,
2016-07-24,,,,,,11.0,,
2016-07-25,,,,,,13.667,,
2016-07-26,,,,,,6.917,,
2016-07-27,,,,,,11.5,,
2016-07-28,,,,,,14.167,,
2016-07-29,,,,,,11.5,,
2016-07-30,,,,,,11.375,,
2016-07-31,,,,,,11.167,,
2016-08-01,,,,,,14.792,,
2016-08-02,,,,,,11.773,,
2016-08-03,,,,,,9.25,,
2016-08-04,,,,,,9.792,,
2016-08-05,,,,,,9.458,,
2016-08-06,,,,,,10.958,,
2016-08-07,,,,,,13.125,,
2016-08-08,,,,,,13.565,,
2016-08-09,,,,,,9.125,,
2016-08-10,,,,,,3.625,,
2016-08-11,,,,,,3.208,,
2016-08-12,,,,,,4.542,,
2016-08-13,,,,,,12.917,,
2016-08-14,,,,,,8.458,,
2016-08-15,,,,,,5.458,,
2016-08-16,,,,,,9.208,,
2016-08-17,,,,,,6.292,,
2016-08-18,,,,,,5.625,,
2016-08-19,,,,,,7.0,,
2016-08-20,,,,,,6.417,,
2016-08-21,,,,,,6.375,,
2016-08-22,,,,,,5.542,,
2016-08-23,,,,,,3.0,,
2016-08-24,,,,,,3.583,,
2016-08-25,,,,,,5.458,,
2016-08-26,,,,,,4.292,,
2016-08-27,,,,,,3.667,,
2016-08-28,,,,,,3.458,,
2016-08-29,,,,,,4.167,,
2016-08-30,,,,,,2.5,,
2016-08-31,,,,,,8.083,,
2016-09-01,,,,,,12.292,,
2016-09-02,,,,,,12.458,,
2016-09-03,,,,,,14.792,,
2016-09-04,,,,,,10.333,,
2016-09-05,,,,,,6.875,,
2016-09-06,,,,,,3.667,,
2016-09-07,,,,,,3.125,,
2016-09-08,,,,,,8.25,,
2016-09-09,,,,,,3.75,,
2016-09-10,,,,,,3.042,,
2016-09-11,,,,,,3.0,,
2016-09-12,,,,,,3.478,,
2016-09-13,,,,,,2.333,,
2016-09-14,,,,,,2.833,,
2016-09-15,,,,,,3.708,,
2016-09-16,,,,,,4.333,,
2016-09-17,,,,,,5.167,,
2016-09-18,,,,,,2.375,,
2016-09-19,,,,,,3.0,,
2016-09-20,,,,,,1.417,,
2016-09-21,,,,,,3.917,,
2016-09-22,,,,,,3.792,,
2016-09-23,,,,,,5.167,,
2016-09-24,,,,,,4.917,,
2016-09-25,,,,,,3.917,,
2016-09-26,,,,,,5.417,,
2016-09-27,,,,,,4.583,,
2016-09-28,,,,,,3.417,,
2016-09-29,,,,,,3.917,,
2016-09-30,,,,,,2.458,,
2016-10-01,,,,,,4.125,,
2016-10-02,,,,,,3.917,,
2016-10-03,,,,,,5.333,,
2016-10-04,,,,,,7.091,,
2016-10-05,,,,,,6.5,,
2016-10-06,,,,,,4.625,,
2016-10-07,,,,,,9.208,,
2016-10-08,,,,,,5.083,,
2016-10-09,,,,,,5.583,,
2016-10-10,,,,,,2.708,,
2016-10-11,,,,,,4.0,,
2016-10-12,,,,,,5.458,,
2016-10-13,,,,,,4.625,,
2016-10-14,,,,,,3.792,,
2016-10-15,,,,,,6.417,,
2016-10-16,,,,,,8.708,,
2016-10-17,,,,,,4.0,,
2016-10-18,,,,,,9.542,,
2016-10-19,,,,,,9.105,,
2016-10-20,,,,,,9.208,,
2016-10-21,,,,,,2.542,,
2016-10-22,,,,,,3.667,,
2016-10-23,,,,,,3.458,,
2016-10-24,,,,,,2.583,,
2016-10-25,,,,,,5.833,,
2016-10-26,,,,,,3.375,,
2016-10-27,,,,,,5.542,,
2016-10-28,,,,,,3.25,,
2016-10-29,,,,,,7.667,,
2016-10-30,,,,,,9.542,,
2016-10-31,,,,,,8.417,,
2016-11-01,,,,,,5.083,,
2016-11-02,,,,,,3.0,,
2016-11-03,,,,,,4.875,,
2016-11-04,,,,,,7.917,,
2016-11-05,,,,,,14.583,,
2016-11-06,,,,,,10.917,,
2016-11-07,,,,,,9.875,,
2016-11-08,,,,,,11.5,,
2016-11-09,,,,,,4.875,,
2016-11-10,,,,,,3.083,,
2016-11-11,,,,,,5.25,,
2016-11-12,,,,,,11.125,,
2016-11-13,,,,,,12.042,,
2016-11-14,,,,,,12.792,,
2016-11-15,,,,,,8.542,,
2016-11-16,,,,,,4.583,,
2016-11-17,,,,,,6.042,,
2016-11-18,,,,,,5.958,,
2016-11-19,,,,,,5.5,,
2016-11-20,,,,,,8.458,,
2016-11-21,,,,,,6.958,,
2016-11-22,,,,,,5.417,,
2016-11-23,,,,,,2.75,,
2016-11-24,,,,,,0.042,,
2016-11-25,,,,,,1.174,,
2016-11-26,,,,,,2.25,,
2016-11-27,,,,,,4.042,,
2016-11-28,,,,,,9.917,,
2016-11-29,,,,,,5.042,,
2016-11-30,,,,,,6.125,,
2016-12-01,,,,,,8.417,,
2016-12-02,,,,,,4.417,,
2016-12-03,,,,,,4.417,,
2016-12-04,,,,,,5.417,,
2016-12-05,,,,,,4.875,,
2016-12-06,,,,,,8.708,,
2016-12-07,,,,,,3.833,,
2016-12-08,,,,,,5.25,,
2016-12-09,,,,,,5.667,,
2016-12-10,,,,,,6.667,,
2016-12-11,,,,,,4.458,,
2016-12-12,,,,,,5.875,,
2016-12-13,,,,,,4.583,,
2016-12-14,,,,,,7.167,,
2016-12-15,,,,,,2.917,,
2016-12-16,,,,,,2.167,,
2016-12-17,,,,,,4.0,,
2016-12-18,,,,,,10.5,,
2016-12-19,,,,,,8.375,,
2016-12-20,,,,,,4.833,,
2016-12-21,,,,,,4.125,,
2016-12-22,,,,,,4.958,,
2016-12-23,,,,,,2.833,,
2016-12-24,,,,,,2.708,,
2016-12-25,,,,,,1.5,,
2016-12-26,,,,,,3.261,,
2016-12-27,,,,,,2.333,,
2016-12-28,,,,,,2.167,,
2016-12-29,,,,,,3.708,,
2016-12-30,,,,,,3.875,,
2016-12-31,,,,,,2.583,,
2017-01-01,,,,,,6.0,,
2017-01-02,,,,,,5.958,,
2017-01-03,,,,,,4.625,,
2017-01-04,,,,,,3.458,,
2017-01-05,,,,,,3.667,,
2017-01-06,,,,,,3.0,,
2017-01-07,,,,,,5.0,,
2017-01-08,,,,,,2.25,,
2017-01-09,,,,,,7.875,,
2017-01-10,,,,,,4.125,,
2017-01-11,,,,,,0.75,,
2017-01-12,,,,,,2.375,,
2017-01-13,,,,,,2.667,,
2017-01-14,,,,,,2.208,,
2017-01-15,,,,,,5.333,,
2017-01-16,,,,,,11.0,,
2017-01-17,,,,,,1.792,,
2017-01-18,,,,,,11.042,,
2017-01-19,,,,,,7.167,,
2017-01-20,,,,,,8.417,,
2017-01-21,,,,,,7.208,,
2017-01-22,,,,,,4.458,,
2017-01-23,,,,,,3.792,,
2017-01-24,,,,,,1.708,,
2017-01-25,,,,,,1.478,,
2017-01-26,,,,,,3.5,,
2017-01-27,,,,,,4.833,,
2017-01-28,,,,,,3.125,,
2017-01-29,,,,,,3.458,,
2017-01-30,,,,,,3.333,,
2017-01-31,,,,,,3.5,,
2017-02-01,,,,,,3.458,,
2017-02-02,,,,,,2.417,,
2017-02-03,,,,,,4.125,,
2017-02-04,,,,,,4.125,,
2017-02-05,,,,,,9.25,,
2017-02-06,,,,,,4.0,,
2017-02-07,,,,,,1.917,,
2017-02-08,,,,,,2.958,,
2017-02-09,,,,,,7.292,,
2017-02-10,,,,,,8.208,,
2017-02-11,,,,,,5.625,,
2017-02-12,,,,,,4.0,,
2017-02-13,,,,,,3.625,,
2017-02-14,,,,,,6.25,,
2017-02-15,,,,,,7.5,,
2017-02-16,,,,,,6.042,,
2017-02-17,,,,,,7.542,,
2017-02-18,,,,,,5.875,,
2017-02-19,,,,,,3.208,,
2017-02-20,,,,,,6.5,,
2017-02-21,,,,,,4.917,,
2017-02-22,,,,,,2.042,,
2017-02-23,,,,,,7.25,,
2017-02-24,,,,,,10.875,,
2017-02-25,,,,,,6.333,,
2017-02-26,,,,,,5.875,,
2017-02-27,,,,,,7.571,,
2017-02-28,,,,,,13.714,,
2017-03-01,,,,,,7.625,,
2017-03-02,,,,,,10.042,,
2017-03-03,,,,,,8.583,,
2017-03-04,,,,,,11.667,,
2017-03-05,,,,,,4.583,,
2017-03-06,,,,,,7.375,,
2017-03-07,,,,,,3.958,,
2017-03-08,,,,,,4.583,,
2017-03-09,,,,,,3.333,,
2017-03-10,,,,,,4.708,,
2017-03-11,,,,,,8.75,,
2017-03-12,,,,,,8.625,,
2017-03-13,,,,,,10.042,,
2017-03-14,,,,,,13.75,,
2017-03-15,,,,,,16.208,,
2017-03-16,,,,,,3.957,,
2017-03-17,,,,,,3.958,,
2017-03-18,,,,,,6.208,,
2017-03-19,,,,,,7.333,,
2017-03-20,,,,,,2.833,,
2017-03-21,,,,,,3.208,,
2017-03-22,,,,,,0.958,,
2017-03-23,,,,,,1.375,,
2017-03-24,,,,,,5.667,,
2017-03-25,,,,,,27.792,,
2017-03-26,,,,,,25.792,,
2017-03-27,,,,,,22.958,,
2017-03-28,,,,,,20.478,,
2017-03-29,,,,,,16.875,,
2017-03-30,,,,,,6.417,,
2017-03-31,,,,,,4.208,,
2017-04-01,,,,,,3.583,,
2017-04-02,,,,,,6.417,,
2017-04-03,,,,,,12.167,,
2017-04-04,,,,,,18.125,,
2017-04-05,,,,,,15.917,,
2017-04-06,,,,,,12.708,,
2017-04-07,,,,,,3.208,,
2017-04-08,,,,,,3.417,,
2017-04-09,,,,,,8.958,,
2017-04-10,,,,,,8.833,,
2017-04-11,,,,,,5.5,,
2017-04-12,,,,,,7.042,,
2017-04-13,,,,,,6.917,,
2017-04-14,,,,,,14.75,,
2017-04-15,,,,,,13.042,,
2017-04-16,,,,,,14.917,,
2017-04-17,,,,,,14.167,,
2017-04-18,,,,,,7.083,,
2017-04-19,,,,,,7.292,,
2017-04-20,,,,,,7.708,,
2017-04-21,,,,,,10.75,,
2017-04-22,,,,,,5.417,,
2017-04-23,,,,,,5.375,,
2017-04-24,,,,,,6.87,,
2017-04-25,,,,,,6.958,,
2017-04-26,,,,,,7.583,,
2017-04-27,,,,,,5.042,,
2017-04-28,,,,,,7.5,,
2017-04-29,,,,,,14.292,,
2017-04-30,,,,,,18.75,,
2017-05-01,,,,,,10.708,,
2017-05-02,,,,,,4.125,,
2017-05-03,,,,,,6.667,,
2017-05-04,,,,,,8.458,,
2017-05-05,,,,,,7.583,,
2017-05-06,,,,,,16.792,,
2017-05-07,,,,,,13.708,,
2017-05-08,,,,,,15.667,,
2017-05-09,,,,,,7.958,,
2017-05-10,,,,,,8.75,,
2017-05-11,,,,,,11.833,,
2017-05-12,,,,,,25.292,,
2017-05-13,,,,,,9.625,,
2017-05-14,,,,,,11.125,,
2017-05-15,,,,,,10.042,,
2017-05-16,,,,,,3.375,,
2017-05-17,,,,,,3.792,,
2017-05-18,,,,,,4.167,,
2017-05-19,,,,,,4.292,,
2017-05-20,,,,,,14.083,,
2017-05-21,,,,,,20.167,,
2017-05-22,,,,,,17.261,,
2017-05-23,,,,,,18.667,,
2017-05-24,,,,,,19.25,,
2017-05-25,,,,,,15.542,,
2017-05-26,,,,,,8.833,,
2017-05-27,,,,,,4.25,,
2017-05-28,,,,,,4.708,,
2017-05-29,,,,,,11.667,,
2017-05-30,,,,,,19.708,,
2017-05-31,,,,,,27.125,,
2017-06-01,,,,,,17.333,,
2017-06-02,,,,,,7.0,,
2017-06-03,,,,,,2.542,,
2017-06-04,,,,,,3.417,,
2017-06-05,,,,,,4.833,,
2017-06-06,,,,,,4.833,,
2017-06-07,,,,,,8.375,,
2017-06-08,,,,,,4.708,,
2017-06-09,,,,,,9.25,,
2017-06-10,,,,,,10.333,,
2017-06-11,,,,,,3.583,,
2017-06-12,,,,,,3.875,,
2017-06-13,,,,,,4.458,,
2017-06-14,,,,,,6.0,,
2017-06-15,,,,,,11.042,,
2017-06-16,,,,,,3.583,,
2017-06-17,,,,,,6.458,,
2017-06-18,,,,,,5.917,,
2017-06-19,,,,,,10.375,,
2017-06-20,,,,,,12.5,,
2017-06-21,,,,,,8.042,,
2017-06-22,,,,,,10.625,,
2017-06-23,,,,,,12.652,,
2017-06-24,,,,,,12.958,,
2017-06-25,,,,,,12.75,,
2017-06-26,,,,,,6.333,,
2017-06-27,,,,,,5.875,,
2017-06-28,,,,,,7.208,,
2017-06-29,,,,,,13.583,,
2017-06-30,,,,,,8.75,,
2017-07-01,,,,,,5.083,,
2017-07-02,,,,,,9.208,,
2017-07-03,,,,,,5.708,,
2017-07-04,,,,,,2.875,,
2017-07-05,,,,,,4.458,,
2017-07-06,,,,,,5.208,,
2017-07-07,,,,,,6.167,,
2017-07-08,,,,,,11.333,,
2017-07-09,,,,,,9.167,,
2017-07-10,,,,,,11.708,,
2017-07-11,,,,,,10.625,,
2017-07-12,,,,,,6.708,,
2017-07-13,,,,,,21.458,,
2017-07-14,,,,,,20.542,,
2017-07-15,,,,,,14.458,,
2017-07-16,,,,,,15.042,,
2017-07-17,,,,,,8.333,,
2017-07-18,,,,,,14.417,,
2017-07-19,,,,,,12.833,,
2017-07-20,,,,,,14.75,,
2017-07-21,,,,,,13.696,,
2017-07-22,,,,,,9.958,,
2017-07-23,,,,,,10.167,,
2017-07-24,,,,,,11.083,,
2017-07-25,,,,,,4.167,,
2017-07-26,,,,,,6.083,,
2017-07-27,,,,,,6.167,,
2017-07-28,,,,,,8.75,,
2017-07-29,,,,,,7.75,,
2017-07-30,,,,,,9.75,,
2017-07-31,,,,,,9.208,,
2017-08-01,,,,,,7.333,,
2017-08-02,,,,,,5.125,,
2017-08-03,,,,,,5.625,,
2017-08-04,,,,,,6.958,,
2017-08-05,,,,,,9.292,,
2017-08-06,,,,,,8.583,,
2017-08-07,,,,,,9.958,,
2017-08-08,,,,,,4.667,,
2017-08-09,,,,,,4.0,,
2017-08-10,,,,,,4.5,,
2017-08-11,,,,,,2.875,,
2017-08-12,,,,,,3.958,,
2017-08-13,,,,,,3.417,,
2017-08-14,,,,,,3.542,,
2017-08-15,,,,,,3.5,,
2017-08-16,,,,,,3.833,,
2017-08-17,,,,,,4.208,,
2017-08-18,,,,,,4.375,,
2017-08-19,,,,,,4.833,,
2017-08-20,,,,,,5.0,,
2017-08-21,,,,,,9.0,,
2017-08-22,,,,,,10.875,,
2017-08-23,,,,,,9.913,,
2017-08-24,,,,,,8.417,,
2017-08-25,,,,,,6.667,,
2017-08-26,,,,,,8.958,,
2017-08-27,,,,,,8.125,,
2017-08-28,,,,,,11.375,,
2017-08-29,,,,,,13.208,,
2017-08-30,,,,,,4.292,,
2017-08-31,,,,,,3.667,,
2017-09-01,,,,,,5.833,,
2017-09-02,,,,,,6.292,,
2017-09-03,,,,,,5.625,,
2017-09-04,,,,,,3.958,,
2017-09-05,,,,,,6.292,,
2017-09-06,,,,,,4.458,,
2017-09-07,,,,,,2.542,,
2017-09-08,,,,,,7.417,,
2017-09-09,,,,,,6.292,,
2017-09-10,,,,,,6.417,,
2017-09-11,,,,,,10.667,,
2017-09-12,,,,,,4.833,,
2017-09-13,,,,,,6.542,,
2017-09-14,,,,,,3.458,,
2017-09-15,,,,,,2.708,,
2017-09-16,,,,,,5.292,,
2017-09-17,,,,,,4.667,,
2017-09-18,,,,,,4.042,,
2017-09-19,,,,,,8.292,,
2017-09-20,,,,,,18.083,,
2017-09-21,,,,,,4.958,,
2017-09-22,,,,,,6.043,,
2017-09-23,,,,,,9.042,,
2017-09-24,,,,,,6.458,,
2017-09-25,,,,,,10.542,,
2017-09-26,,,,,,13.583,,
2017-09-27,,,,,,12.167,,
2017-09-28,,,,,,3.125,,
2017-09-29,,,,,,4.545,,
2017-09-30,,,,,,9.875,,
2017-10-01,,,,,,9.875,,
2017-10-02,,,,,,7.583,,
2017-10-03,,,,,,4.5,,
2017-10-04,,,,,,2.5,,
2017-10-05,,,,,,2.5,,
2017-10-06,,,,,,6.667,,
2017-10-07,,,,,,3.792,,
2017-10-08,,,,,,3.417,,
2017-10-09,,,,,,4.917,,
2017-10-10,,,,,,6.042,,
2017-10-11,,,,,,10.833,,
2017-10-12,,,,,,4.083,,
2017-10-13,,,,,,2.833,,
2017-10-14,,,,,,3.917,,
2017-10-15,,,,,,4.833,,
2017-10-16,,,,,,3.167,,
2017-10-17,,,,,,3.208,,
2017-10-18,,,,,,4.958,,
2017-10-19,,,,,,2.542,,
2017-10-20,,,,,,2.917,,
2017-10-21,,,,,,0.875,,
2017-10-22,,,,,,2.167,,
2017-10-23,,,,,,4.917,,
2017-10-24,,,,,,11.625,,
2017-10-25,,,,,,11.042,,
2017-10-26,,,,,,5.826,,
2017-10-27,,,,,,7.583,,
2017-10-28,,,,,,10.75,,
2017-10-29,,,,,,3.083,,
2017-10-30,,,,,,8.333,,
2017-10-31,,,,,,3.208,,
2017-11-01,,,,,,6.042,,
2017-11-02,,,,,,7.625,,
2017-11-03,,,,,,8.042,,
2017-11-04,,,,,,6.333,,
2017-11-05,,,,,,12.167,,
2017-11-06,,,,,,10.542,,
2017-11-07,,,,,,13.083,,
2017-11-08,,,,,,13.792,,
2017-11-09,,,,,,10.542,,
2017-11-10,,,,,,5.792,,
2017-11-11,,,,,,6.167,,
2017-11-12,,,,,,2.0,,
2017-11-13,,,,,,4.292,,
2017-11-14,,,,,,9.375,,
2017-11-15,,,,,,5.6,,
2017-11-16,,,,,,2.417,,
2017-11-17,,,,,,2.167,,
2017-11-18,,,,,,5.875,,
2017-11-19,,,,,,0.542,,
2017-11-20,,,,,,1.333,,
2017-11-21,,,,,,3.125,,
2017-11-22,,,,,,3.542,,
2017-11-23,,,,,,3.958,,
2017-11-24,,,,,,1.333,,
2017-11-25,,,,,,2.667,,
2017-11-26,,,,,,4.708,,
2017-11-27,,,,,,3.958,,
2017-11-28,,,,,,7.522,,
2017-11-29,,,,,,13.083,,
2017-11-30,,,,,,4.458,,
2017-12-01,,,,,,0.042,,
2017-12-02,,,,,,1.208,,
2017-12-03,,,,,,4.083,,
2017-12-04,,,,,,6.792,,
2017-12-05,,,,,,0.458,,
2017-12-06,,,,,,1.208,,
2017-12-07,,,,,,3.208,,
2017-12-08,,,,,,1.083,,
2017-12-09,,,,,,1.0,,
2017-12-10,,,,,,4.75,,
2017-12-11,,,,,,4.292,,
2017-12-12,,,,,,-0.417,,
2017-12-13,,,,,,3.409,,
2017-12-14,,,,,,3.708,,
2017-12-15,,,,,,2.458,,
2017-12-16,,,,,,4.125,,
2017-12-17,,,,,,0.708,,
2017-12-18,,,,,,2.625,,
2017-12-19,,,,,,2.167,,
2017-12-20,,,,,,2.5,,
2017-12-21,,,,,,4.042,,
2017-12-22,,,,,,6.625,,
2017-12-23,,,,,,7.833,,
2017-12-24,,,,,,9.875,,
2017-12-25,,,,,,7.042,,
2017-12-26,,,,,,2.708,,
2017-12-27,,,,,,1.913,,
2017-12-28,,,,,,3.083,,
2017-12-29,,,,,,3.208,,
2017-12-30,,,,,,4.417,,
2017-12-31,,,,,,4.958,,
2018-01-01,197.083,10.542,2.167,2.333,0.167,1.792,0.0,207.625
2018-01-02,197.292,10.125,1.208,1.208,0.0,2.542,0.0,207.417
2018-01-03,197.042,11.458,1.333,1.542,0.208,3.583,0.0,208.5
2018-01-04,196.75,12.25,1.217,1.391,0.174,3.375,0.0,209.0
2018-01-05,200.917,10.542,1.125,1.125,0.0,10.958,0.333,211.458
2018-01-06,198.667,11.0,0.667,0.708,0.042,6.292,0.0,209.667
2018-01-07,197.292,10.083,0.958,1.083,0.125,2.417,0.0,207.375
2018-01-08,197.75,11.875,2.583,3.792,1.208,3.0,0.0,209.625
2018-01-09,198.375,9.75,1.125,1.375,0.25,3.958,0.0,208.125
2018-01-10,198.458,12.417,1.417,1.667,0.25,2.583,0.0,210.875
2018-01-11,199.292,11.458,2.0,2.174,0.174,6.792,0.565,210.75
2018-01-12,199.542,11.417,1.75,1.917,0.167,2.458,0.0,210.958
2018-01-13,198.042,10.833,0.833,0.917,0.083,2.583,0.0,208.875
2018-01-14,196.958,11.292,1.375,1.458,0.083,2.083,0.0,208.25
2018-01-15,199.583,14.792,3.458,3.708,0.25,8.565,0.583,214.375
2018-01-16,203.708,12.5,2.375,2.417,0.042,15.292,0.5,216.208
2018-01-17,199.792,11.292,1.625,1.792,0.167,4.0,0.0,211.083
2018-01-18,198.792,11.25,1.304,1.304,0.0,4.458,0.0,210.042
2018-01-19,198.167,15.833,3.292,3.917,0.625,3.0,0.0,214.0
2018-01-20,199.958,11.292,1.583,1.583,0.0,4.667,0.042,211.25
2018-01-21,200.125,10.75,1.833,2.125,0.292,3.5,0.0,210.875
2018-01-22,199.125,11.5,2.542,3.042,0.5,6.292,0.25,210.625
2018-01-23,198.833,12.292,1.958,2.0,0.042,6.083,0.0,211.125
2018-01-24,199.208,13.0,1.042,1.042,0.0,4.125,0.0,212.208
2018-01-25,198.19,12.19,2.056,2.5,0.444,3.167,0.0,210.381
2018-01-26,200.167,13.083,0.917,1.125,0.208,2.0,0.0,213.25
2018-01-27,199.333,14.125,1.125,1.167,0.042,2.708,0.0,213.458
2018-01-28,200.5,14.042,1.792,1.833,0.042,5.958,0.042,214.542
2018-01-29,201.333,14.958,2.087,2.217,0.13,11.625,0.208,216.292
2018-01-30,199.167,16.417,2.042,2.375,0.333,6.875,0.0,215.583
2018-01-31,199.708,14.5,1.833,2.125,0.292,6.783,0.25,214.208
2018-02-01,200.708,13.417,0.957,1.043,0.087,5.667,0.0,214.125
2018-02-02,199.0,15.208,1.917,2.083,0.167,4.292,0.0,214.208
2018-02-03,198.25,15.333,2.208,2.25,0.042,5.458,0.208,213.583
2018-02-04,202.0,15.083,1.708,1.75,0.042,12.333,0.042,217.083
2018-02-05,200.417,20.042,3.292,3.667,0.375,11.833,0.0,220.458
2018-02-06,198.583,23.5,4.75,5.292,0.542,8.625,0.583,222.083
2018-02-07,198.958,14.458,1.542,1.583,0.042,6.75,0.583,213.417
2018-02-08,200.708,14.333,1.043,1.391,0.348,6.875,0.0,215.042
2018-02-09,199.375,15.292,2.458,4.5,2.042,3.5,0.0,214.667
2018-02-10,199.667,14.0,1.542,2.042,0.5,7.292,0.0,213.667
2018-02-11,199.167,15.083,2.0,2.333,0.333,5.292,0.0,214.25
2018-02-12,199.75,14.0,2.0,2.458,0.458,7.042,0.0,213.75
2018-02-13,199.875,13.875,1.458,1.917,0.458,7.125,0.0,213.75
2018-02-14,198.091,11.364,1.542,2.042,0.5,5.6,0.0,209.455
2018-02-15,197.857,13.952,3.333,3.762,0.429,4.143,0.0,211.81
2018-02-16,201.75,13.583,1.792,1.792,0.0,16.792,0.208,215.333
2018-02-17,199.167,12.792,1.083,1.083,0.0,11.875,0.0,211.958
2018-02-18,198.542,18.792,2.0,2.208,0.208,8.625,0.0,217.333
2018-02-19,197.708,20.042,5.25,5.833,0.583,6.0,0.0,217.75
2018-02-20,196.458,14.875,1.083,1.083,0.0,4.292,0.0,211.333
2018-02-21,199.25,16.042,1.917,1.917,0.0,15.625,0.083,215.292
2018-02-22,199.542,19.125,2.957,3.304,0.348,22.958,0.087,218.667
2018-02-23,200.208,16.708,2.083,2.167,0.083,16.458,0.667,216.917
2018-02-24,199.875,17.667,3.167,3.583,0.417,15.25,0.292,217.542
2018-02-25,199.542,15.5,1.826,1.826,0.0,16.5,1.174,215.042
2018-02-26,200.333,14.625,2.136,2.636,0.5,11.083,0.364,214.958
2018-02-27,198.917,17.958,3.042,3.875,0.833,13.583,0.0,216.875
2018-02-28,198.917,15.542,3.0,3.792,0.792,11.625,0.0,214.458
2018-03-01,197.85,15.35,1.9,2.6,0.7,11.474,0.3,213.2
2018-03-02,,,2.682,3.455,0.773,22.13,0.478,
2018-03-03,,,2.625,3.333,0.708,15.958,0.833,
2018-03-04,199.333,15.111,1.833,2.542,0.708,10.5,0.292,214.444
2018-03-05,199.625,21.208,3.417,4.625,1.208,15.125,0.042,220.833
2018-03-06,200.042,21.167,3.25,4.125,0.875,17.542,0.458,221.208
2018-03-07,200.417,12.792,2.609,3.043,0.435,13.292,0.0,213.208
2018-03-08,198.583,13.167,1.083,1.125,0.042,5.917,0.0,211.75
2018-03-09,198.042,15.875,1.333,1.375,0.042,5.042,0.208,213.917
2018-03-10,197.708,13.042,1.792,1.917,0.125,5.958,0.458,210.75
2018-03-11,198.118,12.059,1.824,2.0,0.176,3.353,0.0,210.176
2018-03-12,200.0,9.75,1.5,1.667,0.167,9.917,0.077,209.75
2018-03-13,200.292,9.083,1.208,1.292,0.083,6.0,0.0,209.375
2018-03-14,200.25,8.083,1.125,1.375,0.25,7.0,0.0,208.333
2018-03-15,199.333,8.667,1.292,1.417,0.125,5.0,0.208,208.0
2018-03-16,199.667,13.167,1.375,1.625,0.25,8.083,0.0,212.833
2018-03-17,200.042,15.5,1.5,1.708,0.208,6.792,0.042,215.542
2018-03-18,200.167,11.583,2.583,3.042,0.458,8.458,0.208,211.75
2018-03-19,199.826,12.87,1.429,1.429,0.0,8.375,1.091,212.696
2018-03-20,200.125,12.542,1.917,2.0,0.083,8.125,1.0,212.667
2018-03-21,200.25,9.417,2.25,2.375,0.125,6.458,1.125,209.667
2018-03-22,203.042,8.25,1.292,1.333,0.042,11.625,1.0,211.292
2018-03-23,201.917,7.458,1.417,1.5,0.083,4.5,1.0,209.375
2018-03-24,202.542,7.25,1.125,1.125,0.0,8.625,1.0,209.792
2018-03-25,201.458,7.792,1.333,1.417,0.083,7.167,1.0,209.25
2018-03-26,202.292,8.708,2.25,2.458,0.208,12.167,1.042,211.0
2018-03-27,203.042,10.583,1.875,2.0,0.125,13.0,1.042,213.625
2018-03-28,202.333,7.75,1.333,1.625,0.292,4.833,0.958,210.083
2018-03-29,201.5,18.333,1.833,2.375,0.542,4.833,0.708,219.833
2018-03-30,195.458,4.375,2.333,3.167,0.833,8.125,1.0,199.833
2018-03-31,194.792,3.25,0.833,0.833,0.0,3.75,1.0,198.042
2018-04-01,191.458,4.917,2.208,2.208,0.0,15.667,1.417,196.375
2018-04-02,190.708,5.5,1.833,1.833,0.0,22.792,2.667,196.208
2018-04-03,188.542,3.875,1.333,1.375,0.042,15.417,1.333,192.417
2018-04-04,190.333,3.583,1.125,1.167,0.042,7.917,0.042,193.917
2018-04-05,193.261,2.478,1.583,1.708,0.125,7.5,0.0,195.739
2018-04-06,191.292,3.125,2.0,2.13,0.13,5.875,0.043,194.417
2018-04-07,193.542,2.292,1.167,1.167,0.0,9.875,0.0,195.833
2018-04-08,194.25,0.208,1.167,1.167,0.0,9.542,0.0,194.458
2018-04-09,194.083,0.75,1.667,1.708,0.042,7.292,0.333,194.833
2018-04-10,194.333,13.417,2.375,2.458,0.083,10.583,0.667,207.75
2018-04-11,190.792,3.125,2.208,2.25,0.042,13.917,0.667,193.917
2018-04-12,192.292,3.25,1.167,1.167,0.0,8.583,0.625,195.542
2018-04-13,193.542,0.708,1.783,1.87,0.087,4.958,0.0,194.25
2018-04-14,193.25,2.292,2.5,2.625,0.125,5.167,0.0,195.542
2018-04-15,191.25,1.25,1.167,1.167,0.0,1.0,0.0,192.5
2018-04-16,194.227,8.5,2.042,2.5,0.458,6.25,0.0,202.727
2018-04-17,195.182,15.818,2.292,2.625,0.333,7.542,0.0,211.0
2018-04-18,194.042,19.0,2.25,2.5,0.25,6.167,0.0,213.042
2018-04-19,193.417,18.667,1.792,1.917,0.125,10.583,0.708,212.083
2018-04-20,193.292,16.583,1.652,1.652,0.0,14.083,0.87,209.875
2018-04-21,194.25,17.625,1.833,1.833,0.0,17.542,1.375,211.875
2018-04-22,191.417,14.75,1.375,1.375,0.0,20.917,4.833,206.167
2018-04-23,191.583,13.458,1.25,1.5,0.25,21.125,0.583,205.042
2018-04-24,193.292,16.042,2.273,2.545,0.273,9.417,0.167,209.333
2018-04-25,192.417,15.958,1.304,1.304,0.0,2.083,0.0,208.375
2018-04-26,192.125,14.875,1.174,1.174,0.0,2.652,0.167,207.0
2018-04-27,192.417,21.958,1.522,1.783,0.261,8.0,0.478,214.375
2018-04-28,193.0,16.167,1.391,1.391,0.0,20.458,0.083,209.167
2018-04-29,193.583,16.292,1.565,1.565,0.0,13.375,0.625,209.875
2018-04-30,192.75,12.417,1.217,1.217,0.0,16.75,1.208,205.167
2018-05-01,194.292,13.375,1.13,1.13,0.0,22.208,0.667,207.667
2018-05-02,194.652,14.261,1.87,1.957,0.087,16.5,0.667,208.913
2018-05-03,197.708,13.875,0.87,0.87,0.0,6.75,0.0,211.583
2018-05-04,197.667,13.292,1.0,1.0,0.0,10.25,0.348,210.958
2018-05-05,196.25,13.583,1.174,1.174,0.0,10.458,0.875,209.833
2018-05-06,197.375,15.0,1.478,1.478,0.0,10.167,1.042,212.375
2018-05-07,197.458,14.083,1.304,1.304,0.0,9.042,0.042,211.542
2018-05-08,196.167,14.375,0.696,0.696,0.0,6.875,0.0,210.542
2018-05-09,195.708,14.208,0.708,0.708,0.0,6.333,0.0,209.917
2018-05-10,195.958,12.833,0.667,0.667,0.0,6.0,0.0,208.792
2018-05-11,195.429,11.571,0.917,0.917,0.0,5.583,0.19,207.0
2018-05-12,193.417,14.667,1.542,1.542,0.0,9.833,1.292,208.083
2018-05-13,192.5,15.958,2.25,2.292,0.042,8.0,0.5,208.458
2018-05-14,192.458,14.667,0.792,0.833,0.042,3.0,0.0,207.125
2018-05-15,193.652,14.348,1.435,1.565,0.13,10.783,0.5,208.0
2018-05-16,194.708,14.875,1.958,1.958,0.0,16.417,1.0,209.583
2018-05-17,191.417,14.0,1.875,1.875,0.0,13.167,0.75,205.417
2018-05-18,189.917,13.5,1.125,1.208,0.083,13.625,0.522,203.417
2018-05-19,192.167,10.417,0.375,0.375,0.0,2.292,0.0,202.583
2018-05-20,192.292,10.125,0.333,0.333,0.0,1.833,0.0,202.417
2018-05-21,192.375,10.708,1.25,1.333,0.083,2.75,0.0,203.083
2018-05-22,193.292,12.958,2.13,2.217,0.087,6.75,0.5,206.25
2018-05-23,192.917,14.958,2.542,2.708,0.167,6.417,0.375,207.875
2018-05-24,191.833,12.25,1.125,1.125,0.0,2.042,0.0,204.083
2018-05-25,195.0,12.375,1.708,1.708,0.0,14.917,0.652,207.375
2018-05-26,194.708,13.292,1.417,1.417,0.0,9.917,0.208,208.0
2018-05-27,193.417,11.208,1.458,1.5,0.042,3.875,0.0,204.625
2018-05-28,193.375,12.583,2.167,2.167,0.0,14.043,1.167,205.958
2018-05-29,193.083,17.083,2.478,2.565,0.087,17.917,1.083,210.167
2018-05-30,192.417,14.917,2.125,2.125,0.0,13.583,0.875,207.333
2018-05-31,191.458,13.083,1.292,1.292,0.0,4.083,0.0,204.542
2018-06-01,192.583,11.583,0.708,0.708,0.0,6.833,0.0,204.167
2018-06-02,193.375,15.5,0.583,0.583,0.0,6.708,0.042,208.875
2018-06-03,194.542,15.833,1.333,1.417,0.083,11.667,0.417,210.375
2018-06-04,194.583,12.25,1.5,1.5,0.0,11.625,0.5,206.833
2018-06-05,193.417,15.167,1.565,1.565,0.0,10.083,0.417,208.583
2018-06-06,193.667,17.0,1.958,2.0,0.042,11.125,0.375,210.667
2018-06-07,192.583,14.208,1.208,1.208,0.0,12.333,0.5,206.792
2018-06-08,191.364,11.091,1.083,1.083,0.0,11.095,0.522,202.455
2018-06-09,192.875,8.458,0.708,0.708,0.0,10.625,0.0,201.333
2018-06-10,192.417,8.292,0.667,0.667,0.0,5.5,0.0,200.708
2018-06-11,192.333,8.542,1.042,1.083,0.042,2.583,0.0,200.875
2018-06-12,191.375,8.875,0.609,0.913,0.304,2.625,0.0,200.25
2018-06-13,191.125,8.792,0.583,0.833,0.25,3.5,0.0,199.917
2018-06-14,191.167,8.583,0.458,0.667,0.208,3.458,0.0,199.75
2018-06-15,190.667,7.417,0.542,0.792,0.25,2.75,0.0,198.083
2018-06-16,190.167,8.208,0.542,0.625,0.083,2.542,0.0,198.375
2018-06-17,191.583,10.042,0.625,0.833,0.208,3.792,0.0,201.625
2018-06-18,194.167,10.583,1.792,2.083,0.292,7.042,0.0,204.75
2018-06-19,195.0,16.0,1.174,1.217,0.043,8.667,0.292,211.0
2018-06-20,191.333,10.833,2.042,2.167,0.125,5.542,0.0,202.167
2018-06-21,190.958,8.792,0.583,0.667,0.083,8.917,0.125,199.75
2018-06-22,192.75,12.917,0.958,1.0,0.042,5.208,0.0,205.667
2018-06-23,193.458,23.5,1.792,1.917,0.125,8.0,0.292,216.958
2018-06-24,192.708,8.583,0.917,0.917,0.0,13.125,0.708,201.292
2018-06-25,197.708,9.417,1.042,1.042,0.0,23.333,0.583,207.125
2018-06-26,198.391,10.304,1.783,1.826,0.043,21.667,0.792,208.696
2018-06-27,184.792,8.208,1.083,1.083,0.0,9.0,0.125,193.0
2018-06-28,185.167,9.375,1.042,1.208,0.167,6.042,0.0,194.542
2018-06-29,184.958,9.458,1.042,1.458,0.417,4.5,0.0,194.417
2018-06-30,184.042,11.542,0.5,0.667,0.167,3.833,0.0,195.583
2018-07-01,184.708,9.875,0.542,0.667,0.125,7.667,0.042,194.583
2018-07-02,186.625,10.625,0.958,1.292,0.333,8.458,0.167,197.25
2018-07-03,188.417,11.25,1.304,1.391,0.087,12.333,0.333,199.667
2018-07-04,185.875,7.792,0.875,1.083,0.208,4.875,0.0,193.667
2018-07-05,186.909,8.864,0.5,0.682,0.182,2.083,0.0,195.773
2018-07-06,189.208,11.875,1.125,1.333,0.208,1.458,0.0,201.083
2018-07-07,188.083,11.708,0.75,0.792,0.042,2.25,0.0,199.792
2018-07-08,187.458,12.292,0.583,0.625,0.042,3.458,0.0,199.75
2018-07-09,186.625,12.75,0.833,0.917,0.083,5.958,0.0,199.375
2018-07-10,185.458,13.042,0.783,0.783,0.0,8.167,0.0,198.5
2018-07-11,184.208,11.5,0.583,0.708,0.125,7.292,0.0,195.708
2018-07-12,184.25,11.708,0.458,0.542,0.083,3.292,0.0,195.958
2018-07-13,184.208,11.958,0.625,0.625,0.0,13.542,0.478,196.167
2018-07-14,183.458,12.417,0.333,0.5,0.167,8.417,0.0,195.875
2018-07-15,184.5,16.667,0.5,0.625,0.125,9.417,0.125,201.167
2018-07-16,186.75,13.458,0.958,1.083,0.125,10.042,0.292,200.208
2018-07-17,184.625,12.0,1.13,1.13,0.0,22.583,2.0,196.625
2018-07-18,184.708,12.417,0.917,0.917,0.0,31.958,1.667,197.125
2018-07-19,184.167,12.792,1.458,1.625,0.167,33.25,1.333,196.958
2018-07-20,185.333,14.333,1.0,1.0,0.0,32.667,0.783,199.667
2018-07-21,184.125,15.042,1.458,1.5,0.042,14.167,0.167,199.167
2018-07-22,184.458,14.417,1.125,1.125,0.0,9.417,0.25,198.875
2018-07-23,182.375,13.5,0.917,0.917,0.0,9.625,0.5,195.875
2018-07-24,184.0,13.417,0.696,0.696,0.0,13.917,0.0,197.417
2018-07-25,187.167,19.25,1.292,1.375,0.083,12.708,0.042,206.417
2018-07-26,193.833,14.667,1.292,1.292,0.0,11.042,0.0,208.5
2018-07-27,194.208,14.792,0.917,0.917,0.0,11.208,0.0,209.0
2018-07-28,190.042,16.458,0.875,0.875,0.0,7.125,0.0,206.5
2018-07-29,183.208,13.333,0.333,0.375,0.042,4.125,0.0,196.542
2018-07-30,186.208,14.208,1.125,1.292,0.167,4.348,0.0,200.417
2018-07-31,186.5,12.833,0.826,0.826,0.0,4.708,0.0,199.333
2018-08-01,185.833,15.042,1.375,1.417,0.042,6.875,0.083,200.875
2018-08-02,188.792,15.542,1.0,1.0,0.0,7.042,0.125,204.333
2018-08-03,197.083,15.75,0.958,0.958,0.0,7.25,0.087,212.833
2018-08-04,197.208,19.208,1.625,1.958,0.333,7.833,0.083,216.417
2018-08-05,188.458,13.708,0.667,0.667,0.0,11.542,0.0,202.167
2018-08-06,189.792,12.333,0.667,0.75,0.083,7.083,0.0,202.125
2018-08-07,191.083,18.833,0.783,0.913,0.13,5.042,0.0,209.917
2018-08-08,189.167,18.292,0.583,0.75,0.167,3.208,0.0,207.458
2018-08-09,184.417,12.667,0.75,0.875,0.125,3.875,0.0,197.083
2018-08-10,185.042,11.958,0.542,0.708,0.167,4.417,0.0,197.0
2018-08-11,188.5,13.458,0.458,0.5,0.042,4.125,0.0,201.958
2018-08-12,189.542,15.375,0.458,0.542,0.083,5.208,0.0,204.917
2018-08-13,189.091,12.364,0.917,1.083,0.167,5.708,0.0,201.455
2018-08-14,183.75,13.0,0.174,0.174,0.0,8.958,0.125,196.75
2018-08-15,184.125,13.292,0.75,0.917,0.167,4.667,0.042,197.417
2018-08-16,185.667,18.042,0.417,0.417,0.0,2.0,0.0,203.708
2018-08-17,190.273,21.136,0.208,0.25,0.042,2.792,0.0,211.409
2018-08-18,190.083,16.833,0.5,0.542,0.042,2.833,0.0,206.917
2018-08-19,191.292,18.042,0.875,0.875,0.0,7.375,0.458,209.333
2018-08-20,192.609,18.522,1.125,1.125,0.0,8.917,0.5,211.13
2018-08-21,190.0,13.708,1.826,2.0,0.174,8.375,0.375,203.708
2018-08-22,183.333,12.208,1.042,1.25,0.208,5.875,0.083,195.542
2018-08-23,182.917,12.042,1.25,1.333,0.083,7.0,0.208,194.958
2018-08-24,184.667,9.792,0.792,0.792,0.0,4.167,0.0,194.458
2018-08-25,184.0,9.792,0.542,0.542,0.0,6.042,0.0,193.792
2018-08-26,183.542,8.875,0.417,0.417,0.0,7.083,0.083,192.417
2018-08-27,185.875,9.5,0.417,0.417,0.0,5.25,0.0,195.375
2018-08-28,183.826,8.957,0.462,0.462,0.0,5.818,0.0,192.783
2018-08-29,186.083,9.417,0.875,0.875,0.0,5.625,0.0,195.5
2018-08-30,182.583,9.083,1.391,1.478,0.087,10.042,0.25,191.667
2018-08-31,184.0,8.833,1.043,1.13,0.087,1.5,0.0,192.833
2018-09-01,194.75,9.875,0.609,0.652,0.043,3.167,0.0,204.625
2018-09-02,195.167,11.5,1.348,1.435,0.087,3.25,0.0,206.667
2018-09-03,191.625,10.625,1.348,1.696,0.348,4.458,0.208,202.25
2018-09-04,185.708,9.083,0.652,1.0,0.348,2.417,0.083,194.792
2018-09-05,190.542,8.417,0.565,0.565,0.0,5.625,0.208,198.958
2018-09-06,193.208,9.5,1.391,1.478,0.087,9.708,0.708,202.708
2018-09-07,193.5,10.167,1.25,1.292,0.042,10.583,0.174,203.667
2018-09-08,194.542,10.125,0.583,0.583,0.0,4.5,0.125,204.667
2018-09-09,190.958,10.417,0.208,0.208,0.0,2.125,0.0,201.375
2018-09-10,191.083,8.542,0.25,0.25,0.0,1.958,0.0,199.625
2018-09-11,191.625,9.708,0.375,0.458,0.083,2.542,0.0,201.333
2018-09-12,191.5,9.833,1.652,1.87,0.217,3.5,0.0,201.333
2018-09-13,190.524,9.429,1.364,1.636,0.273,3.667,0.0,199.952
2018-09-14,189.458,11.458,1.583,1.958,0.375,5.125,0.087,200.917
2018-09-15,189.917,11.833,1.083,1.25,0.167,4.25,0.0,201.75
2018-09-16,189.583,11.375,0.375,0.458,0.083,3.958,0.0,200.958
2018-09-17,189.75,11.0,0.5,0.625,0.125,1.542,0.0,200.75
2018-09-18,192.333,11.792,1.25,1.5,0.25,3.042,0.0,204.125
2018-09-19,193.583,13.417,1.435,1.739,0.304,2.833,0.0,207.0
2018-09-20,192.542,14.917,1.417,1.583,0.167,3.5,0.0,207.458
2018-09-21,191.458,12.875,1.292,1.417,0.125,2.125,0.0,204.333
2018-09-22,190.75,11.042,0.375,0.458,0.083,3.542,0.0,201.792
2018-09-23,191.833,17.042,0.75,0.833,0.083,4.0,0.0,208.875
2018-09-24,192.917,13.25,0.917,0.917,0.0,5.75,0.0,206.167
2018-09-25,193.375,11.042,0.917,1.208,0.292,5.042,0.0,204.417
2018-09-26,193.958,9.875,0.826,0.957,0.13,3.5,0.0,203.833
2018-09-27,192.625,11.208,1.542,1.792,0.25,2.826,0.0,203.833
2018-09-28,192.583,15.208,1.333,1.75,0.417,3.708,0.0,207.792
2018-09-29,191.542,11.333,1.667,1.708,0.042,4.333,0.0,202.875
2018-09-30,190.833,11.375,0.708,0.708,0.0,1.458,0.0,202.208
2018-10-01,192.792,9.958,0.667,0.667,0.0,6.083,0.0,202.75
2018-10-02,194.708,12.333,1.708,1.958,0.25,7.458,0.0,207.042
2018-10-03,193.167,28.083,1.696,2.043,0.348,5.375,0.0,221.25
2018-10-04,192.25,11.917,1.333,1.458,0.125,5.417,0.0,204.167
2018-10-05,194.083,14.458,2.75,3.167,0.417,6.917,0.0,208.542
2018-10-06,189.958,15.958,1.542,2.083,0.542,5.0,0.042,205.917
2018-10-07,188.625,10.042,0.625,0.792,0.167,4.542,0.0,198.667
2018-10-08,190.167,10.75,1.25,1.667,0.417,3.917,0.0,200.917
2018-10-09,191.875,11.083,1.125,1.292,0.167,5.917,0.0,202.958
2018-10-10,192.917,10.167,2.174,3.043,0.87,6.25,0.083,203.083
2018-10-11,196.833,12.083,2.333,2.875,0.542,8.333,0.083,208.917
2018-10-12,194.619,8.762,1.208,1.708,0.5,2.5,0.0,203.381
2018-10-13,192.5,7.333,0.75,1.167,0.417,2.5,0.0,199.833
2018-10-14,191.917,7.958,0.958,1.458,0.5,2.625,0.0,199.875
2018-10-15,192.208,10.458,1.375,1.958,0.583,3.333,0.0,202.667
2018-10-16,191.792,11.417,1.458,2.0,0.542,3.0,0.0,203.208
2018-10-17,192.231,8.769,1.737,2.263,0.526,4.1,0.0,201.0
2018-10-18,193.8,6.6,0.955,1.136,0.182,2.625,0.0,200.4
2018-10-19,193.125,8.083,1.542,1.875,0.333,4.167,0.0,201.208
2018-10-20,192.083,7.583,0.875,0.958,0.083,3.042,0.0,199.667
2018-10-21,191.958,9.583,1.333,1.417,0.083,3.833,0.0,201.542
2018-10-22,192.375,10.5,2.5,2.958,0.458,5.042,0.0,202.875
2018-10-23,191.875,11.625,3.333,3.458,0.125,6.542,0.542,203.5
2018-10-24,194.208,8.167,2.087,2.522,0.435,10.75,0.042,202.375
2018-10-25,193.667,8.083,3.375,4.792,1.417,8.917,0.0,201.75
2018-10-26,192.542,8.375,1.708,1.833,0.125,9.087,0.435,200.917
2018-10-27,193.625,7.458,1.0,1.0,0.0,8.583,0.042,201.083
2018-10-28,194.042,6.792,0.5,0.5,0.0,7.0,0.0,200.833
2018-10-29,193.826,6.826,1.333,1.375,0.042,3.25,0.0,200.652
2018-10-30,194.875,6.458,0.708,0.875,0.167,2.5,0.0,201.333
2018-10-31,194.792,5.625,0.739,0.87,0.13,1.625,0.0,200.417
2018-11-01,193.542,6.042,1.875,2.458,0.583,1.458,0.042,199.583
2018-11-02,192.917,7.917,2.167,2.583,0.417,2.625,0.0,200.833
2018-11-03,192.208,11.042,1.375,1.667,0.292,3.708,0.0,203.25
2018-11-04,192.0,8.625,1.583,1.75,0.167,5.083,0.0,200.625
2018-11-05,192.083,8.75,1.958,2.417,0.458,4.25,0.0,200.833
2018-11-06,190.792,8.208,0.958,1.292,0.333,2.75,0.0,199.0
2018-11-07,194.0,6.917,0.818,1.182,0.364,5.917,0.0,200.917
2018-11-08,193.667,9.167,2.273,2.318,0.045,6.583,0.0,202.833
2018-11-09,194.292,10.625,2.522,2.957,0.435,5.458,0.0,204.917
2018-11-10,195.0,10.0,1.522,1.87,0.348,8.708,0.25,205.0
2018-11-11,198.375,10.167,1.783,2.043,0.261,13.042,0.333,208.542
2018-11-12,195.917,9.167,2.174,2.261,0.087,7.917,0.083,205.083
2018-11-13,193.917,7.75,1.609,1.826,0.217,3.167,0.0,201.667
2018-11-14,193.875,7.542,1.304,1.522,0.217,1.042,0.0,201.417
2018-11-15,194.0,15.375,1.174,1.565,0.391,1.458,0.0,209.375
2018-11-16,193.542,13.5,2.261,2.522,0.261,2.417,0.13,207.042
2018-11-17,194.958,8.917,1.458,1.708,0.25,3.542,0.0,203.875
2018-11-18,194.542,7.792,1.333,1.583,0.25,2.708,0.0,202.333
2018-11-19,195.875,9.292,1.583,1.875,0.292,1.417,0.0,205.167
2018-11-20,194.75,12.0,2.125,2.458,0.333,3.958,0.0,206.75
2018-11-21,194.958,10.5,2.583,2.75,0.167,6.292,0.208,205.458
2018-11-22,194.958,6.75,1.708,1.875,0.167,2.25,0.0,201.708
2018-11-23,195.708,6.417,0.826,0.87,0.043,2.458,0.0,202.125
2018-11-24,194.792,11.917,2.042,2.333,0.292,1.625,0.0,206.708
2018-11-25,195.833,16.417,1.5,1.5,0.0,5.625,0.125,212.25
2018-11-26,195.5,12.875,2.75,3.083,0.333,6.625,0.0,208.375
2018-11-27,196.682,14.227,2.583,2.792,0.208,10.636,0.583,210.909
2018-11-28,198.0,10.083,1.792,1.833,0.042,16.542,0.542,208.083
2018-11-29,197.0,7.375,1.25,1.458,0.208,5.583,0.0,204.375
2018-11-30,197.625,9.708,1.826,1.957,0.13,5.333,0.0,207.333
2018-12-01,197.0,7.583,1.208,1.25,0.042,5.292,0.0,204.583
2018-12-02,196.917,9.583,2.292,2.5,0.208,3.625,0.0,206.5
2018-12-03,195.792,10.25,2.625,2.833,0.208,6.417,0.0,206.042
2018-12-04,194.167,9.833,1.708,1.75,0.042,3.958,0.0,204.0
2018-12-05,198.583,8.5,1.042,1.042,0.0,4.792,0.0,207.083
2018-12-06,198.375,8.292,1.5,1.75,0.25,2.792,0.0,206.667
2018-12-07,198.095,8.143,0.87,0.913,0.043,2.292,0.0,206.238
2018-12-08,198.167,9.542,0.917,0.917,0.0,0.458,0.0,207.708
2018-12-09,197.667,9.542,0.458,0.458,0.0,1.333,0.0,207.208
2018-12-10,196.667,11.25,2.417,3.5,1.083,1.5,0.0,207.917
2018-12-11,196.792,13.0,1.583,1.625,0.042,0.333,0.0,209.792
2018-12-12,198.0,10.417,1.167,1.167,0.0,2.875,0.0,208.417
2018-12-13,197.833,10.708,2.435,2.739,0.304,4.208,0.0,208.542
2018-12-14,198.667,10.417,1.13,1.13,0.0,8.708,0.13,209.083
2018-12-15,197.0,12.792,1.958,2.167,0.208,3.667,0.0,209.792
2018-12-16,196.375,12.333,1.333,1.333,0.0,4.667,0.625,208.708
2018-12-17,199.0,9.625,1.958,2.167,0.208,3.25,0.0,208.625
2018-12-18,199.0,9.833,1.042,1.083,0.042,4.125,0.0,208.833
2018-12-19,198.0,9.792,1.333,1.333,0.0,6.083,0.0,207.792
2018-12-20,197.292,12.417,2.417,2.958,0.542,3.833,0.125,209.708
2018-12-21,196.417,13.625,2.609,2.913,0.304,4.0,0.043,210.042
2018-12-22,197.042,13.292,2.375,3.125,0.75,5.167,0.208,210.333
2018-12-23,198.708,11.083,1.208,1.208,0.0,5.542,0.125,209.792
2018-12-24,198.833,10.625,0.792,0.792,0.0,2.083,0.0,209.458
2018-12-25,197.542,14.292,2.292,2.375,0.083,2.333,0.0,211.833
2018-12-26,198.708,11.375,1.792,1.958,0.167,5.375,0.083,210.083
2018-12-27,199.333,9.917,0.458,0.458,0.0,1.13,0.0,209.25
2018-12-28,199.292,10.333,0.957,1.043,0.087,2.25,0.0,209.625
2018-12-29,199.042,10.208,1.375,2.083,0.708,2.083,0.0,209.25
2018-12-30,198.5,10.333,1.167,1.542,0.375,2.5,0.042,208.833
2018-12-31,197.458,10.417,1.833,2.833,1.0,2.708,0.0,207.875
