date,CO_mean,NO2_mean,NOX_mean,NO_mean,SPM_mean
2011-01-01,3.7083333333333335,13.875,18.041666666666668,4.166666666666667,5.958333333333333
2011-01-02,3.5,10.043478260869565,13.217391304347826,3.1739130434782608,3.5416666666666665
2011-01-03,3.5,11.333333333333334,14.833333333333334,3.5,6.291666666666667
2011-01-04,3.4347826086956523,10.541666666666666,15.875,5.333333333333333,6.375
2011-01-05,3.5,18.0,30.666666666666668,12.666666666666666,7.208333333333333
2011-01-06,4.166666666666667,22.166666666666668,38.75,16.583333333333332,6.708333333333333
2011-01-07,4.25,20.75,32.041666666666664,11.291666666666666,7.458333333333333
2011-01-08,3.4166666666666665,13.166666666666666,18.416666666666668,5.25,3.2916666666666665
2011-01-09,3.125,13.956521739130435,21.26086956521739,7.304347826086956,9.333333333333334
2011-01-10,5.125,23.666666666666668,40.208333333333336,16.541666666666668,15.75
2011-01-11,3.4782608695652173,16.0,25.75,9.75,8.25
2011-01-12,4.083333333333333,18.958333333333332,28.625,9.666666666666666,4.625
2011-01-13,3.9166666666666665,18.708333333333332,29.5,10.791666666666666,8.958333333333334
2011-01-14,3.9166666666666665,13.791666666666666,21.416666666666668,7.625,8.166666666666666
2011-01-15,3.6666666666666665,11.291666666666666,15.875,4.583333333333333,10.916666666666666
2011-01-16,3.5833333333333335,18.782608695652176,28.347826086956523,9.565217391304348,11.666666666666666
2011-01-17,3.7083333333333335,19.91304347826087,31.391304347826086,11.478260869565217,8.521739130434783
2011-01-18,4.739130434782608,28.5,45.208333333333336,16.708333333333332,8.5
2011-01-19,3.2916666666666665,19.375,25.166666666666668,5.791666666666667,7.5
2011-01-20,4.0,25.333333333333332,40.0,14.666666666666666,13.75
2011-01-21,3.7083333333333335,18.958333333333332,28.458333333333332,9.5,9.916666666666666
2011-01-22,3.2083333333333335,17.166666666666668,23.666666666666668,6.5,4.333333333333333
2011-01-23,3.125,14.347826086956522,21.347826086956523,7.0,6.583333333333333
2011-01-24,3.125,13.272727272727273,19.227272727272727,5.954545454545454,7.291666666666667
2011-01-25,3.4782608695652173,17.52173913043478,33.65217391304348,16.130434782608695,7.958333333333333
2011-01-26,4.416666666666667,15.91304347826087,25.26086956521739,9.347826086956522,5.75
2011-01-27,4.291666666666667,18.608695652173914,28.782608695652176,10.173913043478262,12.458333333333334
2011-01-28,3.5416666666666665,11.083333333333334,15.083333333333334,4.0,10.875
2011-01-29,3.2083333333333335,8.666666666666666,12.333333333333334,3.6666666666666665,6.041666666666667
2011-01-30,3.7083333333333335,16.291666666666668,27.125,10.833333333333334,5.875
2011-01-31,4.583333333333333,23.166666666666668,39.416666666666664,16.25,8.043478260869565
2011-02-01,3.75,12.25,22.125,9.875,11.583333333333334
2011-02-02,3.6956521739130435,14.125,26.541666666666668,12.416666666666666,9.0
2011-02-03,3.9166666666666665,16.0,24.304347826086957,8.304347826086957,5.875
2011-02-04,4.083333333333333,12.958333333333334,20.666666666666668,7.708333333333333,14.5
2011-02-05,5.083333333333333,20.375,28.25,7.875,13.833333333333334
2011-02-06,9.791666666666666,45.708333333333336,101.58333333333333,55.875,26.875
2011-02-07,6.958333333333333,28.75,46.708333333333336,17.958333333333332,16.833333333333332
2011-02-08,3.25,17.136363636363637,33.36363636363637,16.227272727272727,6.541666666666667
2011-02-09,3.0869565217391304,18.217391304347824,32.78260869565217,14.565217391304348,5.583333333333333
2011-02-10,3.5,17.608695652173914,28.217391304347824,10.608695652173912,7.125
2011-02-11,3.0,11.130434782608695,16.26086956521739,5.130434782608695,7.875
2011-02-12,3.3333333333333335,10.73913043478261,15.08695652173913,4.3478260869565215,11.083333333333334
2011-02-13,4.416666666666667,26.391304347826086,40.43478260869565,14.043478260869565,13.583333333333334
2011-02-14,6.666666666666667,38.52173913043478,80.91304347826087,42.391304347826086,19.958333333333332
2011-02-15,4.375,24.217391304347824,37.73913043478261,13.521739130434783,20.833333333333332
2011-02-16,3.1739130434782608,17.130434782608695,23.73913043478261,6.608695652173913,7.041666666666667
2011-02-17,3.7083333333333335,19.652173913043477,32.34782608695652,12.695652173913043,7.5
2011-02-18,3.3333333333333335,14.565217391304348,24.652173913043477,10.08695652173913,8.375
2011-02-19,3.7916666666666665,15.347826086956522,21.347826086956523,6.0,7.5
2011-02-20,3.8333333333333335,21.0,29.52173913043478,8.521739130434783,9.708333333333334
2011-02-21,4.291666666666667,28.434782608695652,50.82608695652174,22.391304347826086,15.75
2011-02-22,4.166666666666667,24.434782608695652,38.43478260869565,14.0,27.791666666666668
2011-02-23,6.130434782608695,34.0,59.608695652173914,25.608695652173914,32.333333333333336
2011-02-24,4.458333333333333,21.916666666666668,33.416666666666664,11.5,31.08695652173913
2011-02-25,4.458333333333333,19.833333333333332,27.833333333333332,8.0,15.0
2011-02-26,3.5416666666666665,12.833333333333334,16.875,4.041666666666667,11.166666666666666
2011-02-27,3.4583333333333335,14.958333333333334,22.0,7.041666666666667,9.833333333333334
2011-02-28,3.5416666666666665,17.916666666666668,25.916666666666668,8.0,9.916666666666666
2011-03-01,4.25,26.52173913043478,43.17391304347826,16.652173913043477,18.541666666666668
2011-03-02,3.9130434782608696,24.791666666666668,35.916666666666664,11.125,14.5
2011-03-03,3.8333333333333335,22.375,33.791666666666664,11.416666666666666,18.125
2011-03-04,3.0,10.75,15.041666666666666,4.291666666666667,12.458333333333334
2011-03-05,4.916666666666667,24.833333333333332,37.25,12.416666666666666,13.125
2011-03-06,4.875,24.25,46.0,21.75,10.666666666666666
2011-03-07,6.125,29.791666666666668,46.166666666666664,16.375,24.958333333333332
2011-03-08,4.958333333333333,20.772727272727273,34.27272727272727,13.5,16.5
2011-03-09,4.3478260869565215,16.583333333333332,22.166666666666668,5.583333333333333,20.708333333333332
2011-03-10,3.625,17.541666666666668,24.333333333333332,6.791666666666667,12.041666666666666
2011-03-11,3.0,8.458333333333334,12.083333333333334,3.625,10.583333333333334
2011-03-12,3.125,15.291666666666666,25.166666666666668,9.875,11.708333333333334
2011-03-13,3.75,22.875,35.25,12.375,9.25
2011-03-14,3.5454545454545454,16.772727272727273,22.40909090909091,5.636363636363637,11.416666666666666
2011-03-15,4.208333333333333,29.0,47.69565217391305,18.695652173913043,18.857142857142858
2011-03-16,4.782608695652174,31.541666666666668,48.875,17.333333333333332,23.428571428571427
2011-03-17,5.375,35.375,64.125,28.75,19.0
2011-03-18,4.041666666666667,22.291666666666668,30.375,8.083333333333334,12.541666666666666
2011-03-19,3.3333333333333335,20.208333333333332,32.458333333333336,12.25,10.583333333333334
2011-03-20,3.125,17.166666666666668,24.208333333333332,7.041666666666667,10.791666666666666
2011-03-21,3.4583333333333335,22.208333333333332,32.875,10.666666666666666,12.0
2011-03-22,3.4166666666666665,21.26086956521739,26.52173913043478,5.260869565217392,16.0
2011-03-23,4.608695652173913,33.708333333333336,54.458333333333336,20.75,30.291666666666668
2011-03-24,3.375,21.208333333333332,30.541666666666668,9.333333333333334,3.5
2011-03-25,3.0416666666666665,12.041666666666666,16.875,4.833333333333333,9.333333333333334
2011-03-26,3.6666666666666665,19.958333333333332,29.75,9.791666666666666,13.208333333333334
2011-03-27,3.5,16.708333333333332,21.625,4.916666666666667,21.041666666666668
2011-03-28,4.041666666666667,20.583333333333332,27.416666666666668,6.833333333333333,34.875
2011-03-29,4.291666666666667,24.652173913043477,31.91304347826087,7.260869565217392,19.791666666666668
2011-03-30,3.0,13.5,15.875,2.375,19.708333333333332
2011-03-31,3.347826086956522,15.75,21.666666666666668,5.916666666666667,11.833333333333334
2011-04-01,3.869565217391304,25.416666666666668,32.25,6.833333333333333,12.916666666666666
2011-04-02,3.5,25.0,34.916666666666664,9.916666666666666,19.458333333333332
2011-04-03,2.75,13.916666666666666,18.291666666666668,4.375,8.458333333333334
2011-04-04,3.375,20.416666666666668,27.458333333333332,7.041666666666667,12.458333333333334
2011-04-05,3.5833333333333335,26.375,36.083333333333336,9.708333333333334,18.458333333333332
2011-04-06,4.125,30.916666666666668,40.833333333333336,9.916666666666666,16.5
2011-04-07,3.25,28.434782608695652,39.0,10.565217391304348,13.208333333333334
2011-04-08,3.130434782608696,15.166666666666666,18.958333333333332,3.7916666666666665,17.333333333333332
2011-04-09,5.041666666666667,25.875,37.5,11.625,10.208333333333334
2011-04-10,4.375,15.375,17.708333333333332,2.3333333333333335,24.291666666666668
2011-04-11,4.958333333333333,27.333333333333332,35.916666666666664,8.583333333333334,24.130434782608695
2011-04-12,4.625,29.041666666666668,38.916666666666664,9.875,28.291666666666668
2011-04-13,3.6666666666666665,18.0,21.333333333333332,3.3333333333333335,22.583333333333332
2011-04-14,5.083333333333333,30.217391304347824,38.34782608695652,8.130434782608695,32.833333333333336
2011-04-15,3.739130434782609,24.0,33.166666666666664,9.166666666666666,25.25
2011-04-16,3.25,16.416666666666668,22.666666666666668,6.25,26.916666666666668
2011-04-17,2.0833333333333335,8.041666666666666,9.75,1.7083333333333333,12.958333333333334
2011-04-18,2.782608695652174,14.782608695652174,18.347826086956523,3.5652173913043477,18.26086956521739
2011-04-19,3.1666666666666665,24.25,32.041666666666664,7.791666666666667,9.916666666666666
2011-04-20,3.1666666666666665,24.583333333333332,39.583333333333336,15.0,6.0
2011-04-21,3.375,27.347826086956523,38.82608695652174,11.478260869565217,11.708333333333334
2011-04-22,3.9565217391304346,22.625,31.375,8.75,21.125
2011-04-23,4.5,27.708333333333332,43.25,15.541666666666666,15.541666666666666
2011-04-24,3.5,11.416666666666666,12.916666666666666,1.5,17.041666666666668
2011-04-25,3.4583333333333335,15.166666666666666,18.458333333333332,3.2916666666666665,19.875
2011-04-26,4.875,29.416666666666668,44.416666666666664,15.0,23.041666666666668
2011-04-27,3.4166666666666665,19.916666666666668,27.041666666666668,7.125,32.583333333333336
2011-04-28,4.0,25.347826086956523,35.0,9.652173913043478,14.125
2011-04-29,3.5833333333333335,16.083333333333332,19.166666666666668,3.0833333333333335,10.416666666666666
2011-04-30,5.391304347826087,29.75,51.708333333333336,21.958333333333332,25.5
2011-05-01,2.7083333333333335,9.625,10.583333333333334,0.9583333333333334,23.666666666666668
2011-05-02,4.708333333333333,22.666666666666668,30.041666666666668,7.375,58.666666666666664
2011-05-03,4.833333333333333,17.541666666666668,23.083333333333332,5.541666666666667,98.5
2011-05-04,3.625,13.458333333333334,17.625,4.166666666666667,36.791666666666664
2011-05-05,3.0833333333333335,8.695652173913043,11.043478260869565,2.347826086956522,14.208333333333334
2011-05-06,3.9583333333333335,21.833333333333332,28.375,6.541666666666667,26.875
2011-05-07,3.782608695652174,26.0,35.458333333333336,9.458333333333334,28.791666666666668
2011-05-08,3.25,11.5,14.125,2.625,19.458333333333332
2011-05-09,4.416666666666667,27.0,33.86363636363637,6.863636363636363,23.130434782608695
2011-05-10,3.5416666666666665,21.217391304347824,39.391304347826086,18.17391304347826,25.416666666666668
2011-05-11,3.375,16.17391304347826,20.217391304347824,4.043478260869565,12.583333333333334
2011-05-12,4.041666666666667,20.0,30.956521739130434,10.956521739130435,20.5
2011-05-13,3.4166666666666665,16.695652173913043,20.782608695652176,4.086956521739131,68.91666666666667
2011-05-14,3.0869565217391304,12.652173913043478,14.782608695652174,2.130434782608696,37.708333333333336
2011-05-15,3.2916666666666665,14.826086956521738,16.52173913043478,1.6956521739130435,28.625
2011-05-16,4.083333333333333,30.0,37.26086956521739,7.260869565217392,49.416666666666664
2011-05-17,3.9166666666666665,22.565217391304348,29.08695652173913,6.521739130434782,46.416666666666664
2011-05-18,3.4583333333333335,21.75,25.791666666666668,4.041666666666667,28.458333333333332
2011-05-19,3.8333333333333335,31.25,37.541666666666664,6.291666666666667,24.583333333333332
2011-05-20,4.0,33.208333333333336,41.5,8.291666666666666,33.416666666666664
2011-05-21,3.4347826086956523,22.75,28.208333333333332,5.458333333333333,31.541666666666668
2011-05-22,2.5833333333333335,9.333333333333334,11.208333333333334,1.875,26.5
2011-05-23,3.0416666666666665,17.608695652173914,23.91304347826087,6.304347826086956,11.666666666666666
2011-05-24,3.25,28.208333333333332,39.375,11.166666666666666,12.666666666666666
2011-05-25,2.9166666666666665,18.375,26.083333333333332,7.708333333333333,16.958333333333332
2011-05-26,3.75,27.958333333333332,40.708333333333336,12.75,27.666666666666668
2011-05-27,3.7083333333333335,25.375,32.75,7.375,25.625
2011-05-28,3.875,21.208333333333332,29.125,7.916666666666667,29.041666666666668
2011-05-29,2.739130434782609,6.333333333333333,6.916666666666667,0.5833333333333334,8.208333333333334
2011-05-30,3.0416666666666665,21.782608695652176,33.391304347826086,11.608695652173912,18.666666666666668
2011-05-31,3.2083333333333335,21.333333333333332,33.5,12.166666666666666,14.083333333333334
2011-06-01,4.083333333333333,23.5,39.708333333333336,16.208333333333332,14.26086956521739
2011-06-02,4.291666666666667,31.375,47.958333333333336,16.583333333333332,15.375
2011-06-03,4.083333333333333,26.583333333333332,37.541666666666664,10.958333333333334,25.666666666666668
2011-06-04,4.041666666666667,20.166666666666668,29.75,9.583333333333334,38.208333333333336
2011-06-05,3.217391304347826,14.833333333333334,17.0,2.1666666666666665,32.5
2011-06-06,3.875,25.391304347826086,32.82608695652174,7.434782608695652,39.09090909090909
2011-06-07,4.0,26.541666666666668,32.5,5.958333333333333,27.041666666666668
2011-06-08,3.625,25.208333333333332,31.833333333333332,6.625,27.166666666666668
2011-06-09,4.0,29.208333333333332,39.625,10.416666666666666,26.416666666666668
2011-06-10,3.75,25.875,35.125,9.25,39.375
2011-06-11,3.875,19.75,26.208333333333332,6.458333333333333,37.666666666666664
2011-06-12,3.869565217391304,16.5,20.25,3.75,22.541666666666668
2011-06-13,3.5416666666666665,23.52173913043478,32.78260869565217,9.26086956521739,24.083333333333332
2011-06-14,3.375,24.875,35.666666666666664,10.791666666666666,16.375
2011-06-15,2.7916666666666665,13.583333333333334,20.875,7.291666666666667,11.666666666666666
2011-06-16,3.0833333333333335,15.875,22.083333333333332,6.208333333333333,18.708333333333332
2011-06-17,3.1666666666666665,19.916666666666668,30.041666666666668,10.125,16.708333333333332
2011-06-18,3.125,13.041666666666666,17.666666666666668,4.625,25.625
2011-06-19,3.217391304347826,10.208333333333334,12.75,2.5416666666666665,21.583333333333332
2011-06-20,4.333333333333333,24.17391304347826,33.73913043478261,9.565217391304348,23.541666666666668
2011-06-21,3.7083333333333335,21.291666666666668,41.583333333333336,20.291666666666668,16.666666666666668
2011-06-22,3.5,18.875,28.75,9.875,25.5
2011-06-23,2.4166666666666665,11.791666666666666,19.166666666666668,7.375,26.916666666666668
2011-06-24,2.2916666666666665,11.458333333333334,20.791666666666668,9.333333333333334,24.541666666666668
2011-06-25,2.8333333333333335,12.333333333333334,22.875,10.541666666666666,11.541666666666666
2011-06-26,2.2083333333333335,5.125,6.958333333333333,1.8333333333333333,12.333333333333334
2011-06-27,4.217391304347826,18.391304347826086,44.56521739130435,26.17391304347826,18.416666666666668
2011-06-28,2.3333333333333335,13.75,26.333333333333332,12.583333333333334,21.791666666666668
2011-06-29,2.875,17.416666666666668,33.75,16.333333333333332,18.916666666666668
2011-06-30,2.5833333333333335,15.125,29.916666666666668,14.791666666666666,20.416666666666668
2011-07-01,2.6666666666666665,15.666666666666666,32.5,16.833333333333332,18.208333333333332
2011-07-02,2.875,15.333333333333334,25.666666666666668,10.333333333333334,23.083333333333332
2011-07-03,3.2916666666666665,14.125,19.166666666666668,5.041666666666667,33.041666666666664
2011-07-04,2.9130434782608696,16.608695652173914,25.08695652173913,8.478260869565217,31.083333333333332
2011-07-05,3.9583333333333335,22.666666666666668,30.708333333333332,8.041666666666666,38.791666666666664
2011-07-06,3.5416666666666665,14.916666666666666,19.583333333333332,4.666666666666667,31.0
2011-07-07,3.130434782608696,17.217391304347824,25.652173913043477,8.434782608695652,21.956521739130434
2011-07-08,2.5,15.333333333333334,24.833333333333332,9.5,19.125
2011-07-09,3.125,17.416666666666668,31.625,14.208333333333334,17.541666666666668
2011-07-10,2.4166666666666665,9.416666666666666,13.958333333333334,4.541666666666667,17.541666666666668
2011-07-11,3.0434782608695654,18.347826086956523,27.869565217391305,9.521739130434783,26.875
2011-07-12,3.1666666666666665,22.791666666666668,40.0,17.208333333333332,17.125
2011-07-13,2.9166666666666665,21.5,32.666666666666664,11.166666666666666,20.791666666666668
2011-07-14,3.0416666666666665,23.541666666666668,35.541666666666664,12.0,22.791666666666668
2011-07-15,3.0833333333333335,22.541666666666668,31.708333333333332,9.166666666666666,27.0
2011-07-16,3.2083333333333335,19.458333333333332,24.791666666666668,5.333333333333333,31.25
2011-07-17,2.7916666666666665,10.0,12.541666666666666,2.5416666666666665,29.75
2011-07-18,2.4347826086956523,8.652173913043478,11.304347826086957,2.652173913043478,31.25
2011-07-19,2.5416666666666665,11.458333333333334,21.708333333333332,10.25,10.666666666666666
2011-07-20,2.5833333333333335,13.875,27.041666666666668,13.166666666666666,16.041666666666668
2011-07-21,2.375,16.625,28.5,11.875,25.5
2011-07-22,3.0833333333333335,19.708333333333332,36.375,16.666666666666668,20.083333333333332
2011-07-23,2.9583333333333335,16.041666666666668,27.666666666666668,11.625,17.82608695652174
2011-07-24,2.5,9.75,14.958333333333334,5.208333333333333,17.458333333333332
2011-07-25,3.1666666666666665,15.73913043478261,22.217391304347824,6.478260869565218,23.041666666666668
2011-07-26,3.260869565217391,18.083333333333332,29.875,11.791666666666666,21.208333333333332
2011-07-27,3.0,16.75,28.541666666666668,11.791666666666666,17.833333333333332
2011-07-28,2.7083333333333335,14.0,27.458333333333332,13.458333333333334,17.416666666666668
2011-07-29,2.0,11.625,22.958333333333332,11.333333333333334,23.833333333333332
2011-07-30,3.0,14.166666666666666,22.791666666666668,8.625,26.375
2011-07-31,3.0416666666666665,8.791666666666666,13.0,4.208333333333333,14.041666666666666
2011-08-01,3.0833333333333335,16.0,25.434782608695652,9.434782608695652,19.375
2011-08-02,3.347826086956522,17.916666666666668,27.375,9.458333333333334,25.130434782608695
2011-08-03,2.9166666666666665,9.9,16.9,7.0,19.416666666666668
2011-08-04,3.125,21.166666666666668,29.25,8.083333333333334,30.666666666666668
2011-08-05,3.4166666666666665,23.0,33.130434782608695,10.130434782608695,27.708333333333332
2011-08-06,2.875,14.625,24.833333333333332,10.208333333333334,19.458333333333332
2011-08-07,2.375,8.25,11.083333333333334,2.8333333333333335,23.583333333333332
2011-08-08,2.9583333333333335,19.625,28.5,8.875,23.583333333333332
2011-08-09,2.869565217391304,17.916666666666668,26.416666666666668,8.5,21.541666666666668
2011-08-10,2.25,14.125,24.041666666666668,9.916666666666666,25.416666666666668
2011-08-11,2.0833333333333335,14.166666666666666,24.0,9.833333333333334,26.916666666666668
2011-08-12,2.7083333333333335,15.478260869565217,24.565217391304348,9.08695652173913,29.958333333333332
2011-08-13,2.375,10.208333333333334,18.458333333333332,8.25,21.458333333333332
2011-08-14,2.7083333333333335,9.625,13.5,3.875,21.291666666666668
2011-08-15,2.4166666666666665,9.791666666666666,14.291666666666666,4.5,23.666666666666668
2011-08-16,2.8260869565217392,9.75,14.0,4.25,33.95652173913044
2011-08-17,2.7083333333333335,12.08695652173913,17.26086956521739,5.173913043478261,39.75
2011-08-18,2.7916666666666665,17.08695652173913,25.304347826086957,8.217391304347826,31.416666666666668
2011-08-19,2.7083333333333335,11.782608695652174,15.173913043478262,3.391304347826087,6.375
2011-08-20,3.1666666666666665,14.391304347826088,20.0,5.608695652173913,10.583333333333334
2011-08-21,2.5833333333333335,8.826086956521738,11.26086956521739,2.4347826086956523,6.583333333333333
2011-08-22,3.2083333333333335,14.608695652173912,22.217391304347824,7.608695652173913,11.041666666666666
2011-08-23,3.625,23.208333333333332,37.125,13.916666666666666,15.375
2011-08-24,2.739130434782609,12.625,18.0,5.375,18.333333333333332
2011-08-25,3.5,15.625,35.833333333333336,20.208333333333332,16.958333333333332
2011-08-26,2.75,14.875,27.291666666666668,12.416666666666666,8.666666666666666
2011-08-27,2.125,7.416666666666667,9.708333333333334,2.2916666666666665,13.083333333333334
2011-08-28,2.4166666666666665,7.833333333333333,10.0,2.1666666666666665,18.0
2011-08-29,2.625,12.91304347826087,17.869565217391305,4.956521739130435,20.5
2011-08-30,3.2083333333333335,17.625,25.541666666666668,7.916666666666667,29.833333333333332
2011-08-31,3.6956521739130435,16.041666666666668,22.375,6.333333333333333,38.75
2011-09-01,3.2083333333333335,12.833333333333334,17.25,4.416666666666667,23.5
2011-09-02,3.8333333333333335,16.208333333333332,28.75,12.541666666666666,19.708333333333332
2011-09-03,2.5416666666666665,7.958333333333333,13.125,5.166666666666667,13.521739130434783
2011-09-04,2.5833333333333335,6.791666666666667,11.5,4.708333333333333,8.956521739130435
2011-09-05,2.9166666666666665,19.0,30.0,11.0,11.291666666666666
2011-09-06,3.0833333333333335,23.583333333333332,35.541666666666664,11.958333333333334,11.25
2011-09-07,2.9130434782608696,16.708333333333332,22.083333333333332,5.375,13.0
2011-09-08,3.5416666666666665,26.708333333333332,33.791666666666664,7.083333333333333,16.666666666666668
2011-09-09,4.083333333333333,24.416666666666668,36.833333333333336,12.416666666666666,25.208333333333332
2011-09-10,3.125,10.791666666666666,16.208333333333332,5.416666666666667,27.833333333333332
2011-09-11,3.25,9.625,12.416666666666666,2.7916666666666665,24.25
2011-09-12,3.0,17.52173913043478,31.695652173913043,14.173913043478262,18.708333333333332
2011-09-13,3.125,20.208333333333332,32.416666666666664,12.208333333333334,12.555555555555555
2011-09-14,2.739130434782609,15.083333333333334,22.416666666666668,7.333333333333333,28.833333333333332
2011-09-15,3.25,19.291666666666668,26.875,7.583333333333333,32.708333333333336
2011-09-16,3.4583333333333335,20.791666666666668,36.041666666666664,15.25,26.166666666666668
2011-09-17,2.8333333333333335,10.625,16.708333333333332,6.083333333333333,16.375
2011-09-18,2.5833333333333335,8.916666666666666,16.625,7.708333333333333,13.208333333333334
2011-09-19,2.0,7.913043478260869,11.347826086956522,3.4347826086956523,5.782608695652174
2011-09-20,2.7083333333333335,18.208333333333332,26.875,8.666666666666666,5.791666666666667
2011-09-21,2.1666666666666665,12.291666666666666,17.125,4.833333333333333,5.416666666666667
2011-09-22,3.739130434782609,26.458333333333332,47.0,20.541666666666668,11.416666666666666
2011-09-23,3.0,14.958333333333334,22.916666666666668,7.958333333333333,7.291666666666667
2011-09-24,2.875,11.166666666666666,16.75,5.583333333333333,7.375
2011-09-25,3.2916666666666665,12.666666666666666,16.416666666666668,3.75,11.869565217391305
2011-09-26,3.75,16.52173913043478,20.956521739130434,4.434782608695652,21.416666666666668
2011-09-27,3.5416666666666665,16.875,25.458333333333332,8.583333333333334,19.041666666666668
2011-09-28,3.4761904761904763,23.083333333333332,33.083333333333336,10.0,21.416666666666668
2011-09-29,3.217391304347826,21.666666666666668,28.375,6.708333333333333,21.375
2011-09-30,3.0454545454545454,20.333333333333332,28.541666666666668,8.208333333333334,15.916666666666666
2011-10-01,2.4347826086956523,11.708333333333334,17.75,6.041666666666667,8.291666666666666
2011-10-02,3.0416666666666665,13.25,19.333333333333332,6.083333333333333,5.5
2011-10-03,2.8333333333333335,16.043478260869566,26.73913043478261,10.695652173913043,6.625
2011-10-04,2.625,13.791666666666666,21.25,7.458333333333333,7.541666666666667
2011-10-05,3.6666666666666665,19.625,30.958333333333332,11.333333333333334,13.041666666666666
2011-10-06,3.0833333333333335,20.875,27.458333333333332,6.583333333333333,15.791666666666666
2011-10-07,4.25,26.916666666666668,40.375,13.458333333333334,24.125
2011-10-08,4.166666666666667,16.958333333333332,21.375,4.416666666666667,30.75
2011-10-09,4.782608695652174,14.5,17.166666666666668,2.6666666666666665,30.625
2011-10-10,4.458333333333333,17.434782608695652,22.956521739130434,5.521739130434782,33.041666666666664
2011-10-11,4.041666666666667,18.708333333333332,24.625,5.916666666666667,30.208333333333332
2011-10-12,4.583333333333333,28.25,42.708333333333336,14.458333333333334,22.541666666666668
2011-10-13,4.375,23.25,34.5,11.25,22.90909090909091
2011-10-14,4.958333333333333,29.333333333333332,47.041666666666664,17.708333333333332,29.666666666666668
2011-10-15,4.375,22.0,31.0,9.0,18.416666666666668
2011-10-16,3.217391304347826,9.125,10.583333333333334,1.4583333333333333,22.666666666666668
2011-10-17,3.4583333333333335,18.0,24.434782608695652,6.434782608695652,21.541666666666668
2011-10-18,2.7916666666666665,16.541666666666668,23.75,7.208333333333333,15.416666666666666
2011-10-19,2.9166666666666665,17.083333333333332,24.791666666666668,7.708333333333333,12.791666666666666
2011-10-20,3.5416666666666665,22.833333333333332,34.875,12.041666666666666,17.916666666666668
2011-10-21,3.875,20.291666666666668,31.583333333333332,11.291666666666666,19.166666666666668
2011-10-22,3.8333333333333335,18.25,27.583333333333332,9.333333333333334,17.458333333333332
2011-10-23,3.0,14.416666666666666,20.958333333333332,6.541666666666667,10.25
2011-10-24,3.4583333333333335,22.043478260869566,37.08695652173913,15.043478260869565,10.166666666666666
2011-10-25,3.1666666666666665,16.375,25.166666666666668,8.791666666666666,16.125
2011-10-26,3.9166666666666665,13.541666666666666,20.458333333333332,6.916666666666667,12.5
2011-10-27,4.0,20.375,34.666666666666664,14.291666666666666,14.291666666666666
2011-10-28,4.25,26.916666666666668,41.125,14.208333333333334,16.333333333333332
2011-10-29,3.1666666666666665,13.833333333333334,18.5,4.666666666666667,17.0
2011-10-30,4.260869565217392,17.083333333333332,25.041666666666668,7.958333333333333,23.333333333333332
2011-10-31,3.2083333333333335,21.52173913043478,33.04347826086956,11.521739130434783,9.25
2011-11-01,3.7083333333333335,18.958333333333332,29.833333333333332,10.875,13.956521739130435
2011-11-02,5.291666666666667,32.166666666666664,68.29166666666667,36.125,16.916666666666668
2011-11-03,3.625,19.875,28.125,8.25,18.333333333333332
2011-11-04,4.166666666666667,20.0,33.166666666666664,13.166666666666666,27.375
2011-11-05,5.583333333333333,25.375,48.416666666666664,23.041666666666668,24.791666666666668
2011-11-06,3.7916666666666665,16.75,25.208333333333332,8.458333333333334,8.583333333333334
2011-11-07,3.608695652173913,21.0,38.47826086956522,17.47826086956522,13.875
2011-11-08,3.375,20.0,33.708333333333336,13.708333333333334,10.25
2011-11-09,3.375,21.833333333333332,35.666666666666664,13.833333333333334,9.958333333333334
2011-11-10,3.375,24.875,41.0,16.125,10.708333333333334
2011-11-11,4.916666666666667,26.208333333333332,56.166666666666664,29.958333333333332,15.166666666666666
2011-11-12,3.9583333333333335,18.333333333333332,30.291666666666668,11.958333333333334,6.25
2011-11-13,4.166666666666667,17.958333333333332,22.833333333333332,4.875,17.958333333333332
2011-11-14,5.260869565217392,24.91304347826087,37.78260869565217,12.869565217391305,31.666666666666668
2011-11-15,3.347826086956522,16.75,27.083333333333332,10.333333333333334,9.916666666666666
2011-11-16,2.9166666666666665,17.166666666666668,26.75,9.583333333333334,9.75
2011-11-17,4.291666666666667,24.916666666666668,40.625,15.708333333333334,17.166666666666668
2011-11-18,6.375,28.208333333333332,59.916666666666664,31.708333333333332,15.291666666666666
2011-11-19,5.458333333333333,25.5,59.0,33.5,12.708333333333334
2011-11-20,3.5416666666666665,11.541666666666666,18.333333333333332,6.791666666666667,11.583333333333334
2011-11-21,3.0434782608695654,20.26086956521739,35.73913043478261,15.478260869565217,6.041666666666667
2011-11-22,3.5416666666666665,18.0,26.333333333333332,8.333333333333334,5.375
2011-11-23,2.5416666666666665,,,,7.791666666666667
2011-11-24,2.625,,,,9.625
2011-11-25,3.5,22.583333333333332,36.333333333333336,13.75,5.25
2011-11-26,3.7916666666666665,20.5,32.208333333333336,11.708333333333334,6.583333333333333
2011-11-27,4.416666666666667,20.666666666666668,34.208333333333336,13.541666666666666,10.166666666666666
2011-11-28,9.0,39.130434782608695,97.34782608695652,58.21739130434783,37.833333333333336
2011-11-29,7.208333333333333,36.916666666666664,88.125,51.208333333333336,30.166666666666668
2011-11-30,3.125,13.5,20.708333333333332,7.208333333333333,9.666666666666666
2011-12-01,3.0416666666666665,18.75,30.125,11.375,3.130434782608696
2011-12-02,3.1666666666666665,17.125,27.041666666666668,9.916666666666666,4.708333333333333
2011-12-03,4.666666666666667,21.958333333333332,55.916666666666664,33.958333333333336,11.625
2011-12-04,3.0833333333333335,11.5,17.083333333333332,5.583333333333333,5.75
2011-12-05,4.0,25.083333333333332,47.125,22.041666666666668,10.916666666666666
2011-12-06,4.782608695652174,27.208333333333332,57.041666666666664,29.833333333333332,12.666666666666666
2011-12-07,3.75,18.416666666666668,29.0,10.583333333333334,9.458333333333334
2011-12-08,4.208333333333333,20.541666666666668,35.916666666666664,15.375,7.583333333333333
2011-12-09,3.9583333333333335,17.08695652173913,30.956521739130434,13.869565217391305,4.25
2011-12-10,3.4583333333333335,15.958333333333334,26.75,10.791666666666666,6.041666666666667
2011-12-11,3.0,9.25,12.0,2.75,7.541666666666667
2011-12-12,4.041666666666667,21.82608695652174,34.26086956521739,12.434782608695652,13.208333333333334
2011-12-13,3.260869565217391,15.291666666666666,21.125,5.833333333333333,8.565217391304348
2011-12-14,4.458333333333333,21.666666666666668,33.75,12.083333333333334,9.416666666666666
2011-12-15,3.9166666666666665,20.541666666666668,35.666666666666664,15.125,19.125
2011-12-16,3.7083333333333335,18.791666666666668,35.833333333333336,17.041666666666668,4.708333333333333
2011-12-17,4.208333333333333,20.208333333333332,34.583333333333336,14.375,4.833333333333333
2011-12-18,3.0416666666666665,12.916666666666666,18.75,5.833333333333333,1.7916666666666667
2011-12-19,4.166666666666667,21.391304347826086,37.91304347826087,16.52173913043478,3.2916666666666665
2011-12-20,3.782608695652174,15.583333333333334,21.75,6.166666666666667,7.125
2011-12-21,3.625,15.708333333333334,21.166666666666668,5.458333333333333,11.416666666666666
2011-12-22,4.333333333333333,17.041666666666668,26.125,9.083333333333334,15.166666666666666
2011-12-23,3.2916666666666665,14.916666666666666,25.375,10.458333333333334,5.208333333333333
2011-12-24,3.625,14.166666666666666,21.833333333333332,7.666666666666667,4.833333333333333
2011-12-25,3.4166666666666665,13.458333333333334,22.833333333333332,9.375,4.916666666666667
2011-12-26,3.0833333333333335,15.869565217391305,33.47826086956522,17.608695652173914,6.125
2011-12-27,4.478260869565218,25.0,45.875,20.875,5.0
2011-12-28,4.458333333333333,19.791666666666668,27.916666666666668,8.125,7.041666666666667
2011-12-29,4.416666666666667,17.625,25.708333333333332,8.083333333333334,12.541666666666666
2011-12-30,3.5,13.5,20.791666666666668,7.291666666666667,8.625
2011-12-31,3.7916666666666665,13.166666666666666,17.833333333333332,4.666666666666667,8.083333333333334
2012-01-01,2.9583333333333335,6.125,7.458333333333333,1.3333333333333333,
2012-01-02,3.5,6.478260869565218,9.782608695652174,3.3043478260869565,
2012-01-03,2.7916666666666665,6.416666666666667,10.5,4.083333333333333,
2012-01-04,3.375,12.166666666666666,18.208333333333332,6.041666666666667,
2012-01-05,4.173913043478261,22.25,32.291666666666664,10.041666666666666,
2012-01-06,3.4583333333333335,13.833333333333334,18.5,4.666666666666667,
2012-01-07,4.208333333333333,22.5,39.041666666666664,16.541666666666668,
2012-01-08,3.3333333333333335,16.583333333333332,24.625,8.041666666666666,
2012-01-09,3.3333333333333335,16.73913043478261,26.956521739130434,10.217391304347826,
2012-01-10,3.7916666666666665,23.0,37.875,14.875,
2012-01-11,4.0,26.25,46.208333333333336,19.958333333333332,
2012-01-12,3.260869565217391,15.708333333333334,24.833333333333332,9.125,
2012-01-13,4.5,11.208333333333334,14.541666666666666,3.3333333333333335,
2012-01-14,4.791666666666667,16.458333333333332,22.666666666666668,6.208333333333333,
2012-01-15,5.125,25.958333333333332,45.291666666666664,19.333333333333332,
2012-01-16,3.5416666666666665,22.91304347826087,37.69565217391305,14.782608695652174,
2012-01-17,4.125,25.083333333333332,41.666666666666664,16.583333333333332,
2012-01-18,2.9166666666666665,19.5,35.583333333333336,16.083333333333332,
2012-01-19,4.0,18.333333333333332,26.375,8.041666666666666,
2012-01-20,5.260869565217392,18.166666666666668,24.666666666666668,6.5,
2012-01-21,5.583333333333333,29.916666666666668,48.75,18.833333333333332,
2012-01-22,4.875,28.75,51.125,22.375,
2012-01-23,4.916666666666667,29.043478260869566,51.47826086956522,22.434782608695652,
2012-01-24,3.9166666666666665,19.208333333333332,30.916666666666668,11.708333333333334,
2012-01-25,3.0833333333333335,12.458333333333334,22.875,10.416666666666666,
2012-01-26,2.75,8.5,15.5,7.0,
2012-01-27,3.9130434782608696,17.041666666666668,24.583333333333332,7.541666666666667,
2012-01-28,4.5,22.625,36.833333333333336,14.208333333333334,
2012-01-29,4.545454545454546,28.958333333333332,49.208333333333336,20.25,
2012-01-30,7.25,36.21739130434783,64.52173913043478,28.304347826086957,
2012-01-31,6.583333333333333,39.041666666666664,70.41666666666667,31.375,
2012-02-01,5.541666666666667,35.791666666666664,56.208333333333336,20.416666666666668,
2012-02-02,4.291666666666667,19.291666666666668,29.833333333333332,10.541666666666666,
2012-02-03,3.782608695652174,13.75,18.666666666666668,4.916666666666667,
2012-02-04,4.708333333333333,28.583333333333332,47.5,18.916666666666668,
2012-02-05,3.25,14.416666666666666,21.75,7.333333333333333,
2012-02-06,3.625,20.391304347826086,29.391304347826086,9.0,
2012-02-07,3.4583333333333335,15.333333333333334,24.5,9.166666666666666,
2012-02-08,3.2916666666666665,19.791666666666668,36.458333333333336,16.666666666666668,
2012-02-09,4.083333333333333,20.541666666666668,30.333333333333332,9.791666666666666,
2012-02-10,3.4782608695652173,9.833333333333334,13.166666666666666,3.3333333333333335,
2012-02-11,4.375,16.791666666666668,25.5,8.708333333333334,
2012-02-12,4.375,22.875,34.791666666666664,11.916666666666666,
2012-02-13,4.458333333333333,24.347826086956523,37.52173913043478,13.173913043478262,
2012-02-14,4.958333333333333,31.208333333333332,53.541666666666664,22.333333333333332,
2012-02-15,4.5,24.666666666666668,39.875,15.208333333333334,
2012-02-16,3.625,16.875,28.083333333333332,11.208333333333334,
2012-02-17,3.6666666666666665,14.333333333333334,19.916666666666668,5.583333333333333,
2012-02-18,5.565217391304348,32.5,60.708333333333336,28.208333333333332,
2012-02-19,3.8333333333333335,25.130434782608695,39.82608695652174,14.695652173913043,
2012-02-20,3.375,21.52173913043478,33.608695652173914,12.08695652173913,
2012-02-21,4.041666666666667,28.304347826086957,46.08695652173913,17.782608695652176,
2012-02-22,3.9166666666666665,14.956521739130435,21.26086956521739,6.304347826086956,
2012-02-23,4.041666666666667,20.458333333333332,30.25,9.791666666666666,
2012-02-24,2.6666666666666665,8.0,13.666666666666666,5.666666666666667,
2012-02-25,3.4347826086956523,20.458333333333332,31.166666666666668,10.708333333333334,
2012-02-26,3.5833333333333335,23.375,36.708333333333336,13.333333333333334,
2012-02-27,4.625,28.217391304347824,42.47826086956522,14.26086956521739,
2012-02-28,4.75,29.791666666666668,43.458333333333336,13.666666666666666,
2012-03-01,4.458333333333333,25.375,42.5,17.125,
2012-03-02,3.75,15.666666666666666,23.625,7.958333333333333,
2012-03-03,3.1666666666666665,14.625,19.416666666666668,4.791666666666667,
2012-03-04,4.130434782608695,23.041666666666668,34.041666666666664,11.0,
2012-03-05,4.5,24.833333333333332,34.458333333333336,9.625,
2012-03-06,5.166666666666667,26.391304347826086,41.91304347826087,15.521739130434783,
2012-03-07,6.208333333333333,29.0,51.5,22.5,
2012-03-08,4.416666666666667,19.458333333333332,24.666666666666668,5.208333333333333,
2012-03-09,4.833333333333333,27.416666666666668,37.041666666666664,9.625,
2012-03-10,3.75,11.166666666666666,15.833333333333334,4.666666666666667,
2012-03-11,3.347826086956522,18.458333333333332,25.958333333333332,7.5,
2012-03-12,4.333333333333333,30.125,45.5,15.375,
2012-03-13,3.5416666666666665,15.173913043478262,26.565217391304348,11.391304347826088,
2012-03-14,3.4166666666666665,18.333333333333332,26.125,7.791666666666667,
2012-03-15,4.25,27.80952380952381,40.714285714285715,12.904761904761905,
2012-03-16,4.583333333333333,21.666666666666668,37.583333333333336,15.916666666666666,
2012-03-17,5.375,22.083333333333332,28.75,6.666666666666667,
2012-03-18,2.6666666666666665,13.208333333333334,16.916666666666668,3.7083333333333335,
2012-03-19,4.130434782608695,21.0,28.25,7.25,
2012-03-20,4.125,18.304347826086957,25.91304347826087,7.608695652173913,
2012-03-21,3.7916666666666665,21.25,34.0,12.75,
2012-03-22,4.25,26.875,41.291666666666664,14.416666666666666,
2012-03-23,3.5833333333333335,14.833333333333334,20.541666666666668,5.708333333333333,
2012-03-24,3.625,13.708333333333334,17.125,3.4166666666666665,
2012-03-25,4.208333333333333,22.416666666666668,32.833333333333336,10.416666666666666,
2012-03-26,3.5652173913043477,19.565217391304348,28.782608695652176,9.217391304347826,
2012-03-27,4.083333333333333,26.217391304347824,35.608695652173914,9.391304347826088,
2012-03-28,4.916666666666667,39.708333333333336,75.375,35.666666666666664,
2012-03-29,3.347826086956522,15.772727272727273,19.59090909090909,3.8181818181818183,
2012-03-30,2.6666666666666665,9.041666666666666,11.5,2.4583333333333335,
2012-03-31,2.7916666666666665,13.0,16.666666666666668,3.6666666666666665,
2012-04-01,3.125,11.125,14.875,3.75,
2012-04-02,3.7916666666666665,23.125,34.625,11.5,
2012-04-03,4.208333333333333,25.5,45.166666666666664,19.666666666666668,
2012-04-04,3.0833333333333335,14.333333333333334,21.125,6.791666666666667,
2012-04-05,4.208333333333333,17.91304347826087,23.17391304347826,5.260869565217392,
2012-04-06,3.75,21.125,29.75,8.625,
2012-04-07,3.739130434782609,17.541666666666668,25.5,7.958333333333333,
2012-04-08,3.625,9.041666666666666,11.5,2.4583333333333335,
2012-04-09,4.458333333333333,19.833333333333332,23.875,4.041666666666667,
2012-04-10,5.291666666666667,36.833333333333336,52.375,15.541666666666666,
2012-04-11,3.75,22.583333333333332,35.0,12.416666666666666,
2012-04-12,4.166666666666667,25.347826086956523,34.56521739130435,9.217391304347826,
2012-04-13,3.9583333333333335,21.333333333333332,30.0,8.666666666666666,
2012-04-14,3.4782608695652173,18.5,29.25,10.75,
2012-04-15,3.3333333333333335,12.916666666666666,16.0,3.0833333333333335,
2012-04-16,4.166666666666667,25.666666666666668,34.958333333333336,9.291666666666666,
2012-04-17,4.125,30.333333333333332,44.708333333333336,14.375,
2012-04-18,3.1666666666666665,13.625,18.833333333333332,5.208333333333333,
2012-04-19,3.2083333333333335,17.565217391304348,24.608695652173914,7.043478260869565,
2012-04-20,3.9166666666666665,26.541666666666668,36.5,9.958333333333334,
2012-04-21,3.391304347826087,16.291666666666668,22.791666666666668,6.5,
2012-04-22,4.416666666666667,25.5,34.875,9.375,
2012-04-23,4.416666666666667,24.458333333333332,33.416666666666664,8.958333333333334,
2012-04-24,4.958333333333333,25.833333333333332,31.75,5.916666666666667,
2012-04-25,5.166666666666667,23.125,29.583333333333332,6.458333333333333,
2012-04-26,4.625,34.91304347826087,52.43478260869565,17.52173913043478,
2012-04-27,3.5,19.458333333333332,28.375,8.916666666666666,
2012-04-28,4.166666666666667,24.916666666666668,32.041666666666664,7.125,
2012-04-29,4.304347826086956,19.5,22.041666666666668,2.5416666666666665,
2012-04-30,4.416666666666667,22.625,28.583333333333332,5.958333333333333,
2012-05-01,4.5,29.625,36.416666666666664,6.791666666666667,
2012-05-02,4.541666666666667,27.5,37.5,10.0,
2012-05-03,3.0833333333333335,12.0,15.173913043478262,3.1739130434782608,
2012-05-04,2.7083333333333335,7.166666666666667,9.75,2.5833333333333335,
2012-05-05,3.375,9.041666666666666,10.458333333333334,1.4166666666666667,
2012-05-06,3.391304347826087,12.5,14.375,1.875,
2012-05-07,3.4583333333333335,21.375,25.5,4.125,
2012-05-08,4.375,30.0,39.041666666666664,9.041666666666666,
2012-05-09,3.7916666666666665,21.75,27.041666666666668,5.291666666666667,
2012-05-10,3.125,22.565217391304348,32.391304347826086,9.826086956521738,
2012-05-11,2.9583333333333335,23.208333333333332,38.25,15.041666666666666,
2012-05-12,2.5,14.416666666666666,20.875,6.458333333333333,
2012-05-13,2.608695652173913,9.375,12.083333333333334,2.7083333333333335,
2012-05-14,3.2083333333333335,22.875,32.125,9.25,
2012-05-15,4.333333333333333,36.208333333333336,60.583333333333336,24.375,
2012-05-16,4.125,26.708333333333332,31.875,5.166666666666667,
2012-05-17,4.458333333333333,25.52173913043478,32.52173913043478,7.0,
2012-05-18,3.625,17.666666666666668,21.666666666666668,4.0,
2012-05-19,3.625,16.083333333333332,20.208333333333332,4.125,
2012-05-20,3.6956521739130435,11.583333333333334,13.75,2.1666666666666665,
2012-05-21,4.291666666666667,28.227272727272727,37.86363636363637,9.636363636363637,
2012-05-22,3.625,22.956521739130434,29.26086956521739,6.304347826086956,
2012-05-23,3.1666666666666665,18.565217391304348,23.391304347826086,4.826086956521739,
2012-05-24,4.125,32.04347826086956,43.91304347826087,11.869565217391305,
2012-05-25,4.333333333333333,28.347826086956523,36.608695652173914,8.26086956521739,
2012-05-26,3.9166666666666665,18.541666666666668,24.416666666666668,5.875,
2012-05-27,3.9166666666666665,15.666666666666666,18.291666666666668,2.625,
2012-05-28,5.0,26.916666666666668,36.791666666666664,9.875,
2012-05-29,3.1666666666666665,20.75,28.166666666666668,7.416666666666667,
2012-05-30,2.7916666666666665,12.875,17.541666666666668,4.666666666666667,
2012-05-31,3.0,11.833333333333334,15.333333333333334,3.5,
2012-06-01,3.5,20.217391304347824,27.82608695652174,7.608695652173913,
2012-06-02,3.0416666666666665,14.875,21.291666666666668,6.416666666666667,
2012-06-03,3.3333333333333335,12.0,14.875,2.875,
2012-06-04,3.4782608695652173,22.375,31.166666666666668,8.791666666666666,
2012-06-05,4.041666666666667,29.791666666666668,42.541666666666664,12.75,
2012-06-06,3.5416666666666665,23.375,32.458333333333336,9.083333333333334,
2012-06-07,3.5,18.708333333333332,24.083333333333332,5.375,
2012-06-08,4.0,23.217391304347824,28.73913043478261,5.521739130434782,
2012-06-09,4.083333333333333,26.583333333333332,36.208333333333336,9.625,
2012-06-10,2.8333333333333335,13.5,17.708333333333332,4.208333333333333,
2012-06-11,3.0869565217391304,17.0,24.625,7.625,
2012-06-12,4.041666666666667,24.625,36.5,11.875,
2012-06-13,3.5833333333333335,23.125,31.833333333333332,8.708333333333334,
2012-06-14,3.2916666666666665,18.291666666666668,26.25,7.958333333333333,
2012-06-15,3.4583333333333335,20.956521739130434,28.130434782608695,7.173913043478261,
2012-06-16,3.3333333333333335,16.333333333333332,25.333333333333332,9.0,
2012-06-17,3.375,17.166666666666668,22.708333333333332,5.541666666666667,
2012-06-18,3.4782608695652173,22.625,33.083333333333336,10.458333333333334,
2012-06-19,3.125,18.083333333333332,24.666666666666668,6.583333333333333,
2012-06-20,2.75,15.708333333333334,19.75,4.041666666666667,
2012-06-21,3.0416666666666665,23.708333333333332,36.708333333333336,13.0,
2012-06-22,2.6666666666666665,20.347826086956523,32.47826086956522,12.130434782608695,
2012-06-23,2.4583333333333335,18.75,28.541666666666668,9.791666666666666,
2012-06-24,2.0,5.333333333333333,6.666666666666667,1.3333333333333333,
2012-06-25,2.125,11.166666666666666,17.416666666666668,6.25,
2012-06-26,2.869565217391304,17.916666666666668,28.208333333333332,10.291666666666666,
2012-06-27,3.125,21.666666666666668,31.0,9.333333333333334,
2012-06-28,3.2916666666666665,20.75,27.958333333333332,7.208333333333333,
2012-06-29,3.5416666666666665,23.17391304347826,31.782608695652176,8.608695652173912,
2012-06-30,3.5,19.833333333333332,25.958333333333332,6.125,
2012-07-01,3.2083333333333335,14.75,21.5,6.75,
2012-07-02,3.1666666666666665,21.791666666666668,33.958333333333336,12.166666666666666,
2012-07-03,4.304347826086956,24.375,42.75,18.375,
2012-07-04,3.4166666666666665,20.25,28.458333333333332,8.208333333333334,
2012-07-05,3.0416666666666665,17.083333333333332,23.291666666666668,6.208333333333333,
2012-07-06,3.4583333333333335,19.434782608695652,31.956521739130434,12.521739130434783,
2012-07-07,2.9166666666666665,13.125,18.166666666666668,5.041666666666667,
2012-07-08,3.4166666666666665,15.25,21.0,5.75,
2012-07-09,3.1666666666666665,15.041666666666666,23.541666666666668,8.5,
2012-07-10,3.6956521739130435,18.666666666666668,26.625,7.958333333333333,
2012-07-11,3.7916666666666665,24.291666666666668,34.458333333333336,10.166666666666666,
2012-07-12,2.7916666666666665,13.541666666666666,21.583333333333332,8.041666666666666,
2012-07-13,4.958333333333333,29.0,45.391304347826086,16.391304347826086,
2012-07-14,4.541666666666667,20.583333333333332,35.583333333333336,15.0,
2012-07-15,3.5833333333333335,13.583333333333334,19.958333333333332,6.375,
2012-07-16,2.4166666666666665,11.333333333333334,20.958333333333332,9.625,
2012-07-17,2.739130434782609,18.583333333333332,33.333333333333336,14.75,
2012-07-18,2.625,18.333333333333332,29.875,11.541666666666666,
2012-07-19,3.0,22.208333333333332,32.75,10.541666666666666,
2012-07-20,3.125,22.17391304347826,37.391304347826086,15.217391304347826,
2012-07-21,3.1666666666666665,17.041666666666668,26.75,9.708333333333334,
2012-07-22,3.2916666666666665,13.708333333333334,19.458333333333332,5.75,
2012-07-23,3.4583333333333335,17.75,27.083333333333332,9.333333333333334,
2012-07-24,3.909090909090909,23.217391304347824,34.95652173913044,11.73913043478261,
2012-07-25,3.4782608695652173,18.375,27.25,8.875,
2012-07-26,3.4166666666666665,20.583333333333332,33.958333333333336,13.375,
2012-07-27,3.4166666666666665,21.82608695652174,34.69565217391305,12.869565217391305,
2012-07-28,3.2916666666666665,15.5,28.125,12.625,
2012-07-29,2.9166666666666665,12.041666666666666,16.25,4.208333333333333,
2012-07-30,3.1666666666666665,16.458333333333332,23.416666666666668,6.958333333333333,
2012-07-31,3.0,19.75,30.708333333333332,10.958333333333334,
2012-08-01,2.782608695652174,14.916666666666666,20.125,5.208333333333333,
2012-08-02,2.4583333333333335,14.208333333333334,20.375,6.166666666666667,
2012-08-03,2.6666666666666665,16.52173913043478,22.956521739130434,6.434782608695652,
2012-08-04,2.8333333333333335,15.083333333333334,21.416666666666668,6.333333333333333,
2012-08-05,2.375,8.541666666666666,10.833333333333334,2.2916666666666665,
2012-08-06,2.2083333333333335,12.208333333333334,18.666666666666668,6.458333333333333,
2012-08-07,2.4166666666666665,14.75,20.791666666666668,6.041666666666667,
2012-08-08,2.9130434782608696,17.583333333333332,26.541666666666668,8.958333333333334,
2012-08-09,3.125,16.458333333333332,25.458333333333332,9.0,
2012-08-10,3.75,20.727272727272727,28.40909090909091,7.681818181818182,
2012-08-11,4.375,21.043478260869566,27.73913043478261,6.695652173913044,
2012-08-12,3.4583333333333335,11.347826086956522,15.434782608695652,4.086956521739131,
2012-08-13,2.75,10.478260869565217,17.347826086956523,6.869565217391305,
2012-08-14,2.5833333333333335,7.913043478260869,10.826086956521738,2.9130434782608696,
2012-08-15,2.608695652173913,8.73913043478261,15.26086956521739,6.521739130434782,
2012-08-16,2.375,9.652173913043478,18.130434782608695,8.478260869565217,
2012-08-17,2.6666666666666665,12.956521739130435,25.47826086956522,12.521739130434783,
2012-08-18,2.6666666666666665,13.565217391304348,20.565217391304348,7.0,
2012-08-19,2.4166666666666665,8.26086956521739,12.652173913043478,4.391304347826087,
2012-08-20,2.75,16.869565217391305,25.608695652173914,8.73913043478261,
2012-08-21,2.875,18.434782608695652,26.652173913043477,8.217391304347826,
2012-08-22,2.5416666666666665,14.782608695652174,22.695652173913043,7.913043478260869,
2012-08-23,2.217391304347826,13.708333333333334,22.041666666666668,8.333333333333334,
2012-08-24,2.5833333333333335,17.608695652173914,27.869565217391305,10.26086956521739,
2012-08-25,2.5416666666666665,12.458333333333334,18.083333333333332,5.625,
2012-08-26,2.4583333333333335,8.166666666666666,11.25,3.0833333333333335,
2012-08-27,2.4166666666666665,14.125,22.166666666666668,8.041666666666666,
2012-08-28,2.9166666666666665,19.208333333333332,29.708333333333332,10.5,
2012-08-29,2.2916666666666665,13.333333333333334,21.208333333333332,7.875,
2012-08-30,2.9565217391304346,18.416666666666668,30.458333333333332,12.041666666666666,
2012-08-31,2.875,17.52173913043478,28.217391304347824,10.695652173913043,
2012-09-01,2.8333333333333335,13.208333333333334,20.666666666666668,7.458333333333333,
2012-09-02,2.5416666666666665,9.541666666666666,13.75,4.208333333333333,
2012-09-03,3.2083333333333335,17.333333333333332,28.25,10.916666666666666,
2012-09-04,3.5,19.5,32.875,13.375,
2012-09-05,3.5416666666666665,23.583333333333332,33.666666666666664,10.083333333333334,
2012-09-06,3.5652173913043477,23.25,32.833333333333336,9.583333333333334,
2012-09-07,3.2083333333333335,19.26086956521739,28.52173913043478,9.26086956521739,
2012-09-08,3.3333333333333335,15.541666666666666,22.375,6.833333333333333,
2012-09-09,3.0,8.958333333333334,14.25,5.291666666666667,
2012-09-10,2.625,13.5,23.208333333333332,9.708333333333334,
2012-09-11,3.5416666666666665,21.916666666666668,35.458333333333336,13.541666666666666,
2012-09-12,3.1818181818181817,16.875,25.333333333333332,8.458333333333334,
2012-09-13,3.739130434782609,23.416666666666668,32.791666666666664,9.375,
2012-09-14,3.4166666666666665,20.043478260869566,26.956521739130434,6.913043478260869,
2012-09-15,2.9166666666666665,14.375,21.041666666666668,6.666666666666667,
2012-09-16,2.4583333333333335,6.833333333333333,9.416666666666666,2.5833333333333335,
2012-09-17,2.7083333333333335,12.75,22.291666666666668,9.541666666666666,
2012-09-18,3.652173913043478,17.5,37.625,20.125,
2012-09-19,3.0833333333333335,22.0,33.083333333333336,11.083333333333334,
2012-09-20,3.8333333333333335,24.208333333333332,33.166666666666664,8.958333333333334,
2012-09-21,3.5833333333333335,18.869565217391305,27.17391304347826,8.304347826086957,
2012-09-22,3.6666666666666665,14.791666666666666,20.875,6.083333333333333,
2012-09-23,3.0833333333333335,12.25,15.208333333333334,2.9583333333333335,
2012-09-24,3.0833333333333335,19.125,26.625,7.5,
2012-09-25,3.1666666666666665,20.333333333333332,31.541666666666668,11.208333333333334,
2012-09-26,3.5217391304347827,22.0,34.458333333333336,12.458333333333334,
2012-09-27,3.5416666666666665,21.75,31.375,9.625,
2012-09-28,3.6666666666666665,21.565217391304348,31.26086956521739,9.695652173913043,
2012-09-29,3.5416666666666665,18.708333333333332,27.0,8.291666666666666,
2012-09-30,3.5416666666666665,13.75,18.541666666666668,4.791666666666667,
2012-10-01,4.125,22.458333333333332,35.958333333333336,13.5,
2012-10-02,4.083333333333333,20.833333333333332,32.75,11.916666666666666,
2012-10-03,3.4347826086956523,15.833333333333334,24.583333333333332,8.75,
2012-10-04,3.3333333333333335,19.75,31.375,11.625,
2012-10-05,3.125,20.869565217391305,32.34782608695652,11.478260869565217,
2012-10-06,4.375,18.958333333333332,31.875,12.916666666666666,
2012-10-07,2.9166666666666665,9.75,12.625,2.875,
2012-10-08,3.375,13.458333333333334,19.166666666666668,5.708333333333333,
2012-10-09,3.0416666666666665,17.25,26.875,9.625,
2012-10-10,3.782608695652174,22.166666666666668,31.875,9.708333333333334,
2012-10-11,3.6666666666666665,19.791666666666668,27.208333333333332,7.416666666666667,
2012-10-12,3.5833333333333335,19.130434782608695,30.565217391304348,11.434782608695652,
2012-10-13,3.9166666666666665,16.291666666666668,23.25,6.958333333333333,
2012-10-14,4.125,15.083333333333334,19.416666666666668,4.333333333333333,
2012-10-15,4.25,19.666666666666668,27.333333333333332,7.666666666666667,
2012-10-16,3.4166666666666665,18.791666666666668,26.458333333333332,7.666666666666667,
2012-10-17,4.869565217391305,34.458333333333336,64.75,30.291666666666668,
2012-10-18,3.375,18.375,26.291666666666668,7.916666666666667,
2012-10-19,3.2083333333333335,17.652173913043477,26.217391304347824,8.565217391304348,
2012-10-20,3.7083333333333335,15.25,20.875,5.625,
2012-10-21,3.9583333333333335,14.208333333333334,16.75,2.5416666666666665,
2012-10-22,3.7916666666666665,20.083333333333332,26.875,6.791666666666667,
2012-10-23,2.9166666666666665,12.041666666666666,16.208333333333332,4.166666666666667,
2012-10-24,3.7083333333333335,23.625,39.5,15.875,
2012-10-25,3.652173913043478,18.916666666666668,25.416666666666668,6.5,
2012-10-26,4.0,22.652173913043477,31.304347826086957,8.652173913043478,
2012-10-27,4.083333333333333,21.166666666666668,29.541666666666668,8.375,
2012-10-28,3.6666666666666665,15.0,20.541666666666668,5.541666666666667,
2012-10-29,3.625,18.541666666666668,31.625,13.083333333333334,
2012-10-30,3.25,16.291666666666668,26.041666666666668,9.75,
2012-10-31,3.7916666666666665,23.291666666666668,42.541666666666664,19.25,
2012-11-01,2.869565217391304,11.958333333333334,16.75,4.791666666666667,
2012-11-02,3.0416666666666665,18.695652173913043,32.17391304347826,13.478260869565217,
2012-11-03,3.7083333333333335,15.916666666666666,21.916666666666668,6.0,
2012-11-04,3.4583333333333335,13.041666666666666,18.5,5.458333333333333,
2012-11-05,6.291666666666667,30.375,65.125,34.75,
2012-11-06,4.666666666666667,21.666666666666668,34.625,12.958333333333334,
2012-11-07,4.458333333333333,15.791666666666666,20.291666666666668,4.5,
2012-11-08,4.478260869565218,22.208333333333332,34.833333333333336,12.625,
2012-11-09,4.666666666666667,26.26086956521739,41.78260869565217,15.521739130434783,
2012-11-10,3.5,18.041666666666668,28.833333333333332,10.791666666666666,
2012-11-11,4.791666666666667,19.958333333333332,35.375,15.416666666666666,
2012-11-12,3.75,15.5,22.083333333333332,6.583333333333333,
2012-11-13,3.2083333333333335,14.458333333333334,19.791666666666668,5.333333333333333,
2012-11-14,3.5416666666666665,17.208333333333332,27.916666666666668,10.708333333333334,
2012-11-15,4.913043478260869,21.583333333333332,34.125,12.541666666666666,
2012-11-16,4.708333333333333,24.130434782608695,46.21739130434783,22.08695652173913,
2012-11-17,4.125,19.125,29.041666666666668,9.916666666666666,
2012-11-18,3.625,10.625,15.791666666666666,5.166666666666667,
2012-11-19,3.9583333333333335,18.125,31.958333333333332,13.833333333333334,
2012-11-20,3.6666666666666665,18.083333333333332,30.75,12.666666666666666,
2012-11-21,3.5,17.666666666666668,30.083333333333332,12.416666666666666,
2012-11-22,5.208333333333333,23.333333333333332,49.416666666666664,26.083333333333332,
2012-11-23,4.173913043478261,21.52173913043478,42.82608695652174,21.304347826086957,
2012-11-24,3.4166666666666665,18.416666666666668,29.041666666666668,10.625,
2012-11-25,3.9166666666666665,19.666666666666668,33.041666666666664,13.375,
2012-11-26,4.541666666666667,28.541666666666668,60.958333333333336,32.416666666666664,
2012-11-27,3.125,17.333333333333332,32.625,15.291666666666666,
2012-11-28,3.3333333333333335,19.88888888888889,37.77777777777778,17.88888888888889,
2012-11-29,4.25,,,,
2012-11-30,5.043478260869565,,,,
2012-12-01,3.4166666666666665,13.695652173913043,35.04347826086956,21.347826086956523,
2012-12-02,3.375,14.347826086956522,20.869565217391305,6.521739130434782,
2012-12-03,5.583333333333333,29.782608695652176,58.95652173913044,29.17391304347826,
2012-12-04,3.1666666666666665,16.428571428571427,28.761904761904763,12.333333333333334,
2012-12-05,4.083333333333333,24.0,44.08695652173913,20.08695652173913,
2012-12-06,2.9583333333333335,14.5,24.541666666666668,10.041666666666666,
2012-12-07,4.304347826086956,20.25,29.916666666666668,9.666666666666666,
2012-12-08,3.125,10.125,15.75,5.625,
2012-12-09,3.0,8.666666666666666,14.166666666666666,5.5,
2012-12-10,3.0,13.833333333333334,25.416666666666668,11.583333333333334,
2012-12-11,4.75,25.083333333333332,39.416666666666664,14.333333333333334,
2012-12-12,4.583333333333333,26.82608695652174,44.47826086956522,17.652173913043477,
2012-12-13,4.458333333333333,24.041666666666668,38.083333333333336,14.041666666666666,
2012-12-14,5.565217391304348,31.291666666666668,55.041666666666664,23.75,
2012-12-15,3.625,19.541666666666668,29.291666666666668,9.75,
2012-12-16,3.75,11.791666666666666,16.5,4.708333333333333,
2012-12-17,4.958333333333333,23.0,40.125,17.125,
2012-12-18,3.7083333333333335,19.875,30.875,11.0,
2012-12-19,3.9166666666666665,23.26086956521739,38.34782608695652,15.08695652173913,
2012-12-20,4.25,24.166666666666668,41.166666666666664,17.0,
2012-12-21,4.583333333333333,32.458333333333336,57.5,25.041666666666668,
2012-12-22,5.130434782608695,22.833333333333332,43.041666666666664,20.208333333333332,
2012-12-23,3.875,9.958333333333334,14.375,4.416666666666667,
2012-12-24,4.0,18.791666666666668,28.541666666666668,9.75,
2012-12-25,3.3333333333333335,13.166666666666666,20.333333333333332,7.166666666666667,
2012-12-26,3.3333333333333335,16.652173913043477,30.652173913043477,14.0,
2012-12-27,4.833333333333333,24.416666666666668,42.166666666666664,17.75,
2012-12-28,4.166666666666667,27.0,49.708333333333336,22.708333333333332,
2012-12-29,3.9130434782608696,21.25,32.041666666666664,10.791666666666666,
2012-12-30,5.75,22.208333333333332,43.666666666666664,21.458333333333332,
2012-12-31,3.125,7.5,13.208333333333334,5.708333333333333,
2013-01-01,3.0416666666666665,6.25,9.166666666666666,2.9166666666666665,
2013-01-02,2.9166666666666665,8.217391304347826,11.173913043478262,2.9565217391304346,
2013-01-03,3.4347826086956523,12.208333333333334,17.666666666666668,5.458333333333333,
2013-01-04,3.3333333333333335,9.666666666666666,12.791666666666666,3.125,
2013-01-05,3.25,13.25,18.166666666666668,4.916666666666667,
2013-01-06,3.875,18.75,28.75,10.0,
2013-01-07,5.458333333333333,27.041666666666668,56.0,28.958333333333332,
2013-01-08,4.416666666666667,26.583333333333332,44.291666666666664,17.708333333333332,
2013-01-09,3.2083333333333335,14.73913043478261,23.26086956521739,8.521739130434783,
2013-01-10,2.9130434782608696,17.458333333333332,28.125,10.666666666666666,
2013-01-11,3.5416666666666665,18.875,30.291666666666668,11.416666666666666,
2013-01-12,3.375,9.25,13.166666666666666,3.9166666666666665,
2013-01-13,2.75,11.041666666666666,17.458333333333332,6.416666666666667,
2013-01-14,2.7083333333333335,11.916666666666666,16.166666666666668,4.25,
2013-01-15,3.0833333333333335,17.541666666666668,25.625,8.083333333333334,
2013-01-16,3.75,27.52173913043478,51.26086956521739,23.73913043478261,
2013-01-17,4.130434782608695,17.208333333333332,24.791666666666668,7.583333333333333,
2013-01-18,4.083333333333333,17.625,27.0,9.375,
2013-01-19,2.75,9.875,15.125,5.25,
2013-01-20,3.75,20.25,32.541666666666664,12.291666666666666,
2013-01-21,5.083333333333333,20.333333333333332,28.0,7.666666666666667,
2013-01-22,4.5,23.75,35.208333333333336,11.458333333333334,
2013-01-23,4.166666666666667,21.217391304347824,30.782608695652176,9.565217391304348,
2013-01-24,3.8260869565217392,19.875,31.375,11.5,
2013-01-25,2.1666666666666665,6.291666666666667,8.25,1.9583333333333333,
2013-01-26,3.1666666666666665,8.625,13.25,4.625,
2013-01-27,3.7916666666666665,20.625,33.791666666666664,13.166666666666666,
2013-01-28,3.5416666666666665,23.541666666666668,40.833333333333336,17.291666666666668,
2013-01-29,4.541666666666667,29.083333333333332,44.0,14.916666666666666,
2013-01-30,3.7916666666666665,20.47826086956522,43.34782608695652,22.869565217391305,
2013-01-31,3.875,20.083333333333332,33.333333333333336,13.25,
2013-02-01,4.434782608695652,24.583333333333332,36.041666666666664,11.458333333333334,
2013-02-02,4.041666666666667,15.333333333333334,19.916666666666668,4.583333333333333,
2013-02-03,5.5,29.25,56.75,27.5,
2013-02-04,2.875,13.5,20.333333333333332,6.833333333333333,
2013-02-05,3.0416666666666665,17.166666666666668,29.875,12.708333333333334,
2013-02-06,3.375,17.565217391304348,24.91304347826087,7.3478260869565215,
2013-02-07,3.1666666666666665,16.125,21.583333333333332,5.458333333333333,
2013-02-08,3.4347826086956523,22.75,35.166666666666664,12.416666666666666,
2013-02-09,3.2916666666666665,17.75,24.625,6.875,
2013-02-10,3.2083333333333335,17.875,28.458333333333332,10.583333333333334,
2013-02-11,2.4166666666666665,11.666666666666666,17.125,5.458333333333333,
2013-02-12,2.875,19.666666666666668,30.708333333333332,11.041666666666666,
2013-02-13,2.7916666666666665,16.545454545454547,23.363636363636363,6.818181818181818,
2013-02-14,2.625,15.0,20.130434782608695,5.130434782608695,
2013-02-15,3.260869565217391,18.217391304347824,32.69565217391305,14.478260869565217,
2013-02-16,3.5416666666666665,12.26086956521739,16.652173913043477,4.391304347826087,
2013-02-17,4.875,24.652173913043477,37.08695652173913,12.434782608695652,
2013-02-18,3.4166666666666665,16.5,24.0,7.5,
2013-02-19,3.3333333333333335,17.458333333333332,25.541666666666668,8.083333333333334,
2013-02-20,3.7083333333333335,24.52173913043478,35.91304347826087,11.391304347826088,
2013-02-21,4.041666666666667,22.833333333333332,34.333333333333336,11.5,
2013-02-22,3.0,19.541666666666668,28.416666666666668,8.875,
2013-02-23,,14.0,18.083333333333332,4.083333333333333,
2013-02-24,4.285714285714286,23.583333333333332,34.416666666666664,10.833333333333334,
2013-02-25,6.416666666666667,27.958333333333332,38.125,10.166666666666666,
2013-02-26,6.958333333333333,26.125,38.083333333333336,11.958333333333334,
2013-02-27,6.625,33.34782608695652,50.08695652173913,16.73913043478261,
2013-02-28,4.588235294117647,22.5,31.333333333333332,8.833333333333334,
2013-04-01,3.0833333333333335,17.541666666666668,23.75,6.208333333333333,
2013-04-02,3.739130434782609,25.916666666666668,34.083333333333336,8.166666666666666,
2013-04-03,3.625,29.47826086956522,42.82608695652174,13.347826086956522,
2013-04-04,3.6666666666666665,24.0,31.166666666666668,7.166666666666667,
2013-04-05,4.083333333333333,18.333333333333332,22.5,4.166666666666667,
2013-04-06,4.75,31.666666666666668,53.166666666666664,21.5,
2013-04-07,2.625,7.583333333333333,11.833333333333334,4.25,
2013-04-08,3.3333333333333335,20.916666666666668,30.625,9.708333333333334,
2013-04-09,3.217391304347826,20.5,28.375,7.875,
2013-04-10,3.4583333333333335,19.82608695652174,28.391304347826086,8.565217391304348,
2013-04-11,3.0,13.708333333333334,17.708333333333332,4.0,
2013-04-12,3.5833333333333335,20.333333333333332,27.666666666666668,7.333333333333333,
2013-04-13,3.5,17.666666666666668,22.333333333333332,4.666666666666667,
2013-04-14,2.75,9.666666666666666,11.666666666666666,2.0,
2013-04-15,2.625,18.25,24.125,5.875,
2013-04-16,3.25,21.333333333333332,27.083333333333332,5.75,
2013-04-17,3.347826086956522,22.217391304347824,29.347826086956523,7.130434782608695,
2013-04-18,3.75,23.304347826086957,33.73913043478261,10.434782608695652,
2013-04-19,3.3333333333333335,18.818181818181817,26.272727272727273,7.454545454545454,
2013-04-20,3.0833333333333335,10.73913043478261,13.217391304347826,2.4782608695652173,
2013-04-21,3.2083333333333335,12.434782608695652,19.17391304347826,6.739130434782608,
2013-04-22,3.875,22.043478260869566,30.869565217391305,8.826086956521738,
2013-04-23,3.8333333333333335,26.695652173913043,37.73913043478261,11.043478260869565,
2013-04-24,4.086956521739131,31.958333333333332,49.583333333333336,17.625,
2013-04-25,4.041666666666667,24.125,32.083333333333336,7.958333333333333,
2013-04-26,3.6666666666666665,14.708333333333334,17.916666666666668,3.2083333333333335,
2013-04-27,3.875,18.5,23.708333333333332,5.208333333333333,
2013-04-28,3.7083333333333335,12.0,14.583333333333334,2.5833333333333335,
2013-04-29,3.5833333333333335,14.916666666666666,18.333333333333332,3.4166666666666665,
2013-04-30,3.25,17.695652173913043,21.47826086956522,3.782608695652174,
2013-05-01,2.608695652173913,18.166666666666668,27.791666666666668,9.625,
2013-05-02,2.9166666666666665,14.91304347826087,22.304347826086957,7.391304347826087,
2013-05-03,2.8333333333333335,11.708333333333334,16.166666666666668,4.458333333333333,
2013-05-04,2.9583333333333335,11.25,14.833333333333334,3.5833333333333335,
2013-05-05,3.5416666666666665,10.333333333333334,11.916666666666666,1.5833333333333333,
2013-05-06,3.1666666666666665,11.916666666666666,14.375,2.4583333333333335,
2013-05-07,2.125,11.782608695652174,17.91304347826087,6.130434782608695,
2013-05-08,2.8260869565217392,17.75,25.5,7.75,
2013-05-09,3.6666666666666665,26.875,39.083333333333336,12.208333333333334,
2013-05-10,4.041666666666667,30.5,43.416666666666664,12.916666666666666,
2013-05-11,4.041666666666667,23.25,34.083333333333336,10.833333333333334,
2013-05-12,4.125,17.041666666666668,20.833333333333332,3.7916666666666665,
2013-05-13,4.166666666666667,25.25,33.333333333333336,8.083333333333334,
2013-05-14,4.916666666666667,25.956521739130434,33.391304347826086,7.434782608695652,
2013-05-15,3.7083333333333335,25.666666666666668,32.875,7.208333333333333,
2013-05-16,3.1739130434782608,20.708333333333332,27.708333333333332,7.0,
2013-05-17,2.375,11.125,14.541666666666666,3.4166666666666665,
2013-05-18,3.25,16.25,20.375,4.125,
2013-05-19,3.4583333333333335,15.25,18.166666666666668,2.9166666666666665,
2013-05-20,3.5,25.90909090909091,36.90909090909091,11.0,
2013-05-21,3.7916666666666665,29.52173913043478,41.08695652173913,11.565217391304348,
2013-05-22,3.9583333333333335,29.26086956521739,40.95652173913044,11.695652173913043,
2013-05-23,3.347826086956522,25.26086956521739,33.78260869565217,8.521739130434783,
2013-05-24,3.0,18.444444444444443,25.38888888888889,6.944444444444445,
2013-05-25,3.2916666666666665,18.17391304347826,21.043478260869566,2.869565217391304,
2013-05-26,3.2083333333333335,15.304347826086957,19.043478260869566,3.739130434782609,
2013-05-27,3.4166666666666665,23.434782608695652,30.304347826086957,6.869565217391305,
2013-05-28,3.875,29.52173913043478,40.869565217391305,11.347826086956522,
2013-05-29,3.4583333333333335,31.652173913043477,56.869565217391305,25.217391304347824,
2013-05-30,4.478260869565218,30.695652173913043,45.56521739130435,14.869565217391305,
2013-05-31,3.5416666666666665,14.347826086956522,19.217391304347824,4.869565217391305,
2013-06-01,4.083333333333333,21.208333333333332,27.0,5.791666666666667,
2013-06-02,3.5833333333333335,18.291666666666668,22.0,3.7083333333333335,
2013-06-03,2.75,15.375,21.5,6.125,
2013-06-04,2.5,15.583333333333334,21.666666666666668,6.083333333333333,
2013-06-05,3.0833333333333335,22.666666666666668,28.666666666666668,6.0,
2013-06-06,3.1739130434782608,23.91304347826087,31.26086956521739,7.3478260869565215,
2013-06-07,2.5,13.75,18.75,5.0,
2013-06-08,2.5833333333333335,11.916666666666666,17.0,5.083333333333333,
2013-06-09,2.3333333333333335,7.083333333333333,8.75,1.6666666666666667,
2013-06-10,3.2916666666666665,24.708333333333332,33.25,8.541666666666666,
2013-06-11,3.4166666666666665,24.708333333333332,32.583333333333336,7.875,
2013-06-12,2.875,19.416666666666668,25.458333333333332,6.041666666666667,
2013-06-13,2.7916666666666665,22.652173913043477,33.17391304347826,10.521739130434783,
2013-06-14,2.9130434782608696,18.833333333333332,27.333333333333332,8.5,
2013-06-15,3.5416666666666665,23.583333333333332,35.708333333333336,12.125,
2013-06-16,2.875,10.625,15.125,4.5,
2013-06-17,2.9583333333333335,18.208333333333332,26.083333333333332,7.875,
2013-06-18,3.125,19.5,27.583333333333332,8.083333333333334,
2013-06-19,2.9166666666666665,17.666666666666668,22.666666666666668,5.0,
2013-06-20,3.125,28.304347826086957,39.56521739130435,11.26086956521739,
2013-06-21,3.5217391304347827,22.375,30.583333333333332,8.208333333333334,
2013-06-22,2.7083333333333335,13.25,18.458333333333332,5.208333333333333,
2013-06-23,2.375,10.583333333333334,15.75,5.166666666666667,
2013-06-24,2.4166666666666665,15.333333333333334,23.958333333333332,8.625,
2013-06-25,2.25,12.958333333333334,19.458333333333332,6.5,
2013-06-26,3.125,16.5,22.583333333333332,6.083333333333333,
2013-06-27,3.0,24.043478260869566,34.17391304347826,10.130434782608695,
2013-06-28,2.9565217391304346,19.125,26.416666666666668,7.291666666666667,
2013-06-29,2.9166666666666665,12.333333333333334,17.5,5.166666666666667,
2013-06-30,2.6666666666666665,11.791666666666666,14.708333333333334,2.9166666666666665,
2013-07-01,3.0416666666666665,17.25,24.416666666666668,7.166666666666667,
2013-07-02,2.6666666666666665,17.708333333333332,25.583333333333332,7.875,
2013-07-03,2.3333333333333335,12.541666666666666,19.166666666666668,6.625,
2013-07-04,2.9583333333333335,18.217391304347824,27.695652173913043,9.478260869565217,
2013-07-05,1.434782608695652,6.125,8.291666666666666,2.1666666666666665,
2013-07-06,1.75,10.375,15.666666666666666,5.291666666666667,
2013-07-07,2.375,13.166666666666666,20.375,7.208333333333333,
2013-07-08,2.125,13.416666666666666,28.291666666666668,14.875,
2013-07-09,2.0,14.833333333333334,30.333333333333332,15.5,
2013-07-10,1.625,13.625,24.541666666666668,10.916666666666666,
2013-07-11,2.0,16.08695652173913,26.17391304347826,10.08695652173913,
2013-07-12,1.7916666666666667,14.666666666666666,23.5,8.833333333333334,
2013-07-13,1.9565217391304348,8.958333333333334,15.416666666666666,6.458333333333333,
2013-07-14,1.7916666666666667,6.083333333333333,11.25,5.166666666666667,
2013-07-15,2.25,13.166666666666666,21.291666666666668,8.125,
2013-07-16,2.7083333333333335,16.958333333333332,28.5,11.541666666666666,
2013-07-17,2.6666666666666665,17.791666666666668,28.833333333333332,11.041666666666666,
2013-07-18,2.125,15.652173913043478,28.347826086956523,12.695652173913043,
2013-07-19,2.4166666666666665,14.625,22.875,8.25,
2013-07-20,2.260869565217391,12.5,18.541666666666668,6.041666666666667,
2013-07-21,2.8333333333333335,14.583333333333334,19.125,4.541666666666667,
2013-07-22,2.1818181818181817,14.318181818181818,21.727272727272727,7.409090909090909,
2013-07-23,1.7083333333333333,12.875,23.666666666666668,10.791666666666666,
2013-07-24,2.25,12.916666666666666,21.625,8.708333333333334,
2013-07-25,3.25,17.608695652173914,25.347826086956523,7.739130434782608,
2013-07-26,4.5,23.083333333333332,29.875,6.791666666666667,
2013-07-27,4.956521739130435,15.458333333333334,19.666666666666668,4.208333333333333,
2013-07-28,4.25,11.791666666666666,16.375,4.583333333333333,
2013-07-29,2.5416666666666665,8.0,9.25,1.25,
2013-07-30,4.0,29.375,38.666666666666664,9.291666666666666,
2013-07-31,3.7916666666666665,14.25,18.833333333333332,4.583333333333333,
2013-08-01,3.2083333333333335,22.73913043478261,32.130434782608695,9.391304347826088,
2013-08-02,3.125,20.791666666666668,38.541666666666664,17.75,
2013-08-03,2.391304347826087,9.583333333333334,18.166666666666668,8.583333333333334,
2013-08-04,2.3333333333333335,7.958333333333333,14.0,6.041666666666667,
2013-08-05,2.7916666666666665,17.875,26.916666666666668,9.041666666666666,
2013-08-06,3.125,17.583333333333332,27.0,9.416666666666666,
2013-08-07,2.9166666666666665,16.5,25.25,8.75,
2013-08-08,2.9166666666666665,16.217391304347824,23.47826086956522,7.260869565217392,
2013-08-09,3.1666666666666665,18.75,29.25,10.5,
2013-08-10,3.1666666666666665,13.125,17.666666666666668,4.541666666666667,
2013-08-11,3.5652173913043477,10.791666666666666,15.5,4.708333333333333,
2013-08-12,4.25,16.625,24.5,7.875,
2013-08-13,4.083333333333333,13.041666666666666,18.458333333333332,5.416666666666667,
2013-08-14,3.9166666666666665,12.375,17.083333333333332,4.708333333333333,
2013-08-15,3.9166666666666665,11.26086956521739,14.521739130434783,3.260869565217391,
2013-08-16,3.8333333333333335,11.375,15.416666666666666,4.041666666666667,
2013-08-17,3.3333333333333335,11.541666666666666,15.916666666666666,4.375,
2013-08-18,2.391304347826087,9.666666666666666,14.625,4.958333333333333,
2013-08-19,2.875,17.875,28.0,10.125,
2013-08-20,3.25,20.791666666666668,37.0,16.208333333333332,
2013-08-21,2.75,17.045454545454547,25.181818181818183,8.136363636363637,
2013-08-22,2.9166666666666665,17.130434782608695,27.0,9.869565217391305,
2013-08-23,2.7916666666666665,18.73913043478261,34.30434782608695,15.565217391304348,
2013-08-24,2.5,12.782608695652174,20.043478260869566,7.260869565217392,
2013-08-25,3.391304347826087,9.91304347826087,13.434782608695652,3.5217391304347827,
2013-08-26,3.4583333333333335,13.695652173913043,19.52173913043478,5.826086956521739,
2013-08-27,3.5,16.791666666666668,26.458333333333332,9.666666666666666,
2013-08-28,3.5833333333333335,17.75,27.083333333333332,9.333333333333334,
2013-08-29,3.4583333333333335,12.08695652173913,15.391304347826088,3.3043478260869565,
2013-08-30,3.0,13.291666666666666,20.583333333333332,7.291666666666667,
2013-08-31,2.75,9.0,14.416666666666666,5.416666666666667,
2013-09-01,3.652173913043478,12.875,17.166666666666668,4.291666666666667,
2013-09-02,3.5416666666666665,22.0,31.291666666666668,9.291666666666666,
2013-09-03,3.375,24.333333333333332,39.833333333333336,15.5,
2013-09-04,2.8333333333333335,18.125,25.5,7.375,
2013-09-05,2.7916666666666665,17.130434782608695,23.652173913043477,6.521739130434782,
2013-09-06,2.8333333333333335,15.333333333333334,22.083333333333332,6.75,
2013-09-07,3.3333333333333335,16.916666666666668,26.75,9.833333333333334,
2013-09-08,2.7916666666666665,12.708333333333334,16.125,3.4166666666666665,
2013-09-09,2.5217391304347827,14.5,21.958333333333332,7.458333333333333,
2013-09-10,2.625,16.916666666666668,23.958333333333332,7.041666666666667,
2013-09-11,3.4166666666666665,21.208333333333332,28.125,6.916666666666667,
2013-09-12,4.318181818181818,30.869565217391305,44.43478260869565,13.565217391304348,
2013-09-13,4.695652173913044,23.416666666666668,31.875,8.458333333333334,
2013-09-14,4.125,16.541666666666668,21.5,4.958333333333333,
2013-09-15,3.0416666666666665,8.833333333333334,11.458333333333334,2.625,
2013-09-16,2.3043478260869565,9.25,13.958333333333334,4.708333333333333,
2013-09-17,2.375,10.125,14.583333333333334,4.458333333333333,
2013-09-18,2.625,15.0,20.833333333333332,5.833333333333333,
2013-09-19,3.2083333333333335,15.869565217391305,23.08695652173913,7.217391304347826,
2013-09-20,3.875,26.458333333333332,33.541666666666664,7.083333333333333,
2013-09-21,3.75,21.791666666666668,28.041666666666668,6.25,
2013-09-22,2.75,6.208333333333333,7.625,1.4166666666666667,
2013-09-23,2.869565217391304,13.125,17.041666666666668,3.9166666666666665,
2013-09-24,3.6666666666666665,21.25,27.666666666666668,6.416666666666667,
2013-09-25,2.9166666666666665,19.416666666666668,28.708333333333332,9.291666666666666,
2013-09-26,2.5,15.217391304347826,21.347826086956523,6.130434782608695,
2013-09-27,2.5833333333333335,13.041666666666666,19.166666666666668,6.125,
2013-09-28,2.875,16.333333333333332,21.416666666666668,5.083333333333333,
2013-09-29,2.75,12.083333333333334,14.583333333333334,2.5,
2013-09-30,3.391304347826087,21.75,30.25,8.5,
2013-10-01,2.6666666666666665,17.458333333333332,24.0,6.541666666666667,
2013-10-02,3.0416666666666665,22.875,36.708333333333336,13.833333333333334,
2013-10-03,2.5,17.391304347826086,24.956521739130434,7.565217391304348,
2013-10-04,2.5,17.333333333333332,25.416666666666668,8.083333333333334,
2013-10-05,3.2083333333333335,17.416666666666668,24.375,6.958333333333333,
2013-10-06,2.5833333333333335,9.0,12.083333333333334,3.0833333333333335,
2013-10-07,2.9583333333333335,17.666666666666668,25.791666666666668,8.125,
2013-10-08,2.869565217391304,18.041666666666668,27.708333333333332,9.666666666666666,
2013-10-09,2.5,16.625,26.958333333333332,10.333333333333334,
2013-10-10,2.4583333333333335,14.043478260869565,19.08695652173913,5.043478260869565,
2013-10-11,2.7083333333333335,16.25,28.333333333333332,12.083333333333334,
2013-10-12,3.1666666666666665,15.083333333333334,21.375,6.291666666666667,
2013-10-13,2.5416666666666665,8.25,10.666666666666666,2.4166666666666665,
2013-10-14,2.7083333333333335,14.75,19.958333333333332,5.208333333333333,
2013-10-15,4.043478260869565,21.333333333333332,28.0,6.666666666666667,
2013-10-16,2.4166666666666665,12.75,19.541666666666668,6.791666666666667,
2013-10-17,2.625,15.565217391304348,23.956521739130434,8.391304347826088,
2013-10-18,2.5,15.625,21.166666666666668,5.541666666666667,
2013-10-19,3.125,16.416666666666668,21.958333333333332,5.541666666666667,
2013-10-20,2.875,13.125,18.25,5.125,
2013-10-21,3.5,20.375,34.625,14.25,
2013-10-22,2.5652173913043477,20.375,29.458333333333332,9.083333333333334,
2013-10-23,2.9166666666666665,18.958333333333332,29.833333333333332,10.875,
2013-10-24,3.25,19.565217391304348,33.391304347826086,13.826086956521738,
2013-10-25,3.0833333333333335,24.666666666666668,39.791666666666664,15.125,
2013-10-26,3.0416666666666665,13.041666666666666,18.083333333333332,5.041666666666667,
2013-10-27,2.7083333333333335,10.708333333333334,14.375,3.6666666666666665,
2013-10-28,2.7083333333333335,14.75,21.25,6.5,
2013-10-29,3.782608695652174,22.0,31.083333333333332,9.083333333333334,
2013-10-30,4.041666666666667,21.166666666666668,28.166666666666668,7.0,
2013-10-31,4.791666666666667,24.869565217391305,34.04347826086956,9.173913043478262,
2013-11-01,3.7916666666666665,22.833333333333332,32.25,9.416666666666666,
2013-11-02,4.041666666666667,23.083333333333332,33.375,10.291666666666666,
2013-11-03,4.375,17.541666666666668,22.833333333333332,5.291666666666667,
2013-11-04,5.083333333333333,13.916666666666666,16.708333333333332,2.7916666666666665,
2013-11-05,4.208333333333333,20.333333333333332,28.625,8.291666666666666,
2013-11-06,4.434782608695652,20.125,27.75,7.625,
2013-11-07,3.7083333333333335,24.217391304347824,34.04347826086956,9.826086956521738,
2013-11-08,3.0,16.333333333333332,24.5,8.166666666666666,
2013-11-09,3.7916666666666665,23.041666666666668,35.333333333333336,12.291666666666666,
2013-11-10,2.625,8.083333333333334,10.875,2.7916666666666665,
2013-11-11,3.125,14.85,23.85,9.0,
2013-11-12,3.2916666666666665,17.130434782608695,26.73913043478261,9.608695652173912,
2013-11-13,3.391304347826087,15.956521739130435,25.565217391304348,9.608695652173912,
2013-11-14,3.9166666666666665,22.434782608695652,42.391304347826086,19.956521739130434,
2013-11-15,3.4583333333333335,17.869565217391305,27.91304347826087,10.043478260869565,
2013-11-16,4.416666666666667,22.869565217391305,34.43478260869565,11.565217391304348,
2013-11-17,3.4166666666666665,12.095238095238095,15.476190476190476,3.380952380952381,
2013-11-18,2.6666666666666665,10.583333333333334,15.833333333333334,5.25,
2013-11-19,2.6666666666666665,12.25,19.0,6.75,
2013-11-20,3.1739130434782608,15.083333333333334,22.416666666666668,7.333333333333333,
2013-11-21,3.4166666666666665,15.391304347826088,22.652173913043477,7.260869565217392,
2013-11-22,4.708333333333333,24.75,44.083333333333336,19.333333333333332,
2013-11-23,3.5416666666666665,16.208333333333332,21.875,5.666666666666667,
2013-11-24,5.666666666666667,21.708333333333332,30.458333333333332,8.75,
2013-11-25,5.75,24.5,49.125,24.625,
2013-11-26,2.8333333333333335,16.166666666666668,27.916666666666668,11.75,
2013-11-27,2.9130434782608696,12.333333333333334,17.166666666666668,4.833333333333333,
2013-11-28,2.5416666666666665,14.391304347826088,25.0,10.608695652173912,
2013-11-29,2.7916666666666665,12.875,19.958333333333332,7.083333333333333,
2013-11-30,2.7916666666666665,13.5,18.875,5.375,
2013-12-01,2.9583333333333335,12.708333333333334,17.041666666666668,4.333333333333333,
2013-12-02,4.333333333333333,26.625,46.75,20.125,
2013-12-03,4.5,30.541666666666668,53.416666666666664,22.875,
2013-12-04,3.7083333333333335,31.833333333333332,54.333333333333336,22.5,
2013-12-05,3.8260869565217392,17.91304347826087,28.47826086956522,10.565217391304348,
2013-12-06,4.041666666666667,20.041666666666668,30.208333333333332,10.166666666666666,
2013-12-07,3.375,18.0,28.708333333333332,10.708333333333334,
2013-12-08,2.9583333333333335,13.75,19.416666666666668,5.666666666666667,
2013-12-09,4.166666666666667,27.0,54.541666666666664,27.541666666666668,
2013-12-10,2.9583333333333335,18.375,30.0,11.625,
2013-12-11,2.9166666666666665,13.458333333333334,21.291666666666668,7.833333333333333,
2013-12-12,3.260869565217391,18.695652173913043,34.65217391304348,15.956521739130435,
2013-12-13,2.4166666666666665,10.083333333333334,17.291666666666668,7.208333333333333,
2013-12-14,2.7916666666666665,11.583333333333334,20.625,9.041666666666666,
2013-12-15,2.5833333333333335,6.958333333333333,12.375,5.416666666666667,
2013-12-16,3.5,20.291666666666668,36.0,15.708333333333334,
2013-12-17,3.7083333333333335,22.208333333333332,34.875,12.666666666666666,
2013-12-18,4.416666666666667,31.041666666666668,54.458333333333336,23.416666666666668,
2013-12-19,4.086956521739131,24.782608695652176,41.130434782608695,16.347826086956523,
2013-12-20,2.7083333333333335,9.708333333333334,14.666666666666666,4.958333333333333,
2013-12-21,3.1666666666666665,17.958333333333332,27.5,9.541666666666666,
2013-12-22,2.6666666666666665,10.791666666666666,15.458333333333334,4.666666666666667,
2013-12-23,3.75,23.041666666666668,34.458333333333336,11.416666666666666,
2013-12-24,3.75,23.583333333333332,38.583333333333336,15.0,
2013-12-25,3.7916666666666665,23.291666666666668,35.833333333333336,12.541666666666666,
2013-12-26,4.217391304347826,26.52173913043478,46.17391304347826,19.652173913043477,
2013-12-27,4.458333333333333,18.625,27.75,9.125,
2013-12-28,2.6666666666666665,16.166666666666668,27.625,11.458333333333334,
2013-12-29,2.3333333333333335,10.208333333333334,15.083333333333334,4.875,
2013-12-30,2.6666666666666665,6.083333333333333,8.791666666666666,2.7083333333333335,
2013-12-31,2.875,7.125,9.916666666666666,2.7916666666666665,
