date,NO2_mean,NOX_mean,NO_mean,PM25_mean
2011-01-01,4.75,5.292,0.542,
2011-01-02,4.591,4.909,0.318,
2011-01-03,4.955,5.045,0.091,
2011-01-04,6.792,7.542,0.75,
2011-01-05,3.25,3.792,0.542,
2011-01-06,14.25,19.875,5.625,
2011-01-07,6.125,8.125,2.0,
2011-01-08,6.833,7.792,0.958,
2011-01-09,8.227,9.545,1.318,
2011-01-10,12.318,14.136,1.818,
2011-01-11,6.25,7.75,1.5,
2011-01-12,7.625,9.75,2.125,
2011-01-13,6.75,7.917,1.167,
2011-01-14,4.542,5.667,1.125,
2011-01-15,5.417,5.667,0.25,
2011-01-16,11.5,14.091,2.591,
2011-01-17,11.682,13.682,2.0,
2011-01-18,12.625,15.25,2.625,
2011-01-19,11.292,13.833,2.542,
2011-01-20,1.917,2.208,0.292,
2011-01-21,2.333,2.917,0.583,
2011-01-22,7.333,9.25,1.917,
2011-01-23,7.591,10.0,2.409,
2011-01-24,7.913,12.522,4.609,
2011-01-25,9.708,14.042,4.333,
2011-01-26,9.417,16.375,6.958,
2011-01-27,14.0,20.958,6.958,
2011-01-28,4.833,8.458,3.625,
2011-01-29,2.25,3.458,1.208,
2011-01-30,6.227,9.955,3.727,
2011-01-31,7.591,8.864,1.273,
2011-02-01,4.083,4.625,0.542,
2011-02-02,5.417,6.667,1.25,
2011-02-03,11.125,18.125,7.0,
2011-02-04,5.208,6.083,0.875,
2011-02-05,6.625,7.208,0.583,
2011-02-06,11.455,13.0,1.545,
2011-02-07,18.381,22.0,3.619,
2011-02-08,10.25,13.292,3.042,
2011-02-09,7.708,9.708,2.0,
2011-02-10,9.542,12.458,2.917,
2011-02-11,3.917,4.708,0.792,
2011-02-12,5.25,5.875,0.625,
2011-02-13,17.409,20.864,3.455,
2011-02-14,10.4,11.3,0.9,
2011-02-15,8.75,12.042,3.292,
2011-02-16,7.917,10.0,2.083,
2011-02-17,8.917,11.042,2.125,
2011-02-18,4.833,6.667,1.833,
2011-02-19,5.958,7.25,1.292,
2011-02-20,10.409,14.0,3.591,
2011-02-21,10.522,11.696,1.174,
2011-02-22,9.375,10.708,1.333,
2011-02-23,12.167,16.5,4.333,
2011-02-24,11.458,13.792,2.333,
2011-02-25,17.75,22.042,4.292,
2011-02-26,5.208,5.375,0.167,
2011-02-27,6.545,7.818,1.273,
2011-02-28,7.682,8.227,0.545,
2011-03-01,18.167,23.167,5.0,
2011-03-02,19.667,24.542,4.875,
2011-03-03,7.583,8.167,0.583,
2011-03-04,5.375,5.5,0.125,
2011-03-05,10.182,12.682,2.5,
2011-03-06,13.826,18.174,4.348,
2011-03-07,9.667,10.792,1.125,
2011-03-08,12.625,15.583,2.958,
2011-03-09,9.792,11.292,1.5,
2011-03-10,8.125,9.208,1.083,
2011-03-11,2.833,3.083,0.25,
2011-03-12,4.136,4.591,0.455,
2011-03-13,4.909,5.5,0.591,
2011-03-14,4.542,5.333,0.792,
2011-03-15,6.542,6.958,0.417,
2011-03-16,7.417,8.0,0.583,
2011-03-17,8.708,9.083,0.375,
2011-03-18,8.417,8.708,0.292,
2011-03-19,3.273,3.727,0.455,
2011-03-20,3.909,4.273,0.364,
2011-03-21,4.583,4.917,0.333,
2011-03-22,7.5,7.917,0.417,
2011-03-23,8.167,8.958,0.792,
2011-03-24,3.238,3.238,0.0,
2011-03-25,3.042,3.042,0.0,
2011-03-26,3.9,4.6,0.7,
2011-03-27,3.636,4.273,0.636,
2011-03-28,4.583,5.042,0.458,
2011-03-29,5.25,5.875,0.625,
2011-03-30,7.25,8.292,1.042,
2011-03-31,3.833,4.083,0.25,
2011-04-01,5.125,5.542,0.417,
2011-04-02,3.708,3.75,0.042,
2011-04-03,2.875,3.042,0.167,
2011-04-04,4.318,4.955,0.636,
2011-04-05,6.273,6.727,0.455,
2011-04-06,9.182,10.273,1.091,
2011-04-07,5.583,5.917,0.333,
2011-04-08,6.5,6.792,0.292,
2011-04-09,8.208,8.917,0.708,
2011-04-10,3.875,4.208,0.333,
2011-04-11,5.773,6.727,0.955,
2011-04-12,5.522,6.696,1.174,
2011-04-13,5.208,6.375,1.167,
2011-04-14,5.375,6.0,0.625,
2011-04-15,5.833,6.333,0.5,
2011-04-16,3.125,3.958,0.833,
2011-04-17,3.375,4.375,1.0,
2011-04-18,5.5,6.455,0.955,
2011-04-19,3.826,4.522,0.696,
2011-04-20,3.792,4.792,1.0,
2011-04-21,8.083,8.875,0.792,
2011-04-22,8.083,8.5,0.417,
2011-04-23,4.167,4.583,0.417,
2011-04-24,2.708,2.75,0.042,
2011-04-25,4.273,4.909,0.636,
2011-04-26,4.217,4.696,0.478,
2011-04-27,4.208,4.625,0.417,
2011-04-28,2.583,2.625,0.042,
2011-04-29,3.208,3.458,0.25,
2011-04-30,5.417,5.958,0.542,
2011-05-01,3.208,3.333,0.125,
2011-05-02,2.364,2.364,0.0,
2011-05-03,4.091,4.273,0.182,
2011-05-04,2.292,2.5,0.208,
2011-05-05,3.042,3.458,0.417,
2011-05-06,3.625,3.917,0.292,
2011-05-07,2.542,2.542,0.0,
2011-05-08,1.25,1.25,0.0,
2011-05-09,2.625,3.25,0.625,
2011-05-10,6.136,6.773,0.636,
2011-05-11,9.375,11.083,1.708,
2011-05-12,3.167,3.875,0.708,
2011-05-13,1.417,1.75,0.333,
2011-05-14,1.417,1.667,0.25,
2011-05-15,1.917,2.208,0.292,
2011-05-16,3.273,3.5,0.227,
2011-05-17,4.0,4.087,0.087,
2011-05-18,3.917,4.333,0.417,
2011-05-19,3.5,3.667,0.167,
2011-05-20,4.25,4.375,0.125,
2011-05-21,4.333,4.5,0.167,
2011-05-22,3.625,4.458,0.833,
2011-05-23,6.136,6.773,0.636,
2011-05-24,5.087,5.13,0.043,
2011-05-25,5.667,6.083,0.417,
2011-05-26,5.542,5.75,0.208,
2011-05-27,5.083,5.083,0.0,
2011-05-28,5.25,5.292,0.042,
2011-05-29,5.5,5.667,0.167,
2011-05-30,3.409,4.727,1.318,
2011-05-31,4.087,5.609,1.522,
2011-06-01,2.958,4.333,1.375,
2011-06-02,6.0,7.458,1.458,
2011-06-03,5.958,7.333,1.375,
2011-06-04,2.417,3.375,0.958,
2011-06-05,3.417,4.417,1.0,
2011-06-06,4.0,4.0,0.0,
2011-06-07,5.826,5.87,0.043,
2011-06-08,5.625,5.625,0.0,
2011-06-09,4.0,4.0,0.0,
2011-06-10,3.667,3.667,0.0,
2011-06-11,4.25,4.292,0.042,
2011-06-12,3.167,3.167,0.0,
2011-06-13,2.773,3.364,0.591,
2011-06-14,3.409,4.182,0.773,
2011-06-15,3.583,4.458,0.875,
2011-06-16,4.875,5.833,0.958,
2011-06-17,3.292,3.667,0.375,
2011-06-18,4.917,5.542,0.625,
2011-06-19,3.208,3.875,0.667,
2011-06-20,7.182,7.591,0.409,
2011-06-21,3.455,3.864,0.409,
2011-06-22,2.417,2.583,0.167,
2011-06-23,1.792,2.125,0.333,
2011-06-24,3.375,4.042,0.667,
2011-06-25,3.875,4.792,0.917,
2011-06-26,5.375,6.542,1.167,
2011-06-27,3.273,3.591,0.318,
2011-06-28,3.909,4.0,0.091,
2011-06-29,2.792,2.958,0.167,
2011-06-30,2.625,2.833,0.208,
2011-07-01,3.625,3.667,0.042,
2011-07-02,4.5,4.667,0.167,
2011-07-03,2.542,2.542,0.0,
2011-07-04,4.318,4.955,0.636,
2011-07-05,3.217,3.913,0.696,
2011-07-06,4.75,5.5,0.75,
2011-07-07,5.0,5.542,0.542,
2011-07-08,2.75,3.542,0.792,
2011-07-09,2.25,2.75,0.5,
2011-07-10,2.583,2.958,0.375,
2011-07-11,4.591,4.636,0.045,
2011-07-12,4.261,4.261,0.0,
2011-07-13,5.0,5.083,0.083,
2011-07-14,4.375,4.375,0.0,
2011-07-15,5.208,5.458,0.25,
2011-07-16,4.833,5.25,0.417,
2011-07-17,3.875,3.917,0.042,
2011-07-18,3.909,5.909,2.0,
2011-07-19,1.364,2.591,1.227,
2011-07-20,1.083,2.292,1.208,
2011-07-21,0.375,1.417,1.042,
2011-07-22,1.583,2.625,1.042,
2011-07-23,2.167,3.292,1.125,
2011-07-24,2.875,3.917,1.042,
2011-07-25,4.909,5.909,1.0,
2011-07-26,4.227,4.727,0.5,
2011-07-27,3.417,3.875,0.458,
2011-07-28,3.458,3.792,0.333,
2011-07-29,4.792,5.292,0.5,
2011-07-30,3.458,3.667,0.208,
2011-07-31,1.083,1.292,0.208,
2011-08-01,2.182,2.636,0.455,
2011-08-02,2.7,3.1,0.4,
2011-08-03,,,,
2011-08-04,,,,
2011-08-05,,,,
2011-08-06,,,,
2011-08-07,,,,
2011-08-08,3.682,4.0,0.318,
2011-08-09,4.652,5.087,0.435,
2011-08-10,3.5,3.875,0.375,
2011-08-11,4.667,5.75,1.083,
2011-08-12,5.208,6.167,0.958,
2011-08-13,2.25,2.292,0.042,
2011-08-14,2.083,2.125,0.042,
2011-08-15,1.273,2.182,0.909,
2011-08-16,1.261,2.261,1.0,
2011-08-17,1.958,2.875,0.917,
2011-08-18,2.375,3.417,1.042,
2011-08-19,3.75,4.667,0.917,
2011-08-20,3.167,4.167,1.0,
2011-08-21,1.083,2.083,1.0,
2011-08-22,2.818,2.955,0.136,
2011-08-23,4.857,5.143,0.286,
2011-08-24,7.75,8.625,0.875,
2011-08-25,5.625,6.667,1.042,
2011-08-26,5.667,6.0,0.333,
2011-08-27,4.833,5.333,0.5,
2011-08-28,4.375,4.542,0.167,
2011-08-29,4.227,4.682,0.455,
2011-08-30,4.045,4.455,0.409,
2011-08-31,2.917,3.542,0.625,
2011-09-01,2.25,3.208,0.958,
2011-09-02,1.5,1.875,0.375,
2011-09-03,1.375,1.708,0.333,
2011-09-04,1.0,1.083,0.083,
2011-09-05,2.545,2.818,0.273,
2011-09-06,2.652,3.13,0.478,
2011-09-07,5.292,6.792,1.5,
2011-09-08,4.208,4.333,0.125,
2011-09-09,5.542,5.917,0.375,
2011-09-10,3.583,4.0,0.417,
2011-09-11,3.917,4.042,0.125,
2011-09-12,4.318,5.091,0.773,
2011-09-13,4.043,4.696,0.652,
2011-09-14,4.167,4.75,0.583,
2011-09-15,6.375,7.042,0.667,
2011-09-16,5.625,6.167,0.542,
2011-09-17,8.875,10.208,1.333,
2011-09-18,4.167,5.5,1.333,
2011-09-19,4.182,4.182,0.0,
2011-09-20,7.304,7.348,0.043,
2011-09-21,7.042,7.292,0.25,
2011-09-22,7.708,7.833,0.125,
2011-09-23,3.958,4.0,0.042,
2011-09-24,4.5,4.625,0.125,
2011-09-25,3.625,3.625,0.0,
2011-09-26,6.0,6.864,0.864,
2011-09-27,4.636,5.227,0.591,
2011-09-28,4.417,4.833,0.417,
2011-09-29,3.625,3.958,0.333,
2011-09-30,6.208,6.792,0.583,
2011-10-01,4.083,4.708,0.625,
2011-10-02,3.167,4.208,1.042,
2011-10-03,2.545,3.364,0.818,
2011-10-04,3.826,4.348,0.522,
2011-10-05,3.417,3.833,0.417,
2011-10-06,4.375,5.208,0.833,
2011-10-07,4.333,4.625,0.292,
2011-10-08,4.792,5.292,0.5,
2011-10-09,2.708,2.917,0.208,
2011-10-10,2.5,3.682,1.182,
2011-10-11,4.318,5.636,1.318,
2011-10-12,5.417,7.167,1.75,
2011-10-13,4.917,6.375,1.458,
2011-10-14,3.167,4.542,1.375,
2011-10-15,4.917,6.375,1.458,
2011-10-16,2.667,3.667,1.0,
2011-10-17,4.545,5.455,0.909,
2011-10-18,4.818,5.273,0.455,
2011-10-19,4.542,5.375,0.833,
2011-10-20,2.375,3.125,0.75,
2011-10-21,2.042,2.625,0.583,
2011-10-22,1.708,1.75,0.042,
2011-10-23,4.208,4.208,0.0,
2011-10-24,8.045,8.727,0.682,
2011-10-25,5.955,7.045,1.091,
2011-10-26,6.5,9.083,2.583,
2011-10-27,7.545,8.318,0.773,
2011-10-28,7.792,8.667,0.875,
2011-10-29,7.042,7.625,0.583,
2011-10-30,4.458,4.5,0.042,
2011-10-31,9.5,10.136,0.636,
2011-11-01,8.227,9.273,1.045,
2011-11-02,6.583,7.0,0.417,
2011-11-03,7.0,7.625,0.625,
2011-11-04,9.375,10.875,1.5,
2011-11-05,7.583,8.167,0.583,
2011-11-06,7.667,7.792,0.125,
2011-11-07,6.182,6.409,0.227,
2011-11-08,6.87,7.522,0.652,
2011-11-09,7.542,9.292,1.75,
2011-11-10,7.333,8.375,1.042,
2011-11-11,5.208,6.0,0.792,
2011-11-12,6.208,6.625,0.417,
2011-11-13,4.917,5.083,0.167,
2011-11-14,9.591,10.909,1.318,
2011-11-15,4.826,6.348,1.522,
2011-11-16,4.583,6.042,1.458,
2011-11-17,5.167,6.583,1.417,
2011-11-18,4.708,6.125,1.417,
2011-11-19,5.958,7.125,1.167,
2011-11-20,3.042,3.875,0.833,
2011-11-21,4.273,4.955,0.682,
2011-11-22,5.391,6.043,0.652,
2011-11-23,4.292,4.833,0.542,
2011-11-24,3.792,4.167,0.375,
2011-11-25,4.375,4.833,0.458,
2011-11-26,3.708,4.292,0.583,
2011-11-27,3.75,4.25,0.5,
2011-11-28,5.182,6.182,1.0,
2011-11-29,11.087,13.478,2.391,
2011-11-30,5.917,6.833,0.917,
2011-12-01,6.917,8.292,1.375,
2011-12-02,3.208,4.292,1.083,
2011-12-03,3.042,3.75,0.708,
2011-12-04,2.333,2.583,0.25,
2011-12-05,6.273,6.273,0.0,
2011-12-06,6.889,8.556,1.667,
2011-12-07,,,,
2011-12-08,6.375,6.958,0.583,
2011-12-09,4.208,5.458,1.25,
2011-12-10,1.875,2.208,0.333,
2011-12-11,3.917,4.0,0.083,
2011-12-12,10.136,11.591,1.455,
2011-12-13,8.478,9.87,1.391,
2011-12-14,5.75,6.417,0.667,
2011-12-15,9.375,10.25,0.875,
2011-12-16,10.0,12.458,2.458,
2011-12-17,6.625,8.167,1.542,
2011-12-18,5.583,6.25,0.667,
2011-12-19,13.0,16.636,3.636,
2011-12-20,9.043,11.957,2.913,
2011-12-21,4.875,6.125,1.25,
2011-12-22,5.417,6.375,0.958,
2011-12-23,2.625,3.167,0.542,
2011-12-24,4.0,5.042,1.042,
2011-12-25,2.625,3.292,0.667,
2011-12-26,4.591,5.955,1.364,
2011-12-27,6.045,7.273,1.227,
2011-12-28,7.667,9.375,1.708,
2011-12-29,5.75,6.25,0.5,
2011-12-30,3.625,3.958,0.333,
2011-12-31,5.0,5.292,0.292,
2012-01-01,3.591,4.773,1.182,
2012-01-02,1.583,2.583,1.0,
2012-01-03,0.75,1.75,1.0,
2012-01-04,2.292,3.708,1.417,
2012-01-05,3.292,4.5,1.208,
2012-01-06,3.375,4.375,1.0,
2012-01-07,9.909,11.318,1.409,
2012-01-08,9.348,10.13,0.783,
2012-01-09,10.909,14.0,3.091,
2012-01-10,5.667,7.042,1.375,
2012-01-11,8.125,9.583,1.458,
2012-01-12,5.5,6.917,1.417,
2012-01-13,9.75,10.792,1.042,
2012-01-14,12.476,13.667,1.19,
2012-01-15,5.458,6.375,0.917,
2012-01-16,5.5,6.375,0.875,
2012-01-17,6.958,8.125,1.167,
2012-01-18,3.542,4.708,1.167,
2012-01-19,7.75,9.583,1.833,
2012-01-20,4.417,4.792,0.375,
2012-01-21,11.682,13.864,2.182,
2012-01-22,14.609,16.739,2.13,
2012-01-23,11.5,13.958,2.458,
2012-01-24,4.667,5.542,0.875,
2012-01-25,2.75,3.542,0.792,
2012-01-26,1.708,2.75,1.042,
2012-01-27,4.458,5.792,1.333,
2012-01-28,5.591,6.773,1.182,
2012-01-29,7.455,8.091,0.636,
2012-01-30,6.583,6.958,0.375,
2012-01-31,10.625,11.833,1.208,
2012-02-01,6.708,7.042,0.333,
2012-02-02,9.625,9.875,0.25,
2012-02-03,2.542,2.667,0.125,
2012-02-04,5.091,5.455,0.364,
2012-02-05,5.947,6.0,0.053,
2012-02-06,12.25,13.667,1.417,
2012-02-07,5.417,5.708,0.292,
2012-02-08,3.333,3.708,0.375,
2012-02-09,5.0,5.208,0.208,
2012-02-10,4.542,4.708,0.167,
2012-02-11,3.727,3.773,0.045,
2012-02-12,3.0,3.0,0.0,
2012-02-13,,,,
2012-02-14,7.125,7.875,0.75,
2012-02-15,10.708,11.625,0.917,
2012-02-16,2.083,2.583,0.5,
2012-02-17,2.667,3.042,0.375,
2012-02-18,5.955,6.182,0.227,
2012-02-19,3.182,3.5,0.318,
2012-02-20,3.125,3.833,0.708,
2012-02-21,3.458,4.083,0.625,
2012-02-22,4.167,4.583,0.417,
2012-02-23,3.625,4.292,0.667,
2012-02-24,1.375,1.583,0.208,
2012-02-25,,,,
2012-02-26,,,,
2012-02-27,,,,
2012-02-28,,,,
2012-02-29,,,,
2012-03-01,,,,
2012-03-02,1.708,2.75,1.042,
2012-03-03,1.542,2.583,1.042,
2012-03-04,8.136,9.273,1.136,
2012-03-05,11.455,13.227,1.773,
2012-03-06,9.917,11.792,1.875,
2012-03-07,9.708,10.083,0.375,
2012-03-08,8.083,8.833,0.75,
2012-03-09,5.25,5.5,0.25,
2012-03-10,2.708,2.708,0.0,
2012-03-11,4.455,5.864,1.409,
2012-03-12,4.591,5.273,0.682,
2012-03-13,9.5,10.5,1.0,
2012-03-14,3.333,3.917,0.583,
2012-03-15,6.708,8.125,1.417,
2012-03-16,4.917,6.167,1.25,
2012-03-17,3.833,3.958,0.125,
2012-03-18,6.864,6.864,0.0,
2012-03-19,6.261,6.696,0.435,
2012-03-20,8.524,9.286,0.762,
2012-03-21,4.625,5.5,0.875,
2012-03-22,5.417,6.042,0.625,
2012-03-23,5.125,5.583,0.458,
2012-03-24,5.375,5.667,0.292,
2012-03-25,5.818,6.318,0.5,
2012-03-26,5.727,6.364,0.636,
2012-03-27,4.75,5.083,0.333,
2012-03-28,6.25,6.708,0.458,
2012-03-29,6.0,6.125,0.125,
2012-03-30,5.042,5.333,0.292,
2012-03-31,4.792,5.042,0.25,
2012-04-01,1.625,2.0,0.375,
2012-04-02,5.545,6.364,0.818,
2012-04-03,3.174,3.435,0.261,
2012-04-04,1.875,2.125,0.25,
2012-04-05,3.708,4.292,0.583,
2012-04-06,4.75,5.375,0.625,
2012-04-07,4.583,6.083,1.5,
2012-04-08,1.917,2.333,0.417,
2012-04-09,5.227,5.227,0.0,
2012-04-10,5.273,5.409,0.136,
2012-04-11,5.208,5.208,0.0,
2012-04-12,3.083,3.083,0.0,
2012-04-13,5.25,5.25,0.0,
2012-04-14,5.25,5.292,0.042,
2012-04-15,5.292,5.375,0.083,
2012-04-16,4.091,4.136,0.045,
2012-04-17,5.348,5.391,0.043,
2012-04-18,6.542,6.583,0.042,
2012-04-19,6.25,6.708,0.458,
2012-04-20,5.167,5.167,0.0,
2012-04-21,2.625,2.625,0.0,
2012-04-22,2.0,2.0,0.0,
2012-04-23,4.727,4.773,0.045,
2012-04-24,8.273,8.273,0.0,
2012-04-25,7.708,7.875,0.167,
2012-04-26,3.708,3.708,0.0,
2012-04-27,7.167,7.167,0.0,
2012-04-28,7.917,8.0,0.083,
2012-04-29,6.625,6.625,0.0,
2012-04-30,4.682,5.864,1.182,
2012-05-01,1.043,1.696,0.652,
2012-05-02,0.417,1.458,1.042,
2012-05-03,1.042,2.083,1.042,
2012-05-04,0.792,1.792,1.0,
2012-05-05,0.708,1.75,1.042,
2012-05-06,1.625,2.667,1.042,
2012-05-07,3.182,3.273,0.091,
2012-05-08,5.727,6.682,0.955,
2012-05-09,6.542,6.875,0.333,
2012-05-10,4.542,4.542,0.0,
2012-05-11,4.417,4.792,0.375,
2012-05-12,2.042,2.208,0.167,
2012-05-13,3.0,3.0,0.0,
2012-05-14,7.045,7.682,0.636,
2012-05-15,5.111,5.111,0.0,
2012-05-16,3.042,3.208,0.167,
2012-05-17,5.292,5.5,0.208,
2012-05-18,4.375,4.667,0.292,
2012-05-19,3.958,4.25,0.292,
2012-05-20,4.625,4.833,0.208,
2012-05-21,2.955,3.773,0.818,
2012-05-22,0.136,1.091,0.955,
2012-05-23,1.792,2.958,1.167,
2012-05-24,3.875,5.0,1.125,
2012-05-25,3.458,4.458,1.0,
2012-05-26,2.542,3.667,1.125,
2012-05-27,3.375,4.25,0.875,
2012-05-28,3.5,4.227,0.727,
2012-05-29,2.818,3.364,0.545,
2012-05-30,3.5,4.333,0.833,
2012-05-31,3.833,4.667,0.833,
2012-06-01,4.542,5.333,0.792,
2012-06-02,3.125,3.625,0.5,
2012-06-03,2.333,2.583,0.25,
2012-06-04,4.091,5.364,1.273,
2012-06-05,3.955,4.955,1.0,
2012-06-06,2.875,3.917,1.042,
2012-06-07,2.5,3.5,1.0,
2012-06-08,4.167,5.167,1.0,
2012-06-09,1.625,2.667,1.042,
2012-06-10,2.042,3.208,1.167,
2012-06-11,3.545,4.091,0.545,
2012-06-12,2.045,2.273,0.227,
2012-06-13,2.0,2.375,0.375,
2012-06-14,4.083,4.542,0.458,
2012-06-15,5.542,6.417,0.875,
2012-06-16,3.667,4.208,0.542,
2012-06-17,2.25,2.5,0.25,
2012-06-18,4.773,5.773,1.0,
2012-06-19,2.818,3.727,0.909,
2012-06-20,1.917,2.875,0.958,
2012-06-21,2.042,3.042,1.0,
2012-06-22,3.333,4.333,1.0,
2012-06-23,2.833,3.833,1.0,
2012-06-24,2.708,3.708,1.0,
2012-06-25,4.091,4.5,0.409,
2012-06-26,3.217,3.261,0.043,
2012-06-27,3.583,3.625,0.042,
2012-06-28,5.167,5.25,0.083,
2012-06-29,5.708,5.708,0.0,
2012-06-30,3.167,3.167,0.0,
2012-07-01,1.833,1.833,0.0,
2012-07-02,3.0,4.136,1.136,
2012-07-03,6.364,7.591,1.227,
2012-07-04,3.917,4.875,0.958,
2012-07-05,3.667,4.583,0.917,
2012-07-06,3.458,4.5,1.042,
2012-07-07,3.083,4.25,1.167,
2012-07-08,2.542,3.5,0.958,
2012-07-09,2.545,3.227,0.682,
2012-07-10,3.364,4.091,0.727,
2012-07-11,4.208,5.083,0.875,
2012-07-12,3.583,4.833,1.25,
2012-07-13,3.792,4.5,0.708,
2012-07-14,5.125,6.083,0.958,
2012-07-15,2.292,2.833,0.542,
2012-07-16,2.818,2.864,0.045,
2012-07-17,5.5,5.818,0.318,
2012-07-18,5.333,5.917,0.583,
2012-07-19,5.292,5.792,0.5,
2012-07-20,4.875,5.167,0.292,
2012-07-21,2.542,2.667,0.125,
2012-07-22,2.875,2.875,0.0,
2012-07-23,3.909,5.0,1.091,
2012-07-24,3.435,4.348,0.913,
2012-07-25,5.292,6.5,1.208,
2012-07-26,3.708,4.958,1.25,
2012-07-27,2.917,3.958,1.042,
2012-07-28,2.0,3.0,1.0,
2012-07-29,2.208,3.083,0.875,
2012-07-30,3.636,3.864,0.227,
2012-07-31,4.304,4.435,0.13,
2012-08-01,4.792,4.958,0.167,
2012-08-02,4.083,4.208,0.125,
2012-08-03,5.25,5.667,0.417,
2012-08-04,3.958,4.208,0.25,
2012-08-05,3.417,3.417,0.0,
2012-08-06,4.2,4.2,0.0,
2012-08-07,4.818,5.0,0.182,
2012-08-08,3.583,3.75,0.167,
2012-08-09,2.958,2.958,0.0,
2012-08-10,3.875,4.292,0.417,
2012-08-11,4.708,4.708,0.0,
2012-08-12,3.958,3.958,0.0,
2012-08-13,2.227,2.409,0.182,
2012-08-14,2.0,2.091,0.091,
2012-08-15,1.167,1.25,0.083,
2012-08-16,2.042,2.5,0.458,
2012-08-17,2.458,2.917,0.458,
2012-08-18,3.083,3.5,0.417,
2012-08-19,2.125,2.208,0.083,
2012-08-20,3.818,4.318,0.5,
2012-08-21,4.0,4.261,0.261,
2012-08-22,3.708,4.125,0.417,
2012-08-23,3.125,3.417,0.292,
2012-08-24,3.042,3.208,0.167,
2012-08-25,2.917,3.083,0.167,
2012-08-26,2.708,2.75,0.042,
2012-08-27,5.045,5.773,0.727,
2012-08-28,4.455,4.818,0.364,
2012-08-29,4.875,5.542,0.667,
2012-08-30,3.0,3.545,0.545,
2012-08-31,,,,
2012-09-01,1.333,2.458,1.125,
2012-09-02,0.292,1.292,1.0,
2012-09-03,3.318,4.455,1.136,
2012-09-04,3.174,4.217,1.043,
2012-09-05,4.042,5.25,1.208,
2012-09-06,3.542,4.583,1.042,
2012-09-07,3.5,4.625,1.125,
2012-09-08,3.542,4.542,1.0,
2012-09-09,3.333,4.375,1.042,
2012-09-10,4.773,4.955,0.182,
2012-09-11,6.364,6.409,0.045,
2012-09-12,4.083,4.417,0.333,
2012-09-13,3.75,3.833,0.083,
2012-09-14,4.5,4.708,0.208,
2012-09-15,3.333,3.5,0.167,
2012-09-16,2.167,2.167,0.0,
2012-09-17,2.182,2.5,0.318,
2012-09-18,2.864,3.227,0.364,
2012-09-19,3.875,4.5,0.625,
2012-09-20,3.417,3.75,0.333,
2012-09-21,4.292,5.0,0.708,
2012-09-22,3.083,3.667,0.583,
2012-09-23,2.417,3.0,0.583,
2012-09-24,3.091,3.136,0.045,
2012-09-25,3.87,3.87,0.0,
2012-09-26,3.708,3.833,0.125,
2012-09-27,1.625,1.625,0.0,
2012-09-28,2.625,2.833,0.208,
2012-09-29,5.208,5.625,0.417,
2012-09-30,3.125,3.125,0.0,
2012-10-01,2.818,3.273,0.455,
2012-10-02,4.318,5.136,0.818,
2012-10-03,3.25,4.25,1.0,
2012-10-04,3.75,4.917,1.167,
2012-10-05,3.042,3.958,0.917,
2012-10-06,3.833,4.958,1.125,
2012-10-07,3.667,4.667,1.0,
2012-10-08,2.864,3.227,0.364,
2012-10-09,3.182,3.318,0.136,
2012-10-10,1.792,1.833,0.042,
2012-10-11,3.75,3.875,0.125,
2012-10-12,4.25,4.542,0.292,
2012-10-13,3.5,3.667,0.167,
2012-10-14,1.958,2.083,0.125,
2012-10-15,6.545,7.091,0.545,
2012-10-16,5.318,6.091,0.773,
2012-10-17,4.292,4.5,0.208,
2012-10-18,6.083,6.5,0.417,
2012-10-19,4.5,5.208,0.708,
2012-10-20,4.167,4.708,0.542,
2012-10-21,4.667,4.667,0.0,
2012-10-22,2.909,3.545,0.636,
2012-10-23,3.0,3.545,0.545,
2012-10-24,4.125,5.292,1.167,
2012-10-25,3.958,5.167,1.208,
2012-10-26,5.583,6.625,1.042,
2012-10-27,1.542,2.292,0.75,
2012-10-28,1.375,2.333,0.958,
2012-10-29,6.227,7.182,0.955,
2012-10-30,5.227,6.364,1.136,
2012-10-31,4.818,6.364,1.545,
2012-11-01,4.292,5.708,1.417,
2012-11-02,3.917,5.0,1.083,
2012-11-03,4.458,5.625,1.167,
2012-11-04,3.542,4.625,1.083,
2012-11-05,2.545,3.0,0.455,
2012-11-06,3.182,3.364,0.182,
2012-11-07,3.417,3.708,0.292,
2012-11-08,2.417,2.542,0.125,
2012-11-09,3.625,4.083,0.458,
2012-11-10,3.125,3.667,0.542,
2012-11-11,1.0,1.208,0.208,
2012-11-12,5.136,5.636,0.5,
2012-11-13,5.783,6.609,0.826,
2012-11-14,3.958,4.583,0.625,
2012-11-15,2.75,3.667,0.917,
2012-11-16,4.25,5.375,1.125,
2012-11-17,5.792,6.542,0.75,
2012-11-18,2.958,3.375,0.417,
2012-11-19,3.5,4.9,1.4,
2012-11-20,,,,
2012-11-21,3.958,5.125,1.167,
2012-11-22,5.917,7.417,1.5,
2012-11-23,6.708,7.875,1.167,
2012-11-24,4.042,5.208,1.167,
2012-11-25,2.292,3.458,1.167,
2012-11-26,5.727,6.5,0.773,
2012-11-27,3.87,4.391,0.522,
2012-11-28,4.208,5.25,1.042,
2012-11-29,8.583,9.583,1.0,
2012-11-30,9.917,12.292,2.375,
2012-12-01,6.792,8.167,1.375,
2012-12-02,2.875,3.958,1.083,
2012-12-03,2.55,2.8,0.25,
2012-12-04,4.875,5.125,0.25,
2012-12-05,4.167,4.333,0.167,
2012-12-06,4.833,5.042,0.208,
2012-12-07,4.792,5.167,0.375,
2012-12-08,2.5,2.583,0.083,
2012-12-09,4.542,5.167,0.625,
2012-12-10,4.5,5.5,1.0,
2012-12-11,6.174,7.13,0.957,
2012-12-12,8.0,9.333,1.333,
2012-12-13,11.0,13.792,2.792,
2012-12-14,16.708,20.958,4.25,
2012-12-15,5.667,5.875,0.208,
2012-12-16,4.167,4.167,0.0,
2012-12-17,10.545,13.0,2.455,
2012-12-18,6.182,7.0,0.818,
2012-12-19,3.292,4.5,1.208,
2012-12-20,5.208,6.458,1.25,
2012-12-21,7.0,9.042,2.042,
2012-12-22,6.167,7.958,1.792,
2012-12-23,3.583,4.625,1.042,
2012-12-24,4.182,4.182,0.0,
2012-12-25,4.5,5.045,0.545,
2012-12-26,3.125,3.708,0.583,
2012-12-27,4.667,5.208,0.542,
2012-12-28,14.208,19.5,5.292,
2012-12-29,6.583,7.5,0.917,
2012-12-30,7.75,8.042,0.292,
2012-12-31,3.0,3.955,0.955,
2013-01-01,2.333,2.417,0.083,
2013-01-02,2.917,3.083,0.167,
2013-01-03,4.292,4.833,0.542,
2013-01-04,3.042,3.417,0.375,
2013-01-05,2.917,3.292,0.375,
2013-01-06,7.091,10.136,3.045,
2013-01-07,5.783,6.435,0.652,
2013-01-08,9.792,11.0,1.208,
2013-01-09,6.958,7.917,0.958,
2013-01-10,4.667,6.292,1.625,
2013-01-11,4.083,4.5,0.417,
2013-01-12,3.333,3.667,0.333,
2013-01-13,3.182,4.5,1.318,
2013-01-14,5.591,6.545,0.955,
2013-01-15,9.25,10.583,1.333,
2013-01-16,6.542,7.5,0.958,
2013-01-17,8.375,9.417,1.042,
2013-01-18,6.083,6.417,0.333,
2013-01-19,3.958,4.333,0.375,
2013-01-20,8.227,9.0,0.773,
2013-01-21,9.727,10.455,0.727,
2013-01-22,6.417,7.042,0.625,
2013-01-23,6.458,7.583,1.125,
2013-01-24,8.917,9.833,0.917,
2013-01-25,12.042,13.167,1.125,
2013-01-26,2.458,2.5,0.042,
2013-01-27,4.727,5.773,1.045,
2013-01-28,5.455,6.545,1.091,
2013-01-29,4.667,5.333,0.667,
2013-01-30,6.542,6.958,0.417,
2013-01-31,4.292,4.958,0.667,
2013-02-01,6.792,7.625,0.833,
2013-02-02,3.958,4.042,0.083,
2013-02-03,7.227,8.318,1.091,
2013-02-04,3.739,4.826,1.087,
2013-02-05,2.542,3.917,1.375,
2013-02-06,4.125,5.708,1.583,
2013-02-07,4.875,6.583,1.708,
2013-02-08,4.375,5.583,1.208,
2013-02-09,4.583,6.5,1.917,
2013-02-10,5.227,6.182,0.955,
2013-02-11,5.409,6.045,0.636,
2013-02-12,9.667,11.917,2.25,
2013-02-13,6.958,7.333,0.375,
2013-02-14,7.667,8.917,1.25,
2013-02-15,12.25,13.75,1.5,
2013-02-16,2.5,2.542,0.042,
2013-02-17,4.727,6.227,1.5,
2013-02-18,3.409,4.818,1.409,
2013-02-19,6.333,7.833,1.5,
2013-02-20,4.875,6.042,1.167,
2013-02-21,3.625,5.083,1.458,
2013-02-22,3.75,5.042,1.292,
2013-02-23,3.833,4.833,1.0,
2013-02-24,8.136,9.273,1.136,
2013-02-25,9.136,9.909,0.773,
2013-02-26,13.333,15.667,2.333,
2013-02-27,6.542,6.875,0.333,
2013-02-28,8.083,8.542,0.458,
2013-03-01,7.875,8.708,0.833,
2013-03-02,4.042,4.417,0.375,
2013-03-03,4.375,4.5,0.125,
2013-03-04,,,,
2013-03-05,7.0,7.708,0.708,
2013-03-06,2.917,3.583,0.667,
2013-03-07,3.417,4.25,0.833,
2013-03-08,2.208,2.667,0.458,
2013-03-09,2.238,2.476,0.238,
2013-03-10,3.909,4.682,0.773,
2013-03-11,3.955,4.545,0.591,
2013-03-12,5.833,6.208,0.375,
2013-03-13,7.583,7.833,0.25,
2013-03-14,3.917,4.333,0.417,
2013-03-15,4.042,4.458,0.417,
2013-03-16,4.458,4.583,0.125,
2013-03-17,7.091,7.364,0.273,
2013-03-18,8.609,8.913,0.304,
2013-03-19,6.708,6.958,0.25,
2013-03-20,9.083,9.417,0.333,
2013-03-21,2.5,2.625,0.125,
2013-03-22,3.417,3.708,0.292,
2013-03-23,3.125,3.125,0.0,
2013-03-24,5.682,6.182,0.5,
2013-03-25,4.0,4.273,0.273,
2013-03-26,6.875,7.417,0.542,
2013-03-27,6.292,6.667,0.375,
2013-03-28,4.958,5.333,0.375,
2013-03-29,4.792,5.042,0.25,
2013-03-30,2.458,2.458,0.0,
2013-03-31,3.182,3.773,0.591,
2013-04-01,7.955,8.227,0.273,
2013-04-02,3.696,3.696,0.0,
2013-04-03,10.083,11.083,1.0,
2013-04-04,7.0,7.333,0.333,
2013-04-05,9.583,10.083,0.5,
2013-04-06,4.25,4.25,0.0,
2013-04-07,2.167,2.167,0.0,
2013-04-08,3.591,4.773,1.182,
2013-04-09,5.909,7.364,1.455,
2013-04-10,5.125,6.0,0.875,
2013-04-11,4.917,6.0,1.083,
2013-04-12,5.25,6.375,1.125,
2013-04-13,5.542,6.75,1.208,
2013-04-14,4.875,5.25,0.375,
2013-04-15,4.636,5.955,1.318,
2013-04-16,5.5,6.045,0.545,
2013-04-17,5.667,6.5,0.833,
2013-04-18,5.333,6.125,0.792,
2013-04-19,4.292,5.583,1.292,
2013-04-20,4.375,5.75,1.375,
2013-04-21,4.083,5.417,1.333,
2013-04-22,5.909,6.5,0.591,
2013-04-23,10.217,10.696,0.478,
2013-04-24,6.167,6.292,0.125,
2013-04-25,7.0,7.208,0.208,
2013-04-26,7.583,7.708,0.125,
2013-04-27,3.875,4.125,0.25,
2013-04-28,5.417,5.75,0.333,
2013-04-29,4.909,5.091,0.182,
2013-04-30,6.381,6.476,0.095,
2013-05-01,4.333,4.792,0.458,
2013-05-02,3.667,4.458,0.792,
2013-05-03,2.708,2.75,0.042,
2013-05-04,2.583,2.583,0.0,
2013-05-05,3.375,3.375,0.0,
2013-05-06,2.591,2.636,0.045,
2013-05-07,2.682,3.182,0.5,
2013-05-08,4.417,5.25,0.833,
2013-05-09,6.125,6.792,0.667,
2013-05-10,8.333,8.708,0.375,
2013-05-11,4.875,4.917,0.042,
2013-05-12,3.0,3.083,0.083,
2013-05-13,3.727,4.409,0.682,
2013-05-14,6.182,6.727,0.545,
2013-05-15,4.708,5.25,0.542,
2013-05-16,5.625,6.667,1.042,
2013-05-17,4.875,6.5,1.625,
2013-05-18,4.625,5.417,0.792,
2013-05-19,3.417,3.917,0.5,
2013-05-20,3.727,4.273,0.545,
2013-05-21,4.773,5.273,0.5,
2013-05-22,3.292,3.583,0.292,
2013-05-23,3.545,4.0,0.455,
2013-05-24,,,,
2013-05-25,4.25,4.458,0.208,
2013-05-26,3.417,3.417,0.0,
2013-05-27,5.545,5.545,0.0,
2013-05-28,4.696,4.696,0.0,
2013-05-29,3.417,3.417,0.0,
2013-05-30,4.875,4.875,0.0,
2013-05-31,4.792,5.042,0.25,
2013-06-01,2.875,2.875,0.0,
2013-06-02,2.417,2.417,0.0,
2013-06-03,2.636,3.045,0.409,
2013-06-04,3.182,3.5,0.318,
2013-06-05,4.583,5.042,0.458,
2013-06-06,4.75,5.042,0.292,
2013-06-07,7.333,8.125,0.792,
2013-06-08,3.458,3.958,0.5,
2013-06-09,2.083,2.333,0.25,
2013-06-10,5.364,5.682,0.318,
2013-06-11,3.696,3.87,0.174,
2013-06-12,2.208,2.208,0.0,
2013-06-13,2.375,2.458,0.083,
2013-06-14,4.083,4.208,0.125,
2013-06-15,3.458,3.542,0.083,
2013-06-16,3.333,3.417,0.083,
2013-06-17,3.773,4.818,1.045,
2013-06-18,4.136,5.182,1.045,
2013-06-19,4.583,5.917,1.333,
2013-06-20,3.625,4.75,1.125,
2013-06-21,3.75,4.875,1.125,
2013-06-22,2.583,3.833,1.25,
2013-06-23,1.917,3.0,1.083,
2013-06-24,3.864,4.227,0.364,
2013-06-25,3.826,4.217,0.391,
2013-06-26,4.875,5.417,0.542,
2013-06-27,3.833,4.375,0.542,
2013-06-28,4.708,5.667,0.958,
2013-06-29,4.5,5.125,0.625,
2013-06-30,3.083,3.292,0.208,
2013-07-01,3.409,3.955,0.545,
2013-07-02,3.545,3.909,0.364,
2013-07-03,3.75,4.542,0.792,
2013-07-04,2.833,3.5,0.667,
2013-07-05,4.625,5.542,0.917,
2013-07-06,2.917,3.875,0.958,
2013-07-07,1.75,2.542,0.792,
2013-07-08,3.227,3.909,0.682,
2013-07-09,2.955,3.273,0.318,
2013-07-10,2.875,3.167,0.292,
2013-07-11,2.792,3.125,0.333,
2013-07-12,3.125,3.25,0.125,
2013-07-13,2.792,2.958,0.167,
2013-07-14,1.458,1.458,0.0,
2013-07-15,1.182,1.182,0.0,
2013-07-16,3.909,4.727,0.818,
2013-07-17,2.833,3.25,0.417,
2013-07-18,2.417,2.75,0.333,
2013-07-19,3.792,6.083,2.292,
2013-07-20,3.083,3.375,0.292,
2013-07-21,2.958,3.042,0.083,
2013-07-22,3.591,3.591,0.0,
2013-07-23,3.364,3.455,0.091,
2013-07-24,3.375,3.75,0.375,
2013-07-25,2.542,2.792,0.25,
2013-07-26,2.917,3.042,0.125,
2013-07-27,3.625,3.667,0.042,
2013-07-28,1.625,1.625,0.0,
2013-07-29,2.091,2.182,0.091,
2013-07-30,2.0,2.0,0.0,
2013-07-31,2.375,2.458,0.083,
2013-08-01,2.875,3.25,0.375,
2013-08-02,2.417,2.792,0.375,
2013-08-03,2.417,2.625,0.208,
2013-08-04,1.25,1.333,0.083,
2013-08-05,4.5,4.773,0.273,
2013-08-06,2.913,3.174,0.261,
2013-08-07,2.292,2.333,0.042,
2013-08-08,2.625,2.667,0.042,
2013-08-09,2.708,2.708,0.0,
2013-08-10,2.083,2.083,0.0,
2013-08-11,1.958,1.958,0.0,
2013-08-12,2.545,2.545,0.0,
2013-08-13,3.0,3.182,0.182,
2013-08-14,2.958,3.083,0.125,
2013-08-15,2.111,2.111,0.0,
2013-08-16,,,,
2013-08-17,2.917,3.25,0.333,
2013-08-18,2.583,2.667,0.083,
2013-08-19,3.045,3.045,0.0,
2013-08-20,3.0,3.043,0.043,
2013-08-21,3.208,3.292,0.083,
2013-08-22,4.042,4.5,0.458,
2013-08-23,3.417,3.667,0.25,
2013-08-24,2.875,3.292,0.417,
2013-08-25,2.083,2.208,0.125,
2013-08-26,3.455,4.773,1.318,
2013-08-27,3.0,3.591,0.591,
2013-08-28,2.75,3.792,1.042,
2013-08-29,2.667,3.208,0.542,
2013-08-30,3.292,4.042,0.75,
2013-08-31,1.542,2.167,0.625,
2013-09-01,1.667,3.208,1.542,
2013-09-02,4.545,6.227,1.682,
2013-09-03,3.864,5.273,1.409,
2013-09-04,2.583,3.625,1.042,
2013-09-05,4.458,5.458,1.0,
2013-09-06,3.792,4.958,1.167,
2013-09-07,4.458,6.958,2.5,
2013-09-08,2.917,3.958,1.042,
2013-09-09,3.591,4.045,0.455,
2013-09-10,4.636,4.864,0.227,
2013-09-11,4.667,4.958,0.292,
2013-09-12,3.75,3.75,0.0,
2013-09-13,3.5,4.042,0.542,
2013-09-14,5.292,5.583,0.292,
2013-09-15,3.667,3.792,0.125,
2013-09-16,2.273,2.455,0.182,
2013-09-17,4.636,5.591,0.955,
2013-09-18,3.375,3.667,0.292,
2013-09-19,3.5,3.708,0.208,
2013-09-20,4.167,4.458,0.292,
2013-09-21,4.333,4.625,0.292,
2013-09-22,2.958,3.0,0.042,
2013-09-23,1.0,1.227,0.227,
2013-09-24,4.0,4.182,0.182,
2013-09-25,3.571,3.857,0.286,
2013-09-26,3.667,3.958,0.292,
2013-09-27,3.583,4.042,0.458,
2013-09-28,2.0,2.25,0.25,
2013-09-29,2.375,2.5,0.125,
2013-09-30,1.591,2.727,1.136,
2013-10-01,4.318,5.318,1.0,
2013-10-02,5.042,6.167,1.125,
2013-10-03,3.75,4.875,1.125,
2013-10-04,2.667,3.833,1.167,
2013-10-05,0.708,1.708,1.0,
2013-10-06,2.5,3.708,1.208,
2013-10-07,5.091,5.136,0.045,
2013-10-08,5.455,5.5,0.045,
2013-10-09,3.833,3.917,0.083,
2013-10-10,4.708,4.708,0.0,
2013-10-11,4.375,4.583,0.208,
2013-10-12,4.25,4.417,0.167,
2013-10-13,2.917,2.917,0.0,
2013-10-14,2.0,2.955,0.955,
2013-10-15,3.409,4.409,1.0,
2013-10-16,3.125,4.167,1.042,
2013-10-17,4.25,5.958,1.708,
2013-10-18,4.292,5.583,1.292,
2013-10-19,2.0,3.042,1.042,
2013-10-20,3.083,4.083,1.0,
2013-10-21,5.818,6.0,0.182,
2013-10-22,2.318,2.318,0.0,
2013-10-23,1.583,1.583,0.0,
2013-10-24,1.5,1.5,0.0,
2013-10-25,7.333,8.25,0.917,
2013-10-26,3.833,3.833,0.0,
2013-10-27,2.958,3.458,0.5,
2013-10-28,4.455,5.545,1.091,
2013-10-29,4.182,4.773,0.591,
2013-10-30,4.708,5.333,0.625,
2013-10-31,5.583,5.917,0.333,
2013-11-01,5.917,6.75,0.833,
2013-11-02,6.75,8.208,1.458,
2013-11-03,4.5,5.333,0.833,
2013-11-04,3.682,4.545,0.864,
2013-11-05,3.364,4.409,1.045,
2013-11-06,2.917,4.042,1.125,
2013-11-07,3.875,5.0,1.125,
2013-11-08,5.833,7.208,1.375,
2013-11-09,3.75,5.125,1.375,
2013-11-10,4.625,5.708,1.083,
2013-11-11,5.636,6.318,0.682,
2013-11-12,4.435,4.783,0.348,
2013-11-13,5.75,8.125,2.375,
2013-11-14,5.5,6.958,1.458,
2013-11-15,9.333,10.25,0.917,
2013-11-16,7.417,8.25,0.833,
2013-11-17,4.208,4.25,0.042,
2013-11-18,3.818,5.136,1.318,
2013-11-19,2.182,3.364,1.182,
2013-11-20,3.125,4.625,1.5,
2013-11-21,2.75,4.125,1.375,
2013-11-22,1.833,3.292,1.458,
2013-11-23,3.208,4.958,1.75,
2013-11-24,2.833,3.958,1.125,
2013-11-25,2.409,2.455,0.045,
2013-11-26,2.087,2.348,0.261,
2013-11-27,3.75,4.292,0.542,
2013-11-28,4.25,6.208,1.958,
2013-11-29,4.042,4.958,0.917,
2013-11-30,3.667,4.167,0.5,
2013-12-01,5.083,5.625,0.542,
2013-12-02,3.818,4.818,1.0,
2013-12-03,2.636,3.727,1.091,
2013-12-04,,,,
2013-12-05,5.292,5.583,0.292,
2013-12-06,6.75,7.083,0.333,
2013-12-07,3.083,3.333,0.25,
2013-12-08,4.167,4.5,0.333,
2013-12-09,5.818,6.864,1.045,
2013-12-10,6.955,9.136,2.182,
2013-12-11,3.208,3.25,0.042,
2013-12-12,5.042,5.75,0.708,
2013-12-13,4.625,5.417,0.792,
2013-12-14,6.125,7.208,1.083,
2013-12-15,2.792,3.542,0.75,
2013-12-16,7.591,10.591,3.0,
2013-12-17,10.273,12.727,2.455,
2013-12-18,4.917,6.208,1.292,
2013-12-19,2.25,2.708,0.458,
2013-12-20,5.542,7.292,1.75,
2013-12-21,7.0,8.542,1.542,
2013-12-22,2.25,2.792,0.542,
2013-12-23,3.091,3.5,0.409,
2013-12-24,5.217,6.652,1.435,
2013-12-25,6.833,8.125,1.292,
2013-12-26,4.0,4.625,0.625,
2013-12-27,7.375,8.917,1.542,
2013-12-28,4.208,5.958,1.75,
2013-12-29,3.0,3.667,0.667,
2013-12-30,4.364,4.864,0.5,
2013-12-31,4.818,5.364,0.545,
2014-01-01,1.75,2.75,1.0,
2014-01-02,2.167,3.208,1.042,
2014-01-03,4.167,5.75,1.583,
2014-01-04,4.417,5.625,1.208,
2014-01-05,6.0,6.435,0.435,
2014-01-06,5.522,5.826,0.304,
2014-01-07,2.958,3.542,0.583,
2014-01-08,3.75,4.333,0.583,
2014-01-09,4.083,4.583,0.5,
2014-01-10,2.75,3.125,0.375,
2014-01-11,4.625,4.875,0.25,
2014-01-12,2.826,4.043,1.217,
2014-01-13,6.273,7.5,1.227,
2014-01-14,10.292,13.042,2.75,
2014-01-15,11.292,13.5,2.208,
2014-01-16,5.792,7.208,1.417,
2014-01-17,2.75,3.708,0.958,
2014-01-18,3.833,5.125,1.292,
2014-01-19,6.304,7.739,1.435,
2014-01-20,6.682,7.955,1.273,
2014-01-21,5.417,7.125,1.708,
2014-01-22,12.792,15.25,2.458,
2014-01-23,3.583,4.583,1.0,
2014-01-24,2.75,3.5,0.75,
2014-01-25,3.5,4.458,0.958,
2014-01-26,6.739,8.0,1.261,
2014-01-27,8.409,9.045,0.636,
2014-01-28,3.75,4.25,0.5,
2014-01-29,4.792,5.75,0.958,
2014-01-30,9.958,11.083,1.125,
2014-01-31,2.583,2.917,0.333,
2014-02-01,2.625,3.042,0.417,
2014-02-02,7.13,10.391,3.261,
2014-02-03,7.227,8.591,1.364,
2014-02-04,9.125,10.417,1.292,
2014-02-05,5.292,5.708,0.417,
2014-02-06,8.458,9.25,0.792,
2014-02-07,4.583,4.958,0.375,
2014-02-08,3.542,3.875,0.333,
2014-02-09,3.043,4.174,1.13,
2014-02-10,4.136,5.273,1.136,
2014-02-11,3.792,4.417,0.625,
2014-02-12,5.917,6.5,0.583,
2014-02-13,3.167,3.875,0.708,
2014-02-14,3.125,3.875,0.75,
2014-02-15,2.292,2.458,0.167,
2014-02-16,7.217,9.435,2.217,
2014-02-17,5.864,6.818,0.955,
2014-02-18,4.25,5.125,0.875,
2014-02-19,2.5,3.417,0.917,
2014-02-20,,,,
2014-02-21,6.333,7.917,1.583,
2014-02-22,2.125,2.667,0.542,
2014-02-23,7.13,7.696,0.565,
2014-02-24,5.818,6.909,1.091,
2014-02-25,9.625,12.333,2.708,
2014-02-26,4.333,5.458,1.125,
2014-02-27,2.958,3.792,0.833,
2014-02-28,3.917,5.0,1.083,
2014-03-01,4.25,5.125,0.875,
2014-03-02,3.652,4.087,0.435,
2014-03-03,4.348,4.826,0.478,
2014-03-04,3.292,3.708,0.417,
2014-03-05,2.583,2.917,0.333,
2014-03-06,5.208,5.75,0.542,
2014-03-07,3.292,3.583,0.292,
2014-03-08,4.542,4.875,0.333,
2014-03-09,2.87,3.0,0.13,
2014-03-10,2.227,2.273,0.045,
2014-03-11,2.333,2.417,0.083,
2014-03-12,5.625,6.083,0.458,
2014-03-13,7.208,7.542,0.333,
2014-03-14,5.909,6.0,0.091,
2014-03-15,4.042,4.083,0.042,
2014-03-16,7.957,8.696,0.739,
2014-03-17,6.409,6.955,0.545,
2014-03-18,6.792,7.458,0.667,
2014-03-19,7.5,7.792,0.292,
2014-03-20,4.708,4.958,0.25,
2014-03-21,4.167,4.75,0.583,
2014-03-22,2.391,2.478,0.087,
2014-03-23,2.136,2.955,0.818,
2014-03-24,2.364,3.5,1.136,
2014-03-25,3.476,4.571,1.095,
2014-03-26,4.417,5.583,1.167,
2014-03-27,5.792,6.708,0.917,
2014-03-28,4.667,5.292,0.625,
2014-03-29,3.417,3.75,0.333,
2014-03-30,5.565,5.565,0.0,
2014-03-31,5.087,5.087,0.0,
2014-04-01,6.174,6.87,0.696,
2014-04-02,7.208,7.792,0.583,
2014-04-03,3.125,3.375,0.25,
2014-04-04,5.083,5.375,0.292,
2014-04-05,2.542,3.5,0.958,
2014-04-06,2.417,3.375,0.958,
2014-04-07,3.682,3.864,0.182,
2014-04-08,3.3,3.3,0.0,
2014-04-09,5.958,6.25,0.292,
2014-04-10,4.542,4.667,0.125,
2014-04-11,4.0,4.292,0.292,
2014-04-12,4.375,4.708,0.333,
2014-04-13,5.167,5.292,0.125,
2014-04-14,5.955,6.136,0.182,
2014-04-15,4.318,4.318,0.0,
2014-04-16,5.125,5.125,0.0,
2014-04-17,9.708,10.042,0.333,
2014-04-18,7.458,7.708,0.25,
2014-04-19,3.667,3.667,0.0,
2014-04-20,4.625,4.625,0.0,
2014-04-21,3.909,4.273,0.364,
2014-04-22,5.364,5.818,0.455,
2014-04-23,5.458,6.25,0.792,
2014-04-24,5.792,6.25,0.458,
2014-04-25,6.292,6.625,0.333,
2014-04-26,5.542,5.625,0.083,
2014-04-27,5.917,6.083,0.167,
2014-04-28,4.5,4.727,0.227,
2014-04-29,2.409,2.773,0.364,
2014-04-30,1.5,1.667,0.167,
2014-05-01,2.958,3.458,0.5,
2014-05-02,2.167,2.417,0.25,
2014-05-03,1.0,1.083,0.083,
2014-05-04,2.708,2.958,0.25,
2014-05-05,2.545,2.545,0.0,
2014-05-06,2.636,2.864,0.227,
2014-05-07,3.417,3.958,0.542,
2014-05-08,4.25,4.5,0.25,
2014-05-09,2.458,2.833,0.375,
2014-05-10,2.667,3.042,0.375,
2014-05-11,3.875,4.25,0.375,
2014-05-12,5.773,5.773,0.0,
2014-05-13,2.87,2.87,0.0,
2014-05-14,4.792,4.833,0.042,
2014-05-15,3.833,3.833,0.0,
2014-05-16,1.875,1.875,0.0,
2014-05-17,1.875,1.875,0.0,
2014-05-18,2.25,2.292,0.042,
2014-05-19,3.955,4.727,0.773,
2014-05-20,5.136,5.773,0.636,
2014-05-21,3.292,3.958,0.667,
2014-05-22,3.625,4.708,1.083,
2014-05-23,4.958,6.167,1.208,
2014-05-24,1.792,2.417,0.625,
2014-05-25,2.083,2.208,0.125,
2014-05-26,1.857,1.857,0.0,
2014-05-27,,,,
2014-05-28,4.25,4.333,0.083,
2014-05-29,4.5,4.5,0.0,
2014-05-30,3.667,3.708,0.042,
2014-05-31,4.333,4.375,0.042,
2014-06-01,3.917,3.917,0.0,
2014-06-02,3.636,4.409,0.773,
2014-06-03,5.182,5.818,0.636,
2014-06-04,2.417,3.125,0.708,
2014-06-05,1.0,1.5,0.5,
2014-06-06,0.25,0.917,0.667,
2014-06-07,0.167,0.667,0.5,
2014-06-08,1.208,1.875,0.667,
2014-06-09,4.545,5.318,0.773,
2014-06-10,2.955,3.636,0.682,
2014-06-11,2.0,2.292,0.292,
2014-06-12,4.25,5.375,1.125,
2014-06-13,0.958,1.417,0.458,
2014-06-14,1.292,2.0,0.708,
2014-06-15,1.458,1.792,0.333,
2014-06-16,2.727,2.818,0.091,
2014-06-17,3.045,3.182,0.136,
2014-06-18,4.458,5.0,0.542,
2014-06-19,3.708,3.917,0.208,
2014-06-20,4.083,4.292,0.208,
2014-06-21,4.125,4.417,0.292,
2014-06-22,3.833,4.083,0.25,
2014-06-23,3.13,3.696,0.565,
2014-06-24,3.652,4.174,0.522,
2014-06-25,3.333,3.917,0.583,
2014-06-26,3.75,4.125,0.375,
2014-06-27,2.708,2.833,0.125,
2014-06-28,1.125,1.125,0.0,
2014-06-29,1.583,1.583,0.0,
2014-06-30,2.043,2.043,0.0,
2014-07-01,3.909,4.5,0.591,
2014-07-02,3.333,4.167,0.833,
2014-07-03,5.458,5.958,0.5,
2014-07-04,2.0,2.0,0.0,
2014-07-05,1.708,1.792,0.083,
2014-07-06,3.583,3.667,0.083,
2014-07-07,3.957,4.304,0.348,
2014-07-08,3.455,3.682,0.227,
2014-07-09,2.208,3.0,0.792,
2014-07-10,1.833,1.875,0.042,
2014-07-11,5.125,7.417,2.292,
2014-07-12,1.958,2.125,0.167,
2014-07-13,2.125,2.125,0.0,
2014-07-14,4.217,5.478,1.261,
2014-07-15,3.0,3.227,0.227,
2014-07-16,5.292,5.75,0.458,
2014-07-17,3.167,3.292,0.125,
2014-07-18,1.458,1.458,0.0,
2014-07-19,2.708,2.958,0.25,
2014-07-20,1.625,1.667,0.042,
2014-07-21,2.0,2.0,0.0,
2014-07-22,2.696,2.696,0.0,
2014-07-23,2.875,2.875,0.0,
2014-07-24,2.792,2.833,0.042,
2014-07-25,4.333,5.167,0.833,
2014-07-26,2.917,2.917,0.0,
2014-07-27,1.958,1.958,0.0,
2014-07-28,3.348,4.261,0.913,
2014-07-29,4.591,5.682,1.091,
2014-07-30,4.833,5.75,0.917,
2014-07-31,4.375,4.75,0.375,
2014-08-01,4.333,4.542,0.208,
2014-08-02,4.792,5.583,0.792,
2014-08-03,2.208,2.208,0.0,
2014-08-04,4.261,4.826,0.565,
2014-08-05,4.174,5.435,1.261,
2014-08-06,3.417,4.25,0.833,
2014-08-07,3.375,4.167,0.792,
2014-08-08,4.667,4.75,0.083,
2014-08-09,3.167,3.208,0.042,
2014-08-10,1.292,1.292,0.0,
2014-08-11,1.565,1.652,0.087,
2014-08-12,1.591,1.909,0.318,
2014-08-13,2.5,2.792,0.292,
2014-08-14,2.958,3.333,0.375,
2014-08-15,2.667,2.917,0.25,
2014-08-16,3.333,3.5,0.167,
2014-08-17,2.542,3.0,0.458,
2014-08-18,4.261,5.348,1.087,
2014-08-19,2.682,3.5,0.818,
2014-08-20,3.542,4.417,0.875,
2014-08-21,1.667,1.667,0.0,
2014-08-22,,,,
2014-08-23,2.042,2.75,0.708,
2014-08-24,0.833,0.875,0.042,
2014-08-25,3.217,3.304,0.087,
2014-08-26,2.727,2.773,0.045,
2014-08-27,1.417,1.458,0.042,
2014-08-28,2.208,2.208,0.0,
2014-08-29,3.542,3.958,0.417,
2014-08-30,3.958,4.75,0.792,
2014-08-31,1.875,1.875,0.0,
2014-09-01,1.565,1.565,0.0,
2014-09-02,2.909,2.955,0.045,
2014-09-03,1.75,1.75,0.0,
2014-09-04,1.875,1.875,0.0,
2014-09-05,3.625,3.75,0.125,
2014-09-06,2.5,2.542,0.042,
2014-09-07,2.083,2.25,0.167,
2014-09-08,1.783,1.957,0.174,
2014-09-09,2.409,2.682,0.273,
2014-09-10,1.833,2.375,0.542,
2014-09-11,2.773,3.227,0.455,
2014-09-12,1.542,1.875,0.333,
2014-09-13,1.375,1.792,0.417,
2014-09-14,1.625,1.875,0.25,
2014-09-15,1.957,2.348,0.391,
2014-09-16,3.136,3.591,0.455,
2014-09-17,3.167,3.917,0.75,
2014-09-18,1.708,2.083,0.375,
2014-09-19,1.583,2.042,0.458,
2014-09-20,2.625,3.125,0.5,
2014-09-21,1.417,1.667,0.25,
2014-09-22,4.435,6.348,1.913,
2014-09-23,3.091,3.227,0.136,
2014-09-24,2.667,2.833,0.167,
2014-09-25,4.5,4.75,0.25,
2014-09-26,3.333,4.208,0.875,
2014-09-27,1.292,1.417,0.125,
2014-09-28,2.292,2.375,0.083,
2014-09-29,4.913,7.261,2.348,
2014-09-30,3.478,4.13,0.652,
2014-10-01,3.917,4.583,0.667,
2014-10-02,3.042,3.292,0.25,
2014-10-03,3.167,3.167,0.0,
2014-10-04,2.375,2.375,0.0,
2014-10-05,1.667,1.792,0.125,
2014-10-06,5.261,5.696,0.435,
2014-10-07,4.455,5.545,1.091,
2014-10-08,5.0,6.042,1.042,
2014-10-09,6.333,7.042,0.708,
2014-10-10,4.625,4.917,0.292,
2014-10-11,4.25,4.667,0.417,
2014-10-12,2.375,2.375,0.0,
2014-10-13,3.304,3.609,0.304,
2014-10-14,3.095,3.238,0.143,
2014-10-15,3.958,5.0,1.042,
2014-10-16,3.0,3.208,0.208,
2014-10-17,3.917,4.083,0.167,
2014-10-18,3.875,4.25,0.375,
2014-10-19,3.208,3.333,0.125,
2014-10-20,4.696,5.0,0.304,
2014-10-21,4.182,4.591,0.409,
2014-10-22,4.875,5.542,0.667,
2014-10-23,4.833,5.583,0.75,
2014-10-24,6.917,8.75,1.833,
2014-10-25,4.042,4.208,0.167,
2014-10-26,2.292,2.333,0.042,
2014-10-27,4.0,4.391,0.391,
2014-10-28,2.87,3.522,0.652,
2014-10-29,4.333,4.75,0.417,
2014-10-30,5.292,5.708,0.417,
2014-10-31,6.458,7.125,0.667,
2014-11-01,3.458,3.708,0.25,
2014-11-02,1.833,1.833,0.0,
2014-11-03,2.522,2.739,0.217,
2014-11-04,4.091,4.455,0.364,
2014-11-05,3.0,3.292,0.292,
2014-11-06,6.125,7.25,1.125,
2014-11-07,7.375,10.167,2.792,
2014-11-08,7.833,10.375,2.542,
2014-11-09,5.417,5.792,0.375,
2014-11-10,4.174,4.957,0.783,
2014-11-11,8.364,10.591,2.227,
2014-11-12,5.792,7.375,1.583,
2014-11-13,1.625,2.542,0.917,
2014-11-14,3.583,4.875,1.292,
2014-11-15,3.417,5.5,2.083,
2014-11-16,3.042,4.25,1.208,
2014-11-17,4.478,7.174,2.696,
2014-11-18,4.955,7.318,2.364,
2014-11-19,3.182,4.364,1.182,
2014-11-20,,,,
2014-11-21,,,,
2014-11-22,6.375,6.583,0.208,
2014-11-23,6.667,7.083,0.417,
2014-11-24,3.87,4.565,0.696,
2014-11-25,6.682,7.091,0.409,
2014-11-26,1.625,1.667,0.042,
2014-11-27,7.25,9.75,2.5,
2014-11-28,2.833,3.25,0.417,
2014-11-29,5.708,6.083,0.375,
2014-11-30,3.458,3.75,0.292,
2014-12-01,2.478,2.783,0.304,
2014-12-02,0.773,1.591,0.818,
2014-12-03,2.25,3.375,1.125,
2014-12-04,3.542,4.667,1.125,
2014-12-05,6.208,7.833,1.625,
2014-12-06,4.792,6.917,2.125,
2014-12-07,3.625,5.042,1.417,
2014-12-08,6.348,7.913,1.565,
2014-12-09,5.045,5.273,0.227,
2014-12-10,5.208,5.542,0.333,
2014-12-11,7.792,8.042,0.25,
2014-12-12,6.542,6.542,0.0,
2014-12-13,6.333,6.958,0.625,
2014-12-14,3.375,3.667,0.292,
2014-12-15,5.652,6.783,1.13,
2014-12-16,3.0,3.182,0.182,
2014-12-17,3.167,4.333,1.167,
2014-12-18,3.292,4.125,0.833,
2014-12-19,6.75,7.75,1.0,
2014-12-20,11.542,15.292,3.75,
2014-12-21,5.917,6.292,0.375,
2014-12-22,6.0,7.783,1.783,
2014-12-23,8.273,10.5,2.227,
2014-12-24,8.042,9.75,1.708,
2014-12-25,3.625,4.75,1.125,
2014-12-26,3.0,4.417,1.417,
2014-12-27,7.417,9.417,2.0,
2014-12-28,4.333,5.083,0.75,
2014-12-29,10.696,12.696,2.0,
2014-12-30,4.455,5.409,0.955,
2014-12-31,3.875,4.958,1.083,
2015-01-01,2.75,2.75,0.0,4.5
2015-01-02,3.542,3.583,0.042,8.25
2015-01-03,4.5,4.5,0.0,12.5
2015-01-04,5.304,6.13,0.826,13.625
2015-01-05,4.773,4.909,0.136,4.182
2015-01-06,5.417,5.792,0.375,4.542
2015-01-07,4.5,4.875,0.375,4.917
2015-01-08,3.875,4.167,0.292,1.833
2015-01-09,3.333,3.625,0.292,2.75
2015-01-10,3.208,3.417,0.208,3.667
2015-01-11,3.174,4.043,0.87,4.75
2015-01-12,5.545,6.955,1.409,3.773
2015-01-13,4.625,6.042,1.417,1.667
2015-01-14,8.375,9.708,1.333,4.667
2015-01-15,16.792,21.708,4.917,10.583
2015-01-16,5.583,6.875,1.292,4.917
2015-01-17,6.625,8.458,1.833,8.875
2015-01-18,8.783,9.217,0.435,2.083
2015-01-19,2.524,2.571,0.048,0.792
2015-01-20,5.042,5.875,0.833,1.333
2015-01-21,6.875,7.5,0.625,5.0
2015-01-22,4.375,5.0,0.625,4.75
2015-01-23,4.125,4.458,0.333,5.167
2015-01-24,3.208,3.375,0.167,2.583
2015-01-25,6.783,7.87,1.087,5.208
2015-01-26,10.952,14.714,3.762,7.143
2015-01-27,7.333,7.875,0.542,10.25
2015-01-28,15.125,18.708,3.583,16.167
2015-01-29,6.792,7.625,0.833,7.125
2015-01-30,12.042,15.167,3.125,8.5
2015-01-31,5.708,6.292,0.583,8.083
2015-02-01,6.87,7.739,0.87,6.875
2015-02-02,5.227,5.955,0.727,4.682
2015-02-03,7.667,9.208,1.542,6.208
2015-02-04,6.083,7.417,1.333,4.958
2015-02-05,7.833,8.5,0.667,9.417
2015-02-06,4.667,5.292,0.625,8.333
2015-02-07,4.292,4.833,0.542,5.125
2015-02-08,0.625,1.75,1.125,5.042
2015-02-09,,,,10.227
2015-02-10,,,,11.542
2015-02-11,8.0,9.5,1.5,9.375
2015-02-12,4.042,4.833,0.792,8.708
2015-02-13,4.833,5.375,0.542,10.208
2015-02-14,3.25,3.625,0.375,5.042
2015-02-15,2.783,3.87,1.087,4.833
2015-02-16,2.739,3.739,1.0,2.636
2015-02-17,6.042,7.75,1.708,5.75
2015-02-18,4.375,5.875,1.5,5.8
2015-02-19,6.708,8.333,1.625,12.25
2015-02-20,6.708,7.708,1.0,15.583
2015-02-21,2.333,3.083,0.75,6.292
2015-02-22,6.174,7.435,1.261,9.042
2015-02-23,4.048,5.238,1.19,8.762
2015-02-24,3.833,5.083,1.25,7.625
2015-02-25,3.667,5.167,1.5,3.333
2015-02-26,2.708,3.75,1.042,6.625
2015-02-27,3.375,4.542,1.167,10.833
2015-02-28,2.917,3.917,1.0,9.0
2015-03-01,2.227,3.227,1.0,5.045
2015-03-02,2.917,4.167,1.25,6.0
2015-03-03,8.042,8.958,0.917,19.708
2015-03-04,11.417,14.708,3.292,18.208
2015-03-05,5.625,6.25,0.625,23.0
2015-03-06,1.875,1.875,0.0,12.667
2015-03-07,5.087,6.217,1.13,10.958
2015-03-08,3.773,5.0,1.227,10.682
2015-03-09,3.333,4.458,1.125,7.875
2015-03-10,4.083,5.375,1.292,9.833
2015-03-11,3.792,5.208,1.417,8.5
2015-03-12,3.625,4.917,1.292,6.875
2015-03-13,4.19,5.286,1.095,6.625
2015-03-14,5.565,6.217,0.652,6.125
2015-03-15,3.522,3.826,0.304,10.591
2015-03-16,4.583,5.25,0.667,6.25
2015-03-17,7.833,8.667,0.833,10.75
2015-03-18,4.708,4.875,0.167,12.083
2015-03-19,4.292,4.583,0.292,9.333
2015-03-20,2.917,2.958,0.042,12.458
2015-03-21,1.435,1.435,0.0,3.25
2015-03-22,2.455,2.682,0.227,7.571
2015-03-23,2.167,2.208,0.042,6.208
2015-03-24,2.083,2.25,0.167,3.25
2015-03-25,2.958,3.375,0.417,1.042
2015-03-26,2.375,2.625,0.25,3.292
2015-03-27,3.708,4.0,0.292,5.75
2015-03-28,6.087,6.652,0.565,7.208
2015-03-29,5.762,6.19,0.429,9.905
2015-03-30,4.545,4.545,0.0,22.045
2015-03-31,5.792,6.042,0.25,23.0
2015-04-01,8.875,9.208,0.333,
2015-04-02,6.167,6.917,0.75,
2015-04-03,5.042,5.167,0.125,
2015-04-04,3.375,3.625,0.25,
2015-04-05,2.125,2.125,0.0,
2015-04-06,3.261,3.261,0.0,
2015-04-07,5.455,5.682,0.227,
2015-04-08,5.125,5.5,0.375,
2015-04-09,4.583,4.792,0.208,
2015-04-10,5.417,5.458,0.042,
2015-04-11,6.792,6.958,0.167,
2015-04-12,4.0,4.167,0.167,
2015-04-13,2.087,2.565,0.478,
2015-04-14,1.7,2.3,0.6,
2015-04-15,3.542,3.542,0.0,
2015-04-16,3.042,3.042,0.0,
2015-04-17,4.417,4.417,0.0,
2015-04-18,3.667,3.833,0.167,
2015-04-19,4.875,5.042,0.167,
2015-04-20,4.435,4.435,0.0,
2015-04-21,5.545,5.773,0.227,
2015-04-22,8.125,8.75,0.625,
2015-04-23,6.375,6.542,0.167,
2015-04-24,4.583,4.667,0.083,
2015-04-25,4.125,4.125,0.0,
2015-04-26,3.042,3.042,0.0,
2015-04-27,3.348,3.391,0.043,
2015-04-28,4.957,5.043,0.087,
2015-04-29,5.458,5.583,0.125,
2015-04-30,4.5,4.5,0.0,
2015-05-01,4.792,4.792,0.0,
2015-05-02,5.75,5.75,0.0,
2015-05-03,3.375,3.375,0.0,
2015-05-04,1.217,1.217,0.0,
2015-05-05,1.5,1.5,0.0,
2015-05-06,1.417,1.417,0.0,
2015-05-07,2.826,2.957,0.13,
2015-05-08,2.25,2.333,0.083,
2015-05-09,2.042,2.083,0.042,
2015-05-10,1.0,1.292,0.292,
2015-05-11,4.217,4.217,0.0,
2015-05-12,4.435,4.435,0.0,
2015-05-13,2.167,2.167,0.0,
2015-05-14,2.792,2.833,0.042,
2015-05-15,3.0,3.125,0.125,
2015-05-16,3.417,3.417,0.0,
2015-05-17,1.875,1.875,0.0,
2015-05-18,3.826,3.826,0.0,
2015-05-19,2.455,2.455,0.0,
2015-05-20,1.75,1.75,0.0,
2015-05-21,1.083,1.083,0.0,
2015-05-22,2.458,2.5,0.042,
2015-05-23,2.667,2.667,0.0,
2015-05-24,2.458,2.458,0.0,
2015-05-25,4.652,4.652,0.0,
2015-05-26,4.619,4.619,0.0,
2015-05-27,4.75,4.75,0.0,
2015-05-28,5.375,5.375,0.0,
2015-05-29,3.083,3.083,0.0,
2015-05-30,2.667,2.667,0.0,
2015-05-31,2.167,2.167,0.0,
2015-06-01,3.217,3.217,0.0,
2015-06-02,2.091,2.091,0.0,
2015-06-03,,,,
2015-06-04,0.792,0.792,0.0,
2015-06-05,2.375,2.375,0.0,
2015-06-06,3.583,3.625,0.042,
2015-06-07,1.583,1.583,0.0,
2015-06-08,1.652,1.652,0.0,
2015-06-09,1.636,1.636,0.0,
2015-06-10,2.542,2.542,0.0,
2015-06-11,3.375,3.375,0.0,
2015-06-12,3.208,3.25,0.042,
2015-06-13,2.458,2.458,0.0,
2015-06-14,2.208,2.208,0.0,
2015-06-15,2.435,2.435,0.0,
2015-06-16,3.682,3.682,0.0,
2015-06-17,2.667,2.667,0.0,
2015-06-18,1.708,1.958,0.25,
2015-06-19,1.5,1.5,0.0,
2015-06-20,2.542,2.542,0.0,
2015-06-21,2.5,2.542,0.042,
2015-06-22,2.957,2.957,0.0,
2015-06-23,2.905,2.905,0.0,
2015-06-24,2.583,2.583,0.0,
2015-06-25,3.875,3.917,0.042,
2015-06-26,2.0,2.0,0.0,
2015-06-27,1.083,1.083,0.0,
2015-06-28,0.875,0.875,0.0,
2015-06-29,2.783,2.783,0.0,
2015-06-30,3.591,3.591,0.0,
2015-07-01,2.375,2.375,0.0,
2015-07-02,1.458,1.458,0.0,
2015-07-03,3.583,3.583,0.0,
2015-07-04,2.75,2.75,0.0,
2015-07-05,2.0,2.0,0.0,
2015-07-06,3.304,3.348,0.043,
2015-07-07,4.045,4.091,0.045,
2015-07-08,5.958,6.0,0.042,
2015-07-09,3.75,3.917,0.167,
2015-07-10,4.167,4.542,0.375,
2015-07-11,3.375,3.375,0.0,
2015-07-12,2.958,3.0,0.042,
2015-07-13,3.261,3.261,0.0,
2015-07-14,2.455,2.636,0.182,
2015-07-15,3.208,3.292,0.083,
2015-07-16,3.958,4.375,0.417,
2015-07-17,1.208,1.208,0.0,
2015-07-18,2.042,2.375,0.333,
2015-07-19,2.375,2.375,0.0,
2015-07-20,2.652,2.652,0.0,
2015-07-21,3.25,3.5,0.25,
2015-07-22,3.583,3.583,0.0,
2015-07-23,3.292,3.292,0.0,
2015-07-24,2.833,2.917,0.083,
2015-07-25,2.292,2.458,0.167,
2015-07-26,2.125,2.167,0.042,
2015-07-27,2.783,2.783,0.0,
2015-07-28,2.818,2.818,0.0,
2015-07-29,3.0,3.5,0.5,
2015-07-30,2.609,2.652,0.043,
2015-07-31,2.375,2.375,0.0,
2015-08-01,2.458,2.458,0.0,
2015-08-02,2.083,2.083,0.0,
2015-08-03,3.783,3.783,0.0,
2015-08-04,3.818,3.818,0.0,
2015-08-05,3.75,3.75,0.0,
2015-08-06,4.1,4.1,0.0,
2015-08-07,,,,
2015-08-08,2.208,2.458,0.25,
2015-08-09,1.417,1.5,0.083,
2015-08-10,3.174,3.174,0.0,
2015-08-11,4.318,4.364,0.045,
2015-08-12,3.0,3.0,0.0,
2015-08-13,2.625,2.625,0.0,
2015-08-14,2.958,2.958,0.0,
2015-08-15,2.708,2.708,0.0,
2015-08-16,2.292,2.292,0.0,
2015-08-17,1.174,1.217,0.043,
2015-08-18,2.136,2.136,0.0,
2015-08-19,2.958,2.958,0.0,
2015-08-20,4.5,4.833,0.333,
2015-08-21,3.75,3.917,0.167,
2015-08-22,2.292,2.292,0.0,
2015-08-23,1.458,1.458,0.0,
2015-08-24,2.13,2.13,0.0,
2015-08-25,1.455,1.455,0.0,
2015-08-26,1.25,1.25,0.0,
2015-08-27,2.958,3.167,0.208,
2015-08-28,1.792,1.833,0.042,
2015-08-29,1.542,1.542,0.0,
2015-08-30,1.417,1.417,0.0,
2015-08-31,2.435,2.696,0.261,
2015-09-01,2.136,2.318,0.182,
2015-09-02,2.542,2.75,0.208,
2015-09-03,3.583,3.75,0.167,
2015-09-04,1.917,1.917,0.0,
2015-09-05,2.417,2.5,0.083,
2015-09-06,2.875,3.083,0.208,
2015-09-07,4.565,4.609,0.043,
2015-09-08,1.5,1.5,0.0,
2015-09-09,2.864,3.091,0.227,
2015-09-10,2.667,2.792,0.125,
2015-09-11,1.833,1.833,0.0,
2015-09-12,3.083,3.25,0.167,
2015-09-13,2.333,2.333,0.0,
2015-09-14,3.304,3.435,0.13,
2015-09-15,2.652,2.739,0.087,
2015-09-16,3.75,3.917,0.167,
2015-09-17,1.208,1.208,0.0,
2015-09-18,2.208,2.25,0.042,
2015-09-19,0.833,0.833,0.0,
2015-09-20,1.667,1.667,0.0,
2015-09-21,2.565,2.565,0.0,
2015-09-22,2.476,2.619,0.143,
2015-09-23,2.625,2.625,0.0,
2015-09-24,2.208,2.208,0.0,
2015-09-25,1.208,1.208,0.0,
2015-09-26,2.333,2.417,0.083,
2015-09-27,2.375,2.417,0.042,
2015-09-28,2.13,2.565,0.435,
2015-09-29,2.522,2.957,0.435,
2015-09-30,3.583,4.958,1.375,
2015-10-01,1.833,2.042,0.208,
2015-10-02,1.476,1.81,0.333,
2015-10-03,2.25,3.083,0.833,
2015-10-04,2.292,2.333,0.042,
2015-10-05,4.421,4.789,0.368,
2015-10-06,3.381,3.714,0.333,
2015-10-07,3.3,3.6,0.3,
2015-10-08,1.833,1.833,0.0,
2015-10-09,2.875,3.083,0.208,
2015-10-10,3.958,3.958,0.0,
2015-10-11,2.125,2.125,0.0,
2015-10-12,2.304,2.304,0.0,
2015-10-13,3.818,3.864,0.045,
2015-10-14,4.667,5.333,0.667,
2015-10-15,5.167,6.667,1.5,
2015-10-16,5.917,7.042,1.125,
2015-10-17,6.25,7.125,0.875,
2015-10-18,3.667,3.792,0.125,
2015-10-19,5.174,5.565,0.391,
2015-10-20,5.263,5.842,0.579,
2015-10-21,6.75,8.55,1.8,
2015-10-22,6.368,6.895,0.526,
2015-10-23,5.917,6.375,0.458,
2015-10-24,3.125,3.25,0.125,
2015-10-25,2.417,2.542,0.125,
2015-10-26,4.696,5.043,0.348,
2015-10-27,3.75,3.95,0.2,
2015-10-28,5.0,5.167,0.167,
2015-10-29,3.625,3.792,0.167,
2015-10-30,3.81,3.857,0.048,
2015-10-31,2.789,2.895,0.105,
2015-11-01,4.0,4.083,0.083,
2015-11-02,8.043,9.652,1.609,
2015-11-03,3.773,4.364,0.591,
2015-11-04,5.9,7.0,1.1,
2015-11-05,4.714,5.238,0.524,
2015-11-06,8.292,9.25,0.958,
2015-11-07,6.0,6.792,0.792,
2015-11-08,2.083,2.167,0.083,
2015-11-09,2.304,2.391,0.087,
2015-11-10,4.889,5.0,0.111,
2015-11-11,,,,
2015-11-12,5.042,6.458,1.417,
2015-11-13,3.5,4.167,0.667,
2015-11-14,0.792,1.208,0.417,
2015-11-15,1.583,1.958,0.375,
2015-11-16,5.043,5.391,0.348,
2015-11-17,7.19,8.048,0.857,
2015-11-18,3.25,3.292,0.042,
2015-11-19,5.375,5.75,0.375,
2015-11-20,6.792,7.958,1.167,
2015-11-21,7.208,8.875,1.667,
2015-11-22,4.0,4.625,0.625,
2015-11-23,3.391,3.565,0.174,
2015-11-24,3.909,3.909,0.0,
2015-11-25,4.25,4.458,0.208,
2015-11-26,3.083,3.083,0.0,
2015-11-27,2.542,2.542,0.0,
2015-11-28,4.375,4.458,0.083,
2015-11-29,3.625,3.667,0.042,
2015-11-30,2.826,3.522,0.696,
2015-12-01,4.818,5.136,0.318,
2015-12-02,2.625,2.833,0.208,
2015-12-03,4.833,5.25,0.417,
2015-12-04,1.583,1.917,0.333,
2015-12-05,1.458,1.542,0.083,
2015-12-06,2.625,2.75,0.125,
2015-12-07,6.522,7.304,0.783,
2015-12-08,8.478,9.435,0.957,
2015-12-09,8.625,10.792,2.167,
2015-12-10,5.583,6.25,0.667,
2015-12-11,4.792,5.0,0.208,
2015-12-12,8.208,8.875,0.667,
2015-12-13,7.125,7.458,0.333,
2015-12-14,6.739,8.087,1.348,
2015-12-15,3.524,3.762,0.238,
2015-12-16,3.458,3.458,0.0,
2015-12-17,3.792,4.292,0.5,
2015-12-18,3.083,3.625,0.542,
2015-12-19,3.958,4.292,0.333,
2015-12-20,4.917,5.542,0.625,
2015-12-21,8.304,9.043,0.739,
2015-12-22,6.391,6.565,0.174,
2015-12-23,4.417,4.458,0.042,
2015-12-24,10.792,12.292,1.5,
2015-12-25,4.083,4.25,0.167,
2015-12-26,2.5,2.667,0.167,
2015-12-27,2.5,2.5,0.0,
2015-12-28,4.087,4.304,0.217,
2015-12-29,3.273,3.364,0.091,
2015-12-30,4.292,4.5,0.208,
2015-12-31,4.208,4.25,0.042,
2016-01-01,2.75,2.75,0.0,1.917
2016-01-02,3.217,3.435,0.217,9.75
2016-01-03,2.429,2.429,0.0,21.476
2016-01-04,2.625,2.833,0.208,10.792
2016-01-05,2.167,2.625,0.458,7.292
2016-01-06,5.375,6.25,0.875,3.708
2016-01-07,4.167,4.75,0.583,3.292
2016-01-08,2.25,2.542,0.292,5.083
2016-01-09,2.696,3.87,1.174,4.083
2016-01-10,3.318,4.409,1.091,5.727
2016-01-11,3.25,4.708,1.458,3.0
2016-01-12,3.958,5.5,1.542,2.958
2016-01-13,5.333,7.583,2.25,3.042
2016-01-14,2.667,4.5,1.833,1.75
2016-01-15,1.542,3.25,1.708,1.667
2016-01-16,,,,1.042
2016-01-17,,,,2.818
2016-01-18,6.083,6.875,0.792,3.375
2016-01-19,5.417,5.958,0.542,15.417
2016-01-20,3.375,4.042,0.667,13.167
2016-01-21,3.667,4.083,0.417,4.5
2016-01-22,2.583,2.708,0.125,4.667
2016-01-23,2.217,3.304,1.087,4.375
2016-01-24,2.273,3.409,1.136,3.318
2016-01-25,2.708,3.875,1.167,3.792
2016-01-26,2.75,3.792,1.042,2.125
2016-01-27,4.583,6.292,1.708,6.85
2016-01-28,4.042,4.917,0.875,5.667
2016-01-29,4.292,5.208,0.917,5.042
2016-01-30,3.87,5.0,1.13,6.833
2016-01-31,1.739,2.696,0.957,3.773
2016-02-01,2.5,3.792,1.292,5.25
2016-02-02,0.917,1.958,1.042,3.333
2016-02-03,2.083,3.125,1.042,7.125
2016-02-04,4.667,5.458,0.792,5.583
2016-02-05,2.667,3.542,0.875,5.583
2016-02-06,1.913,2.13,0.217,4.583
2016-02-07,1.571,1.857,0.286,4.0
2016-02-08,2.542,2.917,0.375,4.833
2016-02-09,2.042,2.25,0.208,3.667
2016-02-10,1.958,2.167,0.208,4.417
2016-02-11,1.375,1.833,0.458,2.083
2016-02-12,1.333,1.625,0.292,5.167
2016-02-13,1.0,2.125,1.125,4.958
2016-02-14,,,,4.762
2016-02-15,4.958,6.167,1.208,8.625
2016-02-16,6.875,8.208,1.333,13.917
2016-02-17,5.667,6.833,1.167,11.125
2016-02-18,2.375,3.375,1.0,6.75
2016-02-19,1.625,2.708,1.083,6.625
2016-02-20,3.609,3.652,0.043,5.875
2016-02-21,1.5,1.7,0.2,5.545
2016-02-22,4.917,4.958,0.042,6.292
2016-02-23,4.083,4.125,0.042,7.833
2016-02-24,3.792,3.917,0.125,6.917
2016-02-25,3.5,3.708,0.208,3.75
2016-02-26,2.5,2.5,0.0,5.625
2016-02-27,4.522,5.652,1.13,5.042
2016-02-28,5.783,7.0,1.217,6.455
2016-02-29,,,,
2016-03-01,6.042,6.833,0.792,11.25
2016-03-02,6.125,6.708,0.583,15.958
2016-03-03,3.458,3.958,0.5,8.5
2016-03-04,5.0,5.792,0.792,12.083
2016-03-05,3.727,4.182,0.455,15.375
2016-03-06,3.174,3.435,0.261,11.913
2016-03-07,2.6,2.9,0.3,8.5
2016-03-08,2.375,3.583,1.208,5.333
2016-03-09,2.542,3.583,1.042,2.708
2016-03-10,2.542,3.667,1.125,8.0
2016-03-11,3.875,5.083,1.208,5.708
2016-03-12,3.875,4.917,1.042,6.625
2016-03-13,2.652,3.174,0.522,9.625
2016-03-14,3.286,3.524,0.238,16.667
2016-03-15,3.917,4.667,0.75,4.0
2016-03-16,2.875,3.875,1.0,6.792
2016-03-17,2.958,3.583,0.625,12.292
2016-03-18,2.75,3.25,0.5,14.167
2016-03-19,4.125,4.583,0.458,11.625
2016-03-20,4.522,4.739,0.217,28.833
2016-03-21,6.727,7.182,0.455,23.045
2016-03-22,3.75,4.0,0.25,15.833
2016-03-23,3.417,3.75,0.333,11.542
2016-03-24,3.625,4.125,0.5,8.042
2016-03-25,5.792,6.5,0.708,8.708
2016-03-26,3.917,4.375,0.458,8.583
2016-03-27,3.783,3.957,0.174,4.208
2016-03-28,3.81,4.0,0.19,13.857
2016-03-29,3.458,3.583,0.125,15.25
2016-03-30,3.542,3.667,0.125,20.542
2016-03-31,5.208,5.417,0.208,13.292
2016-04-01,4.0,4.25,0.25,15.0
2016-04-02,2.227,2.227,0.0,8.409
2016-04-03,3.261,3.261,0.0,8.304
2016-04-04,3.609,4.348,0.739,3.5
2016-04-05,3.682,4.682,1.0,5.826
2016-04-06,4.167,4.958,0.792,11.333
2016-04-07,2.25,2.875,0.625,6.708
2016-04-08,2.583,3.292,0.708,6.375
2016-04-09,2.417,3.0,0.583,14.458
2016-04-10,2.833,3.25,0.417,16.958
2016-04-11,2.739,3.304,0.565,13.333
2016-04-12,3.4,4.6,1.2,15.87
2016-04-13,5.083,5.292,0.208,13.542
2016-04-14,3.292,3.5,0.208,8.542
2016-04-15,3.083,3.333,0.25,8.5
2016-04-16,2.625,3.042,0.417,8.708
2016-04-17,1.417,1.417,0.0,11.167
2016-04-18,2.739,3.0,0.261,13.583
2016-04-19,3.667,4.286,0.619,11.286
2016-04-20,4.958,5.708,0.75,7.667
2016-04-21,5.125,5.417,0.292,11.458
2016-04-22,4.25,4.417,0.167,11.417
2016-04-23,2.333,2.583,0.25,17.0
2016-04-24,3.583,3.75,0.167,19.292
2016-04-25,5.0,5.652,0.652,12.75
2016-04-26,5.174,5.522,0.348,14.895
2016-04-27,4.042,4.75,0.708,12.75
2016-04-28,2.292,2.792,0.5,3.083
2016-04-29,1.042,1.708,0.667,6.625
2016-04-30,2.542,3.5,0.958,11.5
2016-05-01,2.583,3.417,0.833,24.0
2016-05-02,3.174,3.174,0.0,26.25
2016-05-03,2.286,2.286,0.0,20.5
2016-05-04,1.917,1.917,0.0,10.0
2016-05-05,1.792,1.792,0.0,12.333
2016-05-06,2.75,2.75,0.0,8.083
2016-05-07,3.167,3.167,0.0,14.917
2016-05-08,2.542,2.542,0.0,21.583
2016-05-09,5.522,6.478,0.957,13.375
2016-05-10,2.913,3.261,0.348,3.364
2016-05-11,1.875,2.542,0.667,1.708
2016-05-12,1.75,2.458,0.708,1.792
2016-05-13,2.417,2.833,0.417,5.7
2016-05-14,3.583,4.125,0.542,10.0
2016-05-15,2.0,2.208,0.208,11.625
2016-05-16,2.043,2.348,0.304,11.875
2016-05-17,2.5,3.227,0.727,3.5
2016-05-18,4.083,4.958,0.875,13.292
2016-05-19,3.792,4.583,0.792,15.958
2016-05-20,2.5,2.792,0.292,9.125
2016-05-21,3.917,4.25,0.333,14.125
2016-05-22,3.417,3.958,0.542,14.125
2016-05-23,3.696,4.087,0.391,14.583
2016-05-24,3.174,3.261,0.087,23.45
2016-05-25,5.25,5.417,0.167,30.417
2016-05-26,3.455,3.909,0.455,15.708
2016-05-27,,,,19.0
2016-05-28,2.667,2.667,0.0,21.542
2016-05-29,2.792,2.792,0.0,19.5
2016-05-30,1.565,1.565,0.0,9.083
2016-05-31,1.136,1.136,0.0,8.737
2016-06-01,0.958,0.958,0.0,5.125
2016-06-02,1.75,1.792,0.042,3.714
2016-06-03,2.542,2.75,0.208,6.208
2016-06-04,1.583,1.583,0.0,9.125
2016-06-05,2.083,2.083,0.0,11.208
2016-06-06,2.217,2.913,0.696,7.625
2016-06-07,3.667,4.048,0.381,12.25
2016-06-08,3.458,3.792,0.333,11.792
2016-06-09,3.333,3.708,0.375,11.375
2016-06-10,3.042,3.625,0.583,6.917
2016-06-11,3.125,3.458,0.333,12.583
2016-06-12,2.5,2.625,0.125,17.208
2016-06-13,1.826,2.0,0.174,4.583
2016-06-14,2.095,2.19,0.095,4.143
2016-06-15,2.458,2.625,0.167,7.292
2016-06-16,2.208,2.292,0.083,4.333
2016-06-17,1.625,1.667,0.042,10.833
2016-06-18,2.125,2.125,0.0,12.125
2016-06-19,2.083,2.208,0.125,15.042
2016-06-20,1.652,1.696,0.043,13.583
2016-06-21,3.136,3.318,0.182,16.05
2016-06-22,1.875,1.875,0.0,14.042
2016-06-23,4.25,4.542,0.292,10.042
2016-06-24,1.125,1.208,0.083,6.958
2016-06-25,1.208,1.208,0.0,7.292
2016-06-26,0.75,0.75,0.0,4.792
2016-06-27,2.391,2.478,0.087,4.208
2016-06-28,3.0,3.0,0.0,5.955
2016-06-29,2.958,3.0,0.042,5.083
2016-06-30,2.458,2.458,0.0,4.833
2016-07-01,2.958,3.042,0.083,7.125
2016-07-02,1.708,1.708,0.0,11.25
2016-07-03,1.625,1.625,0.0,2.75
2016-07-04,1.478,2.478,1.0,6.318
2016-07-05,1.348,2.348,1.0,2.083
2016-07-06,1.083,2.208,1.125,7.0
2016-07-07,1.5,2.5,1.0,3.833
2016-07-08,3.917,4.917,1.0,6.0
2016-07-09,1.417,2.458,1.042,2.667
2016-07-10,0.833,1.75,0.917,6.458
2016-07-11,2.478,2.478,0.0,10.75
2016-07-12,3.238,3.381,0.143,7.714
2016-07-13,1.875,1.875,0.0,7.292
2016-07-14,1.917,1.917,0.0,8.083
2016-07-15,2.125,2.125,0.0,2.75
2016-07-16,2.875,2.875,0.0,4.542
2016-07-17,1.875,1.875,0.0,9.125
2016-07-18,1.739,1.739,0.0,3.167
2016-07-19,2.435,2.435,0.0,2.789
2016-07-20,3.0,3.042,0.042,3.792
2016-07-21,2.917,2.917,0.0,5.417
2016-07-22,2.292,2.292,0.0,4.458
2016-07-23,1.792,1.833,0.042,7.083
2016-07-24,2.083,2.083,0.0,5.417
2016-07-25,1.696,1.87,0.174,11.333
2016-07-26,2.478,3.043,0.565,11.182
2016-07-27,2.375,3.25,0.875,8.542
2016-07-28,3.0,3.917,0.917,12.792
2016-07-29,3.0,4.0,1.0,15.042
2016-07-30,2.792,3.625,0.833,14.333
2016-07-31,2.417,3.333,0.917,13.083
2016-08-01,2.174,2.783,0.609,5.75
2016-08-02,2.238,2.762,0.524,6.524
2016-08-03,2.5,3.208,0.708,7.5
2016-08-04,2.0,2.625,0.625,10.125
2016-08-05,2.083,2.708,0.625,11.458
2016-08-06,2.167,2.625,0.458,11.792
2016-08-07,1.375,1.583,0.208,15.708
2016-08-08,,,,6.875
2016-08-09,,,,10.409
2016-08-10,2.583,2.583,0.0,4.25
2016-08-11,2.5,2.542,0.042,4.0
2016-08-12,2.333,2.333,0.0,7.083
2016-08-13,2.458,2.458,0.0,11.375
2016-08-14,1.792,1.792,0.0,11.75
2016-08-15,1.522,1.652,0.13,11.583
2016-08-16,1.048,1.095,0.048,6.1
2016-08-17,1.958,2.333,0.375,3.708
2016-08-18,2.167,2.458,0.292,6.125
2016-08-19,2.417,2.792,0.375,7.083
2016-08-20,0.75,0.958,0.208,2.792
2016-08-21,1.458,1.75,0.292,7.167
2016-08-22,2.478,3.0,0.522,5.208
2016-08-23,2.182,2.545,0.364,3.773
2016-08-24,2.5,2.917,0.417,5.75
2016-08-25,2.75,3.167,0.417,9.333
2016-08-26,2.417,2.875,0.458,7.125
2016-08-27,1.667,2.0,0.333,3.875
2016-08-28,0.625,0.875,0.25,3.417
2016-08-29,1.174,1.217,0.043,1.167
2016-08-30,2.348,2.348,0.0,1.773
2016-08-31,2.708,2.708,0.0,6.292
2016-09-01,3.667,3.75,0.083,12.833
2016-09-02,3.167,3.167,0.0,15.917
2016-09-03,1.5,1.5,0.0,11.083
2016-09-04,1.708,1.708,0.0,5.042
2016-09-05,2.261,2.609,0.348,7.542
2016-09-06,2.409,2.636,0.227,5.091
2016-09-07,3.125,3.583,0.458,5.458
2016-09-08,1.917,2.167,0.25,4.792
2016-09-09,1.875,2.125,0.25,4.917
2016-09-10,1.667,1.792,0.125,3.708
2016-09-11,2.208,2.542,0.333,4.667
2016-09-12,2.565,2.609,0.043,5.875
2016-09-13,2.0,2.0,0.0,2.182
2016-09-14,2.375,2.375,0.0,3.0
2016-09-15,3.458,3.583,0.125,4.556
2016-09-16,4.333,4.375,0.042,8.042
2016-09-17,2.583,2.583,0.0,8.875
2016-09-18,3.208,3.208,0.0,3.333
2016-09-19,2.652,3.391,0.739,5.167
2016-09-20,4.429,5.476,1.048,3.083
2016-09-21,1.333,1.833,0.5,3.05
2016-09-22,0.25,0.333,0.083,1.708
2016-09-23,2.625,3.167,0.542,2.167
2016-09-24,2.625,3.208,0.583,4.958
2016-09-25,2.292,2.75,0.458,6.75
2016-09-26,3.652,4.478,0.826,8.125
2016-09-27,3.81,4.286,0.476,7.0
2016-09-28,3.083,3.542,0.458,5.542
2016-09-29,4.042,4.75,0.708,4.417
2016-09-30,3.042,4.042,1.0,3.708
2016-10-01,2.958,3.375,0.417,5.458
2016-10-02,2.875,3.292,0.417,6.833
2016-10-03,2.522,2.696,0.174,9.625
2016-10-04,2.364,2.409,0.045,6.773
2016-10-05,2.091,2.182,0.091,7.773
2016-10-06,2.292,2.292,0.0,5.208
2016-10-07,2.917,3.167,0.25,8.667
2016-10-08,2.375,2.542,0.167,8.083
2016-10-09,1.75,1.75,0.0,5.0
2016-10-10,2.217,2.217,0.0,2.667
2016-10-11,2.348,2.391,0.043,3.333
2016-10-12,4.083,4.25,0.167,5.083
2016-10-13,3.208,3.333,0.125,4.5
2016-10-14,4.25,4.5,0.25,5.292
2016-10-15,3.542,3.625,0.083,6.333
2016-10-16,2.708,2.708,0.0,9.458
2016-10-17,2.304,2.609,0.304,6.458
2016-10-18,4.364,5.0,0.636,6.273
2016-10-19,4.25,4.958,0.708,9.125
2016-10-20,3.708,4.083,0.375,8.895
2016-10-21,3.417,4.333,0.917,3.417
2016-10-22,3.0,4.042,1.042,3.958
2016-10-23,3.875,4.875,1.0,4.458
2016-10-24,4.13,4.478,0.348,3.667
2016-10-25,2.19,2.381,0.19,5.333
2016-10-26,2.273,2.364,0.091,5.375
2016-10-27,,,,9.542
2016-10-28,3.25,3.708,0.458,4.75
2016-10-29,3.208,3.458,0.25,8.333
2016-10-30,1.5,1.792,0.292,9.0
2016-10-31,3.348,3.478,0.13,7.792
2016-11-01,3.591,3.591,0.0,5.208
2016-11-02,3.417,3.458,0.042,4.636
2016-11-03,2.292,2.292,0.0,3.958
2016-11-04,3.5,3.542,0.042,7.875
2016-11-05,2.625,2.667,0.042,14.917
2016-11-06,2.875,2.875,0.0,10.5
2016-11-07,2.783,3.783,1.0,9.5
2016-11-08,2.455,3.455,1.0,9.091
2016-11-09,1.208,2.25,1.042,4.625
2016-11-10,2.583,3.917,1.333,3.556
2016-11-11,2.0,3.083,1.083,2.333
2016-11-12,2.542,3.542,1.0,10.667
2016-11-13,4.042,5.375,1.333,13.708
2016-11-14,3.652,4.391,0.739,13.727
2016-11-15,4.0,4.136,0.136,11.375
2016-11-16,3.583,3.917,0.333,6.5
2016-11-17,6.292,7.042,0.75,6.292
2016-11-18,3.25,3.917,0.667,6.542
2016-11-19,4.458,4.75,0.292,5.75
2016-11-20,3.417,3.458,0.042,10.25
2016-11-21,5.261,5.609,0.348,9.792
2016-11-22,5.095,5.762,0.667,7.0
2016-11-23,2.625,2.667,0.042,1.333
2016-11-24,3.875,4.375,0.5,2.75
2016-11-25,4.125,4.75,0.625,2.417
2016-11-26,2.125,2.458,0.333,2.417
2016-11-27,3.542,3.625,0.083,4.167
2016-11-28,3.174,3.522,0.348,10.458
2016-11-29,2.905,3.238,0.333,7.143
2016-11-30,4.042,4.708,0.667,8.25
2016-12-01,3.792,4.375,0.583,8.792
2016-12-02,3.375,3.625,0.25,5.667
2016-12-03,4.5,4.708,0.208,5.25
2016-12-04,2.625,2.833,0.208,5.5
2016-12-05,4.348,4.478,0.13,5.292
2016-12-06,3.043,3.13,0.087,5.727
2016-12-07,4.542,5.292,0.75,4.542
2016-12-08,3.917,4.5,0.583,3.042
2016-12-09,4.875,5.25,0.375,3.667
2016-12-10,2.417,2.667,0.25,5.5
2016-12-11,1.708,1.958,0.25,3.792
2016-12-12,3.826,4.435,0.609,5.333
2016-12-13,14.0,16.0,2.0,7.182
2016-12-14,4.958,5.0,0.042,10.083
2016-12-15,4.667,4.792,0.125,4.042
2016-12-16,4.958,5.542,0.583,1.625
2016-12-17,7.0,7.542,0.542,3.083
2016-12-18,6.167,6.792,0.625,9.5
2016-12-19,9.174,9.783,0.609,10.75
2016-12-20,17.286,20.143,2.857,11.2
2016-12-21,10.375,11.542,1.167,7.333
2016-12-22,5.583,6.417,0.833,5.0
2016-12-23,2.583,2.583,0.0,1.75
2016-12-24,4.167,4.25,0.083,1.417
2016-12-25,5.083,5.833,0.75,0.667
2016-12-26,5.043,5.261,0.217,0.773
2016-12-27,7.455,7.909,0.455,3.375
2016-12-28,4.792,4.958,0.167,2.542
2016-12-29,3.208,3.208,0.0,3.083
2016-12-30,2.708,2.708,0.0,3.625
2016-12-31,3.542,3.542,0.0,1.708
2017-01-01,1.261,1.261,0.0,4.458
2017-01-02,1.833,1.833,0.0,4.917
2017-01-03,1.619,1.714,0.095,4.238
2017-01-04,4.833,5.375,0.542,3.5
2017-01-05,8.417,9.75,1.333,5.042
2017-01-06,3.625,3.792,0.167,3.625
2017-01-07,3.083,3.167,0.083,5.583
2017-01-08,4.391,4.652,0.261,4.583
2017-01-09,3.875,3.875,0.0,6.75
2017-01-10,4.545,4.727,0.182,2.091
2017-01-11,6.583,7.292,0.708,1.125
2017-01-12,10.375,11.875,1.5,3.333
2017-01-13,11.25,14.25,3.0,4.273
2017-01-14,8.708,10.583,1.875,2.542
2017-01-15,6.13,6.652,0.522,3.917
2017-01-16,11.417,14.708,3.292,15.083
2017-01-17,12.565,14.304,1.739,5.81
2017-01-18,8.417,9.125,0.708,8.5
2017-01-19,8.542,9.875,1.333,8.5
2017-01-20,6.125,6.625,0.5,7.333
2017-01-21,5.083,5.333,0.25,5.25
2017-01-22,2.913,3.261,0.348,3.417
2017-01-23,2.667,2.833,0.167,3.364
2017-01-24,2.636,3.182,0.545,1.708
2017-01-25,2.292,3.125,0.833,2.208
2017-01-26,2.792,3.625,0.833,3.708
2017-01-27,1.917,2.208,0.292,5.375
2017-01-28,3.042,3.5,0.458,4.208
2017-01-29,5.87,6.696,0.826,4.625
2017-01-30,5.417,6.375,0.958,3.708
2017-01-31,6.913,7.609,0.696,4.227
2017-02-01,11.0,13.958,2.958,8.083
2017-02-02,16.042,23.375,7.333,10.583
2017-02-03,6.083,7.042,0.958,6.375
2017-02-04,3.75,4.125,0.375,3.583
2017-02-05,6.478,6.913,0.435,10.417
2017-02-06,3.55,3.6,0.05,2.25
2017-02-07,6.381,6.952,0.571,1.591
2017-02-08,6.75,7.083,0.333,1.833
2017-02-09,10.0,12.208,2.208,11.375
2017-02-10,11.458,13.75,2.292,11.083
2017-02-11,4.583,4.625,0.042,4.917
2017-02-12,2.522,3.565,1.043,2.333
2017-02-13,5.0,6.75,1.75,3.458
2017-02-14,4.318,5.409,1.091,5.818
2017-02-15,4.333,5.042,0.708,9.417
2017-02-16,6.417,7.5,1.083,4.958
2017-02-17,2.875,3.667,0.792,7.708
2017-02-18,3.5,4.5,1.0,5.5
2017-02-19,4.5,5.625,1.125,5.292
2017-02-20,,,,6.875
2017-02-21,4.682,5.136,0.455,6.048
2017-02-22,6.917,7.708,0.792,5.167
2017-02-23,6.208,6.958,0.75,6.0
2017-02-24,3.542,3.833,0.292,13.0
2017-02-25,4.458,5.083,0.625,9.208
2017-02-26,9.826,12.174,2.348,9.375
2017-02-27,10.042,12.5,2.458,10.792
2017-02-28,7.409,8.273,0.864,18.273
2017-03-01,2.75,3.292,0.542,5.333
2017-03-02,3.375,4.292,0.917,13.708
2017-03-03,7.042,8.167,1.125,11.417
2017-03-04,5.833,6.25,0.417,12.458
2017-03-05,6.304,7.913,1.609,10.25
2017-03-06,2.5,3.667,1.167,8.4
2017-03-07,2.952,4.238,1.286,6.364
2017-03-08,1.0,2.0,1.0,1.875
2017-03-09,2.833,3.792,0.958,3.792
2017-03-10,2.458,3.458,1.0,5.833
2017-03-11,1.773,2.773,1.0,9.958
2017-03-12,4.435,4.609,0.174,10.25
2017-03-13,4.875,4.958,0.083,12.208
2017-03-14,7.048,7.238,0.19,15.773
2017-03-15,5.25,5.417,0.167,18.208
2017-03-16,5.958,6.0,0.042,6.917
2017-03-17,4.458,4.542,0.083,5.042
2017-03-18,4.167,4.167,0.0,6.125
2017-03-19,5.13,5.826,0.696,7.5
2017-03-20,3.083,3.792,0.708,5.125
2017-03-21,2.1,3.1,1.0,3.045
2017-03-22,,,,0.042
2017-03-23,4.667,5.417,0.75,2.875
2017-03-24,3.625,4.167,0.542,3.292
2017-03-25,3.583,3.625,0.042,25.792
2017-03-26,5.591,5.682,0.091,28.792
2017-03-27,6.375,6.417,0.042,19.25
2017-03-28,5.364,5.409,0.045,21.381
2017-03-29,4.417,4.5,0.083,21.542
2017-03-30,4.375,4.375,0.0,8.792
2017-03-31,5.292,5.542,0.25,8.875
2017-04-01,5.125,5.583,0.458,8.75
2017-04-02,3.25,3.375,0.125,7.958
2017-04-03,3.957,4.043,0.087,11.5
2017-04-04,4.5,4.542,0.042,21.792
2017-04-05,4.364,4.364,0.0,20.091
2017-04-06,4.625,4.625,0.0,17.5
2017-04-07,4.625,4.625,0.0,9.333
2017-04-08,5.125,5.292,0.167,7.708
2017-04-09,5.25,5.25,0.0,10.208
2017-04-10,4.783,5.348,0.565,10.208
2017-04-11,2.417,2.417,0.0,5.0
2017-04-12,3.773,3.864,0.091,8.318
2017-04-13,3.875,4.292,0.417,8.542
2017-04-14,3.375,3.625,0.25,16.375
2017-04-15,3.875,3.875,0.0,18.167
2017-04-16,2.75,2.792,0.042,18.25
2017-04-17,2.913,3.174,0.261,20.625
2017-04-18,1.833,1.833,0.0,7.0
2017-04-19,1.905,2.619,0.714,8.167
2017-04-20,4.375,5.375,1.0,6.048
2017-04-21,4.708,5.292,0.583,11.583
2017-04-22,3.125,3.583,0.458,8.208
2017-04-23,2.917,3.208,0.292,5.833
2017-04-24,3.826,4.0,0.174,7.125
2017-04-25,3.458,3.458,0.0,11.2
2017-04-26,4.478,4.478,0.0,8.333
2017-04-27,2.833,2.833,0.0,7.0
2017-04-28,2.542,2.583,0.042,6.708
2017-04-29,3.333,3.375,0.042,9.583
2017-04-30,2.292,2.292,0.0,20.0
2017-05-01,3.391,3.522,0.13,16.958
2017-05-02,2.833,3.083,0.25,4.833
2017-05-03,3.182,3.318,0.136,5.714
2017-05-04,3.333,3.375,0.042,8.292
2017-05-05,2.417,2.417,0.0,9.917
2017-05-06,2.792,2.792,0.0,17.125
2017-05-07,1.667,1.667,0.0,16.042
2017-05-08,3.043,3.217,0.174,14.625
2017-05-09,5.333,5.75,0.417,8.167
2017-05-10,4.333,4.619,0.286,9.818
2017-05-11,2.75,2.75,0.0,10.0
2017-05-12,5.083,5.208,0.125,27.917
2017-05-13,2.5,2.875,0.375,7.875
2017-05-14,1.583,1.583,0.0,2.125
2017-05-15,2.0,2.217,0.217,6.625
2017-05-16,1.583,1.792,0.208,5.125
2017-05-17,2.417,2.75,0.333,3.375
2017-05-18,3.227,3.682,0.455,6.227
2017-05-19,2.542,2.958,0.417,6.083
2017-05-20,1.958,1.958,0.0,14.0
2017-05-21,2.875,2.875,0.0,23.0
2017-05-22,4.087,4.522,0.435,23.458
2017-05-23,3.583,4.042,0.458,23.421
2017-05-24,4.87,5.696,0.826,25.714
2017-05-25,4.542,5.542,1.0,16.0
2017-05-26,1.792,2.583,0.792,5.833
2017-05-27,0.917,1.833,0.917,5.458
2017-05-28,0.875,1.875,1.0,4.208
2017-05-29,1.125,1.5,0.375,4.333
2017-05-30,,,,25.818
2017-05-31,3.273,3.273,0.0,32.273
2017-06-01,3.792,3.833,0.042,22.583
2017-06-02,1.125,1.125,0.0,7.042
2017-06-03,0.5,0.875,0.375,2.417
2017-06-04,0.833,1.375,0.542,3.208
2017-06-05,2.609,2.609,0.0,4.542
2017-06-06,3.833,3.833,0.0,5.125
2017-06-07,3.286,3.286,0.0,14.333
2017-06-08,2.583,2.583,0.0,6.25
2017-06-09,2.292,2.292,0.0,6.75
2017-06-10,2.125,2.125,0.0,8.75
2017-06-11,1.417,1.417,0.0,4.208
2017-06-12,2.043,2.043,0.0,3.958
2017-06-13,2.333,2.458,0.125,4.042
2017-06-14,3.409,3.591,0.182,6.773
2017-06-15,1.792,1.792,0.0,8.667
2017-06-16,1.375,1.375,0.0,6.0
2017-06-17,2.417,2.542,0.125,5.75
2017-06-18,1.583,1.583,0.0,7.5
2017-06-19,2.913,3.696,0.783,10.833
2017-06-20,3.167,3.875,0.708,9.917
2017-06-21,2.0,3.0,1.0,11.3
2017-06-22,2.208,3.083,0.875,10.208
2017-06-23,3.375,4.042,0.667,13.792
2017-06-24,3.667,4.333,0.667,16.917
2017-06-25,3.542,4.417,0.875,14.833
2017-06-26,1.826,2.826,1.0,5.667
2017-06-27,3.208,4.542,1.333,6.0
2017-06-28,4.182,5.409,1.227,8.182
2017-06-29,4.292,5.292,1.0,13.75
2017-06-30,2.083,3.042,0.958,12.083
2017-07-01,1.458,2.458,1.0,3.667
2017-07-02,1.167,2.167,1.0,9.667
2017-07-03,1.043,1.174,0.13,4.583
2017-07-04,2.792,3.125,0.333,2.125
2017-07-05,3.5,3.591,0.091,5.682
2017-07-06,2.583,2.708,0.125,6.917
2017-07-07,3.292,3.708,0.417,8.417
2017-07-08,2.0,2.0,0.0,12.542
2017-07-09,2.625,2.625,0.0,13.875
2017-07-10,2.87,2.957,0.087,12.458
2017-07-11,2.75,2.792,0.042,16.375
2017-07-12,3.0,3.524,0.524,7.65
2017-07-13,2.208,2.625,0.417,16.208
2017-07-14,2.417,2.958,0.542,19.958
2017-07-15,2.292,2.708,0.417,14.792
2017-07-16,1.458,1.667,0.208,13.833
2017-07-17,1.565,1.565,0.0,9.583
2017-07-18,2.292,2.292,0.0,4.5
2017-07-19,2.727,2.773,0.045,8.818
2017-07-20,3.375,3.375,0.0,14.292
2017-07-21,3.917,3.917,0.0,17.81
2017-07-22,2.583,2.583,0.0,13.75
2017-07-23,2.208,2.208,0.0,6.75
2017-07-24,3.696,3.957,0.261,6.792
2017-07-25,4.083,4.417,0.333,4.0
2017-07-26,3.0,3.5,0.5,4.952
2017-07-27,1.75,2.0,0.25,4.917
2017-07-28,2.958,3.333,0.375,6.167
2017-07-29,2.292,2.708,0.417,6.458
2017-07-30,0.958,1.25,0.292,1.583
2017-07-31,1.87,1.87,0.0,4.958
2017-08-01,2.375,2.417,0.042,4.792
2017-08-02,1.455,1.455,0.0,4.048
2017-08-03,2.125,2.208,0.083,4.167
2017-08-04,2.75,2.792,0.042,5.375
2017-08-05,2.958,2.958,0.0,6.875
2017-08-06,2.5,2.5,0.0,8.042
2017-08-07,1.435,1.696,0.261,8.318
2017-08-08,1.5,1.583,0.083,3.25
2017-08-09,1.818,2.227,0.409,2.292
2017-08-10,1.833,2.292,0.458,3.792
2017-08-11,1.917,2.25,0.333,3.667
2017-08-12,1.792,2.083,0.292,2.708
2017-08-13,1.75,2.083,0.333,2.625
2017-08-14,1.826,1.826,0.0,2.292
2017-08-15,1.125,1.167,0.042,1.458
2017-08-16,0.857,0.857,0.0,0.864
2017-08-17,0.833,0.833,0.0,2.083
2017-08-18,,,,2.333
2017-08-19,2.542,2.667,0.125,3.208
2017-08-20,1.667,1.792,0.125,4.25
2017-08-21,1.87,2.087,0.217,4.292
2017-08-22,1.917,2.375,0.458,6.75
2017-08-23,1.524,1.81,0.286,5.727
2017-08-24,1.417,1.875,0.458,6.125
2017-08-25,1.958,2.292,0.333,3.958
2017-08-26,1.625,1.833,0.208,5.333
2017-08-27,1.125,1.208,0.083,5.375
2017-08-28,1.609,2.0,0.391,8.667
2017-08-29,2.417,2.625,0.208,10.0
2017-08-30,1.909,2.273,0.364,3.0
2017-08-31,2.125,2.583,0.458,2.5
2017-09-01,2.0,2.542,0.542,4.417
2017-09-02,2.0,2.417,0.417,4.125
2017-09-03,1.417,1.917,0.5,3.792
2017-09-04,2.522,2.522,0.0,3.292
2017-09-05,3.292,3.375,0.083,6.042
2017-09-06,2.909,3.0,0.091,5.682
2017-09-07,4.917,5.042,0.125,2.5
2017-09-08,2.958,2.958,0.0,3.708
2017-09-09,2.583,2.667,0.083,5.625
2017-09-10,1.833,1.833,0.0,5.125
2017-09-11,1.739,1.739,0.0,7.208
2017-09-12,1.583,1.583,0.0,3.625
2017-09-13,2.045,2.091,0.045,5.0
2017-09-14,2.318,2.318,0.0,3.682
2017-09-15,2.458,2.625,0.167,3.083
2017-09-16,1.25,1.333,0.083,4.208
2017-09-17,0.292,0.292,0.0,1.875
2017-09-18,0.913,0.913,0.0,3.708
2017-09-19,1.833,2.0,0.167,4.75
2017-09-20,2.381,2.619,0.238,9.0
2017-09-21,1.792,1.875,0.083,4.375
2017-09-22,1.5,1.708,0.208,5.083
2017-09-23,1.5,1.5,0.0,3.833
2017-09-24,1.917,2.0,0.083,5.417
2017-09-25,2.826,2.87,0.043,6.542
2017-09-26,3.125,3.417,0.292,8.958
2017-09-27,3.522,3.565,0.043,10.955
2017-09-28,3.792,4.042,0.25,3.875
2017-09-29,2.375,2.833,0.458,4.176
2017-09-30,2.667,3.042,0.375,6.542
2017-10-01,2.042,2.25,0.208,9.0
2017-10-02,3.0,3.043,0.043,10.292
2017-10-03,4.0,4.0,0.0,5.292
2017-10-04,3.273,3.273,0.0,4.05
2017-10-05,3.333,3.333,0.0,4.125
2017-10-06,2.458,2.458,0.0,4.833
2017-10-07,2.917,2.917,0.0,2.958
2017-10-08,3.125,3.125,0.0,4.625
2017-10-09,2.565,2.565,0.0,6.083
2017-10-10,3.542,3.542,0.0,7.042
2017-10-11,3.13,3.174,0.043,12.182
2017-10-12,3.5,3.5,0.0,3.542
2017-10-13,4.375,4.542,0.167,2.333
2017-10-14,3.833,3.917,0.083,4.583
2017-10-15,4.083,4.167,0.083,6.042
2017-10-16,2.783,3.087,0.304,4.833
2017-10-17,4.25,4.458,0.208,5.292
2017-10-18,4.182,4.364,0.182,7.476
2017-10-19,2.125,2.25,0.125,3.292
2017-10-20,4.25,4.792,0.542,1.375
2017-10-21,3.208,3.542,0.333,2.125
2017-10-22,3.208,3.375,0.167,1.375
2017-10-23,1.739,1.739,0.0,3.625
2017-10-24,4.542,5.083,0.542,10.25
2017-10-25,6.905,8.857,1.952,11.455
2017-10-26,3.792,4.375,0.583,9.417
2017-10-27,4.333,4.625,0.292,11.125
2017-10-28,1.875,1.917,0.042,10.583
2017-10-29,2.0,2.042,0.042,2.25
2017-10-30,0.957,1.783,0.826,7.375
2017-10-31,1.0,2.0,1.0,4.792
2017-11-01,,,,3.636
2017-11-02,1.25,1.417,0.167,8.875
2017-11-03,0.667,0.667,0.0,10.042
2017-11-04,1.292,1.292,0.0,9.458
2017-11-05,0.917,0.917,0.0,11.125
2017-11-06,1.435,1.522,0.087,10.583
2017-11-07,1.455,1.455,0.0,11.143
2017-11-08,1.5,1.5,0.0,12.208
2017-11-09,3.708,4.25,0.542,11.792
2017-11-10,2.833,3.917,1.083,6.75
2017-11-11,1.292,1.542,0.25,7.917
2017-11-12,1.333,1.667,0.333,6.042
2017-11-13,4.696,5.174,0.478,5.542
2017-11-14,4.417,4.708,0.292,9.417
2017-11-15,2.955,3.0,0.045,5.273
2017-11-16,3.75,4.292,0.542,1.917
2017-11-17,3.583,4.375,0.792,4.0
2017-11-18,4.0,4.417,0.417,4.875
2017-11-19,3.583,4.375,0.792,3.0
2017-11-20,3.261,4.0,0.739,2.042
2017-11-21,3.667,4.333,0.667,4.083
2017-11-22,3.909,4.364,0.455,5.227
2017-11-23,4.083,4.417,0.333,4.125
2017-11-24,2.625,2.875,0.25,0.125
2017-11-25,2.25,2.583,0.333,1.125
2017-11-26,3.333,3.625,0.292,3.458
2017-11-27,6.87,7.478,0.609,6.8
2017-11-28,3.542,3.792,0.25,7.8
2017-11-29,5.85,6.3,0.45,12.727
2017-11-30,5.25,5.542,0.292,4.417
2017-12-01,5.125,5.458,0.333,0.917
2017-12-02,5.25,5.792,0.542,2.958
2017-12-03,2.958,3.125,0.167,4.583
2017-12-04,4.261,5.478,1.217,5.583
2017-12-05,5.5,6.75,1.25,2.458
2017-12-06,10.391,13.565,3.174,2.545
2017-12-07,5.083,7.083,2.0,2.417
2017-12-08,6.333,7.875,1.542,2.375
2017-12-09,3.417,4.708,1.292,2.208
2017-12-10,2.083,3.125,1.042,1.333
2017-12-11,3.217,3.217,0.0,3.625
2017-12-12,3.667,4.095,0.429,1.136
2017-12-13,4.208,4.583,0.375,2.792
2017-12-14,3.917,4.292,0.375,2.417
2017-12-15,4.542,4.583,0.042,3.5
2017-12-16,4.375,4.375,0.0,3.208
2017-12-17,3.917,3.917,0.0,3.75
2017-12-18,3.478,3.565,0.087,2.167
2017-12-19,3.292,3.375,0.083,3.833
2017-12-20,4.773,4.818,0.045,4.636
2017-12-21,6.375,6.833,0.458,2.875
2017-12-22,6.125,6.375,0.25,7.208
2017-12-23,3.583,3.583,0.0,5.917
2017-12-24,3.75,3.75,0.0,7.5
2017-12-25,3.522,3.739,0.217,9.583
2017-12-26,3.792,4.208,0.417,3.583
2017-12-27,2.143,2.429,0.286,2.955
2017-12-28,2.542,2.917,0.375,3.667
2017-12-29,3.125,3.333,0.208,3.292
2017-12-30,3.417,3.5,0.083,3.458
2017-12-31,2.333,2.417,0.083,2.375
2018-01-01,2.708,2.792,0.083,1.583
2018-01-02,1.875,1.875,0.0,2.0
2018-01-03,1.208,1.208,0.0,5.125
2018-01-04,2.667,2.81,0.143,3.045
2018-01-05,2.792,2.792,0.0,11.583
2018-01-06,3.042,3.333,0.292,6.708
2018-01-07,3.091,3.227,0.136,2.708
2018-01-08,7.375,7.667,0.292,3.25
2018-01-09,3.0,3.143,0.143,4.143
2018-01-10,2.5,2.75,0.25,3.583
2018-01-11,6.708,7.125,0.417,6.458
2018-01-12,6.583,7.708,1.125,5.792
2018-01-13,4.667,4.917,0.25,4.833
2018-01-14,4.864,6.273,1.409,3.833
2018-01-15,2.455,3.318,0.864,5.95
2018-01-16,3.667,4.5,0.833,17.792
2018-01-17,5.333,6.708,1.375,4.417
2018-01-18,2.25,3.583,1.333,6.25
2018-01-19,4.958,6.25,1.292,6.167
2018-01-20,2.958,3.917,0.958,4.708
2018-01-21,3.409,4.136,0.727,4.667
2018-01-22,5.417,6.417,1.0,5.292
2018-01-23,3.25,3.55,0.3,5.773
2018-01-24,2.792,3.458,0.667,5.417
2018-01-25,5.083,6.083,1.0,3.125
2018-01-26,3.917,4.625,0.708,0.833
2018-01-27,4.333,5.208,0.875,2.917
2018-01-28,5.227,6.045,0.818,4.167
2018-01-29,5.458,6.083,0.625,12.833
2018-01-30,6.909,9.636,2.727,13.048
2018-01-31,6.667,7.125,0.458,9.708
2018-02-01,3.333,4.042,0.708,4.75
2018-02-02,9.167,10.333,1.167,6.25
2018-02-03,4.917,5.708,0.792,9.375
2018-02-04,3.091,3.818,0.727,14.833
2018-02-05,2.917,3.625,0.708,14.417
2018-02-06,9.55,11.6,2.05,15.318
2018-02-07,4.958,5.75,0.792,7.667
2018-02-08,2.458,3.625,1.167,9.083
2018-02-09,2.25,3.25,1.0,5.917
2018-02-10,1.833,2.875,1.042,3.333
2018-02-11,2.091,2.318,0.227,6.708
2018-02-12,3.667,4.083,0.417,7.667
2018-02-13,4.048,4.333,0.286,9.227
2018-02-14,5.625,6.375,0.75,6.125
2018-02-15,5.833,6.375,0.542,4.583
2018-02-16,5.667,6.083,0.417,14.542
2018-02-17,2.333,2.667,0.333,11.125
2018-02-18,2.909,3.0,0.091,8.35
2018-02-19,3.958,4.125,0.167,9.167
2018-02-20,3.636,3.636,0.0,3.409
2018-02-21,4.125,4.208,0.083,9.292
2018-02-22,7.083,7.417,0.333,19.75
2018-02-23,5.167,5.292,0.125,19.875
2018-02-24,4.833,4.875,0.042,16.333
2018-02-25,4.545,4.818,0.273,17.5
2018-02-26,5.292,5.625,0.333,17.333
2018-02-27,9.15,9.9,0.75,18.591
2018-02-28,10.083,10.917,0.833,15.917
2018-03-01,6.042,6.75,0.708,16.125
2018-03-02,5.625,5.917,0.292,28.208
2018-03-03,6.5,6.583,0.083,20.583
2018-03-04,8.045,8.955,0.909,12.708
2018-03-05,5.542,6.0,0.458,16.958
2018-03-06,4.238,4.429,0.19,16.85
2018-03-07,4.625,4.708,0.083,18.792
2018-03-08,4.125,4.708,0.583,10.375
2018-03-09,3.625,4.125,0.5,6.917
2018-03-10,3.667,3.958,0.292,7.875
2018-03-11,3.409,4.591,1.182,4.833
2018-03-12,3.417,4.792,1.375,11.667
2018-03-13,2.5,3.9,1.4,8.773
2018-03-14,2.292,4.083,1.792,8.125
2018-03-15,1.833,3.208,1.375,5.875
2018-03-16,3.875,5.458,1.583,6.708
2018-03-17,2.958,4.417,1.458,8.542
2018-03-18,6.227,6.636,0.409,9.333
2018-03-19,4.556,4.889,0.333,9.917
2018-03-20,,,,13.091
2018-03-21,2.625,3.708,1.083,10.917
2018-03-22,2.125,3.458,1.333,14.042
2018-03-23,2.583,4.583,2.0,4.5
2018-03-24,1.65,3.55,1.9,7.958
2018-03-25,2.773,2.864,0.091,8.958
2018-03-26,3.333,3.524,0.19,12.143
2018-03-27,2.95,2.95,0.0,11.6
2018-03-28,4.174,4.261,0.087,5.043
2018-03-29,4.0,4.292,0.292,7.125
2018-03-30,3.042,3.167,0.125,9.792
2018-03-31,1.958,1.958,0.0,5.5
2018-04-01,3.875,3.875,0.0,15.125
2018-04-02,4.955,5.5,0.545,29.083
2018-04-03,2.208,2.375,0.167,28.125
2018-04-04,3.227,3.364,0.136,14.048
2018-04-05,2.958,3.667,0.708,10.875
2018-04-06,6.083,7.625,1.542,10.167
2018-04-07,2.375,3.375,1.0,10.25
2018-04-08,1.375,2.375,1.0,7.333
2018-04-09,3.227,3.545,0.318,7.917
2018-04-10,5.958,6.792,0.833,11.208
2018-04-11,3.217,3.261,0.043,12.864
2018-04-12,2.75,2.958,0.208,10.375
2018-04-13,2.917,3.0,0.083,6.708
2018-04-14,2.833,2.917,0.083,6.792
2018-04-15,1.5,1.5,0.0,3.625
2018-04-16,3.636,3.864,0.227,5.625
2018-04-17,6.083,6.708,0.625,7.25
2018-04-18,2.4,2.7,0.3,5.5
2018-04-19,3.167,3.417,0.25,7.125
2018-04-20,3.792,3.792,0.0,20.333
2018-04-21,3.417,3.417,0.0,21.583
2018-04-22,3.042,3.125,0.083,25.25
2018-04-23,3.591,5.0,1.409,24.833
2018-04-24,1.917,3.333,1.417,5.208
2018-04-25,2.048,3.429,1.381,2.524
2018-04-26,2.0,3.583,1.583,3.083
2018-04-27,2.75,4.208,1.458,9.583
2018-04-28,2.458,3.583,1.125,30.833
2018-04-29,1.958,3.083,1.125,15.5
2018-04-30,3.045,3.045,0.0,16.333
2018-05-01,3.583,3.583,0.0,26.667
2018-05-02,3.409,3.409,0.0,24.05
2018-05-03,2.167,2.167,0.0,5.583
2018-05-04,2.292,2.292,0.0,10.208
2018-05-05,2.167,2.167,0.0,10.917
2018-05-06,2.792,2.792,0.0,13.583
2018-05-07,5.864,5.909,0.045,15.542
2018-05-08,2.625,2.625,0.0,2.875
2018-05-09,2.591,2.591,0.0,0.524
2018-05-10,2.667,2.708,0.042,7.208
2018-05-11,2.792,2.792,0.0,7.125
2018-05-12,4.458,4.458,0.0,14.917
2018-05-13,3.25,3.25,0.0,14.375
2018-05-14,2.045,2.5,0.455,4.55
2018-05-15,2.458,2.958,0.5,9.208
2018-05-16,2.571,2.714,0.143,18.227
2018-05-17,2.833,2.875,0.042,20.917
2018-05-18,2.042,2.333,0.292,9.458
2018-05-19,0.75,1.083,0.333,1.25
2018-05-20,1.292,1.875,0.583,2.667
2018-05-21,3.818,4.273,0.455,4.667
2018-05-22,5.0,5.75,0.75,
2018-05-23,2.619,2.619,0.0,
2018-05-24,2.708,2.792,0.083,4.364
2018-05-25,2.333,2.375,0.042,16.375
2018-05-26,2.958,3.125,0.167,15.0
2018-05-27,3.417,3.583,0.167,4.292
2018-05-28,4.5,4.5,0.0,13.958
2018-05-29,4.417,4.417,0.0,21.75
2018-05-30,5.095,5.095,0.0,17.333
2018-05-31,3.708,3.708,0.0,8.5
2018-06-01,3.458,3.458,0.0,6.417
2018-06-02,2.833,2.833,0.0,8.875
2018-06-03,3.042,3.042,0.0,11.042
2018-06-04,2.5,2.864,0.364,12.792
2018-06-05,3.25,3.542,0.292,15.333
2018-06-06,4.409,5.045,0.636,18.95
2018-06-07,3.292,4.0,0.708,19.333
2018-06-08,1.833,2.042,0.208,15.833
2018-06-09,0.875,1.208,0.333,12.917
2018-06-10,0.292,0.833,0.542,4.208
2018-06-11,1.727,1.773,0.045,2.0
2018-06-12,1.5,1.5,0.0,2.917
2018-06-13,2.318,2.318,0.0,3.714
2018-06-14,1.875,1.958,0.083,3.542
2018-06-15,3.167,3.542,0.375,5.5
2018-06-16,1.125,1.125,0.0,5.167
2018-06-17,1.958,1.958,0.0,5.708
2018-06-18,2.636,2.636,0.0,9.292
2018-06-19,3.792,3.792,0.0,7.542
2018-06-20,2.091,2.091,0.0,5.273
2018-06-21,1.708,1.708,0.0,9.0
2018-06-22,2.25,2.25,0.0,7.125
2018-06-23,2.917,2.917,0.0,9.958
2018-06-24,2.208,2.208,0.0,15.292
2018-06-25,3.273,3.273,0.0,19.75
2018-06-26,5.667,5.708,0.042,23.75
2018-06-27,4.222,4.222,0.0,19.952
2018-06-28,,,,8.292
2018-06-29,1.667,1.667,0.0,9.958
2018-06-30,1.958,1.958,0.0,6.208
2018-07-01,1.958,1.958,0.0,6.792
2018-07-02,3.273,3.818,0.545,12.958
2018-07-03,3.5,4.417,0.917,16.708
2018-07-04,2.136,2.909,0.773,12.318
2018-07-05,1.708,2.25,0.542,5.083
2018-07-06,2.667,3.542,0.875,4.792
2018-07-07,1.5,2.25,0.75,2.458
2018-07-08,3.0,3.958,0.958,6.583
2018-07-09,2.364,2.636,0.273,9.5
2018-07-10,3.292,3.375,0.083,11.75
2018-07-11,4.1,4.45,0.35,10.381
2018-07-12,2.708,3.0,0.292,6.917
2018-07-13,2.417,2.75,0.333,12.875
2018-07-14,2.667,2.875,0.208,13.417
2018-07-15,2.417,2.75,0.333,12.0
2018-07-16,2.818,3.364,0.545,14.292
2018-07-17,2.875,3.458,0.583,21.333
2018-07-18,2.652,2.913,0.261,35.273
2018-07-19,2.708,3.25,0.542,37.708
2018-07-20,2.917,3.458,0.542,37.042
2018-07-21,2.25,2.583,0.333,21.167
2018-07-22,2.208,2.667,0.458,11.75
2018-07-23,2.318,2.818,0.5,8.875
2018-07-24,3.0,3.375,0.375,15.208
2018-07-25,2.727,2.955,0.227,15.227
2018-07-26,2.583,2.833,0.25,14.292
2018-07-27,2.208,2.375,0.167,9.833
2018-07-28,1.083,1.292,0.208,3.917
2018-07-29,0.875,0.958,0.083,4.125
2018-07-30,1.864,2.864,1.0,6.458
2018-07-31,3.375,4.5,1.125,8.792
2018-08-01,3.429,4.476,1.048,6.571
2018-08-02,2.958,4.125,1.167,8.958
2018-08-03,1.792,2.792,1.0,9.958
2018-08-04,2.0,3.0,1.0,10.333
2018-08-05,1.875,2.875,1.0,13.625
2018-08-06,3.136,3.636,0.5,8.5
2018-08-07,1.125,1.25,0.125,1.583
2018-08-08,1.952,2.429,0.476,2.19
2018-08-09,3.333,4.292,0.958,3.792
2018-08-10,2.667,3.125,0.458,7.375
2018-08-11,2.125,2.542,0.417,5.75
2018-08-12,2.167,2.708,0.542,6.208
2018-08-13,3.455,3.455,0.0,6.417
2018-08-14,3.208,3.208,0.0,10.083
2018-08-15,2.905,2.905,0.0,7.905
2018-08-16,2.292,2.375,0.083,2.542
2018-08-17,2.0,2.0,0.0,4.083
2018-08-18,2.625,2.625,0.0,3.875
2018-08-19,2.75,2.75,0.0,7.625
2018-08-20,2.773,2.818,0.045,11.75
2018-08-21,2.875,3.083,0.208,8.083
2018-08-22,4.048,4.286,0.238,9.818
2018-08-23,2.167,2.375,0.208,8.143
2018-08-24,2.375,2.667,0.292,3.125
2018-08-25,2.167,2.458,0.292,7.0
2018-08-26,1.417,1.5,0.083,7.875
2018-08-27,1.864,2.864,1.0,5.917
2018-08-28,2.917,4.208,1.292,3.167
2018-08-29,0.783,1.783,1.0,3.045
2018-08-30,1.083,2.167,1.083,9.708
2018-08-31,2.333,3.333,1.0,4.458
2018-09-01,1.542,2.625,1.083,3.917
2018-09-02,0.5,1.5,1.0,3.917
2018-09-03,1.429,1.429,0.0,3.944
2018-09-04,,,,4.75
2018-09-05,2.048,2.048,0.0,5.182
2018-09-06,1.833,1.917,0.083,10.417
2018-09-07,3.0,3.208,0.208,11.375
2018-09-08,1.958,1.958,0.0,4.292
2018-09-09,2.417,2.792,0.375,3.125
2018-09-10,3.864,4.682,0.818,2.125
2018-09-11,1.909,2.455,0.545,2.727
2018-09-12,0.864,1.045,0.182,5.429
2018-09-13,2.25,2.458,0.208,6.417
2018-09-14,3.5,3.917,0.417,6.458
2018-09-15,2.375,2.833,0.458,7.167
2018-09-16,1.292,1.292,0.0,4.042
2018-09-17,1.591,1.591,0.0,3.083
2018-09-18,2.167,2.25,0.083,5.125
2018-09-19,2.455,2.591,0.136,5.19
2018-09-20,3.917,4.25,0.333,7.875
2018-09-21,1.083,1.125,0.042,1.208
2018-09-22,1.792,1.792,0.0,2.417
2018-09-23,2.125,2.167,0.042,6.458
2018-09-24,2.318,3.318,1.0,10.083
2018-09-25,3.792,4.875,1.083,8.292
2018-09-26,2.0,3.182,1.182,5.409
2018-09-27,1.792,2.833,1.042,2.875
2018-09-28,2.458,3.583,1.125,4.583
2018-09-29,2.833,4.208,1.375,7.208
2018-09-30,1.25,2.292,1.042,2.292
2018-10-01,1.0,1.0,0.0,6.417
2018-10-02,2.417,2.417,0.0,5.958
2018-10-03,2.682,2.727,0.045,6.0
2018-10-04,3.167,3.333,0.167,7.0
2018-10-05,1.125,1.125,0.0,7.625
2018-10-06,0.958,0.958,0.0,3.917
2018-10-07,1.0,1.0,0.0,5.083
2018-10-08,2.091,2.273,0.182,4.667
2018-10-09,2.708,2.917,0.208,6.458
2018-10-10,2.85,3.15,0.3,9.333
2018-10-11,4.333,4.625,0.292,4.958
2018-10-12,2.875,3.5,0.625,3.125
2018-10-13,2.542,3.25,0.708,4.083
2018-10-14,2.0,2.292,0.292,5.292
2018-10-15,2.636,2.864,0.227,6.5
2018-10-16,3.667,3.917,0.25,7.542
2018-10-17,4.5,4.864,0.364,6.571
2018-10-18,3.458,4.0,0.542,4.083
2018-10-19,2.125,2.375,0.25,5.25
2018-10-20,3.5,3.833,0.333,4.917
2018-10-21,2.0,2.417,0.417,5.125
2018-10-22,2.909,3.591,0.682,6.833
2018-10-23,1.167,1.583,0.417,6.917
2018-10-24,3.136,4.0,0.864,8.095
2018-10-25,3.292,4.333,1.042,12.917
2018-10-26,1.5,2.208,0.708,12.167
2018-10-27,1.958,2.625,0.667,8.208
2018-10-28,1.167,2.042,0.875,5.125
2018-10-29,3.364,3.864,0.5,5.333
2018-10-30,3.875,4.542,0.667,3.542
2018-10-31,2.318,3.0,0.682,2.0
2018-11-01,3.042,3.708,0.667,3.417
2018-11-02,3.208,3.708,0.5,2.792
2018-11-03,2.792,3.25,0.458,4.708
2018-11-04,3.667,4.042,0.375,6.708
2018-11-05,5.818,6.273,0.455,8.75
2018-11-06,7.917,9.375,1.458,9.667
2018-11-07,5.5,6.591,1.091,7.409
2018-11-08,2.667,2.875,0.208,8.958
2018-11-09,4.125,4.25,0.125,2.667
2018-11-10,4.042,4.083,0.042,
2018-11-11,3.292,3.458,0.167,
2018-11-12,3.682,4.864,1.182,9.0
2018-11-13,5.417,6.958,1.542,5.042
2018-11-14,2.952,4.19,1.238,4.381
2018-11-15,3.417,4.917,1.5,2.583
2018-11-16,2.375,3.583,1.208,3.167
2018-11-17,3.708,4.792,1.083,4.375
2018-11-18,3.042,4.333,1.292,3.417
2018-11-19,3.227,3.318,0.091,3.833
2018-11-20,2.833,3.083,0.25,3.708
2018-11-21,4.15,4.25,0.1,5.619
2018-11-22,3.042,3.292,0.25,5.417
2018-11-23,2.208,2.458,0.25,3.667
2018-11-24,3.0,3.5,0.5,3.708
2018-11-25,2.042,2.25,0.208,5.292
2018-11-26,5.818,5.909,0.091,7.667
2018-11-27,4.833,5.333,0.5,10.0
2018-11-28,5.591,5.909,0.318,15.136
2018-11-29,3.333,3.333,0.0,5.083
2018-11-30,4.708,4.792,0.083,5.25
2018-12-01,3.875,3.917,0.042,5.875
2018-12-02,4.417,4.458,0.042,5.25
2018-12-03,1.955,2.136,0.182,6.208
2018-12-04,3.5,3.625,0.125,5.292
2018-12-05,5.045,5.045,0.0,4.381
2018-12-06,5.0,5.333,0.333,4.083
2018-12-07,1.792,1.792,0.0,3.458
2018-12-08,3.042,3.292,0.25,0.667
2018-12-09,0.792,0.792,0.0,2.042
2018-12-10,4.273,4.682,0.409,2.083
2018-12-11,6.0,8.333,2.333,1.458
2018-12-12,,,,2.0
2018-12-13,1.833,3.25,1.417,4.0
2018-12-14,1.625,3.125,1.5,7.042
2018-12-15,2.25,4.0,1.75,4.167
2018-12-16,0.75,2.208,1.458,3.0
2018-12-17,5.136,5.409,0.273,3.25
2018-12-18,3.708,3.75,0.042,4.375
2018-12-19,3.45,3.45,0.0,4.667
2018-12-20,7.708,7.833,0.125,5.958
2018-12-21,5.625,5.625,0.0,6.917
2018-12-22,8.417,8.75,0.333,8.917
2018-12-23,5.0,5.0,0.0,6.833
2018-12-24,1.909,2.091,0.182,2.625
2018-12-25,6.75,7.833,1.083,3.292
2018-12-26,4.19,4.381,0.19,3.9
2018-12-27,3.5,4.25,0.75,2.583
2018-12-28,2.0,3.208,1.208,2.292
2018-12-29,0.875,1.875,1.0,2.542
2018-12-30,1.75,2.75,1.0,3.042
2018-12-31,1.727,1.818,0.091,2.875
