date,HUM_max,HUM_mean,HUM_min,NO2_mean,NOX_mean,NO_mean,SO2_mean,TEMP_max,TEMP_mean,TEMP_min
2011-01-01,95.0,81.958,61.0,6.625,7.792,1.167,0.25,81.0,12.833,-37.0
2011-01-02,96.0,72.25,46.0,3.458,4.625,1.167,0.0,92.0,29.417,-19.0
2011-01-03,59.0,49.375,40.0,1.042,1.833,0.792,0.167,72.0,36.458,14.0
2011-01-04,75.0,62.958,54.0,1.87,2.435,0.565,1.125,69.0,26.0,2.0
2011-01-05,63.0,52.333,43.0,0.591,0.909,0.318,0.0,53.0,19.75,-1.0
2011-01-06,64.0,56.0,41.0,1.875,2.25,0.375,0.261,90.0,35.792,-1.0
2011-01-07,64.0,52.958,38.0,1.042,1.583,0.542,0.083,59.0,19.417,-12.0
2011-01-08,77.0,55.75,39.0,1.083,1.5,0.417,0.042,60.0,14.292,-28.0
2011-01-09,98.0,76.583,51.0,4.75,5.833,1.083,0.375,72.0,15.375,-27.0
2011-01-10,96.0,60.375,39.0,3.542,4.417,0.875,0.167,87.0,36.917,-1.0
2011-01-11,84.0,71.167,52.0,2.87,3.13,0.261,0.917,34.0,12.417,-18.0
2011-01-12,76.0,59.042,43.0,3.125,3.542,0.417,0.042,27.0,-14.083,-47.0
2011-01-13,87.0,67.125,35.0,7.25,9.667,2.417,1.087,95.0,12.0,-64.0
2011-01-14,66.0,53.708,38.0,1.333,1.458,0.125,0.958,43.0,9.542,-25.0
2011-01-15,77.0,59.583,40.0,1.667,1.792,0.125,0.917,59.0,9.208,-37.0
2011-01-16,67.0,56.5,45.0,2.348,2.435,0.087,0.391,52.0,15.5,-14.0
2011-01-17,80.0,61.917,48.0,3.958,4.5,0.542,0.583,54.0,9.875,-27.0
2011-01-18,85.0,62.5,36.0,6.739,7.826,1.087,0.792,83.0,24.042,-18.0
2011-01-19,81.0,68.083,61.0,2.792,3.0,0.208,2.0,66.0,39.792,-12.0
2011-01-20,90.0,75.958,70.0,0.0,0.0,0.0,0.294,48.0,39.208,29.0
2011-01-21,97.0,93.042,80.0,1.625,1.708,0.083,0.391,35.0,25.333,17.0
2011-01-22,98.0,94.583,86.0,0.833,0.875,0.042,0.0,64.0,38.5,-1.0
2011-01-23,78.0,68.333,58.0,1.458,1.583,0.125,0.4,74.0,37.958,3.0
2011-01-24,77.0,57.167,40.0,1.958,2.125,0.167,0.0,37.0,0.125,-31.0
2011-01-25,82.0,70.958,60.0,5.565,7.087,1.522,1.304,20.0,-9.25,-40.0
2011-01-26,84.0,59.417,42.0,2.958,4.0,1.042,0.261,21.0,-15.708,-51.0
2011-01-27,78.0,64.667,45.0,3.792,4.792,1.0,1.261,26.0,-14.542,-60.0
2011-01-28,83.0,64.167,43.0,1.917,2.417,0.5,0.87,29.0,-12.333,-52.0
2011-01-29,84.0,55.917,38.0,1.583,2.458,0.875,0.0,26.0,-17.333,-60.0
2011-01-30,67.0,49.458,33.0,3.167,4.0,0.833,0.273,36.0,-8.0,-45.0
2011-01-31,67.0,55.042,31.0,1.917,2.5,0.583,0.217,63.0,4.208,-32.0
2011-02-01,76.0,56.958,28.0,5.045,5.682,0.636,0.739,96.0,12.083,-51.0
2011-02-02,74.0,51.083,29.0,1.708,1.708,0.0,0.75,43.0,-3.917,-42.0
2011-02-03,86.0,65.25,38.0,6.042,6.583,0.542,0.083,44.0,-22.125,-76.0
2011-02-04,90.0,59.458,27.0,6.375,6.75,0.375,0.667,102.0,12.042,-67.0
2011-02-05,81.0,65.458,41.0,2.833,2.958,0.125,0.833,74.0,22.25,-43.0
2011-02-06,97.0,85.917,66.0,5.708,6.208,0.5,0.292,87.0,41.917,-17.0
2011-02-07,97.0,90.292,67.0,4.583,4.708,0.125,0.087,66.0,57.292,50.0
2011-02-08,68.0,55.333,37.0,1.043,2.478,1.435,0.542,61.0,25.083,-15.0
2011-02-09,70.0,55.375,38.0,0.292,1.542,1.25,0.042,42.0,0.458,-36.0
2011-02-10,89.0,63.958,41.0,0.792,1.917,1.125,0.667,69.0,12.708,-17.0
2011-02-11,86.0,60.125,43.0,0.667,1.958,1.292,0.167,42.0,-1.458,-35.0
2011-02-12,84.0,54.0,38.0,0.5,1.792,1.292,0.125,38.0,1.833,-39.0
2011-02-13,80.0,56.625,39.0,3.0,3.913,0.913,0.261,68.0,30.708,3.0
2011-02-14,95.0,80.083,68.0,4.292,4.458,0.167,0.739,59.0,38.583,23.0
2011-02-15,94.0,59.583,41.0,2.87,3.478,0.609,0.792,100.0,47.167,4.0
2011-02-16,74.0,48.958,39.0,2.708,3.125,0.417,0.125,43.0,9.417,-24.0
2011-02-17,93.0,72.375,55.0,3.0,3.75,0.75,1.042,21.0,-5.375,-27.0
2011-02-18,68.0,51.542,37.0,1.375,1.75,0.375,0.5,28.0,-11.458,-53.0
2011-02-19,66.0,49.417,31.0,0.75,0.833,0.083,0.375,68.0,1.875,-51.0
2011-02-20,84.0,59.792,35.0,3.75,4.375,0.625,0.458,89.0,22.292,-37.0
2011-02-21,82.0,59.333,36.0,3.875,4.5,0.625,1.0,113.0,39.75,-30.0
2011-02-22,84.0,65.958,55.0,4.261,4.522,0.261,1.792,56.0,24.458,-3.0
2011-02-23,97.0,85.125,56.0,6.0,6.292,0.292,0.25,99.0,58.917,24.0
2011-02-24,73.0,56.25,38.0,2.5,2.5,0.0,1.833,101.0,58.583,29.0
2011-02-25,94.0,85.375,64.0,1.667,1.667,0.0,0.583,33.0,21.167,13.0
2011-02-26,87.0,62.5,47.0,1.083,1.167,0.083,0.083,53.0,20.875,-9.0
2011-02-27,61.0,51.625,43.0,1.042,1.042,0.0,0.083,57.0,4.375,-36.0
2011-02-28,85.0,62.792,43.0,3.125,3.25,0.125,0.348,41.0,-7.625,-63.0
2011-04-01,88.0,64.458,41.0,2.5,2.625,0.125,0.348,131.0,80.0,14.0
2011-04-02,94.0,57.458,35.0,2.542,2.667,0.125,0.417,171.0,89.375,26.0
2011-04-03,77.0,49.292,35.0,1.125,1.125,0.0,0.125,111.0,57.25,7.0
2011-04-04,84.0,61.5,40.0,1.842,2.368,0.526,0.087,96.0,43.5,-22.0
2011-04-05,89.0,60.625,39.0,3.667,4.792,1.125,0.333,127.0,60.458,-34.0
2011-04-06,76.0,58.458,40.0,3.435,4.391,0.957,0.583,167.0,97.042,18.0
2011-04-07,88.0,64.083,36.0,7.917,9.0,1.083,1.125,195.0,118.75,38.0
2011-04-08,97.0,64.375,38.0,5.667,6.667,1.0,0.739,215.0,149.292,81.0
2011-04-09,98.0,91.417,69.0,1.875,2.708,0.833,0.0,120.0,88.292,75.0
2011-04-10,96.0,75.042,47.0,2.375,3.375,1.0,0.083,128.0,87.333,42.0
2011-04-12,96.0,56.792,26.0,2.083,2.917,0.833,0.174,126.0,67.5,8.0
2011-04-13,84.0,48.125,17.0,3.87,3.913,0.043,1.042,218.0,118.833,4.0
2011-04-14,84.0,55.833,29.0,4.714,4.857,0.143,1.0,209.0,137.083,65.0
2011-04-15,88.0,65.917,37.0,7.042,7.375,0.333,1.913,228.0,148.833,64.0
2011-04-16,95.0,64.083,41.0,4.0,4.042,0.042,0.333,225.0,133.75,71.0
2011-04-17,87.0,56.792,39.0,2.375,2.375,0.0,0.208,140.0,94.083,57.0
2011-04-18,94.0,71.958,55.0,2.167,2.167,0.0,0.0,108.0,85.292,44.0
2011-04-19,99.0,89.417,74.0,1.083,1.083,0.0,0.0,90.0,64.583,41.0
2011-04-20,88.0,70.583,56.0,2.13,2.13,0.0,0.0,101.0,63.083,36.0
2011-04-21,95.0,77.958,51.0,3.542,3.542,0.0,0.0,129.0,85.125,26.0
2011-04-22,98.0,91.042,83.0,3.458,3.458,0.0,0.0,119.0,100.417,86.0
2011-04-23,97.0,92.625,79.0,2.542,2.542,0.0,0.0,167.0,132.375,93.0
2011-04-24,95.0,74.917,46.0,2.542,2.542,0.0,0.042,143.0,105.0,63.0
2011-04-25,97.0,71.875,45.0,3.792,3.792,0.0,0.0,153.0,90.208,39.0
2011-04-26,92.0,74.125,42.0,4.75,4.792,0.042,0.292,183.0,112.333,23.0
2011-04-27,90.0,74.792,49.0,4.0,4.043,0.043,1.083,227.0,172.0,107.0
2011-04-28,97.0,75.458,49.0,1.833,1.833,0.0,0.167,168.0,134.208,86.0
2011-04-29,88.0,60.125,37.0,2.583,2.583,0.0,0.13,169.0,113.125,62.0
2011-04-30,85.0,71.292,57.0,5.042,5.042,0.0,0.667,173.0,129.5,42.0
2011-05-01,88.0,68.25,46.0,5.042,5.083,0.042,0.792,210.0,167.625,118.0
2011-05-02,62.0,45.417,32.0,2.25,2.25,0.0,0.083,203.0,159.917,114.0
2011-05-03,96.0,68.917,48.0,1.958,1.958,0.0,0.125,170.0,127.708,98.0
2011-05-04,96.0,76.542,49.0,1.348,1.391,0.043,0.0,176.0,132.125,96.0
2011-05-05,86.0,79.208,71.0,1.042,1.042,0.0,0.0,124.0,103.458,81.0
2011-05-06,94.0,79.208,59.0,0.955,0.955,0.0,0.0,141.0,111.792,71.0
2011-05-07,96.0,84.958,61.0,2.958,3.125,0.167,0.125,191.0,152.292,116.0
2011-05-08,95.0,53.5,22.0,1.417,1.417,0.0,0.542,257.0,183.75,120.0
2011-05-09,85.0,60.833,35.0,1.875,1.875,0.0,0.583,212.0,164.542,110.0
2011-05-10,93.0,72.792,46.0,3.5,3.625,0.125,0.333,249.0,177.083,119.0
2011-05-11,97.0,90.042,70.0,4.739,4.739,0.0,0.083,162.0,131.875,117.0
2011-05-12,97.0,91.5,78.0,1.708,1.708,0.0,0.0,153.0,134.792,113.0
2011-05-13,96.0,63.792,34.0,1.208,1.208,0.0,0.087,215.0,167.292,132.0
2011-05-14,85.0,57.083,44.0,2.125,2.125,0.0,0.542,211.0,154.0,77.0
2011-05-15,83.0,50.625,26.0,2.542,2.542,0.0,0.917,234.0,174.208,112.0
2011-05-16,95.0,74.542,44.0,2.375,2.375,0.0,0.542,223.0,163.417,92.0
2011-05-17,94.0,73.708,44.0,4.333,4.333,0.0,0.739,199.0,160.833,122.0
2011-05-18,87.0,63.583,39.0,3.652,5.043,1.391,0.458,204.0,146.625,88.0
2011-05-19,93.0,66.667,41.0,6.208,8.0,1.792,1.625,245.0,179.917,98.0
2011-05-20,91.0,60.667,30.0,6.792,9.0,2.208,1.304,273.0,200.417,118.0
2011-05-21,94.0,71.625,44.0,6.417,12.0,5.583,1.5,275.0,205.042,153.0
2011-05-22,97.0,88.708,65.0,3.0,5.19,2.19,0.095,204.0,147.0,115.0
2011-05-23,97.0,79.667,55.0,2.864,5.091,2.227,0.182,155.0,127.0,93.0
2011-05-24,96.0,83.708,57.0,3.0,5.208,2.208,0.0,162.0,129.542,101.0
2011-05-25,92.0,71.875,40.0,2.85,4.1,1.25,0.524,222.0,154.417,94.0
2011-05-26,89.0,75.333,56.0,1.35,2.35,1.0,0.15,188.0,152.667,128.0
2011-05-27,95.0,77.0,52.0,1.75,3.125,1.375,0.391,215.0,174.583,143.0
2011-05-28,96.0,91.917,84.0,0.958,2.5,1.542,0.125,186.0,167.667,158.0
2011-05-29,96.0,95.208,92.0,1.5,3.042,1.542,0.0,180.0,157.958,149.0
2011-05-30,94.0,83.5,71.0,0.0,1.0,1.0,0.0,167.0,142.958,110.0
2011-05-31,85.0,71.833,56.0,0.0,1.0,1.0,0.0,129.0,109.208,93.0
2011-06-01,93.0,72.792,55.0,1.13,1.304,0.174,0.042,156.0,118.375,89.0
2011-06-02,95.0,88.625,68.0,5.417,6.208,0.792,0.167,182.0,145.417,108.0
2011-06-03,96.0,79.958,53.0,3.125,4.125,1.0,0.043,222.0,168.208,133.0
2011-06-04,96.0,77.0,51.0,5.458,6.625,1.167,0.917,254.0,190.333,135.0
2011-06-05,95.0,79.625,49.0,4.0,5.167,1.167,0.458,251.0,193.625,161.0
2011-06-06,94.0,71.292,47.0,3.714,4.571,0.857,0.667,227.0,192.583,156.0
2011-06-07,90.0,74.708,51.0,5.136,6.364,1.227,1.783,250.0,197.333,147.0
2011-06-08,93.0,78.958,54.0,1.526,3.947,2.421,0.5,236.0,180.917,142.0
2011-06-09,95.0,76.542,54.0,1.917,6.083,4.167,0.458,221.0,187.75,134.0
2011-06-10,93.0,77.542,55.0,4.792,8.25,3.458,1.522,257.0,212.208,168.0
2011-06-11,96.0,82.875,57.0,2.75,5.75,3.0,0.208,233.0,195.625,170.0
2011-06-12,91.0,71.25,50.0,1.542,4.292,2.75,0.542,236.0,198.958,160.0
2011-06-13,96.0,86.75,68.0,0.667,3.619,2.952,0.143,209.0,180.75,159.0
2011-06-14,95.0,77.333,47.0,1.542,4.333,2.792,0.125,226.0,189.5,167.0
2011-06-15,90.0,72.833,50.0,3.913,9.217,5.304,0.167,208.0,172.708,140.0
2011-06-16,93.0,78.667,61.0,3.957,6.739,2.783,0.227,221.0,183.625,129.0
2011-06-17,95.0,87.583,75.0,1.375,3.375,2.0,0.0,197.0,179.625,167.0
2011-06-18,94.0,87.083,71.0,4.292,6.292,2.0,0.208,202.0,181.333,169.0
2011-06-19,95.0,81.125,62.0,4.917,7.083,2.167,0.458,225.0,192.958,158.0
2011-06-20,93.0,77.292,55.0,6.708,9.667,2.958,1.125,267.0,220.583,179.0
2011-06-21,96.0,86.5,65.0,5.833,8.375,2.542,0.25,245.0,209.958,194.0
2011-06-22,95.0,73.375,39.0,6.13,10.435,4.304,0.792,309.0,237.708,180.0
2011-06-23,94.0,81.833,60.0,9.75,11.917,2.167,0.708,295.0,242.833,213.0
2011-06-24,92.0,71.0,51.0,7.042,9.958,2.917,0.522,316.0,254.5,198.0
2011-06-25,97.0,88.708,81.0,4.304,12.696,8.391,0.375,201.0,184.542,170.0
2011-06-26,96.0,91.083,79.0,1.292,2.375,1.083,0.0,194.0,186.375,177.0
2011-06-27,96.0,91.708,78.0,2.917,4.125,1.208,0.0,219.0,196.625,180.0
2011-06-28,94.0,87.5,64.0,6.5,8.292,1.792,0.0,259.0,222.792,191.0
2011-06-29,93.0,74.583,53.0,4.13,4.739,0.609,0.375,280.0,245.875,212.0
2011-06-30,94.0,77.333,56.0,10.375,22.667,12.292,0.75,310.0,251.542,212.0
2011-07-01,93.0,78.167,53.0,3.792,7.833,4.042,0.261,275.0,241.417,217.0
2011-07-02,95.0,83.875,69.0,1.958,2.0,0.042,0.0,256.0,228.208,208.0
2011-07-03,95.0,84.167,69.0,1.75,2.167,0.417,0.0,251.0,232.042,207.0
2011-07-04,92.0,73.625,50.0,4.864,7.227,2.364,0.842,328.0,266.75,222.0
2011-07-05,91.0,77.958,61.0,7.478,19.913,12.435,1.417,264.0,238.458,220.0
2011-07-06,87.0,64.667,47.0,3.696,4.783,1.087,1.25,291.0,244.958,209.0
2011-07-07,94.0,79.0,59.0,6.333,8.208,1.875,0.958,290.0,235.708,203.0
2011-07-08,95.0,87.458,76.0,7.833,10.167,2.333,0.565,267.0,240.417,218.0
2011-07-09,93.0,78.625,55.0,8.542,17.292,8.75,0.792,300.0,252.542,222.0
2011-07-10,93.0,77.875,46.0,6.625,9.292,2.667,0.958,347.0,259.75,227.0
2011-07-11,94.0,80.792,60.0,2.5,5.25,2.75,0.417,270.0,238.0,219.0
2011-07-12,93.0,73.958,50.0,6.625,11.208,4.583,3.667,312.0,262.417,219.0
2011-07-13,90.0,71.083,48.0,6.261,11.783,5.522,2.75,322.0,265.0,224.0
2011-07-14,91.0,72.5,47.0,8.833,13.417,4.583,2.708,328.0,267.583,220.0
2011-07-15,94.0,75.083,45.0,10.13,18.652,8.522,1.522,331.0,261.833,224.0
2011-07-16,94.0,74.208,48.0,6.583,8.875,2.292,2.417,317.0,254.542,208.0
2011-07-17,90.0,69.667,43.0,8.625,12.958,4.333,3.875,344.0,275.292,223.0
2011-07-18,91.0,78.958,62.0,6.292,9.583,3.292,2.208,286.0,255.75,231.0
2011-07-19,95.0,92.958,83.0,3.955,6.773,2.818,0.957,257.0,241.958,228.0
2011-07-20,94.0,88.75,78.0,0.87,1.826,0.957,0.167,263.0,215.083,177.0
2011-07-21,93.0,78.542,65.0,0.542,1.125,0.583,0.792,188.0,171.375,161.0
2011-07-22,83.0,73.875,61.0,0.25,0.792,0.542,0.217,211.0,182.625,165.0
2011-07-23,85.0,75.417,65.0,0.0,0.417,0.417,0.0,227.0,198.75,165.0
2011-07-24,93.0,77.625,61.0,2.125,2.917,0.792,0.708,249.0,219.333,188.0
2011-07-25,92.0,76.625,54.0,5.042,6.625,1.583,1.75,296.0,245.167,196.0
2011-07-26,93.0,81.542,62.0,7.286,15.143,7.857,2.208,266.0,235.292,206.0
2011-07-27,94.0,78.167,42.0,5.348,6.565,1.217,0.958,323.0,247.458,212.0
2011-07-28,94.0,87.417,65.0,6.25,7.0,0.75,0.417,268.0,234.333,218.0
2011-07-29,95.0,89.25,77.0,7.375,9.292,1.917,0.478,261.0,236.5,221.0
2011-07-30,94.0,90.125,82.0,2.583,2.792,0.208,0.0,233.0,217.875,198.0
2011-07-31,96.0,88.208,70.0,1.542,1.542,0.0,0.0,234.0,211.0,198.0
2011-08-01,89.0,82.708,73.0,2.292,2.542,0.25,0.333,225.0,203.667,195.0
2011-08-02,92.0,83.542,72.0,2.667,3.125,0.458,0.25,240.0,215.792,198.0
2011-08-03,94.0,86.542,76.0,2.0,2.435,0.435,0.167,253.0,230.958,208.0
2011-08-04,96.0,86.875,67.0,1.696,2.043,0.348,0.0,271.0,244.667,223.0
2011-08-05,93.0,82.125,51.0,2.625,3.042,0.417,0.174,305.0,258.5,234.0
2011-08-06,94.0,80.75,61.0,5.773,8.864,3.091,1.458,305.0,260.375,225.0
2011-08-07,94.0,82.958,69.0,4.875,5.75,0.875,0.708,285.0,253.083,221.0
2011-08-08,94.0,85.333,64.0,3.167,3.667,0.5,0.208,268.0,240.625,222.0
2011-08-09,95.0,84.458,66.0,4.0,4.292,0.292,0.333,267.0,240.792,216.0
2011-08-10,91.0,73.0,47.0,9.0,19.87,10.87,0.609,343.0,283.25,240.0
2011-08-11,89.0,69.167,51.0,5.333,5.917,0.583,1.125,329.0,284.417,253.0
2011-08-12,91.0,65.042,44.0,4.292,4.542,0.25,1.261,332.0,280.0,237.0
2011-08-13,92.0,76.083,51.0,3.083,3.375,0.292,0.75,308.0,265.792,224.0
2011-08-14,92.0,78.583,50.0,2.917,3.25,0.333,0.25,317.0,273.958,237.0
2011-08-15,92.0,83.917,69.0,5.542,10.667,5.125,0.333,288.0,261.458,242.0
2011-08-16,89.0,77.941,55.0,2.773,3.545,0.773,0.409,302.0,263.353,240.0
2011-08-17,85.0,63.75,42.0,4.522,5.391,0.87,1.25,345.0,291.917,258.0
2011-08-18,92.0,78.917,57.0,6.958,7.792,0.833,0.667,333.0,274.75,228.0
2011-08-19,93.0,92.208,91.0,1.792,1.917,0.125,0.0,233.0,213.833,203.0
2011-08-20,92.0,85.458,73.0,1.583,2.0,0.417,0.0,231.0,213.333,200.0
2011-08-21,93.0,90.875,88.0,0.958,1.083,0.125,0.0,206.0,189.75,170.0
2011-08-22,94.0,88.833,82.0,1.333,1.333,0.0,0.0,216.0,200.875,188.0
2011-08-23,91.0,83.917,70.0,3.75,4.167,0.417,0.417,247.0,224.625,206.0
2011-08-24,93.0,83.042,66.0,5.478,7.043,1.565,0.833,297.0,247.5,216.0
2011-08-25,92.0,83.125,67.0,7.667,10.708,3.042,0.667,288.0,257.208,242.0
2011-08-26,93.0,87.208,83.0,3.042,5.292,2.25,0.13,243.0,222.708,207.0
2011-08-27,92.0,83.583,61.0,1.375,1.375,0.0,0.0,243.0,215.375,204.0
2011-08-28,92.0,78.542,55.0,1.75,1.875,0.125,0.125,270.0,226.458,189.0
2011-08-29,90.0,77.75,53.0,1.917,2.167,0.25,0.042,263.0,225.167,191.0
2011-08-30,92.0,79.625,60.0,1.625,1.792,0.167,0.0,263.0,224.958,179.0
2011-08-31,94.0,83.25,59.0,2.217,2.957,0.739,0.0,276.0,243.25,215.0
2011-09-01,93.0,83.75,67.0,1.864,4.273,2.409,0.417,294.0,256.958,233.0
2011-09-02,93.0,86.5,70.0,1.042,1.083,0.042,0.0,276.0,252.792,240.0
2011-09-03,92.0,88.0,78.0,0.875,0.875,0.0,0.0,268.0,245.625,227.0
2011-09-04,92.0,83.208,69.0,1.25,1.25,0.0,0.042,259.0,235.375,203.0
2011-09-05,95.0,84.042,66.0,1.833,2.292,0.458,0.042,269.0,231.958,204.0
2011-09-06,78.0,57.5,31.0,2.167,2.167,0.0,0.042,269.0,229.708,194.0
2011-09-07,93.0,73.417,43.0,3.619,4.667,1.048,0.455,271.0,215.333,173.0
2011-09-08,91.0,76.083,53.0,3.708,4.625,0.917,1.042,282.0,221.958,174.0
2011-09-09,93.0,78.75,57.0,6.167,7.583,1.417,1.391,284.0,243.25,186.0
2011-09-10,92.0,79.0,59.0,5.5,6.792,1.292,0.75,296.0,254.375,225.0
2011-09-11,89.0,78.625,63.0,0.458,0.583,0.125,0.167,269.0,237.375,221.0
2011-09-12,93.0,74.875,48.0,4.125,5.833,1.708,1.042,308.0,256.917,214.0
2011-09-13,92.0,75.458,49.0,5.792,10.667,4.875,1.125,316.0,259.542,218.0
2011-09-14,92.0,81.5,66.0,4.348,7.783,3.435,0.75,273.0,242.458,222.0
2011-09-15,93.0,76.917,50.0,4.333,7.167,2.833,1.167,299.0,254.542,212.0
2011-09-16,93.0,75.833,50.0,4.591,9.5,4.909,1.381,303.0,258.167,210.0
2011-09-17,91.0,78.833,59.0,2.75,3.792,1.042,0.583,299.0,260.417,241.0
2011-09-18,90.0,74.875,49.0,3.833,6.708,2.875,1.792,309.0,262.458,222.0
2011-09-19,95.0,86.75,71.0,2.25,4.125,1.875,0.542,225.0,201.0,170.0
2011-09-20,97.0,93.75,89.0,1.167,1.917,0.75,0.25,178.0,173.5,170.0
2011-09-21,97.0,92.958,78.0,1.609,1.652,0.043,0.083,233.0,188.25,168.0
2011-09-22,93.0,82.5,64.0,2.917,3.167,0.25,0.042,216.0,187.75,158.0
2011-09-23,92.0,70.417,52.0,1.625,1.833,0.208,0.043,206.0,174.167,147.0
2011-09-24,90.0,64.458,31.0,2.0,2.375,0.375,0.125,236.0,169.708,125.0
2011-09-25,92.0,77.0,53.0,2.125,2.708,0.583,0.25,215.0,162.958,111.0
2011-09-26,94.0,80.917,61.0,2.125,2.5,0.375,0.292,194.0,162.208,122.0
2011-09-27,93.0,79.042,58.0,3.5,4.083,0.583,0.333,207.0,162.125,119.0
2011-09-28,95.0,77.375,57.0,2.348,2.565,0.217,0.458,210.0,166.75,115.0
2011-09-29,96.0,80.708,59.0,3.25,3.875,0.625,0.167,218.0,174.417,125.0
2011-09-30,91.0,69.208,51.0,5.875,6.542,0.667,1.043,266.0,215.042,168.0
2011-10-01,62.0,55.25,41.0,1.708,1.708,0.0,0.0,215.0,180.667,150.0
2011-10-02,81.0,66.0,51.0,2.625,2.75,0.125,0.083,177.0,149.375,131.0
2011-10-03,73.0,54.417,31.0,2.125,2.917,0.792,0.083,199.0,145.75,110.0
2011-10-04,92.0,70.708,40.0,3.792,4.25,0.458,0.292,195.0,129.208,66.0
2011-10-05,96.0,88.125,65.0,4.783,5.478,0.696,0.083,186.0,149.625,100.0
2011-10-06,95.0,86.042,72.0,2.409,2.545,0.136,0.0,195.0,168.708,153.0
2011-10-07,88.0,59.917,36.0,3.542,3.625,0.083,0.217,210.0,165.375,118.0
2011-10-08,89.0,65.375,31.0,3.875,4.0,0.125,0.5,223.0,156.958,104.0
2011-10-09,91.0,74.833,48.0,3.667,4.083,0.417,0.333,198.0,149.667,106.0
2011-10-10,96.0,87.583,67.0,5.583,6.333,0.75,0.292,219.0,164.917,131.0
2011-10-11,92.0,75.667,60.0,3.542,3.917,0.375,0.458,216.0,170.833,140.0
2011-10-12,93.0,71.917,35.0,3.174,3.217,0.043,0.083,214.0,155.875,116.0
2011-10-13,92.0,75.542,52.0,6.5,6.708,0.208,0.375,201.0,152.542,104.0
2011-10-14,94.0,81.875,63.0,4.909,5.182,0.273,1.048,223.0,178.208,123.0
2011-10-15,94.0,92.875,92.0,5.625,5.833,0.208,0.417,220.0,206.417,190.0
2011-10-16,93.0,73.958,55.0,2.375,2.375,0.0,0.167,231.0,201.0,177.0
2011-10-17,72.0,61.917,46.0,2.875,2.875,0.0,0.417,235.0,190.625,170.0
2011-10-18,88.0,67.417,55.0,2.875,2.917,0.042,0.333,184.0,149.125,98.0
2011-10-19,93.0,75.792,57.0,4.13,4.391,0.261,0.417,141.0,112.25,66.0
2011-10-20,91.0,74.333,56.0,2.667,2.75,0.083,0.667,189.0,154.375,126.0
2011-10-21,92.0,84.208,69.0,2.583,2.708,0.125,0.13,188.0,161.958,121.0
2011-10-22,95.0,91.375,85.0,2.875,2.875,0.0,0.125,206.0,192.417,174.0
2011-10-23,89.0,77.583,66.0,3.75,3.958,0.208,0.708,239.0,208.917,179.0
2011-10-24,91.0,85.042,74.0,1.667,1.667,0.0,0.125,177.0,169.667,165.0
2011-10-25,91.0,71.167,55.0,3.417,3.917,0.5,0.75,229.0,180.292,133.0
2011-10-26,82.0,53.583,39.0,1.652,1.826,0.174,0.0,168.0,118.917,57.0
2011-10-27,88.0,69.167,44.0,2.875,3.125,0.25,0.125,171.0,104.25,51.0
2011-10-28,92.0,75.125,44.0,3.708,4.417,0.708,0.13,175.0,110.917,65.0
2011-10-29,94.0,80.333,60.0,3.375,4.0,0.625,0.417,167.0,117.75,61.0
2011-10-30,94.0,81.125,59.0,2.542,3.333,0.792,0.375,176.0,136.833,89.0
2011-10-31,95.0,86.208,69.0,3.875,5.25,1.375,0.083,173.0,138.5,103.0
2011-11-01,90.0,73.958,47.0,3.208,3.708,0.5,0.417,175.0,115.708,70.0
2011-11-02,94.0,76.583,49.0,6.739,6.739,0.0,0.792,198.0,132.542,68.0
2011-11-03,93.0,84.167,67.0,11.792,13.083,1.292,0.375,197.0,146.417,107.0
2011-11-04,94.0,82.208,59.0,5.652,6.13,0.478,0.227,182.0,138.708,107.0
2011-11-05,94.0,84.583,71.0,6.792,7.5,0.708,0.375,187.0,153.167,100.0
2011-11-06,94.0,89.0,82.0,2.375,2.625,0.25,0.083,175.0,154.542,143.0
2011-11-07,95.0,79.417,55.0,2.25,2.25,0.0,0.083,161.0,141.958,119.0
2011-11-08,88.0,63.125,48.0,3.708,3.708,0.0,0.292,156.0,120.083,59.0
2011-11-09,91.0,73.75,48.0,2.652,3.043,0.391,0.083,144.0,91.125,44.0
2011-11-10,93.0,77.458,48.0,3.542,4.458,0.917,0.25,134.0,76.333,37.0
2011-11-11,97.0,92.583,79.0,6.958,10.375,3.417,0.0,124.0,94.833,43.0
2011-11-12,96.0,86.417,67.0,3.333,4.583,1.25,0.0,159.0,125.458,103.0
2011-11-13,93.0,71.833,53.0,3.167,4.458,1.292,0.75,195.0,150.375,108.0
2011-11-14,92.0,74.542,64.0,2.0,2.292,0.292,0.5,164.0,128.167,97.0
2011-11-15,92.0,64.458,43.0,0.833,1.083,0.25,0.042,131.0,94.792,70.0
2011-11-16,78.0,54.042,35.0,3.773,3.909,0.136,0.087,117.0,77.417,36.0
2011-11-17,85.0,56.375,38.0,4.042,4.167,0.125,0.5,140.0,92.583,35.0
2011-11-18,92.0,83.25,65.0,10.667,15.417,4.75,0.348,131.0,81.833,24.0
2011-11-19,96.0,92.875,87.0,9.5,11.333,1.833,0.25,172.0,143.75,93.0
2011-11-20,94.0,74.292,54.0,2.583,2.583,0.0,0.0,180.0,142.458,80.0
2011-11-21,83.0,61.5,47.0,2.5,2.625,0.125,0.0,112.0,67.333,36.0
2011-11-22,86.0,63.542,44.0,4.333,4.417,0.083,0.167,106.0,63.167,26.0
2011-11-23,93.0,80.792,65.0,4.913,5.304,0.391,0.25,131.0,90.792,23.0
2011-11-24,95.0,68.25,44.0,2.917,3.708,0.792,0.042,138.0,86.083,50.0
2011-11-25,85.0,60.042,46.0,1.417,1.417,0.0,0.0,104.0,63.417,21.0
2011-11-26,89.0,66.875,40.0,3.708,4.25,0.542,0.0,123.0,51.583,-10.0
2011-11-27,85.0,67.417,46.0,6.167,6.625,0.458,1.0,159.0,90.833,21.0
2011-11-28,88.0,73.375,50.0,12.625,18.5,5.875,1.125,156.0,107.333,71.0
2011-11-29,95.0,86.875,71.0,10.417,18.333,7.917,0.333,143.0,98.5,69.0
2011-11-30,96.0,85.75,73.0,3.87,5.826,1.957,0.75,141.0,95.083,57.0
2011-12-01,91.0,71.333,59.0,1.75,1.958,0.208,0.667,53.0,44.625,28.0
2011-12-02,79.0,65.25,58.0,1.167,1.333,0.167,0.696,82.0,54.167,23.0
2011-12-03,97.0,92.75,81.0,2.042,2.292,0.25,0.083,144.0,113.5,82.0
2011-12-04,91.0,53.083,40.0,0.125,0.167,0.042,0.0,130.0,96.417,45.0
2011-12-05,69.0,55.125,49.0,1.087,1.087,0.0,0.043,99.0,71.292,49.0
2011-12-06,76.0,58.875,43.0,6.042,6.083,0.042,0.208,96.0,63.833,38.0
2011-12-07,87.0,72.583,49.0,7.304,9.261,1.957,0.292,104.0,64.792,23.0
2011-12-08,83.0,76.167,68.0,3.125,4.125,1.0,0.583,69.0,53.125,43.0
2011-12-09,77.0,65.792,44.0,2.208,3.0,0.792,0.217,77.0,39.75,18.0
2011-12-10,87.0,67.208,40.0,4.583,5.708,1.125,0.167,95.0,32.75,-15.0
2011-12-11,88.0,66.083,49.0,2.208,3.167,0.958,0.083,104.0,50.583,-15.0
2011-12-12,89.0,63.917,50.0,3.792,5.125,1.333,0.333,141.0,75.083,2.0
2011-12-13,73.0,59.25,44.0,1.708,2.708,1.0,0.167,86.0,53.292,1.0
2011-12-14,92.0,78.208,58.0,9.087,12.87,3.783,0.375,87.0,40.208,-13.0
2011-12-15,95.0,67.167,45.0,6.167,8.708,2.542,0.792,146.0,70.0,7.0
2011-12-16,97.0,77.833,66.0,3.0,4.0,1.0,0.348,47.0,19.792,-13.0
2011-12-17,79.0,62.917,47.0,2.25,3.25,1.0,0.0,53.0,11.125,-19.0
2011-12-18,90.0,67.333,43.0,2.958,4.0,1.042,0.083,81.0,18.667,-34.0
2011-12-19,85.0,67.583,47.0,5.087,6.348,1.261,0.174,73.0,21.417,-21.0
2011-12-20,71.0,58.875,45.0,2.125,3.333,1.208,0.0,56.0,22.917,-10.0
2011-12-21,82.0,67.583,50.0,7.957,9.043,1.087,0.333,66.0,27.375,-17.0
2011-12-22,96.0,81.708,61.0,9.875,14.583,4.708,0.417,74.0,32.583,-16.0
2011-12-23,65.0,53.833,42.0,2.125,2.125,0.0,0.13,53.0,23.542,-9.0
2011-12-24,65.0,51.25,35.0,4.583,4.625,0.042,0.333,63.0,25.0,3.0
2011-12-25,75.0,56.25,39.0,2.25,2.25,0.0,0.125,47.0,14.292,-7.0
2011-12-26,77.0,61.042,45.0,3.042,3.042,0.0,0.0,40.0,5.417,-33.0
2011-12-27,67.0,55.667,43.0,2.875,2.958,0.083,0.0,52.0,13.417,-15.0
2011-12-28,77.0,55.458,41.0,2.304,3.304,1.0,0.083,63.0,21.042,-21.0
2011-12-29,84.0,68.208,43.0,7.042,8.625,1.583,0.917,89.0,24.042,-33.0
2011-12-30,78.0,58.042,44.0,1.667,2.583,0.917,0.478,50.0,22.333,-19.0
2011-12-31,86.0,64.583,38.0,3.25,4.25,1.0,0.375,74.0,16.25,-25.0
