date,NO2_mean,NOX_mean,NO_mean,PM25_mean,SO2_mean,SPM_mean
2014-01-01,1.583,2.625,1.042,5.375,2.042,4.5
2014-01-02,2.167,3.375,1.208,6.125,2.125,7.375
2014-01-03,1.833,2.875,1.042,3.083,1.833,4.583
2014-01-04,3.792,4.917,1.125,7.5,1.917,6.583
2014-01-05,3.417,4.667,1.25,11.708,2.083,12.375
2014-01-06,3.25,4.5,1.25,10.478,1.958,9.75
2014-01-07,3.667,5.417,1.75,4.125,2.0,5.417
2014-01-08,3.083,4.292,1.208,8.792,2.0,8.0
2014-01-09,4.292,5.833,1.542,6.375,1.958,6.0
2014-01-10,4.75,6.208,1.458,11.542,2.25,11.5
2014-01-11,2.958,4.125,1.167,9.667,2.583,10.708
2014-01-12,2.208,3.333,1.125,5.542,1.917,4.667
2014-01-13,3.375,4.667,1.292,4.208,1.792,3.833
2014-01-14,4.583,6.167,1.583,5.083,1.833,5.167
2014-01-15,4.583,5.917,1.333,2.333,1.75,3.0
2014-01-16,3.5,4.917,1.417,12.708,2.0,14.458
2014-01-17,4.042,5.208,1.167,15.958,3.0,15.958
2014-01-18,2.208,3.5,1.292,3.583,1.875,4.292
2014-01-19,4.333,5.75,1.417,11.375,2.333,13.167
2014-01-20,3.25,4.5,1.25,13.708,2.042,15.043
2014-01-21,4.333,5.875,1.542,13.167,2.375,13.292
2014-01-22,4.417,5.667,1.25,2.875,1.875,3.417
2014-01-23,2.875,4.042,1.167,4.167,1.833,3.708
2014-01-24,3.042,4.25,1.208,6.0,1.667,6.625
2014-01-25,2.625,3.792,1.167,12.417,1.917,12.25
2014-01-26,2.75,4.083,1.333,9.0,1.625,10.708
2014-01-27,5.381,7.667,2.286,7.87,1.182,7.957
2014-01-28,2.25,3.458,1.208,3.875,0.833,3.208
2014-01-29,3.417,4.792,1.375,3.167,0.917,2.667
2014-01-30,3.25,4.708,1.458,3.042,0.792,1.958
2014-01-31,2.75,4.25,1.5,7.042,0.917,7.125
2014-02-01,1.458,2.583,1.125,4.458,0.917,5.25
2014-02-02,2.708,4.0,1.292,4.917,0.875,4.208
2014-02-03,3.0,4.292,1.292,5.261,0.833,5.458
2014-02-04,3.458,4.792,1.333,6.458,0.75,7.083
2014-02-05,3.958,5.417,1.458,11.083,0.833,8.958
2014-02-06,3.083,4.292,1.208,4.083,0.833,4.542
2014-02-07,3.167,4.458,1.292,6.375,0.792,6.542
2014-02-08,1.917,3.042,1.125,10.0,0.792,11.583
2014-02-09,3.042,4.542,1.5,5.667,0.792,5.625
2014-02-10,5.042,6.333,1.292,11.083,0.958,11.667
2014-02-11,2.583,3.792,1.208,15.875,0.917,16.083
2014-02-12,4.542,5.875,1.333,17.375,1.083,17.696
2014-02-13,3.792,5.208,1.417,8.208,1.083,9.75
2014-02-14,5.667,7.208,1.542,6.333,1.0,6.333
2014-02-15,4.125,5.333,1.208,24.75,1.875,28.0
2014-02-16,4.375,5.625,1.25,8.667,1.125,10.875
2014-02-17,6.5,8.083,1.583,9.875,0.792,9.833
2014-02-18,3.0,4.375,1.375,6.708,0.792,7.208
2014-02-19,2.15,3.45,1.3,2.182,0.818,3.522
2014-02-20,2.917,4.333,1.417,4.375,1.0,3.792
2014-02-21,3.25,4.5,1.25,5.458,1.042,3.958
2014-02-22,2.208,3.333,1.125,4.125,1.0,5.75
2014-02-23,4.583,6.708,2.125,6.708,1.333,8.625
2014-02-24,3.478,4.913,1.435,17.417,1.25,20.458
2014-02-25,4.042,5.292,1.25,18.583,1.042,26.25
2014-02-26,4.417,5.625,1.208,9.167,1.0,10.333
2014-02-27,3.333,4.667,1.333,10.292,1.0,9.917
2014-02-28,3.083,4.375,1.292,13.0,1.292,13.75
2014-03-01,2.25,3.292,1.042,3.542,1.0,4.542
2014-03-02,2.917,4.208,1.292,10.5,1.0,10.333
2014-03-03,4.875,6.375,1.5,11.783,1.0,14.417
2014-03-04,3.083,4.458,1.375,9.917,1.25,9.042
2014-03-05,2.708,3.958,1.25,9.042,1.0,9.708
2014-03-06,4.0,5.292,1.292,10.417,1.25,9.625
2014-03-07,5.042,6.25,1.208,5.917,1.0,5.625
2014-03-08,2.542,4.0,1.458,2.25,1.292,3.0
2014-03-09,3.708,4.875,1.167,5.208,1.0,6.417
2014-03-10,2.792,4.292,1.5,9.292,1.167,7.833
2014-03-11,4.083,5.417,1.333,6.625,1.167,7.0
2014-03-12,5.625,7.458,1.833,21.583,1.917,23.625
2014-03-13,3.833,5.25,1.417,9.667,1.917,11.292
2014-03-14,4.25,5.583,1.333,16.25,1.958,16.167
2014-03-15,2.5,3.708,1.208,12.5,1.0,12.125
2014-03-16,4.958,6.375,1.417,5.0,1.0,5.083
2014-03-17,3.542,4.917,1.375,9.05,1.15,4.923
2014-03-18,5.0,6.059,1.059,8.889,1.714,20.5
2014-03-19,5.125,6.208,1.083,4.786,1.0,8.5
2014-03-20,4.292,5.25,0.958,5.458,1.167,5.375
2014-03-21,2.833,3.625,0.792,15.125,1.292,18.042
2014-03-22,3.083,3.917,0.833,20.292,1.792,25.167
2014-03-23,3.542,4.167,0.625,16.375,1.833,22.667
2014-03-24,2.625,3.25,0.625,6.609,1.0,8.375
2014-03-25,2.125,2.667,0.542,7.5,1.0,7.292
2014-03-26,3.542,4.25,0.708,9.417,1.208,10.083
2014-03-27,5.083,5.792,0.708,10.25,1.542,10.542
2014-03-28,2.75,3.292,0.542,12.5,2.667,12.75
2014-03-29,1.875,2.458,0.583,8.458,1.0,9.208
2014-03-30,3.417,4.125,0.708,15.208,1.375,18.167
2014-03-31,2.583,3.167,0.583,20.583,1.542,23.75
2014-04-01,3.667,4.375,0.708,,2.125,18.667
2014-04-02,3.958,4.583,0.625,,1.875,14.208
2014-04-03,3.625,4.458,0.833,,1.917,11.667
2014-04-04,2.083,2.708,0.625,,1.292,5.875
2014-04-05,2.583,3.375,0.792,,1.542,14.458
2014-04-06,2.167,2.917,0.75,,1.208,6.5
2014-04-07,4.875,5.833,0.958,,1.958,10.583
2014-04-08,4.958,6.042,1.083,,3.087,15.261
2014-04-09,5.917,6.833,0.917,,3.583,35.958
2014-04-10,3.958,4.583,0.625,,3.5,37.042
2014-04-11,3.042,3.833,0.792,,1.542,10.5
2014-04-12,5.708,6.625,0.917,,2.458,15.583
2014-04-13,3.292,4.0,0.708,,1.708,15.917
2014-04-14,3.5,4.417,0.917,,1.917,15.083
2014-04-15,3.292,3.958,0.667,,1.667,15.25
2014-04-16,6.375,7.208,0.833,,2.583,29.792
2014-04-17,5.583,6.5,0.917,,5.0,42.0
2014-04-18,3.625,4.375,0.75,,1.792,30.917
2014-04-19,3.333,4.042,0.708,,1.708,25.375
2014-04-20,2.458,3.083,0.625,,1.292,12.5
2014-04-21,3.833,4.5,0.667,,1.125,3.708
2014-04-22,3.875,4.708,0.833,,1.208,10.917
2014-04-23,3.286,4.048,0.762,,1.048,16.619
2014-04-24,3.75,4.583,0.833,,0.917,18.75
2014-04-25,3.167,4.083,0.917,,0.792,17.0
2014-04-26,3.125,4.0,0.875,,1.042,17.375
2014-04-27,2.083,2.833,0.75,,0.875,13.375
2014-04-28,3.625,4.417,0.792,,0.417,15.708
2014-04-29,3.583,4.25,0.667,,0.542,19.375
2014-04-30,2.083,2.833,0.75,,0.708,17.5
2014-05-01,3.708,4.708,1.0,,1.417,17.458
2014-05-02,5.667,7.083,1.417,,2.0,17.958
2014-05-03,2.292,2.833,0.542,,0.917,26.083
2014-05-04,2.958,3.792,0.833,,1.292,15.0
2014-05-05,2.0,2.792,0.792,,0.417,20.917
2014-05-06,2.083,2.792,0.708,,0.667,11.625
2014-05-07,3.25,3.958,0.708,,1.083,18.083
2014-05-08,2.833,3.542,0.708,,0.917,15.609
2014-05-09,2.917,3.667,0.75,,0.875,21.0
2014-05-10,3.783,4.609,0.826,,0.958,13.708
2014-05-11,3.292,4.042,0.75,,1.167,16.5
2014-05-12,2.833,3.583,0.75,,0.875,13.583
2014-05-13,3.708,4.542,0.833,,1.333,13.208
2014-05-14,9.125,10.292,1.167,,2.292,23.261
2014-05-15,3.167,3.917,0.75,,0.625,7.5
2014-05-16,3.375,4.125,0.75,,0.875,17.542
2014-05-17,5.583,6.542,0.958,,1.958,15.542
2014-05-18,3.625,4.625,1.0,,1.125,14.417
2014-05-19,4.0,4.917,0.917,,1.5,21.375
2014-05-20,6.708,7.458,0.75,,1.333,32.667
2014-05-21,2.636,3.364,0.727,,0.727,8.208
2014-05-22,3.417,4.333,0.917,,0.958,19.667
2014-05-23,3.0,3.708,0.708,,0.917,9.292
2014-05-24,2.833,3.625,0.792,,1.125,13.583
2014-05-25,1.458,1.917,0.458,,1.0,12.083
2014-05-26,2.125,2.708,0.583,,0.875,10.708
2014-05-27,5.5,6.917,1.417,,1.292,18.167
2014-05-28,5.875,7.125,1.25,,1.917,22.208
2014-05-29,3.542,4.333,0.792,,1.667,35.333
2014-05-30,4.167,5.333,1.167,,2.5,52.833
2014-05-31,5.333,6.542,1.208,,1.833,54.958
2014-06-01,6.208,7.625,1.417,,2.625,56.292
2014-06-02,4.333,5.417,1.083,,1.792,49.625
2014-06-03,3.917,5.042,1.125,,1.542,26.708
2014-06-04,5.583,6.583,1.0,,1.875,37.75
2014-06-05,3.875,4.458,0.583,,1.083,22.958
2014-06-06,6.625,7.583,0.958,,1.083,29.5
2014-06-07,2.625,3.333,0.708,,0.958,7.667
2014-06-08,3.25,4.083,0.833,,1.5,8.583
2014-06-09,4.333,5.708,1.375,,1.792,20.75
2014-06-10,4.125,6.0,1.875,,1.292,23.708
2014-06-11,3.583,4.792,1.208,,0.958,14.174
2014-06-12,2.083,2.792,0.708,,1.0,6.917
2014-06-13,2.583,3.292,0.708,,1.0,9.667
2014-06-14,5.208,6.208,1.0,,1.75,24.833
2014-06-15,4.542,5.417,0.875,,1.875,35.833
2014-06-16,4.625,5.583,0.958,,1.333,32.792
2014-06-17,2.667,3.458,0.792,,0.958,27.5
2014-06-18,2.045,2.773,0.727,,1.0,9.5
2014-06-19,2.792,3.667,0.875,,1.292,12.292
2014-06-20,3.333,4.167,0.833,,1.458,20.917
2014-06-21,3.333,4.292,0.958,,1.375,15.333
2014-06-22,1.5,2.083,0.583,,1.042,7.208
2014-06-23,2.667,3.583,0.917,,1.208,12.25
2014-06-24,2.625,3.375,0.75,,1.167,21.0
2014-06-25,3.625,4.667,1.042,,1.958,29.333
2014-06-26,3.5,4.458,0.958,,1.375,28.792
2014-06-27,3.75,4.417,0.667,,1.042,12.958
2014-06-28,2.708,3.417,0.708,,1.0,3.25
2014-06-29,5.833,7.833,2.0,,2.625,22.458
2014-06-30,4.167,4.958,0.792,,1.792,39.375
2014-07-01,3.333,4.042,0.708,,1.5,31.083
2014-07-02,4.625,5.5,0.875,,2.25,50.083
2014-07-03,2.5,3.167,0.667,,1.0,22.583
2014-07-04,2.625,3.417,0.792,,1.292,11.875
2014-07-05,4.667,5.667,1.0,,1.542,28.583
2014-07-06,4.167,4.792,0.625,,1.708,21.917
2014-07-07,3.125,4.792,1.667,,1.042,18.083
2014-07-08,2.333,4.458,2.125,,1.083,19.125
2014-07-09,3.917,6.167,2.25,,1.0,17.625
2014-07-10,1.708,2.542,0.833,,1.0,37.208
2014-07-11,2.917,3.75,0.833,,1.042,27.125
2014-07-12,3.958,4.792,0.833,,1.792,35.042
2014-07-13,1.75,2.542,0.792,,1.167,30.208
2014-07-14,2.083,3.0,0.917,,1.167,30.375
2014-07-15,4.125,5.042,0.917,,1.542,31.917
2014-07-16,1.708,2.833,1.125,,2.25,25.167
2014-07-17,3.0,4.0,1.0,,1.909,40.696
2014-07-18,2.708,3.625,0.917,,2.375,44.875
2014-07-19,4.667,6.208,1.542,,1.5,50.083
2014-07-20,2.25,3.083,0.833,,1.0,32.875
2014-07-21,2.292,3.167,0.875,,1.0,35.917
2014-07-22,2.583,3.667,1.083,,1.0,42.333
2014-07-23,2.667,3.792,1.125,,1.292,32.458
2014-07-24,4.208,5.542,1.333,,1.208,31.875
2014-07-25,3.542,4.458,0.917,,1.208,44.875
2014-07-26,2.125,3.083,0.958,,1.083,38.75
2014-07-27,1.917,2.917,1.0,,1.583,50.167
2014-07-28,3.042,3.917,0.875,,1.042,20.417
2014-07-29,2.875,3.667,0.792,,1.042,24.13
2014-07-30,3.75,4.708,0.958,,1.0,38.292
2014-07-31,3.792,5.417,1.625,,1.083,16.75
2014-08-01,3.583,5.458,1.875,,1.0,19.833
2014-08-02,2.583,3.833,1.25,,1.0,6.5
2014-08-03,1.667,2.542,0.875,,1.0,7.0
2014-08-04,2.167,4.542,2.375,,1.0,11.333
2014-08-05,1.75,3.792,2.042,,1.0,11.375
2014-08-06,1.625,2.875,1.25,,1.0,14.833
2014-08-07,2.364,3.636,1.273,,1.045,12.174
2014-08-08,3.042,4.5,1.458,,1.042,24.083
2014-08-09,3.875,5.917,2.042,,1.125,
2014-08-10,0.917,1.417,0.5,,1.0,19.0
2014-08-11,2.042,3.083,1.042,,1.25,14.25
2014-08-12,4.083,5.292,1.208,,1.0,24.583
2014-08-13,6.083,7.0,0.917,,1.833,38.3
2014-08-14,2.917,3.833,0.917,,1.0,34.917
2014-08-15,1.292,2.208,0.917,,1.0,25.292
2014-08-16,1.25,2.208,0.958,,1.0,25.083
2014-08-17,1.417,2.375,0.958,,1.0,22.083
2014-08-18,2.208,3.833,1.625,,1.125,12.125
2014-08-19,1.833,3.25,1.417,,1.0,12.708
2014-08-20,1.625,2.792,1.167,,1.0,9.083
2014-08-21,2.0,3.333,1.333,,1.0,8.0
2014-08-22,2.667,4.625,1.958,,1.0,9.167
2014-08-23,3.917,6.875,2.958,,1.417,11.292
2014-08-24,1.667,3.167,1.5,,1.0,6.875
2014-08-25,2.917,4.708,1.792,,1.708,30.958
2014-08-26,2.292,3.625,1.333,17.222,1.958,35.083
2014-08-27,4.292,5.5,1.208,11.583,1.042,24.042
2014-08-28,2.958,4.083,1.125,6.875,1.0,11.5
2014-08-29,3.125,4.25,1.125,6.333,1.083,9.958
2014-08-30,3.333,4.542,1.208,7.167,1.042,11.167
2014-08-31,2.5,3.583,1.083,7.542,1.0,13.458
2014-09-01,3.208,4.292,1.083,4.667,1.0,6.292
2014-09-02,2.625,3.792,1.167,5.792,1.167,9.083
2014-09-03,3.708,4.75,1.042,6.125,1.0,13.625
2014-09-04,3.095,4.333,1.238,4.435,1.0,10.174
2014-09-05,1.167,3.125,1.958,4.167,1.0,8.083
2014-09-06,2.417,4.5,2.083,9.083,1.25,17.958
2014-09-07,2.958,4.542,1.583,6.0,1.375,10.792
2014-09-08,3.208,4.333,1.125,7.167,1.083,15.167
2014-09-09,1.958,3.167,1.208,13.083,1.0,17.25
2014-09-10,3.208,4.417,1.208,17.708,1.375,24.083
2014-09-11,2.125,3.292,1.167,10.708,1.083,14.5
2014-09-12,2.333,3.625,1.292,10.958,1.0,13.625
2014-09-13,2.458,3.667,1.208,7.292,1.042,9.208
2014-09-14,1.417,2.583,1.167,7.958,1.042,10.667
2014-09-15,1.792,2.875,1.083,10.958,1.292,15.0
2014-09-16,2.083,3.292,1.208,10.042,1.042,15.958
2014-09-17,2.167,3.333,1.167,13.583,1.083,18.208
2014-09-18,1.958,3.167,1.208,9.583,1.167,11.167
2014-09-19,2.13,3.348,1.217,11.304,1.0,12.833
2014-09-20,2.875,4.333,1.458,11.792,1.042,13.583
2014-09-21,3.0,4.25,1.25,18.458,1.292,21.292
2014-09-22,2.958,4.083,1.125,19.333,1.208,21.583
2014-09-23,2.5,3.708,1.208,16.917,1.417,22.417
2014-09-24,2.5,3.833,1.333,11.833,1.0,18.917
2014-09-25,1.792,3.333,1.542,5.542,1.0,8.958
2014-09-26,2.917,4.042,1.125,8.208,1.0,11.708
2014-09-27,2.958,4.25,1.292,8.5,1.333,15.542
2014-09-28,1.25,2.292,1.042,11.958,1.0,16.5
2014-09-29,2.542,3.75,1.208,20.125,1.25,27.25
2014-09-30,3.25,4.583,1.333,22.5,1.125,27.667
2014-10-01,3.25,4.542,1.292,19.083,1.25,22.958
2014-10-02,4.591,5.773,1.182,16.957,1.0,25.522
2014-10-03,3.417,4.792,1.375,13.708,1.417,21.417
2014-10-04,3.042,4.208,1.167,15.542,1.042,20.375
2014-10-05,1.917,2.958,1.042,3.5,1.0,10.75
2014-10-06,1.792,2.958,1.167,4.083,1.0,3.842
2014-10-07,2.875,4.125,1.25,6.625,1.042,10.458
2014-10-08,3.458,4.667,1.208,8.792,1.417,11.625
2014-10-09,2.875,4.042,1.167,7.125,1.0,11.542
2014-10-10,2.542,3.708,1.167,8.875,1.167,12.708
2014-10-11,3.25,4.375,1.125,14.75,1.125,19.583
2014-10-12,7.333,8.625,1.292,16.625,1.875,27.917
2014-10-13,2.292,3.292,1.0,6.958,1.083,33.083
2014-10-14,1.667,2.708,1.042,5.208,1.0,5.75
2014-10-15,3.292,4.417,1.125,6.708,1.0,9.625
2014-10-16,3.042,4.208,1.167,10.545,1.0,11.833
2014-10-17,3.25,4.333,1.083,15.174,1.083,17.458
2014-10-18,2.458,3.583,1.125,8.917,1.083,9.833
2014-10-19,2.25,3.292,1.042,12.583,1.167,15.625
2014-10-20,3.542,4.833,1.292,6.042,1.0,10.375
2014-10-21,4.25,5.542,1.292,6.958,1.0,9.792
2014-10-22,4.875,6.375,1.5,7.333,1.083,9.75
2014-10-23,2.739,3.913,1.174,5.375,1.0,5.625
2014-10-24,3.917,5.167,1.25,11.542,1.125,12.708
2014-10-25,3.125,4.167,1.042,12.208,1.208,15.0
2014-10-26,2.25,3.292,1.042,10.75,1.083,14.542
2014-10-27,3.0,4.417,1.417,10.833,1.125,11.583
2014-10-28,3.292,4.417,1.125,10.5,1.0,11.13
2014-10-29,3.25,4.542,1.292,8.048,1.083,9.0
2014-10-30,3.667,4.833,1.167,14.522,1.0,15.0
2014-10-31,3.583,5.042,1.458,10.5,1.0,11.958
2014-11-01,1.917,2.917,1.0,2.375,1.0,4.125
2014-11-02,1.917,3.0,1.083,6.708,1.0,7.5
2014-11-03,2.167,3.208,1.042,8.917,1.0,9.167
2014-11-04,3.0,4.292,1.292,7.792,1.042,9.0
2014-11-05,2.625,3.667,1.042,6.917,1.0,7.458
2014-11-06,2.833,4.083,1.25,6.458,1.208,7.792
2014-11-07,3.0,4.083,1.083,16.583,1.208,17.125
2014-11-08,2.792,4.042,1.25,13.5,1.083,15.292
2014-11-09,1.5,2.708,1.208,11.0,1.0,10.333
2014-11-10,2.417,3.583,1.167,7.667,1.0,7.083
2014-11-11,4.292,5.5,1.208,10.667,1.292,10.042
2014-11-12,4.083,5.292,1.208,15.792,1.542,16.958
2014-11-13,2.783,4.087,1.304,7.429,1.455,9.458
2014-11-14,4.167,5.708,1.542,8.125,1.75,9.833
2014-11-15,4.208,5.667,1.458,9.5,2.042,9.292
2014-11-16,3.208,4.375,1.167,8.208,1.875,8.75
2014-11-17,3.792,5.083,1.292,10.083,1.792,9.0
2014-11-18,3.75,5.042,1.292,11.25,1.75,10.083
2014-11-19,2.917,4.167,1.25,9.083,1.625,9.083
2014-11-20,3.875,5.333,1.458,8.375,1.625,8.208
2014-11-21,3.708,5.042,1.333,7.208,1.792,5.917
2014-11-22,5.417,6.708,1.292,8.542,1.75,8.75
2014-11-23,2.625,3.625,1.0,11.875,2.0,11.958
2014-11-24,3.583,4.708,1.125,12.333,1.667,12.833
2014-11-25,6.417,8.083,1.667,8.25,1.792,9.667
2014-11-26,4.708,5.917,1.208,3.625,1.583,3.417
2014-11-27,3.25,4.542,1.292,7.167,1.625,6.292
2014-11-28,3.542,5.292,1.75,6.875,1.625,6.696
2014-11-29,3.667,5.042,1.375,5.958,1.625,6.833
2014-11-30,1.708,2.792,1.083,4.5,1.583,6.042
2014-12-01,3.0,4.25,1.25,6.542,1.792,6.167
2014-12-02,3.292,4.583,1.292,5.542,1.833,6.167
2014-12-03,3.917,5.333,1.417,6.25,1.958,3.667
2014-12-04,4.792,6.458,1.667,5.958,1.667,6.042
2014-12-05,4.125,5.542,1.417,5.042,1.75,4.208
2014-12-06,3.167,4.458,1.292,5.125,1.917,4.708
2014-12-07,2.583,3.625,1.042,5.208,1.75,6.417
2014-12-08,3.75,5.208,1.458,8.208,1.583,8.667
2014-12-09,4.625,6.083,1.458,7.875,1.917,6.0
2014-12-10,3.958,5.208,1.25,5.167,1.583,5.958
2014-12-11,3.333,4.625,1.292,6.696,1.583,6.333
2014-12-12,4.083,5.208,1.125,15.417,2.0,14.75
2014-12-13,3.833,5.167,1.333,8.167,2.417,6.75
2014-12-14,3.417,4.542,1.125,6.583,2.0,5.0
2014-12-15,4.167,5.667,1.5,7.625,1.792,6.042
2014-12-16,3.773,5.045,1.273,6.478,1.381,4.875
2014-12-17,2.625,3.75,1.125,4.958,1.0,4.5
2014-12-18,3.917,5.458,1.542,4.583,2.0,3.625
2014-12-19,3.167,4.333,1.167,4.5,1.174,4.417
2014-12-20,4.208,5.625,1.417,3.417,2.043,4.333
2014-12-21,3.75,5.0,1.25,12.667,1.913,13.292
2014-12-22,4.167,5.667,1.5,6.125,1.478,4.75
2014-12-23,4.083,5.667,1.583,7.958,1.0,7.875
2014-12-24,4.458,5.875,1.417,10.875,2.417,9.652
2014-12-25,5.0,6.417,1.417,12.25,2.5,12.708
2014-12-26,3.917,5.458,1.542,3.292,1.917,3.583
2014-12-27,3.208,4.708,1.5,3.5,1.792,3.75
2014-12-28,3.125,4.458,1.333,4.125,1.875,4.667
2014-12-29,4.0,5.417,1.417,7.458,1.958,6.792
2014-12-30,6.625,8.083,1.458,24.5,2.833,26.542
2014-12-31,2.583,3.583,1.0,16.833,2.833,18.958
2015-01-01,1.917,3.042,1.125,8.125,1.292,
2015-01-02,2.292,3.458,1.167,9.542,1.167,
2015-01-03,1.458,2.708,1.25,7.875,1.0,
2015-01-04,2.0,3.167,1.167,8.167,1.042,
2015-01-05,3.125,4.375,1.25,19.25,1.5,
2015-01-06,2.958,4.125,1.167,13.333,1.375,
2015-01-07,3.583,4.833,1.25,10.583,1.708,
2015-01-08,4.792,6.208,1.417,10.417,1.25,
2015-01-09,3.583,4.917,1.333,4.583,1.042,
2015-01-10,2.875,3.917,1.042,8.625,1.458,
2015-01-11,4.125,5.417,1.292,9.458,1.542,
2015-01-12,4.292,5.458,1.167,10.25,1.417,
2015-01-13,4.0,5.5,1.5,3.875,1.208,
2015-01-14,5.292,6.792,1.5,7.304,1.375,
2015-01-15,3.583,4.708,1.125,4.667,1.375,
2015-01-16,3.375,4.542,1.167,8.0,1.375,
2015-01-17,3.667,4.667,1.0,6.375,1.333,
2015-01-18,2.875,4.083,1.208,3.417,1.167,
2015-01-19,2.182,3.318,1.136,5.0,1.182,
2015-01-20,2.667,4.042,1.375,7.542,1.0,
2015-01-21,3.167,4.375,1.208,3.417,1.0,
2015-01-22,3.667,5.083,1.417,4.708,1.0,
2015-01-23,2.458,3.75,1.292,2.167,1.0,
2015-01-24,2.417,3.5,1.083,9.958,1.292,
2015-01-25,4.375,5.583,1.208,11.292,1.208,
2015-01-26,5.625,7.25,1.625,8.458,1.208,
2015-01-27,6.125,8.0,1.875,14.75,1.292,
2015-01-28,5.292,6.75,1.458,14.125,1.292,
2015-01-29,6.708,8.417,1.708,5.917,1.0,
2015-01-30,5.208,6.458,1.25,1.417,1.0,
2015-01-31,2.417,3.708,1.292,4.458,1.042,
2015-02-01,4.208,5.5,1.292,25.833,1.292,
2015-02-02,3.792,5.125,1.333,10.542,1.083,
2015-02-03,2.917,4.208,1.292,3.208,1.0,
2015-02-04,3.708,5.125,1.417,5.667,1.042,
2015-02-05,4.042,5.25,1.208,7.5,1.333,
2015-02-06,3.917,5.083,1.167,9.958,1.375,
2015-02-07,2.458,3.542,1.083,2.083,1.0,
2015-02-08,3.083,4.375,1.292,3.958,1.125,
2015-02-09,2.833,4.083,1.25,11.435,1.417,
2015-02-10,3.625,4.833,1.208,6.667,1.0,
2015-02-11,3.042,4.208,1.167,5.917,1.25,
2015-02-12,4.458,5.875,1.417,8.208,1.0,
2015-02-13,4.083,5.667,1.583,8.125,1.0,
2015-02-14,2.0,3.833,1.833,8.0,1.042,
2015-02-15,3.125,4.5,1.375,6.292,1.0,
2015-02-16,3.045,4.455,1.409,5.913,1.0,
2015-02-17,3.625,4.958,1.333,7.0,1.0,
2015-02-18,2.833,3.958,1.125,6.5,1.208,
2015-02-19,3.167,4.417,1.25,7.875,1.208,
2015-02-20,2.875,4.042,1.167,3.833,1.0,
2015-02-21,2.208,3.208,1.0,8.375,1.208,
2015-02-22,2.417,3.458,1.042,4.75,1.042,
2015-02-23,2.5,3.792,1.292,3.958,1.0,
2015-02-24,3.208,4.292,1.083,11.125,1.042,
2015-02-25,2.625,3.792,1.167,3.167,1.042,
2015-02-26,3.625,4.792,1.167,13.708,1.417,
2015-02-27,4.875,6.167,1.292,25.375,1.583,
2015-02-28,3.875,4.917,1.042,29.125,1.333,
2015-03-01,3.042,4.208,1.167,9.125,1.19,
2015-03-02,4.042,5.417,1.375,9.5,1.0,
2015-03-03,2.917,4.0,1.083,8.667,1.375,
2015-03-04,3.958,5.042,1.083,12.583,1.333,
2015-03-05,4.792,6.167,1.375,17.708,1.292,
2015-03-06,2.958,4.0,1.042,11.083,1.0,
2015-03-07,3.042,4.292,1.25,4.583,1.0,
2015-03-08,4.783,6.13,1.348,9.478,1.5,
2015-03-09,3.167,4.833,1.667,11.083,1.5,
2015-03-10,1.958,3.167,1.208,5.708,1.167,
2015-03-11,2.208,3.542,1.333,7.333,1.208,
2015-03-12,1.792,3.167,1.375,4.25,1.208,
2015-03-13,2.083,3.458,1.375,4.042,1.417,
2015-03-14,1.417,2.583,1.167,3.917,1.0,
2015-03-15,2.542,3.792,1.25,14.167,1.542,
2015-03-16,2.583,3.958,1.375,4.833,1.375,
2015-03-17,2.35,3.95,1.6,11.333,1.75,
2015-03-18,1.444,2.056,0.611,7.958,1.458,
2015-03-19,2.609,3.13,0.522,4.458,1.458,
2015-03-20,1.75,1.792,0.042,16.25,1.125,
2015-03-21,1.917,2.208,0.292,5.25,1.25,
2015-03-22,2.75,3.542,0.792,3.167,1.417,
2015-03-23,3.292,3.917,0.625,7.708,1.917,
2015-03-24,2.167,2.5,0.333,10.917,1.208,
2015-03-25,2.708,3.333,0.625,4.417,1.292,
2015-03-26,2.0,2.625,0.625,3.542,1.375,
2015-03-27,2.958,3.625,0.667,6.875,1.625,
2015-03-28,3.333,3.792,0.458,10.792,1.208,
2015-03-29,4.25,4.542,0.292,18.708,1.792,
2015-03-30,5.042,5.417,0.375,21.167,2.792,
2015-03-31,4.25,4.75,0.5,21.792,2.125,
2015-04-01,2.792,3.625,0.833,12.292,1.083,
2015-04-02,3.958,4.542,0.583,7.25,1.333,
2015-04-03,4.25,5.25,1.0,5.417,1.0,
2015-04-04,4.174,5.087,0.913,5.609,1.0,
2015-04-05,3.375,4.167,0.792,2.208,,
2015-04-06,7.583,8.792,1.208,14.75,,
2015-04-07,5.125,6.042,0.917,6.5,1.0,
2015-04-08,2.333,3.042,0.708,4.25,1.0,
2015-04-09,4.917,5.708,0.792,7.542,1.0,
2015-04-10,4.583,5.292,0.708,7.75,1.042,
2015-04-11,2.667,3.417,0.75,4.083,1.208,
2015-04-12,3.5,3.958,0.458,8.583,1.667,
2015-04-13,3.792,4.542,0.75,3.875,1.125,
2015-04-14,5.833,6.625,0.792,4.75,1.042,
2015-04-15,3.208,3.792,0.583,11.417,1.042,
2015-04-16,3.773,4.636,0.864,20.682,1.864,
2015-04-17,4.696,5.913,1.217,18.565,1.417,
2015-04-18,2.792,3.792,1.0,14.0,1.292,
2015-04-19,4.333,5.375,1.042,17.583,1.542,
2015-04-20,2.542,3.625,1.083,8.5,1.0,
2015-04-21,2.524,3.476,0.952,4.917,1.375,
2015-04-22,3.917,4.917,1.0,12.083,1.292,
2015-04-23,3.542,4.833,1.292,15.167,1.708,
2015-04-24,3.083,4.167,1.083,15.458,1.667,
2015-04-25,2.708,3.667,0.958,14.5,1.417,
2015-04-26,3.125,4.042,0.917,21.667,1.583,
2015-04-27,3.083,4.042,0.958,30.667,1.667,
2015-04-28,1.909,3.091,1.182,21.625,1.125,
2015-04-29,2.083,3.542,1.458,6.5,1.167,
2015-04-30,1.958,3.792,1.833,6.125,1.458,
2015-05-01,2.25,4.208,1.958,6.792,1.542,
2015-05-02,1.667,3.375,1.708,7.917,1.417,
2015-05-03,0.958,2.5,1.542,5.208,1.0,
2015-05-04,2.5,4.292,1.792,4.083,1.0,
2015-05-05,2.125,3.875,1.75,13.792,1.083,
2015-05-06,1.292,2.708,1.417,12.75,1.167,
2015-05-07,2.0,3.435,1.435,9.583,1.0,
2015-05-08,2.917,4.167,1.25,9.458,1.333,
2015-05-09,3.0,4.208,1.208,13.458,1.042,
2015-05-10,3.5,4.75,1.25,18.708,1.333,
2015-05-11,3.042,4.208,1.167,9.083,1.208,
2015-05-12,2.792,4.208,1.417,8.217,1.0,
2015-05-13,2.542,3.75,1.208,16.417,1.75,
2015-05-14,3.333,4.792,1.458,21.333,2.708,
2015-05-15,3.333,4.792,1.458,16.125,1.333,
2015-05-16,4.083,5.5,1.417,7.75,1.0,
2015-05-17,1.833,3.042,1.208,13.958,1.167,
2015-05-18,3.125,4.583,1.458,18.75,1.25,
2015-05-19,4.87,6.652,1.783,6.542,1.0,
2015-05-20,6.25,8.542,2.292,11.958,1.792,
2015-05-21,2.875,4.125,1.25,8.5,1.375,
2015-05-22,4.208,5.625,1.417,10.792,1.792,
2015-05-23,4.542,5.792,1.25,11.958,1.833,
2015-05-24,2.333,3.667,1.333,5.25,1.542,
2015-05-25,2.917,4.375,1.458,6.333,1.583,
2015-05-26,3.5,4.833,1.333,14.792,1.542,
2015-05-27,6.818,7.636,0.818,22.0,1.87,
2015-05-28,3.833,4.167,0.333,21.583,1.25,
2015-05-29,3.542,3.667,0.125,11.917,1.042,
2015-05-30,3.875,4.125,0.25,14.042,1.417,
2015-05-31,2.458,2.667,0.208,11.917,0.958,
2015-06-01,4.0,4.417,0.417,15.792,1.625,
2015-06-02,5.417,5.833,0.417,16.583,1.125,
2015-06-03,4.208,4.5,0.292,3.708,0.958,
2015-06-04,3.875,4.375,0.5,6.167,0.958,
2015-06-05,3.125,3.375,0.25,3.917,1.0,
2015-06-06,3.25,3.5,0.25,2.75,1.0,
2015-06-07,2.917,3.208,0.292,7.375,1.0,
2015-06-08,4.083,4.458,0.375,5.625,0.958,
2015-06-09,6.708,7.333,0.625,3.25,0.917,
2015-06-10,5.458,5.958,0.5,6.913,0.958,
2015-06-11,4.458,4.833,0.375,8.875,0.958,
2015-06-12,5.667,6.208,0.542,8.375,1.125,
2015-06-13,4.167,4.583,0.417,23.458,1.208,
2015-06-14,2.083,2.333,0.25,7.958,0.917,
2015-06-15,4.708,5.125,0.417,12.958,1.167,
2015-06-16,4.833,5.167,0.333,16.125,1.083,
2015-06-17,3.625,4.0,0.375,9.958,1.375,
2015-06-18,7.25,7.708,0.458,8.333,1.0,
2015-06-19,3.0,3.333,0.333,3.958,1.0,
2015-06-20,5.083,5.5,0.417,7.083,1.208,
2015-06-21,3.875,4.208,0.333,4.25,1.042,
2015-06-22,3.667,4.0,0.333,6.833,1.0,
2015-06-23,4.0,4.409,0.409,13.609,1.043,
2015-06-24,6.25,6.875,0.625,16.583,1.708,
2015-06-25,3.458,3.708,0.25,14.042,1.0,
2015-06-26,5.583,5.792,0.208,2.542,0.958,
2015-06-27,4.5,5.208,0.708,6.0,1.042,
2015-06-28,2.208,2.417,0.208,6.25,1.0,
2015-06-29,3.167,3.5,0.333,6.5,1.042,
2015-06-30,3.958,4.667,0.708,9.167,1.042,
2015-07-01,2.292,2.667,0.375,3.75,1.0,
2015-07-02,5.125,5.75,0.625,7.708,1.0,
2015-07-03,6.833,7.708,0.875,2.917,1.0,
2015-07-04,4.25,5.042,0.792,10.042,1.0,
2015-07-05,3.083,3.458,0.375,7.583,1.0,
2015-07-06,3.958,4.417,0.458,2.583,1.0,
2015-07-07,4.167,4.625,0.458,3.458,1.0,
2015-07-08,6.5,6.955,0.455,6.87,1.0,
2015-07-09,6.417,7.25,0.833,6.917,1.0,
2015-07-10,6.25,6.667,0.417,13.875,1.125,
2015-07-11,4.458,5.333,0.875,10.917,1.083,
2015-07-12,4.917,7.292,2.375,9.792,1.25,
2015-07-13,2.167,3.083,0.917,6.833,1.0,
2015-07-14,2.542,4.5,1.958,4.917,1.042,
2015-07-15,2.417,3.292,0.875,4.833,1.0,
2015-07-16,2.417,3.125,0.708,13.292,1.0,
2015-07-17,1.042,1.208,0.167,14.583,1.0,
2015-07-18,2.458,2.833,0.375,6.583,1.0,
2015-07-19,1.708,2.333,0.625,6.208,1.0,
2015-07-20,2.333,3.625,1.292,6.208,1.0,
2015-07-21,2.958,4.417,1.458,5.304,1.0,
2015-07-22,3.583,4.208,0.625,3.458,1.0,
2015-07-23,2.458,3.333,0.875,4.25,1.0,
2015-07-24,2.167,3.083,0.917,7.25,1.0,
2015-07-25,1.583,2.208,0.625,5.5,1.0,
2015-07-26,1.75,2.292,0.542,7.25,1.0,
2015-07-27,2.0,2.542,0.542,8.208,1.0,
2015-07-28,3.727,4.591,0.864,18.333,1.364,
2015-07-29,2.875,3.875,1.0,22.625,1.583,
2015-07-30,1.833,2.708,0.875,24.208,1.458,
2015-07-31,2.875,3.792,0.917,30.0,1.417,
2015-08-01,2.25,3.25,1.0,33.75,1.417,
2015-08-02,1.542,2.333,0.792,34.542,1.292,
2015-08-03,1.708,2.583,0.875,29.208,1.5,
2015-08-04,1.875,2.75,0.875,26.348,1.625,
2015-08-05,1.333,2.333,1.0,14.25,1.25,
2015-08-06,2.6,3.6,1.0,6.571,2.588,
2015-08-07,,,,7.208,2.167,
2015-08-08,,,,16.042,2.471,
2015-08-09,,,,18.708,2.167,
2015-08-10,1.882,2.882,1.0,12.833,1.545,
2015-08-11,2.25,3.208,0.958,21.833,1.042,
2015-08-12,2.208,2.875,0.667,26.417,1.292,
2015-08-13,1.667,2.667,1.0,8.75,1.083,
2015-08-14,1.583,2.417,0.833,11.333,1.292,
2015-08-15,1.417,2.208,0.792,11.25,1.333,
2015-08-16,1.25,2.083,0.833,12.625,1.042,
2015-08-17,1.0,1.833,0.833,3.25,1.042,
2015-08-18,2.708,3.667,0.958,5.5,1.083,
2015-08-19,1.917,3.125,1.208,7.875,1.083,
2015-08-20,1.417,2.542,1.125,7.167,1.042,
2015-08-21,1.083,2.167,1.083,7.583,1.167,
2015-08-22,1.458,2.542,1.083,13.792,1.125,
2015-08-23,1.458,2.375,0.917,8.458,1.25,
2015-08-24,1.417,2.167,0.75,9.292,1.333,
2015-08-25,0.955,1.727,0.773,9.318,1.0,
2015-08-26,1.167,2.0,0.833,6.417,1.375,
2015-08-27,2.458,3.167,0.708,11.75,1.458,
2015-08-28,1.875,2.542,0.667,8.75,1.042,
2015-08-29,2.042,2.792,0.75,10.75,1.125,
2015-08-30,1.333,2.208,0.875,5.25,1.083,
2015-08-31,2.292,3.375,1.083,7.625,1.167,
2015-09-01,2.417,3.375,0.958,3.957,1.042,
2015-09-02,1.75,2.792,1.042,7.542,1.125,
2015-09-03,2.958,3.875,0.917,7.167,1.083,
2015-09-04,2.25,3.25,1.0,16.333,1.458,
2015-09-05,1.833,2.667,0.833,17.625,1.292,
2015-09-06,1.333,2.125,0.792,10.25,1.167,
2015-09-07,2.167,3.167,1.0,6.333,1.25,
2015-09-08,2.0,3.0,1.0,2.167,1.083,
2015-09-09,0.958,1.833,0.875,3.125,1.125,
2015-09-10,1.625,2.708,1.083,4.292,1.167,
2015-09-11,1.958,2.875,0.917,7.625,1.25,
2015-09-12,1.792,2.792,1.0,11.333,1.167,
2015-09-13,1.417,2.292,0.875,18.042,1.208,
2015-09-14,1.708,2.542,0.833,8.792,1.292,
2015-09-15,3.136,4.091,0.955,10.409,1.455,
2015-09-16,4.708,5.667,0.958,9.5,1.292,
2015-09-17,2.708,3.625,0.917,2.167,1.083,
2015-09-18,2.125,3.25,1.125,5.333,1.25,
2015-09-19,1.917,2.875,0.958,6.208,1.167,
2015-09-20,1.667,2.583,0.917,7.125,1.458,
2015-09-21,1.583,2.458,0.875,9.417,1.375,
2015-09-22,2.167,3.208,1.042,12.75,1.458,
2015-09-23,2.708,3.5,0.792,11.958,1.625,
2015-09-24,2.917,3.833,0.917,7.333,1.125,
2015-09-25,2.875,3.75,0.875,4.083,1.292,
2015-09-26,2.042,3.042,1.0,5.083,1.167,
2015-09-27,1.958,2.875,0.917,3.542,1.083,
2015-09-28,1.75,2.792,1.042,9.917,1.208,
2015-09-29,3.5,4.5,1.0,13.174,1.75,
2015-09-30,2.542,3.333,0.792,7.417,1.5,
2015-10-01,2.25,3.208,0.958,8.625,1.042,
2015-10-02,2.292,3.167,0.875,9.292,1.208,
2015-10-03,2.792,3.833,1.042,7.708,1.667,
2015-10-04,1.833,2.708,0.875,13.708,1.875,
2015-10-05,2.833,3.833,1.0,10.708,1.375,
2015-10-06,4.391,5.304,0.913,12.0,1.083,
2015-10-07,2.5,3.292,0.792,9.958,1.208,
2015-10-08,2.708,3.625,0.917,8.75,1.167,
2015-10-09,2.958,3.875,0.917,26.875,1.667,
2015-10-10,3.042,4.0,0.958,21.167,1.083,
2015-10-11,1.875,2.875,1.0,14.542,1.083,
2015-10-12,1.958,2.875,0.917,10.958,1.375,
2015-10-13,2.542,3.542,1.0,9.625,1.208,
2015-10-14,2.5,4.0,1.5,8.727,1.318,
2015-10-15,3.167,5.083,1.917,9.542,1.333,
2015-10-16,2.833,4.75,1.917,11.833,1.417,
2015-10-17,2.375,4.292,1.917,8.375,1.333,
2015-10-18,2.292,4.167,1.875,9.958,1.417,
2015-10-19,3.25,5.125,1.875,14.917,1.375,
2015-10-20,3.0,4.917,1.917,19.833,1.417,
2015-10-21,3.917,5.917,2.0,25.75,1.625,
2015-10-22,3.083,5.042,1.958,28.083,1.375,
2015-10-23,3.417,5.375,1.958,27.208,1.375,
2015-10-24,3.417,5.5,2.083,22.25,1.25,
2015-10-25,1.875,3.583,1.708,10.792,1.333,
2015-10-26,2.417,4.25,1.833,5.667,1.125,
2015-10-27,2.958,4.917,1.958,7.652,1.292,
2015-10-28,3.083,5.083,2.0,10.708,1.167,
2015-10-29,3.083,5.0,1.917,8.625,1.333,
2015-10-30,4.042,5.917,1.875,20.792,1.667,
2015-10-31,3.542,5.458,1.917,17.083,1.75,
2015-11-01,1.833,3.792,1.958,5.792,1.292,
2015-11-02,3.083,4.958,1.875,6.292,1.125,
2015-11-03,2.375,4.208,1.833,7.542,1.042,
2015-11-04,3.167,5.333,2.167,6.75,1.208,
2015-11-05,3.417,5.375,1.958,8.125,1.25,
2015-11-06,3.667,5.833,2.167,9.958,1.25,
2015-11-07,5.0,6.917,1.917,14.458,1.75,
2015-11-08,2.708,4.75,2.042,5.75,1.292,
2015-11-09,5.333,8.458,3.125,4.667,1.25,
2015-11-10,3.083,5.417,2.333,5.958,1.208,
2015-11-11,2.542,4.625,2.083,4.083,1.333,
2015-11-12,4.542,6.542,2.0,8.833,1.375,
2015-11-13,4.125,6.083,1.958,7.417,1.542,
2015-11-14,2.333,4.208,1.875,3.792,1.167,
2015-11-15,1.5,3.375,1.875,3.875,1.208,
2015-11-16,2.542,4.5,1.958,3.458,1.458,
2015-11-17,2.182,3.727,1.545,7.292,1.045,
2015-11-18,3.292,4.583,1.292,3.625,1.042,
2015-11-19,2.375,3.667,1.292,3.792,1.0,
2015-11-20,3.167,4.417,1.25,6.917,1.125,
2015-11-21,3.375,4.625,1.25,6.583,1.083,
2015-11-22,2.75,3.875,1.125,12.042,1.042,
2015-11-23,3.375,4.542,1.167,8.833,1.0,
2015-11-24,2.208,3.375,1.167,3.125,1.042,
2015-11-25,2.458,3.792,1.333,3.391,1.0,
2015-11-26,2.958,4.375,1.417,4.542,1.167,
2015-11-27,4.042,5.208,1.167,5.417,1.083,
2015-11-28,4.458,5.917,1.458,9.125,1.083,
2015-11-29,2.083,3.25,1.167,6.375,1.167,
2015-11-30,3.25,4.5,1.25,10.167,1.208,
2015-12-01,3.125,4.5,1.375,10.083,1.208,
2015-12-02,3.125,4.625,1.5,8.5,1.042,
2015-12-03,3.333,4.625,1.292,7.958,1.125,
2015-12-04,3.167,4.25,1.083,8.708,1.875,
2015-12-05,4.708,6.292,1.583,9.542,1.417,
2015-12-06,2.458,3.625,1.167,9.083,1.042,
2015-12-07,2.792,4.083,1.292,5.625,1.125,
2015-12-08,3.417,4.833,1.417,5.083,1.125,
2015-12-09,4.375,5.75,1.375,6.042,1.292,
2015-12-10,5.75,7.417,1.667,6.042,1.167,
2015-12-11,1.792,2.917,1.125,4.083,1.25,
2015-12-12,2.875,4.083,1.208,7.125,1.125,
2015-12-13,2.458,3.542,1.083,7.417,1.25,
2015-12-14,2.818,4.136,1.318,10.6,1.045,
2015-12-15,6.292,7.833,1.542,8.778,1.25,
2015-12-16,3.417,4.667,1.25,15.1,1.042,
2015-12-17,2.875,4.167,1.292,5.208,1.208,
2015-12-18,4.458,5.75,1.292,4.542,1.042,
2015-12-19,3.25,4.583,1.333,4.292,1.0,
2015-12-20,2.5,3.708,1.208,4.125,1.083,
2015-12-21,4.417,5.917,1.5,2.167,1.0,
2015-12-22,3.5,4.625,1.125,4.609,1.083,
2015-12-23,2.667,3.833,1.167,5.25,1.0,
2015-12-24,2.75,4.208,1.458,2.0,1.042,
2015-12-25,3.292,4.542,1.25,6.5,1.042,
2015-12-26,4.875,6.25,1.375,11.375,1.375,
2015-12-27,3.708,4.792,1.083,21.042,1.708,
2015-12-28,4.625,6.167,1.542,9.708,1.417,
2015-12-29,3.292,4.542,1.25,3.167,1.042,
2015-12-30,2.042,3.083,1.042,1.875,1.042,
2015-12-31,2.292,3.292,1.0,7.792,1.625,
2016-01-01,1.333,1.375,0.042,6.333,1.667,
2016-01-02,3.583,4.083,0.5,7.375,1.917,
2016-01-03,3.583,3.917,0.333,12.333,1.875,
2016-01-04,2.833,3.0,0.167,13.833,2.167,
2016-01-05,1.375,1.375,0.0,5.87,1.75,
2016-01-06,2.0,2.208,0.208,4.708,1.75,
2016-01-07,3.25,3.667,0.417,6.292,1.917,
2016-01-08,2.167,2.333,0.167,3.0,1.667,
2016-01-09,2.875,3.417,0.542,4.917,1.75,
2016-01-10,5.875,7.0,1.125,8.917,1.708,
2016-01-11,5.583,6.5,0.917,7.25,1.75,
2016-01-12,4.75,5.458,0.708,7.458,1.917,
2016-01-13,3.25,3.708,0.458,9.261,2.042,
2016-01-14,2.167,2.375,0.208,4.917,1.958,
2016-01-15,2.75,3.208,0.458,1.375,1.542,
2016-01-16,4.792,7.0,2.208,1.958,1.625,
2016-01-17,2.625,3.208,0.583,2.375,1.875,
2016-01-18,3.913,4.652,0.739,2.167,2.217,
2016-01-19,3.333,3.833,0.5,9.875,2.542,
2016-01-20,3.0,3.542,0.542,12.625,2.375,
2016-01-21,2.875,3.0,0.125,13.042,2.667,
2016-01-22,2.333,2.583,0.25,9.625,2.667,
2016-01-23,3.0,3.75,0.75,6.375,2.458,
2016-01-24,4.042,5.125,1.083,3.958,2.25,
2016-01-25,3.458,4.0,0.542,4.625,3.208,
2016-01-26,3.042,3.625,0.583,2.333,3.708,
2016-01-27,3.875,4.583,0.708,4.875,2.458,
2016-01-28,3.5,3.917,0.417,14.833,2.375,
2016-01-29,5.375,5.667,0.292,14.417,2.5,
2016-01-30,4.083,4.833,0.75,9.792,2.042,
2016-01-31,3.333,4.167,0.833,5.958,1.917,
2016-02-01,5.167,6.333,1.167,6.0,1.875,
2016-02-02,3.583,4.375,0.792,5.304,1.958,
2016-02-03,5.083,6.417,1.333,5.875,1.958,
2016-02-04,2.792,3.083,0.292,5.5,1.958,
2016-02-05,1.792,2.0,0.208,3.042,1.625,
2016-02-06,2.913,3.174,0.261,12.826,1.783,
2016-02-07,2.458,2.792,0.333,7.25,1.958,
2016-02-08,2.958,3.333,0.375,5.042,1.917,
2016-02-09,3.625,4.083,0.458,3.292,1.792,
2016-02-10,2.0,2.417,0.417,5.042,1.833,
2016-02-11,2.0,2.25,0.25,7.333,1.958,
2016-02-12,1.583,2.042,0.458,3.083,1.708,
2016-02-13,3.333,4.0,0.667,4.333,1.792,
2016-02-14,3.083,3.625,0.542,5.583,1.917,
2016-02-15,3.0,3.458,0.458,5.875,1.917,
2016-02-16,2.955,3.318,0.364,7.833,2.364,
2016-02-17,3.792,4.25,0.458,11.833,1.917,
2016-02-18,2.667,2.708,0.042,16.667,1.875,
2016-02-19,1.958,2.083,0.125,1.583,1.833,
2016-02-20,1.667,1.667,0.0,8.083,1.917,
2016-02-21,2.458,3.083,0.625,6.167,1.792,
2016-02-22,2.75,3.125,0.375,4.0,1.958,
2016-02-23,2.167,2.25,0.083,3.792,1.833,
2016-02-24,2.167,2.292,0.125,3.792,1.875,
2016-02-25,2.917,3.083,0.167,4.875,1.875,
2016-02-26,2.25,2.292,0.042,8.875,2.042,
2016-02-27,2.417,2.458,0.042,5.875,1.917,
2016-02-28,3.208,3.458,0.25,7.783,1.833,
2016-03-01,3.75,4.292,0.542,8.333,1.667,
2016-03-02,3.0,3.292,0.292,4.667,1.667,
2016-03-03,2.958,3.167,0.208,6.0,1.833,
2016-03-04,3.25,3.542,0.292,9.542,1.875,
2016-03-05,3.75,3.792,0.042,12.75,1.958,
2016-03-06,3.125,3.292,0.167,8.458,1.917,
2016-03-07,2.625,2.75,0.125,8.958,1.875,
2016-03-08,3.208,3.333,0.125,9.5,1.917,
2016-03-09,4.0,4.333,0.333,11.208,1.958,
2016-03-10,4.125,4.792,0.667,11.167,2.125,
2016-03-11,2.542,2.75,0.208,8.958,1.917,
2016-03-12,2.208,2.375,0.167,9.0,1.833,
2016-03-13,2.125,2.458,0.333,7.542,1.583,
2016-03-14,2.182,2.364,0.182,10.9,1.636,
2016-03-15,2.294,2.412,0.118,6.0,1.611,
2016-03-16,3.083,3.458,0.375,6.462,1.667,
2016-03-17,2.667,3.208,0.542,4.875,1.875,
2016-03-18,3.208,3.375,0.167,10.583,1.875,
2016-03-19,3.208,3.208,0.0,15.375,2.458,
2016-03-20,3.625,3.667,0.042,19.208,2.125,
2016-03-21,2.833,2.917,0.083,5.125,1.75,
2016-03-22,3.042,3.292,0.25,12.958,1.792,
2016-03-23,2.708,2.917,0.208,10.667,1.792,
2016-03-24,2.333,2.417,0.083,9.042,1.833,
2016-03-25,2.375,2.542,0.167,7.458,2.0,
2016-03-26,2.167,2.375,0.208,4.667,1.667,
2016-03-27,2.208,2.417,0.208,6.125,1.708,
2016-03-28,2.708,2.917,0.208,8.708,1.917,
2016-03-29,3.458,3.792,0.333,16.13,2.167,
2016-03-30,4.458,5.083,0.625,19.167,2.583,
2016-03-31,2.292,2.375,0.083,11.625,1.958,
2016-04-01,5.0,5.042,0.042,11.583,1.75,
2016-04-02,3.833,3.833,0.0,11.292,1.25,
2016-04-03,4.417,4.458,0.042,9.583,1.167,
2016-04-04,4.0,4.417,0.417,4.542,1.208,
2016-04-05,3.333,3.833,0.5,4.652,1.5,
2016-04-06,4.0,4.625,0.625,7.333,1.833,
2016-04-07,2.583,2.708,0.125,5.25,1.167,
2016-04-08,3.208,3.458,0.25,7.042,1.458,
2016-04-09,2.667,3.042,0.375,10.292,1.458,
2016-04-10,3.208,3.542,0.333,11.0,1.5,
2016-04-11,3.208,3.5,0.292,12.458,1.25,
2016-04-12,2.909,3.182,0.273,11.375,1.545,
2016-04-13,2.542,2.583,0.042,6.792,1.958,
2016-04-14,4.583,5.292,0.708,6.083,2.625,
2016-04-15,2.375,2.375,0.0,10.458,1.958,
2016-04-16,3.125,3.375,0.25,7.542,2.333,
2016-04-17,0.875,0.958,0.083,11.042,2.25,
2016-04-18,3.083,3.208,0.125,9.833,2.25,
2016-04-19,3.333,3.417,0.083,12.083,2.125,
2016-04-20,2.708,2.792,0.083,12.083,2.042,
2016-04-21,3.625,3.708,0.083,9.167,2.083,
2016-04-22,3.958,4.333,0.375,7.292,2.792,
2016-04-23,2.667,2.833,0.167,9.333,2.208,
2016-04-24,2.542,2.583,0.042,10.625,2.0,
2016-04-25,4.5,4.542,0.042,19.542,2.625,
2016-04-26,4.708,5.083,0.375,14.208,3.417,
2016-04-27,3.958,4.083,0.125,7.652,2.167,
2016-04-28,3.875,4.042,0.167,3.958,2.375,
2016-04-29,1.667,1.75,0.083,7.833,1.958,
2016-04-30,2.917,3.0,0.083,9.125,2.208,
2016-05-01,2.625,2.708,0.083,15.167,3.5,
2016-05-02,3.25,3.542,0.292,19.083,3.083,
2016-05-03,1.5,1.542,0.042,11.875,2.0,
2016-05-04,1.542,1.542,0.0,12.458,2.458,
2016-05-05,2.833,2.833,0.0,12.417,2.875,
2016-05-06,4.083,4.333,0.25,11.708,2.292,
2016-05-07,3.417,3.583,0.167,10.125,2.542,
2016-05-08,2.042,2.083,0.042,18.083,2.167,
2016-05-09,2.667,2.75,0.083,8.625,2.0,
2016-05-10,4.375,4.583,0.208,3.208,2.125,
2016-05-11,1.375,1.375,0.0,4.333,2.0,
2016-05-12,3.167,3.458,0.292,5.417,2.375,
2016-05-13,3.708,4.042,0.333,8.667,2.583,
2016-05-14,3.125,3.25,0.125,14.917,2.708,
2016-05-15,2.333,2.333,0.0,17.75,2.792,
2016-05-16,2.792,2.917,0.125,12.333,2.0,
2016-05-17,2.826,3.087,0.261,5.13,2.043,
2016-05-18,2.708,2.958,0.25,11.917,2.292,
2016-05-19,3.083,3.25,0.167,10.458,2.708,
2016-05-20,4.375,4.625,0.25,11.125,2.583,
2016-05-21,3.167,3.417,0.25,12.917,2.417,
2016-05-22,2.833,2.917,0.083,11.75,2.625,
2016-05-23,3.333,3.417,0.083,19.958,2.333,
2016-05-24,2.333,2.542,0.208,21.435,2.125,
2016-05-25,3.917,4.083,0.167,21.958,1.958,
2016-05-26,3.958,4.708,0.75,10.458,2.583,
2016-05-27,2.917,3.75,0.833,5.833,2.5,
2016-05-28,2.667,2.708,0.042,16.0,2.75,
2016-05-29,1.708,1.792,0.083,17.0,2.417,
2016-05-30,2.458,2.667,0.208,3.875,2.375,
2016-05-31,3.792,4.417,0.625,10.958,3.292,
2016-06-01,3.833,4.083,0.25,19.292,2.625,
2016-06-02,1.833,1.833,0.0,6.333,2.0,
2016-06-03,1.792,1.875,0.083,5.75,2.125,
2016-06-04,2.458,2.625,0.167,8.958,2.208,
2016-06-05,1.625,1.667,0.042,4.875,2.0,
2016-06-06,2.625,2.833,0.208,8.625,2.5,
2016-06-07,3.292,3.583,0.292,7.75,2.0,
2016-06-08,2.125,2.167,0.042,10.083,2.125,
2016-06-09,2.25,2.667,0.417,5.667,2.083,
2016-06-10,2.583,2.958,0.375,10.75,2.542,
2016-06-11,2.417,2.458,0.042,11.208,2.5,
2016-06-12,3.0,3.125,0.125,8.042,2.458,
2016-06-13,2.333,2.625,0.292,3.042,2.167,
2016-06-14,2.667,3.083,0.417,7.478,2.375,
2016-06-15,2.875,3.167,0.292,8.708,2.5,
2016-06-16,3.042,3.25,0.208,3.5,1.958,
2016-06-17,3.125,3.458,0.333,16.0,2.625,
2016-06-18,4.542,5.0,0.458,21.625,2.958,
2016-06-19,1.5,1.583,0.083,15.292,2.25,
2016-06-20,3.292,3.667,0.375,13.583,2.458,
2016-06-21,2.864,3.364,0.5,6.591,2.136,
2016-06-22,5.458,5.958,0.5,11.792,2.458,
2016-06-23,1.917,2.333,0.417,6.333,2.083,
2016-06-24,3.167,3.833,0.667,11.0,2.625,
2016-06-25,1.125,1.25,0.125,9.042,1.958,
2016-06-26,1.875,2.042,0.167,13.375,2.25,
2016-06-27,2.167,2.417,0.25,17.917,2.583,
2016-06-28,3.875,4.25,0.375,3.042,2.0,
2016-06-29,4.875,5.25,0.375,16.208,2.625,
2016-06-30,3.75,4.5,0.75,12.958,2.333,
2016-07-01,3.25,4.0,0.75,12.375,2.833,
2016-07-02,1.167,1.708,0.542,8.625,2.042,
2016-07-03,0.875,1.25,0.375,9.583,2.0,
2016-07-04,3.625,4.792,1.167,15.958,3.292,
2016-07-05,2.458,3.25,0.792,13.667,2.583,
2016-07-06,2.833,3.625,0.792,14.609,2.417,
2016-07-07,2.875,3.875,1.0,12.208,2.542,
2016-07-08,4.125,4.917,0.792,15.542,2.583,
2016-07-09,2.125,2.75,0.625,2.042,1.958,
2016-07-10,3.292,4.708,1.417,6.458,2.625,
2016-07-11,2.667,3.625,0.958,12.5,2.375,
2016-07-12,2.583,3.625,1.042,11.292,2.625,
2016-07-13,1.208,1.667,0.458,7.875,2.0,
2016-07-14,3.417,4.458,1.042,11.042,2.917,
2016-07-15,2.042,2.375,0.333,11.792,2.125,
2016-07-16,3.208,4.083,0.875,8.458,2.333,
2016-07-17,2.042,2.417,0.375,19.0,2.042,
2016-07-18,2.125,2.542,0.417,19.167,2.125,
2016-07-19,3.042,3.5,0.458,18.792,2.667,
2016-07-20,2.591,2.864,0.273,19.0,1.955,
2016-07-21,2.083,2.208,0.125,18.292,1.292,
2016-07-22,2.0,2.25,0.25,8.542,1.0,
2016-07-23,3.292,3.833,0.542,9.792,1.333,
2016-07-24,1.667,1.708,0.042,10.333,1.167,
2016-07-25,1.792,1.958,0.167,11.458,1.125,
2016-07-26,2.583,3.333,0.75,11.292,1.125,
2016-07-27,2.917,3.792,0.875,10.0,1.167,
2016-07-28,1.875,2.417,0.542,6.833,1.042,
2016-07-29,2.042,2.792,0.75,5.292,1.125,
2016-07-30,1.708,2.25,0.542,6.125,1.042,
2016-07-31,1.875,2.5,0.625,7.125,1.208,
2016-08-01,2.435,2.609,0.174,16.391,1.4,
2016-08-02,2.478,3.043,0.565,18.0,1.417,
2016-08-03,2.208,2.917,0.708,17.292,1.292,
2016-08-04,2.083,2.625,0.542,16.458,1.208,
2016-08-05,2.333,3.0,0.667,13.375,1.458,
2016-08-06,1.875,2.667,0.792,9.417,1.167,
2016-08-07,1.667,2.458,0.792,8.25,1.042,
2016-08-08,2.125,2.583,0.458,14.19,1.125,
2016-08-09,3.5,4.042,0.542,18.125,1.417,
2016-08-10,3.125,3.625,0.5,16.125,1.458,
2016-08-11,3.167,3.458,0.292,17.25,1.583,
2016-08-12,2.542,2.792,0.25,15.667,1.167,
2016-08-13,1.75,2.208,0.458,11.542,1.208,
2016-08-14,1.458,1.708,0.25,11.917,1.167,
2016-08-15,1.708,2.042,0.333,16.0,1.083,
2016-08-16,1.25,1.833,0.583,10.542,1.167,
2016-08-17,1.542,1.75,0.208,21.417,1.083,
2016-08-18,1.5,1.75,0.25,22.5,1.167,
2016-08-19,1.364,1.818,0.455,10.304,1.182,
2016-08-20,1.833,2.375,0.542,9.667,1.583,
2016-08-21,2.333,3.917,1.583,6.5,1.292,
2016-08-22,1.583,1.792,0.208,9.0,1.125,
2016-08-23,2.208,2.667,0.458,8.708,1.25,
2016-08-24,2.0,2.75,0.75,6.0,1.417,
2016-08-25,1.958,3.167,1.208,5.5,1.208,
2016-08-26,1.208,1.708,0.5,7.375,1.333,
2016-08-27,1.792,2.125,0.333,7.625,1.292,
2016-08-28,2.0,2.208,0.208,8.0,1.208,
2016-08-29,3.833,4.833,1.0,5.042,1.417,
2016-08-30,1.917,2.0,0.083,6.5,1.083,
2016-08-31,1.375,1.625,0.25,9.458,1.042,
2016-09-01,1.708,1.875,0.167,10.958,1.375,
2016-09-02,2.0,2.25,0.25,13.542,1.542,
2016-09-03,5.125,6.0,0.875,11.125,1.625,
2016-09-04,2.333,3.0,0.667,6.792,1.167,
2016-09-05,1.167,1.5,0.333,4.708,1.0,
2016-09-06,2.0,2.667,0.667,4.0,1.5,
2016-09-07,2.25,2.792,0.542,1.5,1.0,
2016-09-08,1.958,2.25,0.292,3.583,1.0,
2016-09-09,1.708,1.875,0.167,7.042,1.208,
2016-09-10,1.625,1.708,0.083,11.583,1.083,
2016-09-11,1.583,1.667,0.083,11.375,1.125,
2016-09-12,2.833,2.875,0.042,8.875,1.125,
2016-09-13,2.87,4.217,1.348,4.174,1.348,
2016-09-14,2.833,3.292,0.458,6.333,1.875,
2016-09-15,2.333,2.625,0.292,7.917,1.958,
2016-09-16,2.167,2.375,0.208,11.417,2.125,
2016-09-17,1.417,1.667,0.25,10.75,1.958,
2016-09-18,0.542,0.958,0.417,2.667,1.583,
2016-09-19,1.25,2.0,0.75,3.25,1.792,
2016-09-20,2.042,2.292,0.25,3.042,1.75,
2016-09-21,2.333,2.542,0.208,4.174,1.833,
2016-09-22,2.25,2.5,0.25,3.292,1.792,
2016-09-23,3.417,3.875,0.458,6.583,1.792,
2016-09-24,2.125,2.417,0.292,4.042,1.792,
2016-09-25,0.458,0.75,0.292,3.292,1.833,
2016-09-26,1.75,2.208,0.458,7.292,1.833,
2016-09-27,2.875,3.958,1.083,7.667,2.042,
2016-09-28,1.167,2.458,1.292,4.625,1.875,
2016-09-29,1.542,2.667,1.125,2.75,1.917,
2016-09-30,1.875,2.292,0.417,7.083,1.917,
2016-10-01,2.833,3.167,0.333,11.0,2.042,
2016-10-02,2.583,3.0,0.417,14.333,2.125,
2016-10-03,1.958,2.5,0.542,5.25,1.875,
2016-10-04,1.875,2.667,0.792,5.458,1.875,
2016-10-05,2.458,2.792,0.333,8.792,1.875,
2016-10-06,2.333,2.833,0.5,5.25,1.958,
2016-10-07,3.042,3.333,0.292,8.042,2.292,
2016-10-08,1.542,2.25,0.708,4.625,1.875,
2016-10-09,0.958,1.125,0.167,5.042,1.875,
2016-10-10,1.917,2.292,0.375,6.625,2.0,
2016-10-11,2.833,3.458,0.625,9.667,2.0,
2016-10-12,2.5,3.0,0.5,10.348,2.045,
2016-10-13,1.917,2.083,0.167,9.833,1.833,
2016-10-14,2.125,2.583,0.458,8.917,1.875,
2016-10-15,2.792,3.083,0.292,10.083,2.042,
2016-10-16,3.708,3.958,0.25,11.042,2.417,
2016-10-17,3.167,3.5,0.333,3.375,1.875,
2016-10-18,5.5,6.708,1.208,7.917,2.667,
2016-10-19,3.167,3.625,0.458,10.125,2.458,
2016-10-20,2.917,3.333,0.417,15.333,2.083,
2016-10-21,2.375,2.625,0.25,13.042,2.083,
2016-10-22,1.458,1.917,0.458,12.958,1.75,
2016-10-23,0.792,0.875,0.083,6.292,1.75,
2016-10-24,2.958,3.458,0.5,5.333,2.083,
2016-10-25,2.417,2.833,0.417,3.417,1.833,
2016-10-26,4.708,5.583,0.875,8.0,2.042,
2016-10-27,2.75,3.167,0.417,9.042,2.167,
2016-10-28,1.625,2.042,0.417,8.333,1.792,
2016-10-29,1.667,1.833,0.167,6.125,1.875,
2016-10-30,1.667,1.875,0.208,6.875,1.792,
2016-10-31,3.083,3.625,0.542,8.667,2.0,
2016-11-01,2.708,3.125,0.417,6.833,1.75,
2016-11-02,1.917,2.25,0.333,3.13,1.917,
2016-11-03,2.083,2.25,0.167,6.625,1.875,
2016-11-04,2.708,3.292,0.583,8.958,1.792,
2016-11-05,2.583,3.125,0.542,11.042,2.042,
2016-11-06,1.417,1.5,0.083,16.958,2.042,
2016-11-07,3.042,3.5,0.458,13.917,1.875,
2016-11-08,1.958,2.542,0.583,9.417,1.708,
2016-11-09,1.75,2.0,0.25,3.348,1.625,
2016-11-10,2.167,2.75,0.583,5.0,1.875,
2016-11-11,2.5,3.083,0.583,5.208,1.875,
2016-11-12,2.333,2.708,0.375,9.625,1.875,
2016-11-13,1.583,1.958,0.375,9.25,1.917,
2016-11-14,1.708,2.167,0.458,5.208,1.75,
2016-11-15,2.682,3.273,0.591,5.708,1.909,
2016-11-16,2.333,2.875,0.542,10.167,1.833,
2016-11-17,2.75,3.292,0.542,10.583,1.833,
2016-11-18,3.083,3.625,0.542,13.208,2.125,
2016-11-19,2.208,2.583,0.375,8.125,1.917,
2016-11-20,1.417,1.792,0.375,9.75,1.833,
2016-11-21,3.375,3.917,0.542,9.458,1.833,
2016-11-22,2.864,3.409,0.545,7.708,1.958,
2016-11-23,1.792,2.208,0.417,5.5,1.917,
2016-11-24,2.375,2.875,0.5,3.208,1.667,
2016-11-25,2.167,2.875,0.708,3.417,1.75,
2016-11-26,2.625,3.208,0.583,5.083,1.833,
2016-11-27,1.042,1.458,0.417,2.75,1.75,
2016-11-28,1.792,1.917,0.125,7.333,1.958,
2016-11-29,2.458,2.958,0.5,6.333,1.667,
2016-11-30,2.333,2.917,0.583,5.542,1.833,
2016-12-01,2.708,3.5,0.792,6.667,1.75,
2016-12-02,2.542,2.958,0.417,9.542,2.0,
2016-12-03,2.333,2.833,0.5,6.042,1.875,
2016-12-04,0.708,1.0,0.292,5.25,1.875,
2016-12-05,3.75,4.917,1.167,6.542,1.917,
2016-12-06,2.583,2.75,0.167,14.042,2.042,
2016-12-07,2.417,3.042,0.625,3.261,1.708,
2016-12-08,3.583,4.417,0.833,7.708,1.75,
2016-12-09,2.875,3.333,0.458,13.25,2.208,
2016-12-10,2.708,3.625,0.917,7.458,1.958,
2016-12-11,1.625,1.917,0.292,2.958,1.75,
2016-12-12,3.042,3.917,0.875,3.042,1.708,
2016-12-13,2.333,3.167,0.833,0.833,1.75,
2016-12-14,2.409,3.0,0.591,2.417,1.636,
2016-12-15,2.292,2.833,0.542,2.917,1.792,
2016-12-16,3.583,4.167,0.583,1.875,1.708,
2016-12-17,5.25,6.75,1.5,5.792,1.833,
2016-12-18,2.25,2.708,0.458,7.917,1.583,
2016-12-19,2.708,3.375,0.667,4.0,1.708,
2016-12-20,1.75,2.292,0.542,4.875,1.833,
2016-12-21,2.75,3.667,0.917,5.875,1.5,
2016-12-22,2.208,2.625,0.417,5.25,1.75,
2016-12-23,2.75,3.0,0.25,7.792,1.958,
2016-12-24,3.375,3.792,0.417,5.833,1.75,
2016-12-25,1.583,1.667,0.083,1.792,1.667,
2016-12-26,2.5,3.208,0.708,3.5,1.792,
2016-12-27,2.708,3.083,0.375,2.458,1.875,
2016-12-28,2.208,2.917,0.708,1.917,1.667,
2016-12-29,3.125,3.75,0.625,3.583,1.708,
2016-12-30,2.167,2.208,0.042,3.625,1.667,
2016-12-31,1.708,1.917,0.208,5.042,1.75,
2017-01-01,2.333,2.708,0.375,5.5,1.958,
2017-01-02,2.625,3.167,0.542,4.833,1.958,
2017-01-03,2.25,2.5,0.25,10.25,2.208,
2017-01-04,1.5,1.708,0.208,2.333,1.875,
2017-01-05,1.375,1.708,0.333,1.125,1.792,
2017-01-06,2.75,3.333,0.583,5.292,1.833,
2017-01-07,1.458,1.708,0.25,3.833,2.0,
2017-01-08,0.917,1.25,0.333,0.667,1.833,
2017-01-09,2.591,3.0,0.409,6.652,2.043,
2017-01-10,2.958,3.333,0.375,7.333,2.0,
2017-01-11,2.917,3.583,0.667,3.25,1.958,
2017-01-12,3.5,4.208,0.708,3.792,2.042,
2017-01-13,3.5,4.208,0.708,5.125,2.0,
2017-01-14,1.625,1.875,0.25,2.083,1.875,
2017-01-15,2.583,3.083,0.5,2.5,1.958,
2017-01-16,4.833,5.833,1.0,6.375,2.125,
2017-01-17,3.792,4.583,0.792,2.0,1.958,
2017-01-18,2.208,2.292,0.083,1.458,1.917,
2017-01-19,2.917,3.167,0.25,16.417,2.083,
2017-01-20,2.875,3.0,0.125,16.667,2.167,
2017-01-21,2.25,2.292,0.042,9.292,2.167,
2017-01-22,1.75,1.917,0.167,8.125,1.917,
2017-01-23,2.429,2.667,0.238,10.652,2.208,
2017-01-24,2.125,2.625,0.5,3.333,2.042,
2017-01-25,3.25,3.958,0.708,2.875,1.917,
2017-01-26,2.708,3.333,0.625,1.875,2.042,
2017-01-27,1.917,2.292,0.375,3.833,1.917,
2017-01-28,1.375,1.667,0.292,5.042,1.917,
2017-01-29,2.708,3.0,0.292,8.667,2.167,
2017-01-30,2.708,3.25,0.542,5.708,2.0,
2017-01-31,2.167,2.583,0.417,4.708,2.083,
2017-02-01,1.5,1.792,0.292,2.042,1.75,
2017-02-02,2.25,2.708,0.458,1.625,1.833,
2017-02-03,3.375,3.917,0.542,4.375,1.875,
2017-02-04,2.0,2.208,0.208,5.042,1.958,
2017-02-05,2.292,2.667,0.375,5.417,2.083,
2017-02-06,3.227,3.636,0.409,5.913,2.136,
2017-02-07,3.167,3.583,0.417,5.75,2.292,
2017-02-08,2.958,3.333,0.375,6.958,2.167,
2017-02-09,3.5,3.917,0.417,10.833,2.292,
2017-02-10,2.875,3.292,0.417,9.25,1.75,
2017-02-11,1.667,1.75,0.083,7.125,2.0,
2017-02-12,2.625,2.917,0.292,9.292,2.0,
2017-02-13,3.917,4.625,0.708,7.417,1.875,
2017-02-14,2.667,3.083,0.417,5.583,2.167,
2017-02-15,5.792,6.792,1.0,13.292,2.125,
2017-02-16,3.0,3.292,0.292,10.25,2.083,
2017-02-17,2.208,2.417,0.208,9.25,2.042,
2017-02-18,1.583,1.667,0.083,2.583,1.958,
2017-02-19,2.708,3.167,0.458,6.083,2.0,
2017-02-20,2.625,2.875,0.25,11.739,2.125,
2017-02-21,3.375,3.75,0.375,13.708,2.167,
2017-02-22,3.625,4.125,0.5,10.917,1.917,
2017-02-23,2.083,2.208,0.125,9.75,2.208,
2017-02-24,3.25,3.417,0.167,18.0,2.375,
2017-02-25,3.417,3.583,0.167,19.167,1.917,
2017-02-26,2.167,2.292,0.125,11.958,2.0,
2017-02-27,3.625,4.042,0.417,13.476,2.125,
2017-02-28,1.941,2.059,0.118,8.5,1.722,
2017-03-01,1.833,1.833,0.0,17.077,1.083,
2017-03-02,2.958,2.958,0.0,10.0,1.208,
2017-03-03,4.042,4.25,0.208,8.667,1.792,
2017-03-04,3.083,3.167,0.083,12.625,2.042,
2017-03-05,2.792,3.125,0.333,5.042,1.125,
2017-03-06,1.542,1.542,0.0,2.083,1.0,
2017-03-07,3.625,3.75,0.125,7.75,1.458,
2017-03-08,5.417,5.458,0.042,1.208,2.083,
2017-03-09,2.25,2.25,0.0,2.292,1.0,
2017-03-10,2.292,2.417,0.125,4.792,1.167,
2017-03-11,2.708,2.917,0.208,7.333,1.708,
2017-03-12,3.333,3.5,0.167,12.208,1.333,
2017-03-13,3.083,3.583,0.5,10.042,1.417,
2017-03-14,5.333,6.208,0.875,15.625,3.5,
2017-03-15,1.583,1.625,0.042,13.042,1.625,
2017-03-16,2.875,3.042,0.167,1.917,1.0,
2017-03-17,1.625,1.708,0.083,3.208,1.125,
2017-03-18,2.208,2.333,0.125,5.458,1.333,
2017-03-19,3.0,3.208,0.208,4.958,1.25,
2017-03-20,3.792,4.083,0.292,0.957,1.042,
2017-03-21,3.5,3.583,0.083,2.208,1.542,
2017-03-22,2.292,2.542,0.25,0.833,1.0,
2017-03-23,3.5,3.833,0.333,4.083,1.292,
2017-03-24,2.375,2.583,0.208,5.333,1.375,
2017-03-25,2.917,2.917,0.0,20.583,1.708,
2017-03-26,5.083,5.25,0.167,25.25,2.625,
2017-03-27,6.042,6.375,0.333,22.542,3.083,
2017-03-28,3.958,4.292,0.333,23.25,3.0,
2017-03-29,5.042,5.417,0.375,23.542,3.875,
2017-03-30,2.833,2.875,0.042,12.375,1.292,
2017-03-31,3.083,3.125,0.042,10.042,1.458,
2017-04-01,2.417,2.75,0.333,1.625,1.833,
2017-04-02,1.667,2.0,0.333,7.333,1.75,
2017-04-03,2.958,3.208,0.25,10.083,1.833,
2017-04-04,4.417,5.333,0.917,16.667,2.083,
2017-04-05,4.542,5.625,1.083,15.609,2.0,
2017-04-06,2.75,3.5,0.75,8.958,1.75,
2017-04-07,2.583,2.75,0.167,3.042,1.792,
2017-04-08,3.042,3.417,0.375,2.542,1.958,
2017-04-09,2.125,2.25,0.125,6.25,2.042,
2017-04-10,3.083,3.208,0.125,10.833,1.875,
2017-04-11,2.333,2.458,0.125,3.833,1.708,
2017-04-12,6.773,13.545,6.773,6.217,1.955,
2017-04-13,6.458,9.667,3.208,9.083,2.125,
2017-04-14,3.292,3.458,0.167,13.958,2.625,
2017-04-15,2.25,2.375,0.125,13.5,2.083,
2017-04-16,1.542,1.625,0.083,11.417,2.0,
2017-04-17,1.917,2.0,0.083,10.083,1.958,
2017-04-18,2.125,2.208,0.083,5.125,1.917,
2017-04-19,2.958,2.958,0.0,14.542,2.167,
2017-04-20,7.0,7.458,0.458,11.917,2.542,
2017-04-21,3.5,3.667,0.167,12.125,2.208,
2017-04-22,3.792,3.958,0.167,10.833,2.167,
2017-04-23,1.792,1.833,0.042,6.958,1.958,
2017-04-24,2.792,2.958,0.167,8.25,2.083,
2017-04-25,2.417,2.583,0.167,5.792,1.958,
2017-04-26,2.375,2.5,0.125,4.333,1.958,
2017-04-27,2.458,2.5,0.042,4.913,2.042,
2017-04-28,2.292,2.375,0.083,8.792,2.0,
2017-04-29,1.792,1.833,0.042,14.625,2.75,
2017-04-30,1.583,1.583,0.0,16.083,3.125,
2017-05-01,2.792,2.792,0.0,22.783,3.25,
2017-05-02,2.542,2.583,0.042,7.083,2.0,
2017-05-03,2.833,2.958,0.125,6.542,2.292,
2017-05-04,2.542,2.583,0.042,5.833,1.917,
2017-05-05,1.958,2.083,0.125,7.913,2.042,
2017-05-06,1.875,2.042,0.167,4.833,1.917,
2017-05-07,2.25,2.25,0.0,13.125,2.042,
2017-05-08,4.0,4.292,0.292,17.042,2.792,
2017-05-09,3.708,3.792,0.083,15.25,2.333,
2017-05-10,3.125,3.125,0.0,8.083,1.917,
2017-05-11,2.917,3.042,0.125,15.875,2.167,
2017-05-12,4.292,4.417,0.125,24.875,2.833,
2017-05-13,3.208,3.375,0.167,7.458,1.875,
2017-05-14,2.333,2.417,0.083,9.667,2.292,
2017-05-15,2.333,2.458,0.125,15.875,2.292,
2017-05-16,3.833,4.042,0.208,10.958,2.333,
2017-05-17,3.409,3.591,0.182,9.435,2.0,
2017-05-18,2.5,2.583,0.083,12.167,1.917,
2017-05-19,3.167,3.333,0.167,14.391,2.375,
2017-05-20,2.542,2.625,0.083,11.958,2.083,
2017-05-21,2.625,2.708,0.083,15.708,2.125,
2017-05-22,1.875,1.917,0.042,8.875,2.042,
2017-05-23,2.042,2.25,0.208,6.917,1.958,
2017-05-24,3.0,3.292,0.292,7.217,2.208,
2017-05-25,2.625,2.875,0.25,5.958,1.875,
2017-05-26,2.583,2.917,0.333,4.5,2.083,
2017-05-27,2.25,2.375,0.125,9.833,2.167,
2017-05-28,1.958,1.958,0.0,8.25,2.0,
2017-05-29,3.083,3.292,0.208,9.75,2.667,
2017-05-30,4.542,4.875,0.333,26.583,3.875,
2017-05-31,1.833,1.917,0.083,18.75,2.042,
2017-06-01,2.417,2.5,0.083,17.167,2.292,
2017-06-02,2.208,2.208,0.0,9.5,2.0,
2017-06-03,3.375,3.625,0.25,5.917,2.958,
2017-06-04,2.333,2.458,0.125,9.208,2.167,
2017-06-05,2.417,2.583,0.167,5.792,2.0,
2017-06-06,2.583,2.708,0.125,7.042,2.208,
2017-06-07,2.833,3.0,0.167,5.75,1.708,
2017-06-08,3.083,3.417,0.333,4.458,1.958,
2017-06-09,2.875,3.25,0.375,11.042,2.292,
2017-06-10,2.5,2.542,0.042,13.417,2.083,
2017-06-11,3.083,3.208,0.125,17.208,2.125,
2017-06-12,1.958,2.042,0.083,5.0,1.958,
2017-06-13,2.182,2.318,0.136,7.217,1.955,
2017-06-14,3.167,3.542,0.375,9.875,2.25,
2017-06-15,3.5,3.917,0.417,11.5,2.542,
2017-06-16,4.833,5.167,0.333,17.583,3.0,
2017-06-17,2.875,3.083,0.208,12.583,2.542,
2017-06-18,1.875,1.875,0.0,12.833,2.0,
2017-06-19,2.708,2.792,0.083,19.792,2.208,
2017-06-20,2.5,2.667,0.167,20.958,2.875,
2017-06-21,0.875,0.875,0.0,4.87,1.75,
2017-06-22,4.125,4.375,0.25,6.958,2.0,
2017-06-23,2.417,2.667,0.25,12.125,2.208,
2017-06-24,1.917,1.958,0.042,13.917,2.083,
2017-06-25,3.083,3.25,0.167,4.5,1.708,
2017-06-26,2.917,3.375,0.458,7.042,2.0,
2017-06-27,3.833,4.333,0.5,10.25,1.958,
2017-06-28,2.083,2.25,0.167,5.333,1.833,
2017-06-29,3.458,3.667,0.208,8.875,2.25,
2017-06-30,3.458,5.25,1.792,5.958,1.875,
2017-07-01,1.083,2.417,1.333,3.042,1.958,
2017-07-02,1.583,2.083,0.5,13.125,2.125,
2017-07-03,1.333,2.0,0.667,18.458,2.708,
2017-07-04,1.042,1.375,0.333,8.625,1.958,
2017-07-05,2.417,3.25,0.833,6.292,2.292,
2017-07-06,3.458,4.167,0.708,11.208,2.458,
2017-07-07,4.5,5.167,0.667,14.75,2.167,
2017-07-08,4.875,6.0,1.125,12.25,2.917,
2017-07-09,1.833,2.417,0.583,11.167,2.167,
2017-07-10,1.958,2.75,0.792,8.375,2.083,
2017-07-11,2.083,2.75,0.667,9.409,2.042,
2017-07-12,0.917,1.375,0.458,10.833,1.958,
2017-07-13,4.0,4.958,0.958,10.875,2.583,
2017-07-14,3.75,5.0,1.25,5.833,2.125,
2017-07-15,1.708,2.292,0.583,12.0,2.125,
2017-07-16,1.042,1.333,0.292,21.375,2.083,
2017-07-17,1.583,1.917,0.333,14.708,2.0,
2017-07-18,1.75,2.208,0.458,8.417,1.917,
2017-07-19,1.522,1.739,0.217,11.565,2.087,
2017-07-20,2.333,2.542,0.208,9.583,1.958,
2017-07-21,2.25,2.833,0.583,5.125,1.917,
2017-07-22,0.917,1.375,0.458,6.708,1.958,
2017-07-23,0.958,1.375,0.417,5.708,2.0,
2017-07-24,1.0,1.542,0.542,6.458,2.0,
2017-07-25,1.292,1.75,0.458,8.542,1.958,
2017-07-26,1.375,1.792,0.417,16.708,2.0,
2017-07-27,2.25,2.625,0.375,9.042,1.958,
2017-07-28,1.75,2.208,0.458,10.375,1.958,
2017-07-29,1.792,2.25,0.458,12.583,2.25,
2017-07-30,1.25,1.583,0.333,8.833,1.958,
2017-07-31,1.167,1.708,0.542,7.083,2.0,
2017-08-01,1.083,1.542,0.458,12.25,1.917,
2017-08-02,2.25,2.667,0.417,7.833,1.958,
2017-08-03,2.833,3.125,0.292,6.042,1.833,
2017-08-04,3.042,3.583,0.542,3.708,1.875,
2017-08-05,1.208,1.792,0.583,3.208,1.833,
2017-08-06,0.875,1.792,0.917,9.042,2.375,
2017-08-07,0.542,0.583,0.042,7.958,1.958,
2017-08-08,1.25,1.542,0.292,10.458,2.0,
2017-08-09,2.375,2.5,0.125,19.955,1.958,
2017-08-10,4.083,4.625,0.542,23.25,2.042,
2017-08-11,2.458,2.958,0.5,18.583,2.292,
2017-08-12,1.542,1.917,0.375,10.583,2.042,
2017-08-13,0.958,1.375,0.417,6.25,2.042,
2017-08-14,1.292,1.625,0.333,8.292,2.042,
2017-08-15,2.208,2.667,0.458,10.583,2.0,
2017-08-16,2.208,2.667,0.458,6.625,2.042,
2017-08-17,1.381,1.381,0.0,4.609,1.955,
2017-08-18,1.292,1.5,0.208,6.667,1.958,
2017-08-19,1.292,1.292,0.0,14.708,1.958,
2017-08-20,0.833,0.833,0.0,16.25,2.083,
2017-08-21,0.917,0.917,0.0,19.5,2.083,
2017-08-22,0.913,1.261,0.348,7.833,2.0,
2017-08-23,2.042,2.25,0.208,11.25,2.042,
2017-08-24,2.583,2.958,0.375,18.682,2.667,
2017-08-25,1.833,2.208,0.375,17.5,2.708,
2017-08-26,2.375,2.625,0.25,10.833,2.25,
2017-08-27,1.958,2.042,0.083,12.0,2.25,
2017-08-28,2.25,2.458,0.208,12.167,2.125,
2017-08-29,1.833,2.125,0.292,15.125,2.125,
2017-08-30,2.458,2.708,0.25,28.583,2.417,
2017-08-31,2.292,2.458,0.167,14.417,2.083,
2017-09-01,1.917,2.0,0.083,6.208,1.958,
2017-09-02,1.708,1.75,0.042,8.083,1.917,
2017-09-03,1.375,1.5,0.125,8.583,2.0,
2017-09-04,1.875,2.167,0.292,10.25,1.792,
2017-09-05,2.792,3.083,0.292,12.273,2.167,
2017-09-06,2.292,2.625,0.333,7.792,1.958,
2017-09-07,1.667,2.0,0.333,11.667,1.958,
2017-09-08,2.042,2.167,0.125,5.833,1.958,
2017-09-09,1.792,1.917,0.125,6.5,2.0,
2017-09-10,1.125,1.167,0.042,6.333,1.958,
2017-09-11,1.864,2.091,0.227,4.652,1.864,
2017-09-12,1.042,1.375,0.333,4.667,1.958,
2017-09-13,2.292,2.708,0.417,8.25,2.083,
2017-09-14,1.958,2.208,0.25,11.5,2.083,
2017-09-15,1.667,2.083,0.417,6.417,1.917,
2017-09-16,2.333,2.333,0.0,3.083,1.958,
2017-09-17,1.25,1.292,0.042,5.167,2.0,
2017-09-18,1.0,1.167,0.167,5.208,1.917,
2017-09-19,2.042,2.5,0.458,10.083,2.208,
2017-09-20,3.042,3.458,0.417,21.708,2.042,
2017-09-21,2.208,2.375,0.167,16.417,2.042,
2017-09-22,1.875,2.167,0.292,11.25,1.958,
2017-09-23,1.167,1.208,0.042,4.833,1.917,
2017-09-24,1.917,2.042,0.125,9.167,2.125,
2017-09-25,1.417,1.542,0.125,10.167,2.0,
2017-09-26,1.792,2.042,0.25,9.875,2.0,
2017-09-27,1.833,2.083,0.25,6.958,2.0,
2017-09-28,1.417,1.833,0.417,3.25,1.917,
2017-09-29,2.292,2.667,0.375,6.792,2.042,
2017-09-30,1.75,1.875,0.125,8.333,1.958,
2017-10-01,2.125,2.292,0.167,8.708,2.167,
2017-10-02,2.292,2.375,0.083,6.458,1.792,
2017-10-03,2.542,3.083,0.542,3.5,2.0,
2017-10-04,1.333,1.458,0.125,5.375,1.833,
2017-10-05,2.833,3.0,0.167,6.333,1.917,
2017-10-06,4.083,4.458,0.375,5.042,2.083,
2017-10-07,1.917,2.125,0.208,3.083,1.917,
2017-10-08,1.833,2.042,0.208,4.667,2.208,
2017-10-09,1.667,2.0,0.333,5.833,2.083,
2017-10-10,1.75,2.167,0.417,7.667,2.167,
2017-10-11,2.917,3.417,0.5,22.261,2.417,
2017-10-12,2.708,3.083,0.375,32.208,3.417,
2017-10-13,2.917,3.333,0.417,18.083,2.167,
2017-10-14,2.708,3.167,0.458,11.375,2.0,
2017-10-15,1.0,1.042,0.042,2.458,1.917,
2017-10-16,2.208,2.292,0.083,1.25,1.958,
2017-10-17,1.783,1.913,0.13,2.125,1.913,
2017-10-18,1.958,2.292,0.333,5.625,1.875,
2017-10-19,3.042,3.042,0.0,1.792,2.042,
2017-10-20,1.583,2.042,0.458,1.375,2.0,
2017-10-21,2.75,2.917,0.167,1.125,2.0,
2017-10-22,0.625,0.667,0.042,-0.125,1.917,
2017-10-23,1.0,1.0,0.0,2.792,1.958,
2017-10-24,1.625,2.125,0.5,7.083,1.917,
2017-10-25,1.833,2.167,0.333,2.958,1.917,
2017-10-26,2.0,2.292,0.292,7.792,2.042,
2017-10-27,3.375,3.75,0.375,11.458,2.25,
2017-10-28,3.833,3.917,0.083,7.25,2.0,
2017-10-29,1.5,1.542,0.042,1.125,1.833,
2017-10-30,1.708,1.75,0.042,12.792,1.833,
2017-10-31,2.25,2.667,0.417,13.042,1.833,
2017-11-01,2.292,2.833,0.542,9.333,1.833,
2017-11-02,2.25,2.583,0.333,9.417,2.292,
2017-11-03,3.042,3.583,0.542,16.125,2.333,
2017-11-04,2.083,2.333,0.25,13.875,2.0,
2017-11-05,1.917,2.042,0.125,17.0,1.917,
2017-11-06,2.333,2.625,0.292,13.875,1.958,
2017-11-07,2.167,2.542,0.375,8.174,1.958,
2017-11-08,1.667,2.042,0.375,5.833,2.0,
2017-11-09,2.208,2.333,0.125,12.458,1.958,
2017-11-10,2.875,3.458,0.583,7.292,1.917,
2017-11-11,2.208,2.625,0.417,9.792,1.875,
2017-11-12,1.667,2.0,0.333,5.333,1.875,
2017-11-13,1.917,2.292,0.375,5.583,1.917,
2017-11-14,1.682,2.182,0.5,4.333,1.955,
2017-11-15,3.375,3.875,0.5,10.75,2.167,
2017-11-16,3.083,3.583,0.5,6.417,2.0,
2017-11-17,2.458,3.042,0.583,4.542,1.917,
2017-11-18,2.042,2.458,0.417,2.833,1.833,
2017-11-19,1.833,2.208,0.375,1.958,1.833,
2017-11-20,2.333,2.833,0.5,2.958,1.875,
2017-11-21,2.458,3.0,0.542,4.792,1.917,
2017-11-22,1.708,2.333,0.625,5.083,1.917,
2017-11-23,2.625,3.0,0.375,4.833,1.958,
2017-11-24,3.792,4.458,0.667,5.5,2.0,
2017-11-25,3.958,5.208,1.25,7.292,2.0,
2017-11-26,1.0,1.375,0.375,5.792,1.958,
2017-11-27,2.042,2.542,0.5,7.958,1.917,
2017-11-28,2.75,3.375,0.625,8.292,1.875,
2017-11-29,2.25,2.708,0.458,9.125,1.958,
2017-11-30,3.0,3.417,0.417,10.458,1.958,
2017-12-01,2.458,2.917,0.458,5.0,2.0,
2017-12-02,2.208,2.75,0.542,2.042,2.0,
2017-12-03,2.458,2.958,0.5,3.25,2.042,
2017-12-04,1.583,2.042,0.458,4.333,1.833,
2017-12-05,3.25,3.917,0.667,6.583,2.0,
2017-12-06,3.565,4.435,0.87,4.043,1.957,
2017-12-07,2.292,2.875,0.583,5.583,1.75,
2017-12-08,2.417,2.958,0.542,4.583,1.875,
2017-12-09,2.917,3.583,0.667,5.042,1.958,
2017-12-10,1.792,2.458,0.667,6.542,1.958,
2017-12-11,2.458,3.042,0.583,7.833,2.042,
2017-12-12,2.5,3.167,0.667,3.625,1.958,
2017-12-13,3.25,4.125,0.875,2.917,1.875,
2017-12-14,2.583,3.208,0.625,3.875,1.917,
2017-12-15,2.667,3.292,0.625,5.083,1.917,
2017-12-16,3.333,3.792,0.458,7.5,2.0,
2017-12-17,2.042,2.458,0.417,6.417,2.042,
2017-12-18,2.417,3.083,0.667,5.875,1.958,
2017-12-19,4.167,5.167,1.0,9.292,2.0,
2017-12-20,3.125,3.75,0.625,5.333,2.0,
2017-12-21,3.208,3.708,0.5,5.958,1.958,
2017-12-22,2.917,3.458,0.542,8.083,2.042,
2017-12-23,3.292,3.75,0.458,10.5,2.167,
2017-12-24,1.583,1.917,0.333,9.667,1.958,
2017-12-25,3.042,3.417,0.375,7.5,2.0,
2017-12-26,2.583,3.125,0.542,6.75,2.0,
2017-12-27,2.625,3.125,0.5,4.333,2.0,
2017-12-28,2.75,3.292,0.542,1.826,1.917,
2017-12-29,3.333,3.833,0.5,6.833,1.958,
2017-12-30,1.792,2.042,0.25,6.375,1.958,
2017-12-31,1.292,1.833,0.542,4.125,1.917,
2018-01-01,1.458,1.833,0.375,2.292,2.0,
2018-01-02,2.208,2.667,0.458,3.625,1.958,
2018-01-03,1.917,2.083,0.167,3.208,2.042,
2018-01-04,2.083,2.375,0.292,2.5,2.083,
2018-01-05,2.583,2.792,0.208,6.042,2.208,
2018-01-06,1.25,1.292,0.042,6.208,1.958,
2018-01-07,2.875,3.292,0.417,3.0,2.0,
2018-01-08,5.083,5.958,0.875,8.0,2.333,
2018-01-09,2.667,3.5,0.833,4.435,2.083,
2018-01-10,3.458,4.083,0.625,3.708,3.583,
2018-01-11,4.042,4.625,0.583,6.833,2.042,
2018-01-12,2.292,2.75,0.458,5.042,2.0,
2018-01-13,1.0,1.042,0.042,2.208,1.958,
2018-01-14,1.583,1.917,0.333,0.792,2.0,
2018-01-15,1.792,2.25,0.458,1.292,1.958,
2018-01-16,3.958,4.333,0.375,11.875,2.167,
2018-01-17,4.364,5.045,0.682,6.522,2.136,
2018-01-18,3.458,3.875,0.417,5.583,2.083,
2018-01-19,2.417,2.667,0.25,3.833,2.0,
2018-01-20,1.667,1.75,0.083,6.417,2.625,
2018-01-21,4.167,4.833,0.667,7.0,2.083,
2018-01-22,4.5,5.0,0.5,7.458,2.042,
2018-01-23,4.917,5.542,0.625,8.708,2.375,
2018-01-24,3.5,3.875,0.375,9.875,2.125,
2018-01-25,2.583,3.0,0.417,7.417,2.167,
2018-01-26,2.375,2.667,0.292,5.5,2.25,
2018-01-27,1.292,1.333,0.042,4.125,1.958,
2018-01-28,2.083,2.292,0.208,6.333,2.792,
2018-01-29,2.5,2.792,0.292,6.333,2.083,
2018-01-30,2.958,3.542,0.583,6.458,2.417,
2018-01-31,2.875,3.417,0.542,9.042,2.208,
2018-02-01,2.417,2.75,0.333,2.583,2.0,
2018-02-02,2.792,3.25,0.458,5.625,2.208,
2018-02-03,1.583,1.792,0.208,9.75,2.917,
2018-02-04,2.5,2.667,0.167,4.792,2.0,
2018-02-05,2.583,2.833,0.25,14.375,2.042,
2018-02-06,2.0,2.261,0.261,2.958,2.0,
2018-02-07,2.458,2.917,0.458,8.667,2.5,
2018-02-08,2.667,2.917,0.25,5.333,2.083,
2018-02-09,2.292,2.708,0.417,3.167,2.042,
2018-02-10,1.417,1.542,0.125,4.042,2.0,
2018-02-11,1.625,2.0,0.375,5.625,1.958,
2018-02-12,2.958,3.583,0.625,5.083,1.958,
2018-02-13,3.292,3.708,0.417,12.087,2.125,
2018-02-14,2.75,3.042,0.292,8.833,1.958,
2018-02-15,2.333,2.792,0.458,5.583,2.0,
2018-02-16,2.708,3.167,0.458,7.667,2.167,
2018-02-17,2.042,2.25,0.208,9.375,2.042,
2018-02-18,2.583,2.833,0.25,7.167,2.125,
2018-02-19,1.958,2.375,0.417,4.125,2.0,
2018-02-20,3.208,3.75,0.542,6.417,2.0,
2018-02-21,2.333,2.375,0.042,12.375,2.0,
2018-02-22,2.792,3.083,0.292,16.083,2.125,
2018-02-23,1.667,1.667,0.0,10.917,2.0,
2018-02-24,2.417,2.5,0.083,10.125,2.167,
2018-02-25,2.375,2.542,0.167,9.75,2.25,
2018-02-26,3.208,3.375,0.167,16.042,2.417,
2018-02-27,2.696,2.913,0.217,8.042,2.217,
2018-02-28,3.0,3.417,0.417,5.417,2.083,
2018-03-01,3.042,3.333,0.292,8.792,2.125,
2018-03-02,2.75,2.833,0.083,16.25,2.5,
2018-03-03,2.0,2.167,0.167,9.917,2.0,
2018-03-04,2.083,2.208,0.125,1.0,2.042,
2018-03-05,2.25,2.333,0.083,11.958,2.125,
2018-03-06,2.958,3.167,0.208,10.583,2.208,
2018-03-07,2.042,2.208,0.167,5.083,2.0,
2018-03-08,1.958,2.208,0.25,5.833,2.0,
2018-03-09,2.25,2.583,0.333,5.25,2.167,
2018-03-10,1.458,1.5,0.042,3.25,2.125,
2018-03-11,2.0,2.208,0.208,2.375,2.0,
2018-03-12,2.667,2.917,0.25,9.542,2.083,
2018-03-13,2.333,2.458,0.125,10.3,2.125,
2018-03-14,2.941,3.059,0.118,6.625,1.944,
2018-03-15,2.667,3.083,0.417,8.643,1.667,
2018-03-16,1.875,2.042,0.167,5.333,1.292,
2018-03-17,1.75,1.917,0.167,5.5,1.417,
2018-03-18,1.917,2.292,0.375,3.167,1.417,
2018-03-19,2.417,2.875,0.458,4.208,1.458,
2018-03-20,2.333,2.5,0.167,7.958,1.708,
2018-03-21,3.25,3.667,0.417,5.125,1.333,
2018-03-22,2.958,3.208,0.25,15.208,1.417,
2018-03-23,2.125,2.208,0.083,10.208,1.417,
2018-03-24,1.958,2.042,0.083,5.25,1.458,
2018-03-25,2.625,2.958,0.333,8.083,1.875,
2018-03-26,2.458,2.625,0.167,6.917,1.542,
2018-03-27,2.375,2.417,0.042,14.125,1.667,
2018-03-28,3.0,3.042,0.042,14.75,2.833,
2018-03-29,3.042,3.167,0.125,8.458,1.583,
2018-03-30,2.25,2.375,0.125,10.792,1.625,
2018-03-31,2.125,2.167,0.042,9.708,1.75,
2018-04-01,1.458,1.458,0.0,8.292,1.208,
2018-04-02,4.5,5.083,0.583,16.875,2.542,
2018-04-03,4.917,5.583,0.667,24.083,3.75,
2018-04-04,1.625,1.625,0.0,24.542,1.917,
2018-04-05,4.182,4.455,0.273,9.913,2.136,
2018-04-06,1.5,1.542,0.042,8.292,1.583,
2018-04-07,2.292,2.375,0.083,15.792,1.458,
2018-04-08,2.0,2.125,0.125,8.292,1.458,
2018-04-09,2.167,2.25,0.083,11.958,1.917,
2018-04-10,2.958,3.125,0.167,17.542,1.917,
2018-04-11,1.542,1.583,0.042,10.0,1.5,
2018-04-12,3.667,3.833,0.167,10.5,2.292,
2018-04-13,3.0,3.125,0.125,8.583,2.042,
2018-04-14,2.25,2.375,0.125,8.458,1.542,
2018-04-15,1.25,1.292,0.042,4.292,1.167,
2018-04-16,2.292,2.333,0.042,12.042,1.458,
2018-04-17,3.417,3.542,0.125,12.25,1.583,
2018-04-18,2.542,2.708,0.167,3.522,1.625,
2018-04-19,2.708,2.958,0.25,10.833,1.833,
2018-04-20,4.875,5.292,0.417,17.792,2.667,
2018-04-21,2.792,2.958,0.167,19.292,2.375,
2018-04-22,1.125,1.125,0.0,16.25,1.792,
2018-04-23,2.375,2.5,0.125,12.083,1.542,
2018-04-24,3.375,3.542,0.167,9.25,1.542,
2018-04-25,2.25,2.458,0.208,4.0,1.667,
2018-04-26,3.333,3.667,0.333,6.125,1.833,
2018-04-27,3.5,3.667,0.167,7.583,2.375,
2018-04-28,4.5,4.708,0.208,16.042,2.458,
2018-04-29,2.458,2.583,0.125,17.458,2.292,
2018-04-30,2.375,2.5,0.125,18.0,2.083,
2018-05-01,2.792,2.833,0.042,17.542,1.917,
2018-05-02,2.708,2.917,0.208,11.375,1.583,
2018-05-03,1.625,1.625,0.0,10.708,1.292,
2018-05-04,1.75,1.75,0.0,9.75,1.542,
2018-05-05,1.25,1.25,0.0,9.833,1.625,
2018-05-06,1.083,1.083,0.0,10.667,1.833,
2018-05-07,1.917,2.083,0.167,4.167,1.292,
2018-05-08,4.708,4.75,0.042,2.25,1.792,
2018-05-09,2.042,2.083,0.042,3.625,1.458,
2018-05-10,2.375,2.5,0.125,6.958,1.583,
2018-05-11,2.292,2.417,0.125,7.5,1.75,
2018-05-12,1.875,2.042,0.167,8.167,2.0,
2018-05-13,2.042,2.083,0.042,2.75,1.208,
2018-05-14,2.857,2.952,0.095,8.348,1.5,
2018-05-15,3.292,3.292,0.0,13.833,2.125,
2018-05-16,3.333,3.375,0.042,16.167,2.042,
2018-05-17,1.417,1.417,0.0,29.75,2.167,
2018-05-18,0.75,0.75,0.0,34.125,2.125,
2018-05-19,1.125,1.125,0.0,6.833,1.583,
2018-05-20,1.625,1.625,0.0,5.292,1.833,
2018-05-21,1.958,1.958,0.0,6.333,1.917,
2018-05-22,1.708,1.708,0.0,5.458,2.0,
2018-05-23,1.478,1.478,0.0,4.042,1.417,
2018-05-24,4.292,5.292,1.0,7.5,3.083,
2018-05-25,1.875,2.042,0.167,10.75,1.75,
2018-05-26,2.292,2.5,0.208,12.792,1.625,
2018-05-27,2.208,2.458,0.25,12.792,1.958,
2018-05-28,1.708,1.75,0.042,8.333,1.792,
2018-05-29,2.542,2.917,0.375,7.458,2.0,
2018-05-30,2.083,2.083,0.0,5.917,1.5,
2018-05-31,1.583,1.792,0.208,6.917,1.208,
2018-06-01,1.542,1.625,0.083,10.542,1.583,
2018-06-02,1.083,1.167,0.083,8.542,1.667,
2018-06-03,0.958,1.083,0.125,8.292,2.083,
2018-06-04,1.167,1.292,0.125,8.167,1.792,
2018-06-05,0.917,1.0,0.083,6.167,1.417,
2018-06-06,2.045,2.091,0.045,1.913,1.5,
2018-06-07,2.667,2.667,0.0,4.583,1.458,
2018-06-08,3.792,4.292,0.5,6.708,1.542,
2018-06-09,2.208,2.417,0.208,7.708,1.708,
2018-06-10,1.583,1.625,0.042,8.333,1.292,
2018-06-11,1.667,1.792,0.125,2.333,1.5,
2018-06-12,3.333,4.208,0.875,5.75,2.208,
2018-06-13,2.708,3.042,0.333,4.333,1.542,
2018-06-14,2.083,2.167,0.083,6.625,1.625,
2018-06-15,1.958,2.0,0.042,5.292,1.5,
2018-06-16,1.458,1.625,0.167,6.417,1.583,
2018-06-17,1.708,1.875,0.167,6.458,1.792,
2018-06-18,1.667,1.75,0.083,1.708,1.375,
2018-06-19,2.208,2.375,0.167,2.958,1.417,
2018-06-20,1.667,1.875,0.208,2.667,1.375,
2018-06-21,2.25,2.875,0.625,7.125,1.25,
2018-06-22,2.625,3.125,0.5,12.583,1.833,
2018-06-23,2.5,2.542,0.042,6.958,1.417,
2018-06-24,2.792,3.125,0.333,7.0,1.667,
2018-06-25,2.0,2.292,0.292,16.958,1.958,
2018-06-26,1.208,1.542,0.333,9.208,1.5,
2018-06-27,0.792,1.25,0.458,5.042,1.542,
2018-06-28,0.792,1.167,0.375,7.208,1.583,
2018-06-29,1.792,2.583,0.792,4.542,1.417,
2018-06-30,3.458,5.167,1.708,5.25,1.833,
2018-07-01,3.208,4.583,1.375,10.083,1.958,
2018-07-02,2.583,3.625,1.042,8.083,1.75,
2018-07-03,2.25,3.25,1.0,6.625,1.792,
2018-07-04,0.958,1.25,0.292,5.458,1.333,
2018-07-05,0.583,0.792,0.208,4.522,1.333,
2018-07-06,1.125,1.958,0.833,4.333,1.417,
2018-07-07,1.875,2.625,0.75,4.333,1.5,
2018-07-08,3.042,4.333,1.292,5.583,1.708,
2018-07-09,2.0,3.375,1.375,5.5,1.792,
2018-07-10,1.75,2.708,0.958,7.625,1.667,
2018-07-11,1.875,2.75,0.875,11.25,1.625,
2018-07-12,1.773,2.545,0.773,14.75,1.182,
2018-07-13,3.542,4.458,0.917,18.167,1.708,
2018-07-14,2.583,3.375,0.792,20.083,1.375,
2018-07-15,1.875,2.667,0.792,24.708,1.5,
2018-07-16,1.542,2.125,0.583,26.333,1.083,
2018-07-17,1.833,2.625,0.792,26.958,1.0,
2018-07-18,2.458,3.167,0.708,30.708,1.25,
2018-07-19,2.042,2.792,0.75,24.5,1.208,
2018-07-20,1.583,2.792,1.208,7.75,1.208,
2018-07-21,1.458,2.708,1.25,4.375,1.375,
2018-07-22,1.0,1.625,0.625,4.917,1.0,
2018-07-23,2.542,3.375,0.833,12.792,1.125,
2018-07-24,3.042,4.125,1.083,15.375,1.458,
2018-07-25,1.75,2.625,0.875,16.0,1.042,
2018-07-26,1.917,2.833,0.917,12.083,1.083,
2018-07-27,2.167,3.0,0.833,9.583,1.292,
2018-07-28,1.875,2.875,1.0,9.667,1.0,
2018-07-29,1.417,2.208,0.792,7.833,1.0,
2018-07-30,1.958,3.083,1.125,6.125,1.083,
2018-07-31,1.917,3.208,1.292,4.875,1.292,
2018-08-01,1.458,2.625,1.167,9.957,1.042,
2018-08-02,1.167,1.917,0.75,11.667,1.0,
2018-08-03,2.292,3.208,0.917,17.292,1.167,
2018-08-04,2.25,3.125,0.875,19.208,1.417,
2018-08-05,2.625,3.667,1.042,22.5,1.542,
2018-08-06,2.208,3.083,0.875,21.458,1.458,
2018-08-07,2.75,3.833,1.083,16.208,1.208,
2018-08-08,1.857,2.714,0.857,12.167,1.545,
2018-08-09,1.792,2.042,0.25,11.208,2.0,
2018-08-10,1.458,1.625,0.167,13.208,2.0,
2018-08-11,1.083,1.583,0.5,14.417,1.958,
2018-08-12,0.792,1.208,0.417,5.333,1.792,
2018-08-13,0.792,1.375,0.583,4.25,1.917,
2018-08-14,0.958,1.583,0.625,3.042,1.958,
2018-08-15,1.208,1.708,0.5,3.0,1.792,
2018-08-16,0.773,1.591,0.818,2.417,1.542,
2018-08-17,1.0,2.042,1.042,3.625,1.792,
2018-08-18,1.542,2.417,0.875,6.417,1.875,
2018-08-19,1.625,2.625,1.0,5.875,2.208,
2018-08-20,2.958,4.208,1.25,5.083,1.917,
2018-08-21,1.292,3.0,1.708,10.792,1.708,
2018-08-22,2.5,4.917,2.417,8.792,2.0,
2018-08-23,1.375,3.125,1.75,15.0,1.833,
2018-08-24,0.583,1.583,1.0,7.542,1.542,
2018-08-25,1.0,2.167,1.167,5.583,1.833,
2018-08-26,1.958,3.667,1.708,5.583,2.25,
2018-08-27,1.5,2.5,1.0,9.667,1.917,
2018-08-28,1.417,2.542,1.125,13.917,2.042,
2018-08-29,1.5,2.667,1.167,14.913,1.917,
2018-08-30,1.25,2.542,1.292,4.792,1.792,
2018-08-31,0.917,2.0,1.083,13.125,2.167,
2018-09-01,2.25,3.875,1.625,8.208,2.042,
2018-09-02,1.625,2.458,0.833,5.583,1.75,
2018-09-03,1.417,2.542,1.125,6.042,1.708,
2018-09-04,0.652,2.0,1.348,10.217,1.783,
2018-09-05,1.643,3.357,1.714,14.292,2.667,
2018-09-06,1.455,2.273,0.818,18.652,2.478,
2018-09-07,0.583,1.833,1.25,4.417,1.667,
2018-09-08,0.833,2.208,1.375,3.917,1.708,
2018-09-09,1.083,2.333,1.25,4.958,1.667,
2018-09-10,1.417,3.0,1.583,2.625,1.458,
2018-09-11,1.708,3.083,1.375,3.667,1.875,
2018-09-12,2.273,3.409,1.136,6.292,1.773,
2018-09-13,2.875,4.0,1.125,7.125,1.875,
2018-09-14,2.125,3.083,0.958,4.792,1.625,
2018-09-15,1.208,2.208,1.0,4.708,1.75,
2018-09-16,1.625,2.917,1.292,10.458,2.0,
2018-09-17,1.5,2.458,0.958,11.25,2.042,
2018-09-18,1.792,2.833,1.042,9.708,1.917,
2018-09-19,1.917,3.0,1.083,12.583,2.0,
2018-09-20,1.708,2.792,1.083,6.708,1.625,
2018-09-21,2.375,3.375,1.0,2.708,1.792,
2018-09-22,2.19,3.238,1.048,5.0,1.913,
2018-09-23,1.083,2.0,0.917,7.667,1.917,
2018-09-24,1.375,2.292,0.917,11.292,1.833,
2018-09-25,1.5,2.542,1.042,11.25,1.75,
2018-09-26,1.25,2.25,1.0,3.522,1.708,
2018-09-27,1.25,2.167,0.917,2.458,1.875,
2018-09-28,1.75,2.625,0.875,4.292,1.792,
2018-09-29,1.333,2.25,0.917,2.167,1.625,
2018-09-30,0.792,1.458,0.667,3.458,1.792,
2018-10-01,1.792,2.625,0.833,8.0,1.75,
2018-10-02,2.583,3.458,0.875,9.708,1.958,
2018-10-03,2.458,3.292,0.833,11.708,1.958,
2018-10-04,2.5,3.333,0.833,9.667,1.75,
2018-10-05,3.917,5.25,1.333,8.125,1.833,
2018-10-06,1.75,3.0,1.25,5.625,1.958,
2018-10-07,1.583,2.708,1.125,8.292,1.917,
2018-10-08,1.625,2.708,1.083,6.5,1.875,
2018-10-09,1.708,2.667,0.958,7.333,1.875,
2018-10-10,1.708,2.625,0.917,8.75,1.875,
2018-10-11,1.708,3.042,1.333,5.958,1.667,
2018-10-12,2.0,2.875,0.875,3.125,1.75,
2018-10-13,2.458,3.583,1.125,4.458,1.875,
2018-10-14,1.5,2.458,0.958,4.458,1.708,
2018-10-15,1.75,2.792,1.042,4.875,1.792,
2018-10-16,1.583,2.708,1.125,6.958,1.625,
2018-10-17,1.619,2.143,0.524,7.0,1.773,
2018-10-18,2.417,2.458,0.042,8.625,1.958,
2018-10-19,2.542,2.542,0.0,10.667,1.833,
2018-10-20,1.375,1.375,0.0,6.042,1.792,
2018-10-21,0.875,0.917,0.042,2.5,1.625,
2018-10-22,2.333,2.333,0.0,5.75,1.833,
2018-10-23,2.833,3.042,0.208,4.583,1.625,
2018-10-24,1.958,1.958,0.0,6.0,1.667,
2018-10-25,1.75,1.875,0.125,9.458,1.458,
2018-10-26,3.042,3.167,0.125,11.125,1.792,
2018-10-27,1.583,1.625,0.042,6.667,1.75,
2018-10-28,1.5,1.5,0.0,7.042,1.792,
2018-10-29,2.083,2.125,0.042,10.25,1.917,
2018-10-30,3.542,3.917,0.375,10.75,1.75,
2018-10-31,2.0,2.083,0.083,6.167,1.792,
2018-11-01,2.458,2.75,0.292,2.958,1.875,
2018-11-02,1.792,1.792,0.0,3.083,1.792,
2018-11-03,2.125,2.125,0.0,6.833,2.0,
2018-11-04,1.75,1.75,0.0,5.417,1.833,
2018-11-05,2.667,2.708,0.042,4.292,1.792,
2018-11-06,2.417,2.75,0.333,2.5,1.917,
2018-11-07,1.958,2.0,0.042,4.87,1.875,
2018-11-08,3.458,3.5,0.042,8.625,2.167,
2018-11-09,4.542,4.667,0.125,4.917,1.875,
2018-11-10,2.125,2.167,0.042,10.25,1.792,
2018-11-11,1.875,1.875,0.0,11.583,1.958,
2018-11-12,2.125,2.125,0.0,9.583,1.75,
2018-11-13,1.917,1.958,0.042,7.958,1.792,
2018-11-14,1.636,1.727,0.091,2.833,1.591,
2018-11-15,1.667,1.958,0.292,2.25,1.625,
2018-11-16,2.625,2.917,0.292,4.167,1.833,
2018-11-17,2.167,2.5,0.333,5.375,1.875,
2018-11-18,1.667,1.75,0.083,6.292,1.625,
2018-11-19,1.875,2.0,0.125,6.333,1.667,
2018-11-20,2.5,2.708,0.208,3.75,1.708,
2018-11-21,1.875,2.125,0.25,4.783,1.542,
2018-11-22,2.125,2.5,0.375,5.167,1.708,
2018-11-23,2.125,2.333,0.208,2.625,1.625,
2018-11-24,1.667,1.875,0.208,2.708,1.458,
2018-11-25,1.375,1.625,0.25,4.458,1.833,
2018-11-26,1.958,2.208,0.25,10.583,1.833,
2018-11-27,2.583,2.667,0.083,11.625,1.958,
2018-11-28,1.542,1.667,0.125,8.375,1.875,
2018-11-29,2.5,2.792,0.292,11.417,1.458,
2018-11-30,2.167,2.5,0.333,15.083,1.625,
2018-12-01,2.917,3.125,0.208,16.458,2.125,
2018-12-02,1.75,1.875,0.125,15.0,1.875,
2018-12-03,2.75,3.458,0.708,12.083,1.833,
2018-12-04,3.417,3.958,0.542,6.417,1.75,
2018-12-05,2.542,2.625,0.083,5.739,1.708,
2018-12-06,2.375,2.667,0.292,5.375,1.875,
2018-12-07,2.167,2.25,0.083,6.458,1.708,
2018-12-08,1.875,2.0,0.125,3.875,1.75,
2018-12-09,1.458,1.542,0.083,3.5,1.5,
2018-12-10,1.833,2.292,0.458,0.458,1.292,
2018-12-11,3.375,4.0,0.625,1.583,1.667,
2018-12-12,2.583,3.042,0.458,0.583,1.5,
2018-12-13,2.458,2.833,0.375,1.708,1.417,
2018-12-14,3.318,3.818,0.5,3.375,1.909,
2018-12-15,1.833,2.083,0.25,4.792,2.0,
2018-12-16,1.167,1.333,0.167,2.583,1.958,
2018-12-17,2.667,3.208,0.542,3.458,1.958,
2018-12-18,4.667,5.292,0.625,10.167,2.25,
2018-12-19,4.875,5.708,0.833,7.739,2.125,
2018-12-20,6.042,7.417,1.375,10.833,2.25,
2018-12-21,3.667,4.125,0.458,10.667,2.208,
2018-12-22,2.125,2.208,0.083,4.208,1.958,
2018-12-23,1.875,2.042,0.167,5.583,2.042,
2018-12-24,2.333,2.708,0.375,3.708,2.0,
2018-12-25,1.917,2.375,0.458,3.875,2.083,
2018-12-26,2.167,2.625,0.458,4.458,2.0,
2018-12-27,2.667,3.042,0.375,4.958,2.042,
2018-12-28,2.708,3.083,0.375,1.833,1.958,
2018-12-29,2.625,3.208,0.583,1.25,2.0,
2018-12-30,1.708,1.875,0.167,1.292,2.0,
2018-12-31,0.958,1.042,0.083,0.625,2.0,
