date,PM25_mean,RAIN_sum,SO2_mean,SPM_mean
2011-01-01,,,1.375,17.458
2011-01-02,,,1.208,12.75
2011-01-03,,,1.174,10.042
2011-01-04,,,1.583,12.542
2011-01-05,,,1.292,10.292
2011-01-06,,,1.304,11.875
2011-01-07,,,1.125,12.75
2011-01-08,,,1.167,11.333
2011-01-09,,,1.167,17.708
2011-01-10,,,1.217,20.083
2011-01-11,,,1.25,19.375
2011-01-12,,,1.0,11.583
2011-01-13,,,1.458,11.417
2011-01-14,,,1.333,16.875
2011-01-15,,,1.167,16.542
2011-01-16,,,1.333,19.917
2011-01-17,,,1.13,18.667
2011-01-18,,,1.292,21.958
2011-01-19,,,1.583,23.167
2011-01-20,,,1.0,26.542
2011-01-21,,,1.0,18.292
2011-01-22,,,1.0,13.542
2011-01-23,,,1.0,11.667
2011-01-24,,,1.0,15.0
2011-01-25,,,1.208,18.583
2011-01-26,,,1.125,12.042
2011-01-27,,,1.458,15.792
2011-01-28,,,1.25,12.792
2011-01-29,,,1.125,10.208
2011-01-30,,,1.5,11.583
2011-01-31,,,1.13,13.417
2011-02-01,,,1.583,13.542
2011-02-02,,,1.333,10.875
2011-02-03,,,1.391,13.125
2011-02-04,,,1.5,15.417
2011-02-05,,,1.75,23.0
2011-02-06,,,1.5,40.667
2011-02-07,,,1.087,24.625
2011-02-08,,,1.417,12.375
2011-02-09,,,1.208,10.958
2011-02-10,,,1.375,13.0
2011-02-11,,,1.125,14.042
2011-02-12,,,1.167,13.042
2011-02-13,,,1.708,17.5
2011-02-14,,,1.348,33.375
2011-02-15,,,1.458,20.75
2011-02-16,,,0.85,13.667
2011-02-17,,,0.952,21.2
2011-02-18,,,0.833,13.0
2011-02-19,,,1.125,13.125
2011-02-20,,,1.667,16.583
2011-02-21,,,1.583,18.375
2011-02-22,,,2.292,25.458
2011-02-23,,,1.542,29.792
2011-02-24,,,2.783,26.292
2011-02-25,,,1.125,22.083
2011-02-26,,,0.792,11.75
2011-02-27,,,1.208,16.292
2011-02-28,,,1.375,17.292
2011-03-01,,,1.136,21.792
2011-03-02,,,1.304,32.75
2011-03-03,,,0.875,21.875
2011-03-04,,,0.958,25.042
2011-03-05,,,0.75,24.833
2011-03-06,,,0.958,22.625
2011-03-07,,,1.25,22.583
2011-03-08,,,1.583,29.0
2011-03-09,,,0.565,27.625
2011-03-10,,,0.042,7.167
2011-03-11,,,0.917,14.792
2011-03-12,,,0.958,12.083
2011-03-13,,,0.917,11.208
2011-03-14,,,1.042,17.208
2011-03-15,,,1.333,18.625
2011-03-16,,,1.409,24.333
2011-03-17,,,1.292,37.417
2011-03-18,,,0.833,28.875
2011-03-19,,,0.083,13.167
2011-03-20,,,0.667,13.208
2011-03-21,,,0.458,13.625
2011-03-22,,,1.708,17.708
2011-03-23,,,1.174,30.375
2011-03-24,,,0.333,20.042
2011-03-25,,,1.167,14.333
2011-03-26,,,1.083,16.167
2011-03-27,,,1.625,20.25
2011-03-28,,,1.5,24.292
2011-03-29,,,1.167,20.042
2011-03-30,,,1.714,27.625
2011-03-31,,,0.917,20.792
2011-04-01,,,1.174,23.043
2011-04-02,,,1.375,27.708
2011-04-03,,,1.0,15.375
2011-04-04,,,0.958,17.125
2011-04-05,,,1.043,13.917
2011-04-06,,,1.292,19.333
2011-04-07,,,1.625,31.5
2011-04-08,,,1.375,22.167
2011-04-09,,,1.0,18.667
2011-04-10,,,1.125,22.708
2011-04-11,,,1.375,30.292
2011-04-12,,,1.0,25.5
2011-04-13,,,1.375,26.292
2011-04-14,,,1.818,31.682
2011-04-15,,,1.917,29.75
2011-04-16,,,1.125,44.375
2011-04-17,,,1.042,17.0
2011-04-18,,,1.25,26.542
2011-04-19,,,0.0,20.792
2011-04-20,,,0.0,14.417
2011-04-21,,,0.417,21.958
2011-04-22,,,0.458,49.417
2011-04-23,,,0.167,33.542
2011-04-24,,,0.0,13.292
2011-04-25,,,0.292,16.083
2011-04-26,,,0.826,21.542
2011-04-27,,,1.292,34.708
2011-04-28,,,0.435,17.25
2011-04-29,,,0.792,14.208
2011-04-30,,,1.125,21.708
2011-05-01,,,1.167,30.083
2011-05-02,,,0.5,114.75
2011-05-03,,,0.87,72.708
2011-05-04,,,0.792,36.0
2011-05-05,,,1.0,24.25
2011-05-06,,,0.833,31.625
2011-05-07,,,0.708,41.458
2011-05-08,,,1.417,26.917
2011-05-09,,,1.333,25.708
2011-05-10,,,0.913,22.083
2011-05-11,,,0.042,20.417
2011-05-12,,,0.0,26.958
2011-05-13,,,0.348,48.125
2011-05-14,,,0.667,34.417
2011-05-15,,,1.125,18.042
2011-05-16,,,1.375,27.0
2011-05-17,,,1.043,32.208
2011-05-18,,,0.917,31.375
2011-05-19,,,1.167,37.0
2011-05-20,,,1.625,40.0
2011-05-21,,,1.542,45.542
2011-05-22,,,0.5,29.625
2011-05-23,,,0.042,16.167
2011-05-24,,,0.522,14.167
2011-05-25,,,1.125,21.417
2011-05-26,,,0.958,34.708
2011-05-27,,,0.609,32.875
2011-05-28,,,0.125,22.083
2011-05-29,,,0.0,10.292
2011-05-30,,,0.292,6.167
2011-05-31,,,0.87,14.792
2011-06-01,,,0.833,42.792
2011-06-02,,,0.75,41.375
2011-06-03,,,1.0,20.75
2011-06-04,,,1.375,30.792
2011-06-05,,,1.333,44.0
2011-06-06,,,0.875,25.875
2011-06-07,,,2.217,31.625
2011-06-08,,,1.375,21.083
2011-06-09,,,1.0,31.75
2011-06-10,,,0.739,50.375
2011-06-11,,,0.667,39.125
2011-06-12,,,0.708,21.25
2011-06-13,,,0.583,25.75
2011-06-14,,,0.696,19.292
2011-06-15,,,0.875,16.0
2011-06-16,,,1.292,28.5
2011-06-17,,,0.0,14.727
2011-06-18,,,0.167,40.083
2011-06-19,,,0.625,31.708
2011-06-20,,,0.625,38.667
2011-06-21,,,0.696,34.792
2011-06-22,,,0.917,22.875
2011-06-23,,,0.708,16.375
2011-06-24,,,0.955,17.625
2011-06-25,,,1.0,22.5
2011-06-26,,,0.0,30.0
2011-06-27,,,0.333,37.417
2011-06-28,,,1.043,40.333
2011-06-29,,,0.833,31.375
2011-06-30,,,0.667,35.833
2011-07-01,,,0.708,26.208
2011-07-02,,,1.083,43.542
2011-07-03,,,0.917,36.083
2011-07-04,,,1.417,46.417
2011-07-05,,,0.696,15.083
2011-07-06,,,1.208,19.5
2011-07-07,,,1.167,47.792
2011-07-08,,,1.043,37.958
2011-07-09,,,0.792,32.042
2011-07-10,,,0.542,19.208
2011-07-11,,,0.833,20.667
2011-07-12,,,1.0,25.917
2011-07-13,,,1.083,33.375
2011-07-14,,,1.0,30.625
2011-07-15,,,1.083,33.917
2011-07-16,,,2.167,34.708
2011-07-17,,,1.792,38.25
2011-07-18,,,1.0,33.958
2011-07-19,,,0.609,22.042
2011-07-20,,,0.0,22.125
2011-07-21,,,0.083,11.375
2011-07-22,,,0.609,15.625
2011-07-23,,,0.875,11.667
2011-07-24,,,0.5,19.5
2011-07-25,,,0.833,32.333
2011-07-26,,,0.696,25.292
2011-07-27,,,0.625,26.542
2011-07-28,,,0.208,28.875
2011-07-29,,,0.208,25.792
2011-07-30,,,0.333,12.833
2011-07-31,,,0.0,14.333
2011-08-01,,,0.167,27.792
2011-08-02,,,0.696,51.25
2011-08-03,,,0.833,54.792
2011-08-04,,,0.917,22.708
2011-08-05,,,0.913,23.333
2011-08-06,,,1.0,25.0
2011-08-07,,,1.333,20.708
2011-08-08,,,0.667,21.625
2011-08-09,,,0.913,35.5
2011-08-10,,,1.0,36.875
2011-08-11,,,0.833,25.625
2011-08-12,,,1.0,27.542
2011-08-13,,,1.083,43.917
2011-08-14,,,0.708,33.5
2011-08-15,,,1.125,28.667
2011-08-16,,,0.478,28.583
2011-08-17,,,0.75,35.792
2011-08-18,,,1.0,37.75
2011-08-19,,,0.455,19.409
2011-08-20,,,0.292,9.583
2011-08-21,,,0.0,12.75
2011-08-22,,,0.167,15.292
2011-08-23,,,0.739,31.583
2011-08-24,,,1.042,36.167
2011-08-25,,,0.625,16.667
2011-08-26,,,0.917,19.208
2011-08-27,,,1.0,22.208
2011-08-28,,,1.0,15.792
2011-08-29,,,0.958,18.042
2011-08-30,,,0.913,18.625
2011-08-31,,,0.708,23.042
2011-09-01,,,0.0,12.917
2011-09-02,,,0.13,20.292
2011-09-03,,,0.333,27.667
2011-09-04,,,0.25,21.0
2011-09-05,,,0.417,17.292
2011-09-06,,,0.261,8.417
2011-09-07,,,0.708,13.917
2011-09-08,,,1.042,26.458
2011-09-09,,,0.917,40.292
2011-09-10,,,1.0,40.125
2011-09-11,,,1.333,31.542
2011-09-12,,,1.0,22.083
2011-09-13,,,0.826,22.833
2011-09-14,,,0.708,32.042
2011-09-15,,,2.542,31.125
2011-09-16,,,0.87,22.875
2011-09-17,,,0.25,20.542
2011-09-18,,,0.625,20.833
2011-09-19,,,0.458,24.25
2011-09-20,,,0.0,8.042
2011-09-21,,,0.0,8.0
2011-09-22,,,0.292,7.542
2011-09-23,,,0.0,7.833
2011-09-24,,,0.375,11.458
2011-09-25,,,1.125,15.125
2011-09-26,,,0.542,22.833
2011-09-27,,,1.043,17.25
2011-09-28,,,1.208,23.167
2011-09-29,,,1.208,25.0
2011-09-30,,,1.043,25.542
2011-10-01,,,0.958,7.0
2011-10-02,,,1.0,12.542
2011-10-03,,,0.792,9.542
2011-10-04,,,1.13,15.5
2011-10-05,,,1.167,31.042
2011-10-06,,,0.917,9.208
2011-10-07,,,1.042,17.042
2011-10-08,,,1.0,23.333
2011-10-09,,,1.292,34.75
2011-10-10,,,1.083,31.667
2011-10-11,,,1.609,39.708
2011-10-12,,,1.0,33.167
2011-10-13,,,1.167,40.0
2011-10-14,,,1.136,55.0
2011-10-15,,,0.833,45.25
2011-10-16,,,0.5,20.458
2011-10-17,,,0.667,21.792
2011-10-18,,,1.0,13.875
2011-10-19,,,1.0,23.25
2011-10-20,,,1.083,19.083
2011-10-21,,,0.958,17.909
2011-10-22,,,0.667,14.833
2011-10-23,,,1.0,21.375
2011-10-24,,,1.0,19.792
2011-10-25,,,0.652,22.25
2011-10-26,,,0.542,11.583
2011-10-27,,,0.5,21.75
2011-10-28,,,0.435,28.083
2011-10-29,,,0.708,31.792
2011-10-30,,,0.708,35.667
2011-10-31,,,0.625,10.542
2011-11-01,,,0.826,17.167
2011-11-02,,,1.208,25.708
2011-11-03,,,1.042,36.375
2011-11-04,,,0.833,27.625
2011-11-05,,,0.667,44.0
2011-11-06,,,0.375,33.208
2011-11-07,,,0.667,11.25
2011-11-08,,,0.696,12.042
2011-11-09,,,0.583,13.417
2011-11-10,,,0.708,20.75
2011-11-11,,,0.174,27.667
2011-11-12,,,0.667,14.792
2011-11-13,,,0.667,18.125
2011-11-14,,,0.833,25.375
2011-11-15,,,0.957,15.833
2011-11-16,,,0.75,12.958
2011-11-17,,,1.042,13.292
2011-11-18,,,1.333,23.458
2011-11-19,,,1.0,29.667
2011-11-20,,,0.75,9.333
2011-11-21,,,0.625,11.458
2011-11-22,,,0.739,13.458
2011-11-23,,,1.167,24.833
2011-11-24,,,0.875,22.292
2011-11-25,,,1.304,11.333
2011-11-26,,,1.0,16.542
2011-11-27,,,1.0,25.625
2011-11-28,,,1.708,38.25
2011-11-29,,,1.565,32.042
2011-11-30,,,1.542,33.333
2011-12-01,,,0.917,14.792
2011-12-02,,,1.0,17.667
2011-12-03,,,0.792,14.167
2011-12-04,,,0.958,9.667
2011-12-05,,,1.0,10.833
2011-12-06,,,1.0,23.5
2011-12-07,,,1.083,27.792
2011-12-08,,,1.0,39.375
2011-12-09,,,1.0,14.75
2011-12-10,,,1.083,14.125
2011-12-11,,,1.042,14.583
2011-12-12,,,1.208,18.042
2011-12-13,,,1.087,14.958
2011-12-14,,,1.333,24.75
2011-12-15,,,1.458,19.125
2011-12-16,,,1.208,13.75
2011-12-17,,,1.125,11.542
2011-12-18,,,1.167,11.208
2011-12-19,,,1.208,18.083
2011-12-20,,,1.087,13.083
2011-12-21,,,1.25,15.75
2011-12-22,,,1.174,37.783
2011-12-23,,,1.042,11.083
2011-12-24,,,1.042,13.333
2011-12-25,,,1.125,11.625
2011-12-26,,,1.083,7.917
2011-12-27,,,1.043,12.75
2011-12-28,,,1.167,9.833
2011-12-29,,,1.542,20.667
2011-12-30,,,1.292,13.042
2011-12-31,,,1.167,14.667
2012-01-01,,,1.042,
2012-01-02,,,1.75,
2012-01-03,,,1.125,
2012-01-04,,,1.227,
2012-01-05,,,1.833,
2012-01-06,,,1.208,
2012-01-07,,,1.417,
2012-01-08,,,2.0,
2012-01-09,,,2.042,
2012-01-10,,,1.167,
2012-01-11,,,1.217,
2012-01-12,,,1.917,
2012-01-13,,,2.042,
2012-01-14,,,1.208,
2012-01-15,,,1.625,
2012-01-16,,,1.542,
2012-01-17,,,1.5,
2012-01-18,,,1.136,
2012-01-19,,,1.083,
2012-01-20,,,1.167,
2012-01-21,,,1.208,
2012-01-22,,,1.125,
2012-01-23,,,1.0,
2012-01-24,,,1.042,
2012-01-25,,,1.174,
2012-01-26,,,1.167,
2012-01-27,,,1.833,
2012-01-28,,,1.292,
2012-01-29,,,1.458,
2012-01-30,,,1.917,
2012-01-31,,,1.75,
2012-02-01,,,2.273,
2012-02-02,,,1.917,
2012-02-03,,,1.0,
2012-02-04,,,1.875,
2012-02-05,,,1.625,
2012-02-06,,,1.333,
2012-02-07,,,1.0,
2012-02-08,,,1.043,
2012-02-09,,,1.583,
2012-02-10,,,1.083,
2012-02-11,,,2.208,
2012-02-12,,,1.917,
2012-02-13,,,1.417,
2012-02-14,,,1.458,
2012-02-15,,,1.444,
2012-02-16,,,1.0,
2012-02-17,,,0.875,
2012-02-18,,,1.375,
2012-02-19,,,0.75,
2012-02-20,,,1.0,
2012-02-21,,,1.083,
2012-02-22,,,1.391,
2012-02-23,,,1.125,
2012-02-24,,,1.0,
2012-02-25,,,1.042,
2012-02-26,,,1.375,
2012-02-27,,,1.958,
2012-02-28,,,1.417,
2012-03-01,,,1.238,
2012-03-02,,,1.375,
2012-03-03,,,1.083,
2012-03-04,,,1.083,
2012-03-05,,,1.25,
2012-03-06,,,1.792,
2012-03-07,,,2.875,
2012-03-08,,,2.609,
2012-03-09,,,1.667,
2012-03-10,,,1.208,
2012-03-11,,,1.0,
2012-03-12,,,1.083,
2012-03-13,,,1.75,
2012-03-14,,,1.0,
2012-03-15,,,1.045,
2012-03-16,,,1.292,
2012-03-17,,,1.958,
2012-03-18,,,1.375,
2012-03-19,,,0.875,
2012-03-20,,,0.958,
2012-03-21,,,0.792,
2012-03-22,,,1.13,
2012-03-23,,,1.167,
2012-03-24,,,0.917,
2012-03-25,,,0.875,
2012-03-26,,,0.917,
2012-03-27,,,1.375,
2012-03-28,,,0.958,
2012-03-29,,,0.864,
2012-03-30,,,0.333,
2012-03-31,,,0.167,
2012-04-01,,,0.792,
2012-04-02,,,1.542,
2012-04-03,,,1.542,
2012-04-04,,,1.0,
2012-04-05,,,1.167,
2012-04-06,,,0.783,
2012-04-07,,,0.833,
2012-04-08,,,1.125,
2012-04-09,,,1.292,
2012-04-10,,,1.542,
2012-04-11,,,1.0,
2012-04-12,,,0.875,
2012-04-13,,,0.864,
2012-04-14,,,0.0,
2012-04-15,,,0.208,
2012-04-16,,,0.625,
2012-04-17,,,0.667,
2012-04-18,,,1.542,
2012-04-19,,,0.417,
2012-04-20,,,0.565,
2012-04-21,,,0.875,
2012-04-22,,,0.667,
2012-04-23,,,0.375,
2012-04-24,,,0.708,
2012-04-25,,,1.75,
2012-04-26,,,1.042,
2012-04-27,,,0.682,
2012-04-28,,,0.958,
2012-04-29,,,1.542,
2012-04-30,,,1.25,
2012-05-01,,,1.0,
2012-05-02,,,0.75,
2012-05-03,,,0.75,
2012-05-04,,,0.87,
2012-05-05,,,0.917,
2012-05-06,,,1.125,
2012-05-07,,,1.583,
2012-05-08,,,1.625,
2012-05-09,,,1.667,
2012-05-10,,,1.125,
2012-05-11,,,0.636,
2012-05-12,,,0.167,
2012-05-13,,,0.792,
2012-05-14,,,1.667,
2012-05-15,,,0.833,
2012-05-16,,,1.625,
2012-05-17,,,2.25,
2012-05-18,,,1.043,
2012-05-19,,,1.167,
2012-05-20,,,1.417,
2012-05-21,,,1.333,
2012-05-22,,,0.833,
2012-05-23,,,0.958,
2012-05-24,,,1.625,
2012-05-25,,,0.727,
2012-05-26,,,0.625,
2012-05-27,,,0.917,
2012-05-28,,,0.958,
2012-05-29,,,0.583,
2012-05-30,,,0.792,
2012-05-31,,,1.25,
2012-06-01,,,0.522,
2012-06-02,,,0.875,
2012-06-03,,,1.25,
2012-06-04,,,0.917,
2012-06-05,,,1.375,
2012-06-06,,,0.75,
2012-06-07,,,1.333,
2012-06-08,,,1.227,
2012-06-09,,,0.292,
2012-06-10,,,0.625,
2012-06-11,,,1.167,
2012-06-12,,,0.792,
2012-06-13,,,0.708,
2012-06-14,,,1.0,
2012-06-15,,,1.478,
2012-06-16,,,0.917,
2012-06-17,,,0.542,
2012-06-18,,,1.625,
2012-06-19,,,0.875,
2012-06-20,,,0.75,
2012-06-21,,,1.25,
2012-06-22,,,0.409,
2012-06-23,,,0.625,
2012-06-24,,,1.083,
2012-06-25,,,0.792,
2012-06-26,,,1.042,
2012-06-27,,,1.125,
2012-06-28,,,1.833,
2012-06-29,,,1.0,
2012-06-30,,,1.042,
2012-07-01,,,1.0,
2012-07-02,,,0.917,
2012-07-03,,,1.042,
2012-07-04,,,0.792,
2012-07-05,,,1.0,
2012-07-06,,,0.864,
2012-07-07,,,0.375,
2012-07-08,,,0.125,
2012-07-09,,,1.083,
2012-07-10,,,1.5,
2012-07-11,,,3.917,
2012-07-12,,,0.625,
2012-07-13,,,0.522,
2012-07-14,,,0.583,
2012-07-15,,,0.667,
2012-07-16,,,1.0,
2012-07-17,,,0.875,
2012-07-18,,,0.958,
2012-07-19,,,0.917,
2012-07-20,,,1.318,
2012-07-21,,,1.0,
2012-07-22,,,0.958,
2012-07-23,,,1.0,
2012-07-24,,,1.167,
2012-07-25,,,1.0,
2012-07-26,,,1.125,
2012-07-27,,,0.913,
2012-07-28,,,0.792,
2012-07-29,,,0.458,
2012-07-30,,,0.875,
2012-07-31,,,1.167,
2012-08-01,,,0.958,
2012-08-02,,,0.875,
2012-08-03,,,1.857,
2012-08-04,,,1.667,
2012-08-05,,,1.083,
2012-08-06,,,0.292,
2012-08-07,,,0.292,
2012-08-08,,,0.708,
2012-08-09,,,1.0,
2012-08-10,,,1.087,
2012-08-11,,,0.708,
2012-08-12,,,0.542,
2012-08-13,,,1.208,
2012-08-14,,,0.667,
2012-08-15,,,1.042,
2012-08-16,,,0.75,
2012-08-17,,,0.5,
2012-08-18,,,0.792,
2012-08-19,,,1.042,
2012-08-20,,,1.042,
2012-08-21,,,1.167,
2012-08-22,,,1.0,
2012-08-23,,,1.083,
2012-08-24,,,1.261,
2012-08-25,,,1.167,
2012-08-26,,,0.917,
2012-08-27,,,0.917,
2012-08-28,,,0.958,
2012-08-29,,,1.125,
2012-08-30,,,1.0,
2012-08-31,,,1.591,
2012-09-01,,,1.292,
2012-09-02,,,0.333,
2012-09-03,,,1.042,
2012-09-04,,,1.125,
2012-09-05,,,0.75,
2012-09-06,,,0.75,
2012-09-07,,,0.783,
2012-09-08,,,0.958,
2012-09-09,,,1.333,
2012-09-10,,,2.042,
2012-09-11,,,1.75,
2012-09-12,,,1.125,
2012-09-13,,,1.087,
2012-09-14,,,1.087,
2012-09-15,,,1.292,
2012-09-16,,,1.042,
2012-09-17,,,1.042,
2012-09-18,,,1.292,
2012-09-19,,,0.833,
2012-09-20,,,0.708,
2012-09-21,,,0.87,
2012-09-22,,,1.0,
2012-09-23,,,0.0,
2012-09-24,,,0.583,
2012-09-25,,,0.583,
2012-09-26,,,0.875,
2012-09-27,,,1.0,
2012-09-28,,,0.5,
2012-09-29,,,0.917,
2012-09-30,,,0.792,
2012-10-01,,,0.417,
2012-10-02,,,0.625,
2012-10-03,,,0.5,
2012-10-04,,,0.542,
2012-10-05,,,1.043,
2012-10-06,,,1.208,
2012-10-07,,,0.75,
2012-10-08,,,0.708,
2012-10-09,,,1.0,
2012-10-10,,,1.0,
2012-10-11,,,1.0,
2012-10-12,,,0.273,
2012-10-13,,,0.833,
2012-10-14,,,1.042,
2012-10-15,,,0.75,
2012-10-16,,,0.708,
2012-10-17,,,0.625,
2012-10-18,,,0.667,
2012-10-19,,,0.739,
2012-10-20,,,0.792,
2012-10-21,,,1.0,
2012-10-22,,,1.333,
2012-10-23,,,0.917,
2012-10-24,,,0.875,
2012-10-25,,,0.917,
2012-10-26,,,0.857,
2012-10-27,,,1.0,
2012-10-28,,,0.542,
2012-10-29,,,0.708,
2012-10-30,,,0.917,
2012-10-31,,,0.75,
2012-11-01,,,0.833,
2012-11-02,,,1.0,
2012-11-03,,,1.0,
2012-11-04,,,1.083,
2012-11-05,,,1.583,
2012-11-06,,,1.0,
2012-11-07,,,1.0,
2012-11-08,,,1.0,
2012-11-09,,,0.909,
2012-11-10,,,0.875,
2012-11-11,,,0.625,
2012-11-12,,,0.5,
2012-11-13,,,0.913,
2012-11-14,,,1.167,
2012-11-15,,,1.0,
2012-11-16,,,1.0,
2012-11-17,,,1.0,
2012-11-18,,,1.083,
2012-11-19,,,1.458,
2012-11-20,,,1.125,
2012-11-21,,,1.0,
2012-11-22,,,1.304,
2012-11-23,,,1.087,
2012-11-24,,,0.75,
2012-11-25,,,0.833,
2012-11-26,,,1.0,
2012-11-27,,,0.917,
2012-11-28,,,1.083,
2012-11-29,,,1.125,
2012-11-30,,,1.0,
2012-12-01,,,1.25,
2012-12-02,,,1.042,
2012-12-03,,,1.0,
2012-12-04,,,1.0,
2012-12-05,,,1.208,
2012-12-06,,,1.208,
2012-12-07,,,1.318,
2012-12-08,,,1.458,
2012-12-09,,,1.625,
2012-12-10,,,1.125,
2012-12-11,,,1.542,
2012-12-12,,,1.333,
2012-12-13,,,1.167,
2012-12-14,,,1.522,
2012-12-15,,,1.375,
2012-12-16,,,0.792,
2012-12-17,,,1.5,
2012-12-18,,,1.125,
2012-12-19,,,1.208,
2012-12-20,,,1.261,
2012-12-21,,,1.174,
2012-12-22,,,1.333,
2012-12-23,,,1.167,
2012-12-24,,,1.333,
2012-12-25,,,1.25,
2012-12-26,,,1.375,
2012-12-27,,,2.0,
2012-12-28,,,1.696,
2012-12-29,,,0.792,
2012-12-30,,,0.5,
2012-12-31,,,1.042,
2013-01-01,13.292,,1.5,14.917
2013-01-02,6.583,,1.042,12.708
2013-01-03,12.25,,1.087,14.625
2013-01-04,7.083,,1.208,10.958
2013-01-05,5.083,,1.0,8.792
2013-01-06,5.542,,1.208,9.167
2013-01-07,10.917,,1.167,13.083
2013-01-08,17.083,,1.542,21.375
2013-01-09,4.625,,1.043,11.417
2013-01-10,4.333,,1.13,7.542
2013-01-11,8.125,,1.042,9.75
2013-01-12,12.542,,1.083,15.0
2013-01-13,5.917,,1.042,10.708
2013-01-14,6.375,,0.958,9.292
2013-01-15,15.208,,1.083,15.833
2013-01-16,6.542,,1.042,10.958
2013-01-17,8.957,,1.13,12.375
2013-01-18,14.583,,1.875,16.958
2013-01-19,6.167,,1.042,12.333
2013-01-20,11.25,,1.333,14.167
2013-01-21,13.375,,1.917,15.917
2013-01-22,15.75,,2.042,19.917
2013-01-23,8.375,,1.333,13.75
2013-01-24,15.292,,1.409,19.792
2013-01-25,23.5,,1.667,31.125
2013-01-26,11.375,,1.292,18.708
2013-01-27,8.417,,1.125,14.417
2013-01-28,12.875,,1.708,15.042
2013-01-29,8.208,,1.083,12.417
2013-01-30,23.042,,1.583,31.5
2013-01-31,7.375,,1.13,12.5
2013-02-01,17.958,,1.375,23.875
2013-02-02,25.833,,1.708,38.25
2013-02-03,26.583,,1.542,37.458
2013-02-04,4.75,,1.042,9.667
2013-02-05,4.5,,1.0,6.625
2013-02-06,6.042,,1.0,9.625
2013-02-07,8.435,,1.045,9.792
2013-02-08,10.875,,1.0,13.917
2013-02-09,4.75,,1.083,10.417
2013-02-10,10.042,,1.208,13.875
2013-02-11,6.292,,1.042,9.0
2013-02-12,9.667,,1.0,14.708
2013-02-13,4.333,,1.083,9.75
2013-02-14,9.708,,1.0,16.409
2013-02-15,3.545,,1.0,6.318
2013-02-16,10.875,,1.375,16.5
2013-02-17,19.542,,2.042,23.042
2013-02-18,10.75,,1.0,12.833
2013-02-19,9.167,,1.125,11.417
2013-02-20,19.75,,1.333,25.167
2013-02-21,11.667,,1.182,15.458
2013-02-22,8.417,,1.083,12.417
2013-02-23,8.5,,1.042,13.583
2013-02-24,15.25,,1.167,21.917
2013-02-25,22.917,,1.708,29.792
2013-02-26,42.833,,1.792,51.417
2013-02-27,48.083,,1.833,64.792
2013-02-28,24.083,,1.13,33.833
2013-03-01,34.0,,1.0,58.333
2013-03-02,15.5,,1.0,27.208
2013-03-03,6.958,,1.0,13.542
2013-03-04,15.792,,1.625,20.917
2013-03-05,18.5,,1.125,33.5
2013-03-06,6.917,,1.0,11.667
2013-03-07,11.773,,1.182,15.417
2013-03-08,8.958,,1.0,13.333
2013-03-09,14.542,,1.0,19.625
2013-03-10,6.708,,1.042,12.542
2013-03-11,6.5,,1.125,10.0
2013-03-12,37.042,,3.125,43.625
2013-03-13,43.5,,2.292,58.75
2013-03-14,2.042,,1.0,15.542
2013-03-15,7.875,,1.0,15.0
2013-03-16,15.875,,1.625,26.667
2013-03-17,31.542,,2.042,37.542
2013-03-18,24.875,,1.5,38.458
2013-03-19,15.125,,1.042,19.083
2013-03-20,14.583,,1.0,22.958
2013-03-21,2.083,,1.0,10.458
2013-03-22,7.167,,1.0,12.25
2013-03-23,11.875,,1.042,16.75
2013-03-24,18.75,,1.625,23.292
2013-03-25,21.875,,1.708,33.458
2013-03-26,25.458,,1.542,36.333
2013-03-27,24.042,,1.0,38.375
2013-03-28,24.542,,1.522,26.458
2013-03-29,28.083,,1.583,36.5
2013-03-30,18.667,,1.0,33.417
2013-03-31,8.417,,1.0,15.458
2013-04-01,,,0.875,22.667
2013-04-02,,,0.625,27.25
2013-04-03,,,0.167,7.958
2013-04-04,,,0.917,19.833
2013-04-05,,,1.391,33.0
2013-04-06,,,1.208,34.542
2013-04-07,,,0.125,8.083
2013-04-08,,,0.75,13.333
2013-04-09,,,1.458,24.667
2013-04-10,,,0.917,15.083
2013-04-11,,,0.958,14.542
2013-04-12,,,0.909,14.25
2013-04-13,,,0.917,12.417
2013-04-14,,,1.0,22.25
2013-04-15,,,1.167,19.458
2013-04-16,,,1.292,23.875
2013-04-17,,,1.5,38.792
2013-04-18,,,1.417,37.25
2013-04-19,,,0.043,23.333
2013-04-20,,,0.875,23.958
2013-04-21,,,0.625,12.25
2013-04-22,,,0.5,15.458
2013-04-23,,,1.292,23.25
2013-04-24,,,1.125,40.25
2013-04-25,,,1.045,19.542
2013-04-26,,,1.609,23.792
2013-04-27,,,1.0,13.875
2013-04-28,,,1.583,13.417
2013-04-29,,,1.583,17.917
2013-04-30,,,1.5,26.292
2013-05-01,,,0.958,13.083
2013-05-02,,,0.909,9.273
2013-05-03,,,0.739,9.833
2013-05-04,,,0.917,13.083
2013-05-05,,,0.958,21.5
2013-05-06,,,0.958,25.333
2013-05-07,,,0.625,11.833
2013-05-08,,,0.958,9.875
2013-05-09,,,1.292,19.375
2013-05-10,,,2.409,34.217
2013-05-11,,,1.458,53.417
2013-05-12,,,0.833,16.417
2013-05-13,,,1.0,48.667
2013-05-14,,,1.875,34.75
2013-05-15,,,1.625,41.083
2013-05-16,,,1.125,27.609
2013-05-17,,,1.167,14.667
2013-05-18,,,1.542,26.333
2013-05-19,,,1.292,24.5
2013-05-20,,,1.083,22.042
2013-05-21,,,1.167,29.0
2013-05-22,,,1.458,38.208
2013-05-23,,,1.167,20.917
2013-05-24,,,1.091,16.417
2013-05-25,,,1.333,22.708
2013-05-26,,,1.292,27.542
2013-05-27,,,1.167,28.917
2013-05-28,,,1.167,19.792
2013-05-29,,,1.083,21.5
2013-05-30,,,1.0,21.375
2013-05-31,,,0.826,20.583
2013-06-01,,,1.0,21.25
2013-06-02,,,1.0,20.417
2013-06-03,,,1.167,21.0
2013-06-04,,,1.292,27.417
2013-06-05,,,1.5,37.167
2013-06-06,,,1.13,33.0
2013-06-07,,,0.87,23.75
2013-06-08,,,0.417,18.875
2013-06-09,,,1.167,30.458
2013-06-10,,,1.625,40.417
2013-06-11,,,1.083,30.0
2013-06-12,,,0.25,27.708
2013-06-13,,,0.125,10.333
2013-06-14,,,0.609,15.5
2013-06-15,,,0.333,38.792
2013-06-16,,,0.417,12.5
2013-06-17,,,1.0,20.125
2013-06-18,,,1.083,41.333
2013-06-19,,,0.917,32.375
2013-06-20,,,0.875,32.583
2013-06-21,,,1.0,33.583
2013-06-22,,,0.875,13.583
2013-06-23,,,0.875,17.542
2013-06-24,,,1.0,18.042
2013-06-25,,,1.0,26.917
2013-06-26,,,1.292,36.125
2013-06-27,,,0.75,9.458
2013-06-28,,,1.087,30.042
2013-06-29,,,1.083,27.458
2013-06-30,,,1.625,24.042
2013-07-01,,,1.333,21.667
2013-07-02,,,1.208,18.25
2013-07-03,,,1.0,20.375
2013-07-04,,,1.0,35.583
2013-07-05,,,1.0,54.292
2013-07-06,,,1.208,29.042
2013-07-07,,,1.083,20.25
2013-07-08,,,1.0,26.208
2013-07-09,,,1.125,35.208
2013-07-10,,,1.375,42.667
2013-07-11,,,1.125,53.417
2013-07-12,,,1.565,62.875
2013-07-13,,,1.0,40.167
2013-07-14,,,1.0,26.708
2013-07-15,,,1.0,19.917
2013-07-16,,,1.375,24.792
2013-07-17,,,1.583,43.25
2013-07-18,,,1.0,25.375
2013-07-19,,,0.5,10.522
2013-07-20,,,1.0,17.917
2013-07-21,,,1.0,24.25
2013-07-22,,,1.125,32.375
2013-07-23,,,0.917,43.583
2013-07-24,,,0.667,32.75
2013-07-25,,,0.333,36.625
2013-07-26,,,1.0,46.542
2013-07-27,,,1.0,28.167
2013-07-28,,,1.0,22.875
2013-07-29,,,1.0,45.583
2013-07-30,,,1.0,39.375
2013-07-31,,,1.083,63.333
2013-08-01,,,1.208,51.167
2013-08-02,,,1.0,27.167
2013-08-03,,,1.0,18.708
2013-08-04,,,1.0,29.958
2013-08-05,,,1.0,43.917
2013-08-06,,,1.0,36.042
2013-08-07,,,1.0,29.5
2013-08-08,,,1.25,42.833
2013-08-09,,,0.682,71.522
2013-08-10,,,0.167,68.875
2013-08-11,,,0.042,50.5
2013-08-12,,,0.125,50.583
2013-08-13,,,0.708,49.042
2013-08-14,,,0.125,51.167
2013-08-15,,,0.609,46.739
2013-08-16,,,0.739,45.417
2013-08-17,,,0.75,30.25
2013-08-18,,,0.875,26.833
2013-08-19,,,0.792,26.417
2013-08-20,,,0.5,36.958
2013-08-21,,,0.583,34.708
2013-08-22,,,0.792,41.375
2013-08-23,,,0.696,27.667
2013-08-24,,,0.792,15.5
2013-08-25,,,0.458,22.875
2013-08-26,,,0.875,15.958
2013-08-27,7.167,,0.583,11.917
2013-08-28,5.625,,0.667,9.958
2013-08-29,21.958,,1.083,29.292
2013-08-30,18.875,,0.0,27.875
2013-08-31,17.958,,0.0,30.667
2013-09-01,7.792,,0.125,17.333
2013-09-02,12.667,,0.0,26.708
2013-09-03,10.167,,0.0,21.792
2013-09-04,7.917,,0.0,18.917
2013-09-05,6.458,,0.0,16.625
2013-09-06,7.667,,0.13,14.292
2013-09-07,10.417,,0.083,20.875
2013-09-08,6.958,,0.0,13.125
2013-09-09,6.625,,0.375,12.083
2013-09-10,14.792,,0.625,21.875
2013-09-11,10.826,,0.13,17.458
2013-09-12,17.042,,0.417,24.5
2013-09-13,26.292,,1.435,47.333
2013-09-14,22.917,,1.042,40.125
2013-09-15,8.208,,0.125,17.083
2013-09-16,4.167,,0.042,14.458
2013-09-17,9.25,,0.542,13.958
2013-09-18,13.0,,0.583,17.583
2013-09-19,16.167,,0.625,18.292
2013-09-20,23.583,,0.87,29.583
2013-09-21,22.792,,0.708,28.042
2013-09-22,25.417,,0.792,30.583
2013-09-23,9.625,,0.458,16.583
2013-09-24,10.417,,0.417,16.583
2013-09-25,11.292,,0.333,17.25
2013-09-26,5.0,,0.458,11.0
2013-09-27,6.25,,0.818,11.217
2013-09-28,10.583,,0.75,13.792
2013-09-29,13.333,,1.0,18.833
2013-09-30,15.125,,1.0,18.875
2013-10-01,15.375,,1.0,19.708
2013-10-02,10.125,,1.0,13.625
2013-10-03,7.75,,1.0,12.125
2013-10-04,11.417,,0.826,16.25
2013-10-05,7.167,,0.417,11.542
2013-10-06,6.792,,0.708,12.042
2013-10-07,10.083,,0.958,15.5
2013-10-08,16.75,,1.167,24.458
2013-10-09,15.167,,1.0,24.667
2013-10-10,10.25,,1.0,15.333
2013-10-11,12.727,,1.0,17.333
2013-10-12,10.083,,0.958,15.125
2013-10-13,6.375,,1.0,11.375
2013-10-14,14.875,,1.167,18.708
2013-10-15,26.417,,0.792,32.125
2013-10-16,1.542,,0.667,6.5
2013-10-17,5.542,,1.0,8.167
2013-10-18,10.25,,1.043,13.958
2013-10-19,15.792,,1.0,20.333
2013-10-20,6.25,,0.208,10.417
2013-10-21,7.25,,0.833,10.292
2013-10-22,7.333,,0.917,12.375
2013-10-23,7.458,,1.0,12.292
2013-10-24,6.375,,1.0,11.375
2013-10-25,5.208,,1.0,8.375
2013-10-26,5.792,,1.0,9.833
2013-10-27,7.042,,1.0,11.583
2013-10-28,13.417,,1.0,15.167
2013-10-29,20.042,,1.417,25.458
2013-10-30,13.125,,1.0,17.292
2013-10-31,24.958,,1.417,27.792
2013-11-01,20.958,,1.087,24.667
2013-11-02,24.375,,1.167,27.917
2013-11-03,28.917,,1.0,34.542
2013-11-04,14.917,,1.0,21.125
2013-11-05,18.458,,1.0,22.375
2013-11-06,23.5,,1.25,29.125
2013-11-07,22.792,,1.083,31.083
2013-11-08,8.875,,1.0,14.364
2013-11-09,11.625,,0.958,17.167
2013-11-10,13.083,,1.0,18.125
2013-11-11,4.792,,0.917,10.208
2013-11-12,4.417,,0.833,10.25
2013-11-13,6.417,,0.833,10.125
2013-11-14,10.167,,1.0,14.917
2013-11-15,19.364,,0.136,26.167
2013-11-16,17.167,,0.917,22.75
2013-11-17,20.208,,0.667,26.542
2013-11-18,18.833,,0.792,23.458
2013-11-19,7.708,,0.833,13.333
2013-11-20,10.75,,1.0,14.417
2013-11-21,6.417,,1.0,10.167
2013-11-22,5.958,,1.087,9.0
2013-11-23,8.875,,0.958,14.0
2013-11-24,14.208,,0.958,19.125
2013-11-25,24.542,,1.625,34.083
2013-11-26,8.208,,0.917,13.167
2013-11-27,10.625,,1.125,14.042
2013-11-28,9.917,,1.167,15.458
2013-11-29,6.958,,1.174,11.75
2013-11-30,7.5,,1.167,12.375
2013-12-01,10.333,,1.25,13.75
2013-12-02,14.227,,1.391,18.304
2013-12-03,17.167,,1.417,22.792
2013-12-04,23.417,,1.667,34.667
2013-12-05,17.875,,0.818,17.304
2013-12-06,17.417,,1.636,10.652
2013-12-07,6.875,,0.75,11.292
2013-12-08,5.417,,0.708,11.0
2013-12-09,11.583,,1.125,15.375
2013-12-10,10.708,,1.0,17.167
2013-12-11,11.5,,1.0,17.333
2013-12-12,7.609,,1.174,10.583
2013-12-13,6.958,,1.304,10.542
2013-12-14,4.125,,1.0,8.917
2013-12-15,2.75,,0.833,9.208
2013-12-16,4.458,,0.708,9.667
2013-12-17,5.583,,1.0,8.792
2013-12-18,17.25,,1.125,22.5
2013-12-19,7.708,,0.875,14.042
2013-12-20,6.042,,1.0,10.125
2013-12-21,5.667,,1.083,9.0
2013-12-22,3.25,,1.083,8.958
2013-12-23,8.542,,1.042,12.667
2013-12-24,6.0,,1.167,12.125
2013-12-25,11.875,,1.083,15.625
2013-12-26,22.042,,1.333,29.0
2013-12-27,10.292,,2.348,15.125
2013-12-28,5.542,,1.167,8.667
2013-12-29,6.042,,1.083,9.708
2013-12-30,10.375,,1.125,13.417
2013-12-31,11.542,,1.042,15.083
2014-01-01,5.583,,1.375,8.167
2014-01-02,3.625,,1.652,7.25
2014-01-03,5.042,,1.217,8.542
2014-01-04,9.875,,1.625,15.125
2014-01-05,18.375,,2.042,23.75
2014-01-06,19.833,,2.35,26.792
2014-01-07,3.875,,1.176,7.292
2014-01-08,7.5,,2.176,11.292
2014-01-09,8.696,,2.25,10.167
2014-01-10,6.25,,,10.625
2014-01-11,7.958,,,11.333
2014-01-12,3.75,,,8.333
2014-01-13,6.542,,,9.792
2014-01-14,13.542,,,21.042
2014-01-15,18.333,,,29.25
2014-01-16,12.875,,,18.458
2014-01-17,9.0,,,15.833
2014-01-18,5.667,,,8.542
2014-01-19,9.375,,,13.208
2014-01-20,14.75,,,17.167
2014-01-21,19.875,,,26.667
2014-01-22,19.917,,,34.75
2014-01-23,4.542,,,12.0
2014-01-24,9.208,,,14.708
2014-01-25,17.875,,,26.208
2014-01-26,23.667,,,37.625
2014-01-27,10.583,,,27.25
2014-01-28,4.542,,,8.333
2014-01-29,9.458,,,13.667
2014-01-30,17.875,,,34.364
2014-01-31,4.167,,,10.083
2014-02-01,5.75,,,8.542
2014-02-02,6.458,,,9.542
2014-02-03,6.25,,,11.083
2014-02-04,10.0,,,15.875
2014-02-05,14.833,,,31.875
2014-02-06,9.5,,,16.583
2014-02-07,11.458,,,17.417
2014-02-08,22.0,,,40.625
2014-02-09,4.875,,,8.917
2014-02-10,8.13,,,12.667
2014-02-11,,,,20.208
2014-02-12,37.25,,,34.792
2014-02-13,10.083,,1.0,15.625
2014-02-14,7.583,,0.5,11.875
2014-02-15,8.75,,0.542,14.375
2014-02-16,8.833,,0.75,12.667
2014-02-17,14.792,,0.792,24.75
2014-02-18,14.5,,0.125,36.333
2014-02-19,5.708,,0.542,14.458
2014-02-20,4.167,,1.0,10.042
2014-02-21,10.292,,1.0,18.083
2014-02-22,24.0,,1.042,45.792
2014-02-23,16.125,,1.292,31.375
2014-02-24,20.417,,1.25,34.708
2014-02-25,25.75,,1.083,48.75
2014-02-26,24.25,,0.917,53.208
2014-02-27,7.458,,0.783,13.5
2014-02-28,12.75,,0.958,18.542
2014-03-01,13.167,,0.625,24.125
2014-03-02,8.958,,0.917,15.167
2014-03-03,15.542,,0.708,24.542
2014-03-04,11.083,,0.667,21.417
2014-03-05,10.042,,0.958,16.5
2014-03-06,10.364,,1.136,15.875
2014-03-07,14.125,,1.0,29.75
2014-03-08,9.417,,1.0,18.292
2014-03-09,5.667,,0.958,13.333
2014-03-10,3.333,,0.917,10.25
2014-03-11,2.455,,1.042,9.958
2014-03-12,,,1.0,14.083
2014-03-13,28.556,,0.174,23.208
2014-03-14,14.583,,0.0,21.542
2014-03-15,19.542,,0.0,27.5
2014-03-16,28.25,,0.167,47.875
2014-03-17,23.75,,0.0,42.333
2014-03-18,23.667,,0.25,37.667
2014-03-19,24.667,,0.0,58.125
2014-03-20,12.708,,0.591,28.792
2014-03-21,20.958,,0.667,30.833
2014-03-22,20.667,,1.083,35.875
2014-03-23,13.458,,0.458,23.375
2014-03-24,5.0,,0.167,10.792
2014-03-25,6.25,,0.333,9.375
2014-03-26,10.25,,0.75,14.958
2014-03-27,10.208,,1.048,16.583
2014-03-28,11.958,,1.0,18.958
2014-03-29,19.042,,2.208,29.625
2014-03-30,24.208,,1.542,34.708
2014-03-31,25.458,,1.333,39.5
2014-04-01,15.292,,1.208,15.833
2014-04-02,15.458,,1.5,18.125
2014-04-03,13.208,,1.125,21.625
2014-04-04,8.174,,1.045,15.25
2014-04-05,7.5,,1.0,10.875
2014-04-06,11.125,,1.042,12.083
2014-04-07,14.042,,1.125,15.091
2014-04-08,37.875,,2.083,36.105
2014-04-09,36.333,,1.958,28.882
2014-04-10,34.958,,1.625,38.267
2014-04-11,26.875,,1.095,22.55
2014-04-12,25.292,,1.042,21.25
2014-04-13,23.875,,1.042,21.417
2014-04-14,24.792,,1.333,23.625
2014-04-15,28.458,,1.583,24.792
2014-04-16,50.0,,1.417,41.958
2014-04-17,52.375,,2.083,44.5
2014-04-18,35.708,,1.0,43.083
2014-04-19,26.458,,1.0,34.875
2014-04-20,17.333,,1.0,21.708
2014-04-21,21.542,,1.0,29.75
2014-04-22,19.917,,1.0,20.542
2014-04-23,23.958,,1.042,20.917
2014-04-24,22.375,,1.292,21.667
2014-04-25,30.125,,1.522,29.455
2014-04-26,29.083,,1.708,27.75
2014-04-27,31.333,,1.625,28.458
2014-04-28,30.708,,1.75,27.5
2014-04-29,32.167,,1.542,32.333
2014-04-30,16.708,,1.0,26.333
2014-05-01,13.417,,1.0,24.25
2014-05-02,13.652,,1.0,14.083
2014-05-03,27.458,,1.208,24.958
2014-05-04,23.708,,1.125,19.208
2014-05-05,36.458,,1.458,34.708
2014-05-06,12.25,,1.083,14.625
2014-05-07,21.833,,1.208,20.0
2014-05-08,32.5,,1.417,26.042
2014-05-09,11.417,,0.957,11.125
2014-05-10,18.042,,1.0,15.375
2014-05-11,16.333,,1.167,15.042
2014-05-12,27.042,,1.458,23.083
2014-05-13,25.125,,1.042,22.625
2014-05-14,32.833,,1.792,28.083
2014-05-15,23.083,,1.458,28.833
2014-05-16,24.167,,0.273,14.375
2014-05-17,21.667,,0.0,13.5
2014-05-18,9.792,,0.083,9.75
2014-05-19,20.875,,0.917,19.542
2014-05-20,36.083,,1.292,34.875
2014-05-21,18.375,,0.042,23.5
2014-05-22,10.083,,0.0,11.333
2014-05-23,11.75,,0.348,14.5
2014-05-24,23.208,,0.875,18.292
2014-05-25,43.708,,1.375,37.542
2014-05-26,43.833,,0.75,52.458
2014-05-27,14.333,,0.708,17.667
2014-05-28,28.708,,1.083,33.375
2014-05-29,29.333,,0.957,29.208
2014-05-30,34.875,,1.391,29.792
2014-05-31,49.833,,1.25,39.5
2014-06-01,39.833,,1.125,32.208
2014-06-02,51.625,,1.917,36.267
2014-06-03,66.792,,1.625,
2014-06-04,62.667,,1.667,
2014-06-05,19.708,,1.0,
2014-06-06,4.167,,0.13,
2014-06-07,8.375,,0.208,
2014-06-08,5.25,,0.708,
2014-06-09,17.0,,1.0,
2014-06-10,17.667,,1.0,
2014-06-11,18.75,,,
2014-06-12,5.375,,,
2014-06-13,7.783,,0.2,
2014-06-14,5.75,,0.25,
2014-06-15,9.625,,0.917,
2014-06-16,19.208,,1.083,
2014-06-17,34.875,,1.333,
2014-06-18,36.5,,1.583,
2014-06-19,26.667,,1.042,
2014-06-20,22.5,,1.0,
2014-06-21,28.583,,1.0,
2014-06-22,13.542,,1.0,
2014-06-23,12.292,,1.042,
2014-06-24,14.75,,1.0,
2014-06-25,13.542,,1.0,
2014-06-26,14.167,,1.042,
2014-06-27,12.083,,1.0,
2014-06-28,4.875,,0.375,
2014-06-29,5.667,,0.667,
2014-06-30,9.083,,1.0,
2014-07-01,11.458,,0.833,
2014-07-02,18.833,,1.667,
2014-07-03,25.958,,1.125,
2014-07-04,7.25,,1.0,
2014-07-05,5.5,,1.0,
2014-07-06,13.542,,1.0,
2014-07-07,12.667,,1.0,
2014-07-08,16.0,,1.083,
2014-07-09,19.25,,1.125,
2014-07-10,14.25,,1.0,
2014-07-11,6.739,,1.0,
2014-07-12,17.958,,1.042,
2014-07-13,27.75,,1.208,
2014-07-14,24.958,,1.083,
2014-07-15,19.542,,1.292,
2014-07-16,25.708,,2.0,
2014-07-17,25.042,,,
2014-07-18,14.833,,1.1,
2014-07-19,8.875,,1.083,
2014-07-20,8.167,,1.0,
2014-07-21,12.542,,1.333,
2014-07-22,26.583,,1.792,
2014-07-23,34.833,,1.542,
2014-07-24,21.708,,1.083,
2014-07-25,17.667,,1.13,
2014-07-26,35.917,,1.261,
2014-07-27,23.875,,1.125,
2014-07-28,7.458,,1.083,
2014-07-29,20.375,,1.0,
2014-07-30,29.5,,1.435,
2014-07-31,30.667,,1.292,
2014-08-01,25.727,,1.174,
2014-08-02,19.125,,1.125,
2014-08-03,18.333,,1.875,
2014-08-04,14.583,,1.304,
2014-08-05,7.917,,1.083,
2014-08-06,13.0,,1.143,
2014-08-07,15.042,,,
2014-08-08,11.875,,0.167,
2014-08-09,8.375,,0.083,
2014-08-10,6.958,,0.0,
2014-08-11,13.792,,0.083,
2014-08-12,8.292,,0.083,
2014-08-13,13.458,,0.458,
2014-08-14,18.333,,0.292,
2014-08-15,22.625,,0.6,46.375
2014-08-16,8.792,,0.0,23.458
2014-08-17,11.75,,0.0,20.875
2014-08-18,15.833,,0.083,29.208
2014-08-19,17.417,,0.0,32.917
2014-08-20,16.708,,0.083,28.625
2014-08-21,19.667,,0.25,33.875
2014-08-22,26.083,,1.227,46.667
2014-08-23,13.333,,1.0,24.0
2014-08-24,18.75,,1.083,31.292
2014-08-25,14.125,,1.0,24.583
2014-08-26,12.917,,1.0,26.625
2014-08-27,3.792,,1.0,10.042
2014-08-28,9.375,,1.0,18.667
2014-08-29,10.917,,1.0,19.25
2014-08-30,7.0,,0.708,11.708
2014-08-31,7.792,,1.0,13.917
2014-09-01,6.292,,0.75,13.917
2014-09-02,6.667,,0.75,14.167
2014-09-03,8.75,,1.0,18.833
2014-09-04,16.167,,1.167,35.292
2014-09-05,19.955,,1.0,38.042
2014-09-06,12.958,,1.125,20.167
2014-09-07,7.167,,1.0,14.125
2014-09-08,12.542,,1.167,20.958
2014-09-09,13.0,,1.0,18.625
2014-09-10,22.625,,1.583,38.208
2014-09-11,13.292,,1.0,20.417
2014-09-12,8.348,,1.0,16.0
2014-09-13,8.25,,1.0,14.375
2014-09-14,9.125,,1.0,15.0
2014-09-15,14.583,,1.167,22.0
2014-09-16,16.083,,1.083,22.542
2014-09-17,11.958,,1.042,18.5
2014-09-18,6.833,,1.042,11.958
2014-09-19,8.208,,0.714,12.208
2014-09-20,9.333,,0.0,14.0
2014-09-21,12.875,,0.333,18.5
2014-09-22,13.333,,0.167,18.667
2014-09-23,13.292,,0.542,18.667
2014-09-24,27.833,,0.458,40.167
2014-09-25,17.125,,0.125,34.833
2014-09-26,6.917,,1.087,10.917
2014-09-27,11.042,,1.0,18.125
2014-09-28,14.417,,1.167,21.25
2014-09-29,17.75,,1.0,24.958
2014-09-30,15.875,,1.042,22.208
2014-10-01,17.583,,1.0,26.375
2014-10-02,24.0,,1.0,42.917
2014-10-03,18.625,,1.091,32.792
2014-10-04,9.417,,1.167,14.833
2014-10-05,6.875,,0.958,12.958
2014-10-06,3.208,,0.5,7.542
2014-10-07,6.542,,1.0,12.25
2014-10-08,11.75,,1.25,16.833
2014-10-09,18.333,,1.292,30.208
2014-10-10,17.391,,1.043,20.667
2014-10-11,20.75,,1.083,27.583
2014-10-12,21.125,,1.042,30.042
2014-10-13,20.333,,1.0,27.125
2014-10-14,3.25,,1.0,7.458
2014-10-15,7.458,,1.042,13.208
2014-10-16,9.583,,1.0,13.75
2014-10-17,10.042,,1.091,17.167
2014-10-18,11.708,,1.0,18.292
2014-10-19,20.708,,1.417,26.75
2014-10-20,16.875,,1.292,23.708
2014-10-21,17.125,,1.0,27.417
2014-10-22,8.833,,1.0,15.167
2014-10-23,9.042,,1.0,13.875
2014-10-24,12.75,,1.217,19.208
2014-10-25,16.333,,1.375,24.125
2014-10-26,19.292,,1.417,27.208
2014-10-27,10.667,,1.208,16.083
2014-10-28,10.292,,1.042,14.292
2014-10-29,11.0,,1.042,14.417
2014-10-30,15.208,,1.583,21.583
2014-10-31,30.833,,1.545,42.5
2014-11-01,10.583,,1.0,16.083
2014-11-02,9.917,,1.167,17.458
2014-11-03,5.667,,1.042,9.542
2014-11-04,7.667,,1.042,10.75
2014-11-05,13.5,,1.292,18.792
2014-11-06,10.0,,1.167,14.0
2014-11-07,10.909,,1.0,15.25
2014-11-08,23.042,,1.083,30.042
2014-11-09,22.958,,1.0,35.167
2014-11-10,11.417,,0.833,16.625
2014-11-11,16.542,,1.458,23.792
2014-11-12,20.625,,1.25,28.125
2014-11-13,5.25,,1.043,13.333
2014-11-14,5.458,,1.174,10.167
2014-11-15,4.417,,1.042,8.833
2014-11-16,7.958,,1.125,11.0
2014-11-17,15.292,,1.625,24.208
2014-11-18,10.292,,1.792,14.5
2014-11-19,9.917,,1.5,13.625
2014-11-20,16.375,,1.417,22.375
2014-11-21,11.333,,1.478,16.87
2014-11-22,14.375,,1.458,22.792
2014-11-23,10.375,,1.208,13.875
2014-11-24,16.542,,1.292,21.042
2014-11-25,20.542,,1.0,34.958
2014-11-26,4.958,,1.0,11.0
2014-11-27,7.958,,1.083,12.708
2014-11-28,12.708,,1.409,23.0
2014-11-29,13.042,,1.167,22.875
2014-11-30,9.333,,1.167,19.5
2014-12-01,8.167,,1.0,13.542
2014-12-02,1.917,,1.0,7.458
2014-12-03,5.5,,1.35,9.75
2014-12-04,14.5,,1.417,24.292
2014-12-05,5.909,,1.667,8.75
2014-12-06,5.25,,2.042,10.417
2014-12-07,5.083,,2.042,9.083
2014-12-08,8.958,,2.167,13.042
2014-12-09,9.542,,2.375,13.708
2014-12-10,13.958,,2.167,23.333
2014-12-11,14.208,,2.292,21.708
2014-12-12,6.083,,1.364,10.708
2014-12-13,5.708,,1.292,8.208
2014-12-14,4.5,,1.333,7.167
2014-12-15,4.583,,1.609,7.792
2014-12-16,11.458,,1.75,16.75
2014-12-17,3.0,,1.524,7.417
2014-12-18,2.25,,1.357,4.75
2014-12-19,7.167,,1.333,10.375
2014-12-20,16.042,,1.792,24.5
2014-12-21,3.417,,1.083,7.417
2014-12-22,5.0,,1.583,8.5
2014-12-23,6.292,,1.333,9.042
2014-12-24,12.667,,1.933,16.042
2014-12-25,6.208,,1.81,10.292
2014-12-26,5.25,,1.0,7.833
2014-12-27,8.292,,1.417,11.458
2014-12-28,13.708,,1.357,18.292
2014-12-29,15.875,,1.125,21.792
2014-12-30,13.333,,1.625,17.125
2014-12-31,18.417,,1.708,23.375
2015-01-01,7.25,,1.0,12.417
2015-01-02,9.125,,1.333,12.167
2015-01-03,13.125,,1.417,18.333
2015-01-04,15.208,,1.333,21.083
2015-01-05,19.167,,1.583,26.125
2015-01-06,9.208,,1.042,16.792
2015-01-07,7.292,,1.125,12.542
2015-01-08,11.0,,1.136,16.708
2015-01-09,9.792,,1.25,13.708
2015-01-10,10.125,,1.125,14.167
2015-01-11,6.167,,1.25,11.792
2015-01-12,14.5,,1.417,21.792
2015-01-13,12.75,,2.167,18.5
2015-01-14,11.417,,1.25,17.958
2015-01-15,10.292,,1.522,16.25
2015-01-16,7.792,,1.083,14.292
2015-01-17,13.542,,0.833,20.333
2015-01-18,6.417,,0.125,13.75
2015-01-19,5.333,,0.958,9.125
2015-01-20,3.417,,0.958,7.083
2015-01-21,4.792,,1.417,8.042
2015-01-22,5.875,,1.143,9.5
2015-01-23,8.792,,0.875,14.375
2015-01-24,7.792,,0.75,13.042
2015-01-25,7.625,,1.208,9.5
2015-01-26,9.375,,1.333,12.458
2015-01-27,11.917,,1.042,16.5
2015-01-28,15.042,,1.208,22.5
2015-01-29,16.792,,0.818,30.792
2015-01-30,10.333,,0.208,23.208
2015-01-31,12.583,,1.042,18.458
2015-02-01,6.958,,0.958,11.0
2015-02-02,6.0,,1.0,9.708
2015-02-03,5.875,,1.0,10.125
2015-02-04,9.875,,1.542,16.0
2015-02-05,13.0,,1.318,17.792
2015-02-06,12.875,,1.125,21.25
2015-02-07,4.875,,0.917,9.542
2015-02-08,11.208,,1.083,15.75
2015-02-09,14.292,,1.75,21.25
2015-02-10,7.333,,1.292,11.0
2015-02-11,12.0,,1.125,16.625
2015-02-12,20.167,,1.739,32.167
2015-02-13,17.833,,1.625,28.292
2015-02-14,8.458,,0.5,16.0
2015-02-15,2.5,,0.333,10.75
2015-02-16,6.708,,1.292,11.625
2015-02-17,7.125,,0.958,11.958
2015-02-18,11.75,,1.125,17.583
2015-02-19,13.542,,1.286,19.875
2015-02-20,17.875,,1.458,30.667
2015-02-21,6.75,,0.75,13.625
2015-02-22,8.125,,1.167,14.583
2015-02-23,20.667,,1.208,36.875
2015-02-24,8.833,,0.875,13.208
2015-02-25,,,1.0,10.708
2015-02-26,17.25,,1.391,16.167
2015-02-27,17.542,,1.875,24.292
2015-02-28,18.833,,1.625,26.542
2015-03-01,4.833,,1.125,9.917
2015-03-02,9.167,,1.0,13.75
2015-03-03,15.5,,1.083,21.25
2015-03-04,25.19,,1.636,33.955
2015-03-05,30.208,,0.958,48.0
2015-03-06,18.875,,0.708,35.625
2015-03-07,21.417,,0.792,41.708
2015-03-08,13.2,,0.75,25.5
2015-03-09,,,0.375,21.375
2015-03-10,17.182,,0.682,14.909
2015-03-11,12.75,,0.826,40.8
2015-03-12,14.167,,0.75,25.25
2015-03-13,13.667,,0.708,23.708
2015-03-14,11.833,,0.417,22.5
2015-03-15,9.375,,1.208,14.792
2015-03-16,10.958,,1.292,18.542
2015-03-17,13.417,,1.792,19.0
2015-03-18,20.083,,1.364,35.083
2015-03-19,13.125,,0.542,25.875
2015-03-20,13.792,,0.125,23.542
2015-03-21,5.125,,0.208,10.583
2015-03-22,10.75,,1.083,16.417
2015-03-23,12.917,,0.875,19.458
2015-03-24,5.708,,0.208,12.875
2015-03-25,3.542,,0.478,9.292
2015-03-26,8.667,,1.208,13.625
2015-03-27,10.208,,1.375,20.958
2015-03-28,14.458,,1.042,23.208
2015-03-29,14.75,,1.042,21.208
2015-03-30,18.833,,1.292,28.458
2015-03-31,13.042,,1.167,19.458
2015-04-01,21.75,,1.542,32.542
2015-04-02,9.375,,0.75,17.75
2015-04-03,19.87,,1.136,27.458
2015-04-04,9.292,,0.75,18.375
2015-04-05,13.917,,0.708,31.25
2015-04-06,13.708,,0.875,26.958
2015-04-07,4.708,,0.5,15.583
2015-04-08,8.833,,0.167,17.583
2015-04-09,16.75,,0.708,32.583
2015-04-10,12.25,,1.045,23.783
2015-04-11,6.083,,1.042,11.708
2015-04-12,11.25,,1.0,15.333
2015-04-13,10.75,,1.0,20.292
2015-04-14,10.042,,1.0,24.917
2015-04-15,8.167,,1.0,22.25
2015-04-16,13.458,,1.25,20.0
2015-04-17,18.375,,1.182,32.125
2015-04-18,17.792,,1.042,29.333
2015-04-19,15.458,,1.125,24.167
2015-04-20,20.833,,1.083,37.625
2015-04-21,6.375,,0.833,12.833
2015-04-22,15.208,,1.208,21.458
2015-04-23,17.583,,1.0,26.958
2015-04-24,22.625,,1.348,35.375
2015-04-25,22.833,,1.125,31.583
2015-04-26,22.292,,1.333,31.458
2015-04-27,24.292,,1.583,32.0
2015-04-28,24.292,,1.583,33.625
2015-04-29,24.125,,1.292,34.542
2015-04-30,12.458,,1.083,18.542
2015-05-01,14.348,,0.818,20.792
2015-05-02,17.458,,0.917,24.667
2015-05-03,15.458,,0.875,24.292
2015-05-04,13.167,,0.75,21.0
2015-05-05,11.333,,0.292,18.958
2015-05-06,16.625,,1.083,24.958
2015-05-07,16.625,,0.833,22.458
2015-05-08,20.042,,1.739,30.917
2015-05-09,19.958,,1.25,33.25
2015-05-10,12.25,,0.625,20.333
2015-05-11,10.625,,0.792,14.708
2015-05-12,16.875,,1.0,23.458
2015-05-13,13.208,,0.792,19.208
2015-05-14,20.75,,1.458,25.0
2015-05-15,28.042,,0.909,39.875
2015-05-16,29.667,,0.083,43.375
2015-05-17,15.917,,0.0,20.583
2015-05-18,19.0,,0.083,25.583
2015-05-19,13.917,,0.0,21.75
2015-05-20,14.333,,0.0,22.292
2015-05-21,9.833,,0.042,12.708
2015-05-22,11.75,,1.304,16.167
2015-05-23,17.458,,1.583,21.792
2015-05-24,21.542,,1.5,26.167
2015-05-25,19.833,,1.333,27.5
2015-05-26,19.25,,1.375,24.75
2015-05-27,20.208,,1.75,25.708
2015-05-28,26.917,,1.833,37.292
2015-05-29,22.667,,0.909,35.792
2015-05-30,17.292,,1.0,21.5
2015-05-31,13.375,,1.0,20.917
2015-06-01,15.292,,1.458,22.208
2015-06-02,19.708,,1.417,29.958
2015-06-03,19.667,,1.0,32.333
2015-06-04,4.875,,0.75,9.292
2015-06-05,8.739,,0.739,13.5
2015-06-06,6.25,,0.625,12.833
2015-06-07,9.5,,0.75,13.167
2015-06-08,10.542,,0.917,18.75
2015-06-09,6.667,,0.667,14.083
2015-06-10,9.417,,1.125,13.667
2015-06-11,14.083,,1.348,21.391
2015-06-12,21.208,,0.696,46.625
2015-06-13,26.917,,1.125,41.0
2015-06-14,21.583,,0.708,34.167
2015-06-15,26.25,,0.708,34.667
2015-06-16,27.792,,1.208,38.625
2015-06-17,20.958,,0.833,30.333
2015-06-18,10.958,,0.0,22.417
2015-06-19,6.833,,0.0,15.864
2015-06-20,10.417,,0.083,15.5
2015-06-21,12.875,,0.0,27.458
2015-06-22,13.5,,0.458,19.75
2015-06-23,17.583,,0.5,28.125
2015-06-24,18.292,,0.25,24.708
2015-06-25,21.083,,0.25,32.833
2015-06-26,10.458,,0.045,19.625
2015-06-27,6.792,,0.0,11.391
2015-06-28,3.5,,0.0,9.042
2015-06-29,10.5,,0.375,16.125
2015-06-30,15.167,,0.208,23.083
2015-07-01,8.208,,0.042,16.208
2015-07-02,11.75,,0.083,26.125
2015-07-03,14.333,,0.261,28.542
2015-07-04,16.833,,0.0,48.333
2015-07-05,10.542,,0.292,17.25
2015-07-06,12.792,,0.042,27.292
2015-07-07,12.625,,0.083,28.792
2015-07-08,10.875,,0.583,18.583
2015-07-09,10.5,,0.0,21.25
2015-07-10,20.409,,0.364,35.75
2015-07-11,23.667,,0.958,28.625
2015-07-12,28.125,,0.833,35.75
2015-07-13,26.75,,0.667,37.833
2015-07-14,13.958,,0.958,23.833
2015-07-15,12.167,,1.042,26.5
2015-07-16,3.958,,0.0,19.5
2015-07-17,7.708,,0.478,25.875
2015-07-18,10.625,,0.667,30.667
2015-07-19,11.25,,0.792,20.875
2015-07-20,16.167,,1.083,32.375
2015-07-21,21.25,,1.125,46.833
2015-07-22,18.0,,1.0,29.417
2015-07-23,6.958,,0.833,23.583
2015-07-24,7.875,,0.682,19.292
2015-07-25,17.75,,0.75,27.583
2015-07-26,23.75,,0.917,39.5
2015-07-27,33.0,,1.333,57.708
2015-07-28,19.958,,1.125,41.333
2015-07-29,25.458,,1.0,50.458
2015-07-30,20.833,,1.0,43.708
2015-07-31,31.083,,1.13,56.208
2015-08-01,34.083,,0.75,65.75
2015-08-02,24.875,,0.917,51.292
2015-08-03,25.167,,1.208,40.958
2015-08-04,32.542,,1.0,60.208
2015-08-05,30.583,,1.125,55.167
2015-08-06,24.958,,1.167,47.208
2015-08-07,28.667,,1.545,48.292
2015-08-08,30.292,,1.333,59.917
2015-08-09,12.167,,1.0,26.25
2015-08-10,11.583,,1.0,26.458
2015-08-11,9.542,,1.208,23.958
2015-08-12,11.542,,1.083,28.917
2015-08-13,15.0,,1.0,34.625
2015-08-14,10.542,,0.609,26.083
2015-08-15,12.25,,1.125,22.958
2015-08-16,11.333,,1.083,25.667
2015-08-17,7.125,,0.917,22.208
2015-08-18,9.625,,1.0,16.917
2015-08-19,10.083,,1.375,19.542
2015-08-20,13.583,,1.083,35.25
2015-08-21,18.826,,1.0,46.143
2015-08-22,18.583,,1.0,40.0
2015-08-23,3.375,,1.0,10.75
2015-08-24,6.208,,1.0,12.167
2015-08-25,6.042,,1.0,15.25
2015-08-26,3.792,,1.0,11.667
2015-08-27,7.333,,1.0,11.75
2015-08-28,5.167,,1.0,11.958
2015-08-29,5.083,,1.0,10.417
2015-08-30,4.25,,1.0,11.417
2015-08-31,8.917,,1.0,21.25
2015-09-01,16.25,,1.0,48.542
2015-09-02,10.917,,1.0,29.875
2015-09-03,11.583,,1.0,24.958
2015-09-04,13.913,,1.0,24.13
2015-09-05,13.833,,1.0,20.667
2015-09-06,14.042,,1.0,26.0
2015-09-07,7.375,,1.0,16.875
2015-09-08,2.75,,1.0,9.042
2015-09-09,4.167,,1.0,16.625
2015-09-10,6.417,,1.0,16.583
2015-09-11,7.0,,0.87,10.25
2015-09-12,12.042,,1.125,20.25
2015-09-13,14.667,,1.208,27.958
2015-09-14,8.583,,1.0,13.167
2015-09-15,11.917,,1.083,18.208
2015-09-16,14.083,,1.0,23.375
2015-09-17,6.292,,0.833,12.125
2015-09-18,8.417,,1.0,14.208
2015-09-19,5.833,,1.083,10.5
2015-09-20,6.708,,1.0,11.125
2015-09-21,11.667,,1.042,15.417
2015-09-22,13.625,,1.0,18.708
2015-09-23,17.125,,1.5,21.875
2015-09-24,18.75,,1.375,31.167
2015-09-25,8.333,,0.0,13.083
2015-09-26,7.458,,0.167,9.958
2015-09-27,9.417,,0.0,19.292
2015-09-28,12.208,,0.125,18.375
2015-09-29,7.625,,0.0,12.792
2015-09-30,5.5,,0.208,10.917
2015-10-01,14.542,,0.958,20.75
2015-10-02,10.13,,0.045,13.167
2015-10-03,13.292,,0.208,17.792
2015-10-04,10.708,,0.125,16.042
2015-10-05,10.292,,0.083,17.417
2015-10-06,14.917,,0.208,22.375
2015-10-07,10.208,,0.167,15.625
2015-10-08,8.542,,0.625,14.625
2015-10-09,20.875,,1.435,27.792
2015-10-10,27.917,,1.083,38.458
2015-10-11,31.75,,1.083,48.125
2015-10-12,13.75,,1.125,19.875
2015-10-13,7.667,,1.583,12.458
2015-10-14,9.357,,1.125,13.0
2015-10-15,19.4,,0.958,20.625
2015-10-16,20.13,,0.364,29.583
2015-10-17,15.375,,0.208,28.125
2015-10-18,11.958,,0.625,15.958
2015-10-19,17.875,,0.708,24.417
2015-10-20,31.417,,1.167,43.375
2015-10-21,28.542,,0.875,41.5
2015-10-22,24.792,,1.125,36.417
2015-10-23,17.875,,1.13,34.609
2015-10-24,25.208,,0.833,34.833
2015-10-25,7.208,,0.167,14.458
2015-10-26,16.542,,0.667,21.583
2015-10-27,27.792,,1.333,35.542
2015-10-28,14.5,,0.667,20.792
2015-10-29,11.5,,0.583,15.875
2015-10-30,14.583,,1.045,19.917
2015-10-31,16.333,,1.0,23.333
2015-11-01,11.292,,0.708,16.25
2015-11-02,15.333,,0.917,23.625
2015-11-03,5.292,,0.792,9.792
2015-11-04,7.917,,0.75,13.083
2015-11-05,12.042,,1.0,16.917
2015-11-06,18.909,,1.478,25.292
2015-11-07,25.375,,1.708,38.042
2015-11-08,18.792,,1.0,32.458
2015-11-09,14.333,,1.208,22.375
2015-11-10,6.167,,0.958,13.875
2015-11-11,6.25,,1.0,10.375
2015-11-12,8.333,,1.0,13.083
2015-11-13,13.75,,1.0,21.333
2015-11-14,8.917,,1.0,20.833
2015-11-15,5.583,,1.042,9.75
2015-11-16,6.542,,1.167,10.917
2015-11-17,18.833,,1.125,28.875
2015-11-18,12.042,,1.042,19.458
2015-11-19,4.875,,1.083,9.875
2015-11-20,9.75,,0.957,16.125
2015-11-21,7.667,,1.0,12.458
2015-11-22,16.292,,1.083,24.917
2015-11-23,17.875,,1.083,27.208
2015-11-24,7.708,,0.792,13.167
2015-11-25,6.125,,0.667,12.792
2015-11-26,6.125,,0.542,11.792
2015-11-27,4.708,,1.143,10.25
2015-11-28,5.333,,1.0,9.875
2015-11-29,5.167,,1.167,9.833
2015-11-30,12.875,,2.083,19.833
2015-12-01,8.292,,1.083,13.625
2015-12-02,14.042,,2.083,21.958
2015-12-03,9.25,,1.625,14.375
2015-12-04,5.409,,1.043,11.167
2015-12-05,4.417,,1.083,8.875
2015-12-06,5.5,,1.0,11.708
2015-12-07,11.125,,1.042,17.167
2015-12-08,15.125,,1.042,22.333
2015-12-09,15.125,,1.167,23.125
2015-12-10,23.083,,1.958,39.167
2015-12-11,10.708,,1.591,15.5
2015-12-12,8.292,,1.208,16.667
2015-12-13,17.75,,1.375,26.125
2015-12-14,14.458,,1.042,23.542
2015-12-15,14.833,,1.167,23.792
2015-12-16,10.375,,1.292,19.625
2015-12-17,3.292,,1.25,8.875
2015-12-18,5.333,,1.571,11.167
2015-12-19,6.333,,1.167,11.583
2015-12-20,11.333,,2.167,15.167
2015-12-21,16.375,,2.958,23.833
2015-12-22,9.25,,1.833,15.75
2015-12-23,25.708,,2.292,38.5
2015-12-24,14.458,,1.75,23.875
2015-12-25,10.875,,0.591,21.435
2015-12-26,8.0,,0.875,14.167
2015-12-27,4.458,,0.708,10.542
2015-12-28,6.75,,0.917,9.542
2015-12-29,5.167,,0.583,8.583
2015-12-30,5.5,,0.708,9.333
2015-12-31,10.125,,1.458,14.292
2016-01-01,5.917,0.0,1.0,11.167
2016-01-02,8.208,0.0,1.125,14.0
2016-01-03,11.542,0.0,1.667,15.958
2016-01-04,11.75,0.0,1.292,16.792
2016-01-05,7.208,0.0,1.417,13.25
2016-01-06,6.522,0.0,1.0,11.292
2016-01-07,9.583,0.0,1.0,15.625
2016-01-08,14.375,17.0,2.042,19.458
2016-01-09,4.833,6.0,1.208,9.75
2016-01-10,3.792,0.0,1.083,8.917
2016-01-11,4.542,0.0,1.208,9.0
2016-01-12,5.042,0.0,1.125,9.625
2016-01-13,6.217,0.0,1.478,9.583
2016-01-14,3.833,0.0,1.167,8.958
2016-01-15,4.542,1.0,1.917,9.458
2016-01-16,2.292,0.0,1.583,7.75
2016-01-17,3.083,0.0,1.542,7.958
2016-01-18,5.375,0.0,1.458,12.292
2016-01-19,13.083,0.0,1.478,18.542
2016-01-20,18.208,0.0,1.348,25.042
2016-01-21,10.375,0.0,1.208,16.042
2016-01-22,8.292,0.0,1.167,14.25
2016-01-23,6.125,0.0,1.167,9.458
2016-01-24,4.875,0.0,2.0,10.625
2016-01-25,5.417,0.0,2.167,9.417
2016-01-26,5.5,0.0,1.25,11.25
2016-01-27,9.375,0.0,1.826,18.583
2016-01-28,11.875,0.0,1.167,19.542
2016-01-29,10.083,0.0,1.25,19.917
2016-01-30,8.583,0.0,0.75,15.833
2016-01-31,5.792,0.0,0.583,11.792
2016-02-01,5.208,0.0,0.958,11.333
2016-02-02,6.083,0.0,0.333,9.292
2016-02-03,5.136,1.0,1.091,11.739
2016-02-04,6.417,0.0,1.167,10.083
2016-02-05,14.333,0.0,1.125,19.625
2016-02-06,7.0,0.0,1.125,11.458
2016-02-07,5.0,0.0,1.583,9.25
2016-02-08,5.042,0.0,1.875,8.667
2016-02-09,12.875,3.0,1.167,20.75
2016-02-10,9.25,1.0,1.0,12.833
2016-02-11,3.583,0.0,2.042,7.375
2016-02-12,4.167,0.0,1.833,6.833
2016-02-13,5.042,0.0,1.5,8.458
2016-02-14,6.375,0.0,1.125,8.542
2016-02-15,7.667,0.0,1.208,12.417
2016-02-16,12.125,0.0,1.333,20.0
2016-02-17,10.292,0.0,1.591,18.083
2016-02-18,6.25,0.0,0.25,9.583
2016-02-19,5.958,0.0,1.292,11.333
2016-02-20,7.125,2.0,1.625,13.875
2016-02-21,6.042,0.0,0.708,10.875
2016-02-22,4.3,0.0,1.125,16.083
2016-02-23,,0.0,0.875,17.167
2016-02-24,12.75,4.0,1.0,11.292
2016-02-25,6.583,0.0,1.167,10.417
2016-02-26,6.292,0.0,1.458,11.667
2016-02-27,8.375,0.0,1.0,12.667
2016-02-28,10.958,0.0,1.083,16.417
2016-03-01,19.167,0.0,1.25,33.833
2016-03-02,24.708,0.0,1.304,53.9
2016-03-03,9.391,0.0,1.273,15.091
2016-03-04,11.833,0.0,1.25,19.667
2016-03-05,17.833,0.0,1.875,29.958
2016-03-06,29.083,0.0,1.375,47.75
2016-03-07,5.708,0.0,1.333,11.792
2016-03-08,7.917,0.0,5.0,14.25
2016-03-09,7.833,0.0,2.542,15.083
2016-03-10,9.417,0.0,1.174,15.125
2016-03-11,8.75,0.0,1.125,15.167
2016-03-12,9.958,0.0,1.167,19.167
2016-03-13,16.917,0.0,2.0,31.292
2016-03-14,19.417,5.0,1.125,36.5
2016-03-15,10.625,1.0,1.0,17.5
2016-03-16,6.083,0.0,1.292,10.917
2016-03-17,15.615,0.0,0.909,15.458
2016-03-18,17.583,0.0,1.667,25.208
2016-03-19,31.348,0.0,2.542,42.042
2016-03-20,25.458,0.0,1.542,36.042
2016-03-21,17.917,13.0,0.542,25.75
2016-03-22,11.667,0.0,0.583,17.792
2016-03-23,11.417,0.0,0.875,16.917
2016-03-24,11.375,0.0,0.478,14.542
2016-03-25,11.958,0.0,1.0,16.75
2016-03-26,10.667,18.0,0.25,17.208
2016-03-27,6.417,18.0,0.208,10.875
2016-03-28,13.083,0.0,0.708,18.917
2016-03-29,16.708,0.0,1.042,24.75
2016-03-30,19.458,0.0,1.261,33.292
2016-03-31,20.667,4.0,0.826,24.458
2016-04-01,18.364,0.0,1.273,26.75
2016-04-02,22.208,0.0,0.833,33.583
2016-04-03,17.0,0.0,0.875,26.292
2016-04-04,13.083,3.0,0.75,22.167
2016-04-05,7.792,3.0,0.292,20.708
2016-04-06,13.833,0.0,1.25,19.667
2016-04-07,11.583,14.0,0.708,23.5
2016-04-08,9.0,0.0,0.826,15.542
2016-04-09,14.5,0.0,0.75,21.292
2016-04-10,19.167,0.0,0.792,28.125
2016-04-11,9.917,0.0,0.833,20.792
2016-04-12,18.625,0.0,1.125,24.167
2016-04-13,18.125,1.0,1.083,27.583
2016-04-14,11.25,3.0,0.542,20.375
2016-04-15,8.542,0.0,0.0,13.75
2016-04-16,13.667,0.0,0.833,21.625
2016-04-17,13.833,0.0,0.917,20.333
2016-04-18,13.167,0.0,0.333,21.958
2016-04-19,15.167,0.0,0.625,24.417
2016-04-20,14.333,0.0,1.0,19.75
2016-04-21,17.208,9.0,0.792,31.625
2016-04-22,11.542,0.0,1.043,20.125
2016-04-23,15.333,0.0,1.0,24.667
2016-04-24,25.833,0.0,0.833,40.625
2016-04-25,20.333,0.0,1.208,32.875
2016-04-26,18.625,0.0,1.667,30.708
2016-04-27,20.042,0.0,1.208,37.208
2016-04-28,7.208,35.0,0.087,18.773
2016-04-29,6.125,0.0,0.13,11.75
2016-04-30,12.792,0.0,0.083,15.167
2016-05-01,24.75,0.0,0.667,28.792
2016-05-02,31.708,0.0,0.208,50.875
2016-05-03,30.333,0.0,0.792,43.458
2016-05-04,12.167,2.0,0.208,19.542
2016-05-05,11.083,0.0,0.583,16.417
2016-05-06,13.087,0.0,0.348,18.667
2016-05-07,19.042,0.0,0.375,27.917
2016-05-08,19.375,0.0,0.125,32.208
2016-05-09,21.708,5.0,0.417,38.625
2016-05-10,7.042,7.0,0.083,12.292
2016-05-11,5.583,6.0,0.25,12.458
2016-05-12,6.667,0.0,0.208,9.583
2016-05-13,16.292,0.0,1.0,24.042
2016-05-14,16.542,0.0,1.083,23.5
2016-05-15,15.083,0.0,1.125,22.458
2016-05-16,26.292,0.0,1.083,46.542
2016-05-17,16.875,6.0,0.375,34.5
2016-05-18,13.042,0.0,0.708,17.708
2016-05-19,14.125,0.0,1.083,17.458
2016-05-20,13.125,0.0,1.087,20.0
2016-05-21,14.125,0.0,1.042,19.583
2016-05-22,15.042,0.0,1.0,18.917
2016-05-23,25.0,0.0,1.292,30.875
2016-05-24,32.542,0.0,1.5,40.708
2016-05-25,37.167,0.0,1.292,52.583
2016-05-26,31.625,0.0,1.0,45.458
2016-05-27,12.292,0.0,1.0,24.583
2016-05-28,24.292,0.0,0.958,34.542
2016-05-29,25.708,0.0,1.0,32.167
2016-05-30,7.125,9.0,0.125,14.417
2016-05-31,13.043,7.0,0.917,20.625
2016-06-01,6.958,0.0,0.083,14.625
2016-06-02,6.083,0.0,0.25,12.958
2016-06-03,12.522,0.0,1.174,16.083
2016-06-04,17.417,0.0,1.0,22.0
2016-06-05,16.625,0.0,1.208,23.208
2016-06-06,20.833,0.0,1.0,31.083
2016-06-07,18.042,5.0,0.833,35.833
2016-06-08,17.625,5.0,0.75,29.292
2016-06-09,9.292,3.0,0.708,19.292
2016-06-10,11.75,0.0,0.955,14.375
2016-06-11,14.125,0.0,1.083,19.833
2016-06-12,13.0,0.0,1.042,19.292
2016-06-13,3.625,82.0,0.25,12.292
2016-06-14,9.75,1.0,0.833,16.167
2016-06-15,10.417,14.0,0.375,24.208
2016-06-16,11.458,18.0,0.292,23.417
2016-06-17,11.25,3.0,0.087,16.875
2016-06-18,16.167,0.0,0.125,19.375
2016-06-19,19.542,1.0,0.333,33.0
2016-06-20,18.625,3.0,0.292,27.625
2016-06-21,19.5,1.0,0.083,30.792
2016-06-22,22.25,4.0,0.083,49.083
2016-06-23,13.792,27.0,0.0,33.292
2016-06-24,7.667,14.0,0.318,19.375
2016-06-25,12.833,4.0,0.125,25.125
2016-06-26,7.208,0.0,0.042,11.125
2016-06-27,12.083,0.0,0.875,16.583
2016-06-28,8.25,24.0,0.25,15.167
2016-06-29,13.5,2.0,0.208,26.208
2016-06-30,13.667,6.0,0.208,23.5
2016-07-01,28.174,0.0,1.478,46.375
2016-07-02,36.375,0.0,1.375,74.208
2016-07-03,23.25,0.0,1.0,35.583
2016-07-04,9.708,12.0,0.625,23.708
2016-07-05,6.625,1.0,0.458,21.708
2016-07-06,18.292,0.0,0.792,35.333
2016-07-07,17.417,0.0,1.167,27.375
2016-07-08,19.292,0.0,0.857,44.136
2016-07-09,9.25,12.0,0.167,21.167
2016-07-10,12.083,0.0,0.75,15.167
2016-07-11,14.0,0.0,0.792,21.0
2016-07-12,20.083,0.0,0.958,29.208
2016-07-13,22.875,6.0,0.708,65.5
2016-07-14,20.208,4.0,0.542,52.042
2016-07-15,8.458,11.0,0.043,19.417
2016-07-16,15.083,1.0,0.5,25.375
2016-07-17,21.875,0.0,0.333,49.958
2016-07-18,16.0,0.0,0.667,26.292
2016-07-19,13.25,0.0,1.0,20.5
2016-07-20,11.542,0.0,1.0,20.583
2016-07-21,5.042,1.0,0.087,16.292
2016-07-22,6.043,7.0,0.13,13.125
2016-07-23,,0.0,0.292,19.917
2016-07-24,,0.0,0.333,23.0
2016-07-25,24.615,0.0,0.833,20.667
2016-07-26,10.208,32.0,0.708,26.167
2016-07-27,16.167,1.0,0.5,28.708
2016-07-28,15.583,0.0,0.875,27.25
2016-07-29,11.25,0.0,0.826,17.875
2016-07-30,9.75,0.0,0.875,18.208
2016-07-31,10.333,0.0,0.583,20.917
2016-08-01,4.667,61.0,0.0,14.792
2016-08-02,3.696,136.0,0.348,10.826
2016-08-03,9.958,0.0,0.833,22.208
2016-08-04,14.667,0.0,1.417,30.667
2016-08-05,15.864,0.0,1.045,31.5
2016-08-06,23.75,0.0,0.667,37.833
2016-08-07,11.375,0.0,0.75,26.375
2016-08-08,10.542,0.0,0.208,18.042
2016-08-09,11.792,0.0,0.292,18.917
2016-08-10,11.792,0.0,0.667,22.333
2016-08-11,13.0,0.0,0.958,24.208
2016-08-12,11.333,0.0,1.0,21.875
2016-08-13,14.083,0.0,0.958,23.0
2016-08-14,11.917,0.0,0.75,20.375
2016-08-15,15.958,0.0,0.958,33.458
2016-08-16,13.333,0.0,0.458,29.292
2016-08-17,6.125,21.0,0.292,15.958
2016-08-18,8.261,0.0,0.609,17.833
2016-08-19,9.167,23.0,0.609,19.833
2016-08-20,2.125,6.0,0.25,15.458
2016-08-21,9.625,0.0,0.958,18.875
2016-08-22,1.417,65.0,0.333,14.375
2016-08-23,9.542,9.0,0.667,16.375
2016-08-24,11.625,1.0,0.667,26.417
2016-08-25,13.375,0.0,0.958,23.958
2016-08-26,12.583,0.0,0.609,22.333
2016-08-27,-0.667,23.0,0.0,12.667
2016-08-28,5.542,9.0,0.0,11.833
2016-08-29,5.792,26.0,0.167,12.083
2016-08-30,1.792,27.0,0.042,9.458
2016-08-31,14.042,0.0,0.625,18.5
2016-09-01,15.208,0.0,0.625,21.708
2016-09-02,19.13,0.0,0.636,30.292
2016-09-03,14.083,0.0,0.417,24.042
2016-09-04,7.792,4.0,0.208,19.625
2016-09-05,11.048,0.0,1.0,27.667
2016-09-06,12.409,2.0,0.636,25.545
2016-09-07,6.958,9.0,0.333,17.833
2016-09-08,4.958,19.0,0.125,15.958
2016-09-09,6.917,0.0,0.957,10.0
2016-09-10,10.167,2.0,0.833,17.0
2016-09-11,9.708,0.0,1.0,17.667
2016-09-12,9.583,11.0,0.917,19.458
2016-09-13,4.333,41.0,0.458,11.417
2016-09-14,7.167,2.0,0.583,15.292
2016-09-15,11.375,0.0,0.833,20.75
2016-09-16,9.542,0.0,1.0,23.348
2016-09-17,17.417,1.0,0.792,24.083
2016-09-18,8.5,26.0,0.208,18.333
2016-09-19,2.0,29.0,0.417,9.083
2016-09-20,1.625,55.0,0.292,7.542
2016-09-21,6.348,2.0,0.478,11.783
2016-09-22,4.708,14.0,0.125,11.542
2016-09-23,7.708,12.0,0.478,15.292
2016-09-24,9.292,0.0,0.875,19.917
2016-09-25,10.417,0.0,0.792,15.167
2016-09-26,10.875,2.0,1.0,19.875
2016-09-27,18.0,0.0,1.0,31.417
2016-09-28,15.542,7.0,1.0,26.667
2016-09-29,2.583,0.0,0.958,10.292
2016-09-30,8.333,0.0,0.727,13.292
2016-10-01,13.167,5.0,0.75,20.708
2016-10-02,17.625,0.0,0.958,23.5
2016-10-03,24.208,2.0,0.75,62.125
2016-10-04,9.25,0.0,0.625,14.583
2016-10-05,11.417,1.0,0.875,21.75
2016-10-06,6.042,0.0,0.792,10.083
2016-10-07,11.565,0.0,1.0,14.333
2016-10-08,22.458,0.0,1.167,32.167
2016-10-09,9.125,5.0,0.792,17.125
2016-10-10,6.875,0.0,0.958,11.75
2016-10-11,7.875,0.0,0.625,12.5
2016-10-12,7.625,0.0,0.75,10.083
2016-10-13,9.292,0.0,0.875,15.542
2016-10-14,13.208,0.0,0.727,20.25
2016-10-15,16.833,0.0,1.0,22.75
2016-10-16,18.542,0.0,1.417,22.458
2016-10-17,14.75,20.0,1.0,22.458
2016-10-18,10.261,0.0,1.087,16.043
2016-10-19,10.708,1.0,1.0,17.792
2016-10-20,13.417,0.0,1.043,21.478
2016-10-21,10.583,0.0,1.0,15.625
2016-10-22,15.208,0.0,1.042,20.208
2016-10-23,9.042,0.0,1.125,13.708
2016-10-24,4.625,0.0,1.0,8.875
2016-10-25,9.917,0.0,1.0,14.708
2016-10-26,16.958,4.0,1.333,18.0
2016-10-27,6.792,0.0,1.0,14.261
2016-10-28,11.833,12.0,1.174,18.458
2016-10-29,8.042,0.0,0.208,11.083
2016-10-30,12.917,0.0,0.75,19.0
2016-10-31,15.542,0.0,1.125,21.042
2016-11-01,6.458,2.0,0.792,12.625
2016-11-02,9.091,0.0,0.833,15.417
2016-11-03,8.292,0.0,0.958,14.625
2016-11-04,11.25,0.0,1.087,14.875
2016-11-05,15.833,0.0,1.125,21.167
2016-11-06,8.75,0.0,1.083,16.208
2016-11-07,14.667,0.0,1.0,22.375
2016-11-08,18.958,0.0,1.458,29.875
2016-11-09,3.042,0.0,1.167,11.042
2016-11-10,9.792,0.0,1.333,16.792
2016-11-11,10.917,13.0,1.0,21.0
2016-11-12,9.917,0.0,0.875,14.875
2016-11-13,13.667,0.0,1.042,20.708
2016-11-14,20.458,14.0,1.5,32.792
2016-11-15,9.458,0.0,1.042,16.417
2016-11-16,5.208,0.0,1.0,9.833
2016-11-17,5.875,0.0,1.083,10.75
2016-11-18,9.333,0.0,1.261,15.542
2016-11-19,13.167,5.0,1.292,23.083
2016-11-20,14.667,0.0,1.0,28.792
2016-11-21,11.917,1.0,1.0,25.167
2016-11-22,12.292,0.0,1.125,23.792
2016-11-23,0.708,0.0,1.042,9.0
2016-11-24,5.167,8.0,0.958,10.875
2016-11-25,6.0,7.0,0.909,9.696
2016-11-26,8.333,0.0,1.0,14.042
2016-11-27,13.083,10.0,0.833,21.042
2016-11-28,6.5,1.0,0.875,11.333
2016-11-29,5.25,0.0,0.958,10.458
2016-11-30,11.458,0.0,0.958,16.542
2016-12-01,15.957,0.0,1.333,23.25
2016-12-02,6.125,0.0,1.0,12.792
2016-12-03,10.625,0.0,1.5,15.625
2016-12-04,20.042,1.0,1.542,29.292
2016-12-05,8.625,1.0,1.208,16.0
2016-12-06,4.083,0.0,1.167,8.667
2016-12-07,8.125,0.0,1.042,12.833
2016-12-08,8.042,0.0,1.458,11.417
2016-12-09,11.211,0.0,1.955,16.917
2016-12-10,7.0,0.0,1.125,8.5
2016-12-11,4.5,0.0,1.333,9.375
2016-12-12,9.333,0.0,1.208,15.667
2016-12-13,16.0,5.0,1.75,28.25
2016-12-14,7.667,18.0,1.167,12.125
2016-12-15,5.458,0.0,1.125,10.833
2016-12-16,5.87,0.0,1.4,10.292
2016-12-17,3.042,0.0,0.75,9.625
2016-12-18,9.833,0.0,1.25,15.458
2016-12-19,11.958,0.0,1.208,19.875
2016-12-20,15.542,0.0,1.208,24.417
2016-12-21,14.833,0.0,1.0,22.417
2016-12-22,18.042,0.0,1.318,33.708
2016-12-23,6.708,0.0,1.13,9.292
2016-12-24,4.5,0.0,1.125,8.667
2016-12-25,4.667,0.0,1.0,9.042
2016-12-26,14.625,0.0,1.833,23.042
2016-12-27,6.583,0.0,1.25,11.583
2016-12-28,5.917,0.0,1.0,9.542
2016-12-29,4.667,0.0,1.167,10.833
2016-12-30,5.375,0.0,1.0,8.417
2016-12-31,4.458,0.0,1.167,9.333
2017-01-01,4.75,0.0,1.083,10.875
2017-01-02,4.208,0.0,1.792,7.792
2017-01-03,6.5,0.0,1.083,9.125
2017-01-04,5.125,0.0,1.565,9.261
2017-01-05,8.667,0.0,1.174,12.542
2017-01-06,3.292,0.0,0.292,8.458
2017-01-07,6.458,0.0,1.208,10.083
2017-01-08,14.292,0.0,0.833,19.917
2017-01-09,7.542,1.0,0.833,11.583
2017-01-10,8.958,0.0,0.75,11.542
2017-01-11,8.208,0.0,0.667,9.125
2017-01-12,6.87,0.0,1.045,9.435
2017-01-13,6.167,0.0,0.875,13.708
2017-01-14,6.625,0.0,1.042,10.583
2017-01-15,9.167,0.0,1.125,14.833
2017-01-16,11.25,0.0,1.708,18.875
2017-01-17,18.833,6.0,1.333,32.667
2017-01-18,8.958,0.0,0.833,16.917
2017-01-19,12.542,0.0,1.043,17.792
2017-01-20,18.042,0.0,1.167,23.583
2017-01-21,8.708,0.0,1.042,14.292
2017-01-22,11.292,0.0,0.625,13.167
2017-01-23,8.125,9.0,0.833,14.583
2017-01-24,5.833,1.0,1.292,7.542
2017-01-25,2.875,0.0,1.0,9.5
2017-01-26,3.292,0.0,1.182,7.261
2017-01-27,3.75,0.0,1.667,10.25
2017-01-28,8.875,0.0,1.333,12.875
2017-01-29,5.667,0.0,1.083,13.875
2017-01-30,8.208,0.0,1.083,8.75
2017-01-31,7.542,0.0,1.208,13.458
2017-02-01,14.125,3.0,0.75,22.042
2017-02-02,10.5,10.0,0.174,16.292
2017-02-03,10.0,5.0,0.583,21.458
2017-02-04,9.208,0.0,0.667,12.042
2017-02-05,8.042,0.0,0.792,11.25
2017-02-06,5.0,0.0,1.0,9.083
2017-02-07,-6.714,0.0,0.913,9.292
2017-02-08,,0.0,1.042,11.083
2017-02-09,28.917,0.0,1.565,24.083
2017-02-10,20.042,0.0,1.792,33.75
2017-02-11,13.167,0.0,1.042,17.333
2017-02-12,5.458,0.0,1.042,10.25
2017-02-13,6.667,0.0,1.083,10.833
2017-02-14,4.542,0.0,1.136,10.318
2017-02-15,10.625,0.0,1.0,6.917
2017-02-16,8.417,0.0,1.13,11.167
2017-02-17,12.625,0.0,1.083,16.0
2017-02-18,5.583,0.0,1.0,11.667
2017-02-19,3.5,0.0,1.0,12.625
2017-02-20,10.208,0.0,1.042,16.5
2017-02-21,11.375,0.0,1.0,14.304
2017-02-22,14.125,1.0,0.875,20.875
2017-02-23,12.167,0.0,0.652,23.042
2017-02-24,8.958,0.0,0.917,17.125
2017-02-25,12.667,0.0,0.792,18.292
2017-02-26,15.708,0.0,0.833,26.708
2017-02-27,17.5,0.0,0.792,27.292
2017-02-28,17.0,0.0,1.125,31.333
2017-03-01,6.792,27.0,0.333,14.667
2017-03-02,12.091,0.0,0.565,12.667
2017-03-03,8.542,0.0,1.167,20.042
2017-03-04,14.167,0.0,2.208,27.125
2017-03-05,19.458,7.0,1.667,30.625
2017-03-06,9.542,0.0,0.583,10.417
2017-03-07,9.333,0.0,0.958,16.708
2017-03-08,6.667,15.0,0.458,16.667
2017-03-09,5.125,10.0,0.0,10.0
2017-03-10,5.5,0.0,0.0,8.292
2017-03-11,8.292,0.0,0.0,18.208
2017-03-12,8.458,0.0,0.0,12.708
2017-03-13,8.75,0.0,0.083,23.625
2017-03-14,15.542,0.0,0.667,31.625
2017-03-15,24.417,0.0,0.833,39.708
2017-03-16,17.5,0.0,0.348,18.458
2017-03-17,8.583,0.0,0.125,17.667
2017-03-18,12.375,0.0,0.583,24.792
2017-03-19,16.5,3.0,0.75,30.458
2017-03-20,11.417,10.0,0.0,15.875
2017-03-21,11.042,18.0,0.0,13.375
2017-03-22,-0.333,18.0,0.042,7.125
2017-03-23,1.667,0.0,0.591,8.696
2017-03-24,5.208,0.0,0.875,14.958
2017-03-25,14.5,0.0,0.792,22.375
2017-03-26,11.75,0.0,1.125,22.417
2017-03-27,18.042,0.0,1.667,29.875
2017-03-28,21.583,0.0,1.667,38.333
2017-03-29,24.042,0.0,1.417,38.125
2017-03-30,16.333,0.0,0.0,17.542
2017-03-31,10.667,0.0,0.833,20.958
2017-04-01,11.458,7.0,0.25,18.625
2017-04-02,11.042,0.0,1.458,16.5
2017-04-03,12.583,0.0,1.208,18.208
2017-04-04,16.792,0.0,1.125,24.542
2017-04-05,22.208,0.0,1.375,31.792
2017-04-06,19.958,0.0,1.5,31.333
2017-04-07,13.217,1.0,0.739,20.292
2017-04-08,14.125,0.0,0.042,25.458
2017-04-09,13.708,3.0,0.083,24.667
2017-04-10,13.833,0.0,0.917,19.833
2017-04-11,12.083,34.0,0.542,19.917
2017-04-12,5.625,0.0,0.25,12.833
2017-04-13,14.708,0.0,0.542,18.542
2017-04-14,16.75,0.0,1.318,21.727
2017-04-15,15.417,0.0,1.333,22.083
2017-04-16,17.417,0.0,1.792,21.792
2017-04-17,22.875,2.0,1.625,25.375
2017-04-18,5.583,7.0,0.667,12.583
2017-04-19,9.875,0.0,1.125,10.042
2017-04-20,13.125,0.0,1.25,16.542
2017-04-21,14.667,0.0,0.913,18.375
2017-04-22,18.875,0.0,0.167,12.958
2017-04-23,8.333,0.0,0.125,9.167
2017-04-24,10.875,0.0,1.083,9.333
2017-04-25,14.167,0.0,0.833,9.667
2017-04-26,16.75,0.0,0.826,9.625
2017-04-27,6.708,0.0,0.0,7.75
2017-04-28,12.0,0.0,0.913,13.958
2017-04-29,14.833,2.0,0.625,14.333
2017-04-30,12.542,0.0,1.083,17.042
2017-05-01,14.417,1.0,1.042,12.792
2017-05-02,8.565,0.0,0.833,12.125
2017-05-03,11.875,0.0,1.25,13.792
2017-05-04,12.333,0.0,1.042,13.208
2017-05-05,11.792,0.0,1.087,14.875
2017-05-06,20.083,0.0,0.833,17.125
2017-05-07,33.5,0.0,0.292,17.458
2017-05-08,29.0,0.0,0.75,15.625
2017-05-09,16.417,0.0,0.792,11.792
2017-05-10,18.167,1.0,0.125,11.667
2017-05-11,12.583,0.0,0.208,10.833
2017-05-12,23.167,2.0,0.864,18.208
2017-05-13,13.875,49.0,0.0,11.042
2017-05-14,5.75,0.0,0.0,7.375
2017-05-15,9.917,0.0,0.083,10.292
2017-05-16,13.667,0.0,0.417,12.292
2017-05-17,13.333,8.0,0.0,14.583
2017-05-18,12.125,12.0,1.208,12.083
2017-05-19,16.292,0.0,1.0,17.167
2017-05-20,22.667,0.0,1.167,22.75
2017-05-21,25.0,0.0,1.333,23.5
2017-05-22,25.625,0.0,1.333,22.5
2017-05-23,18.75,0.0,1.292,15.875
2017-05-24,18.125,1.0,0.833,14.042
2017-05-25,10.083,19.0,0.208,11.417
2017-05-26,9.875,7.0,0.0,11.13
2017-05-27,7.542,3.0,0.042,12.875
2017-05-28,8.208,1.0,0.333,12.583
2017-05-29,13.042,0.0,1.125,17.792
2017-05-30,23.25,0.0,1.292,32.5
2017-05-31,30.083,0.0,1.333,47.125
2017-06-01,12.458,1.0,0.708,18.958
2017-06-02,7.826,17.0,0.304,11.542
2017-06-03,4.5,0.0,0.208,7.25
2017-06-04,5.5,0.0,0.125,8.667
2017-06-05,3.3,0.0,0.292,10.083
2017-06-06,16.429,0.0,0.917,18.417
2017-06-07,16.625,2.0,0.708,26.417
2017-06-08,11.958,1.0,0.304,17.522
2017-06-09,9.917,0.0,0.783,14.75
2017-06-10,10.292,0.0,0.417,15.083
2017-06-11,9.75,0.0,0.542,13.792
2017-06-12,5.083,0.0,0.125,8.625
2017-06-13,10.625,4.0,0.0,17.583
2017-06-14,10.875,0.0,0.292,18.667
2017-06-15,13.958,2.0,0.583,21.391
2017-06-16,16.292,0.0,0.391,26.125
2017-06-17,8.333,0.0,0.667,12.917
2017-06-18,10.083,0.0,0.708,16.0
2017-06-19,14.0,0.0,0.708,18.75
2017-06-20,22.708,0.0,1.208,34.25
2017-06-21,16.5,25.0,0.25,34.208
2017-06-22,9.417,0.0,0.435,16.292
2017-06-23,18.917,0.0,1.043,25.583
2017-06-24,18.542,0.0,0.75,27.833
2017-06-25,14.417,3.0,0.25,21.542
2017-06-26,10.667,0.0,0.917,16.542
2017-06-27,18.5,0.0,0.917,35.458
2017-06-28,20.583,0.0,0.875,49.292
2017-06-29,24.458,0.0,0.375,52.042
2017-06-30,18.833,6.0,0.435,42.542
2017-07-01,11.333,63.0,0.25,21.125
2017-07-02,10.0,1.0,0.292,18.75
2017-07-03,18.292,3.0,0.708,32.292
2017-07-04,10.042,26.0,0.5,21.708
2017-07-05,7.167,1.0,0.25,12.542
2017-07-06,14.864,0.0,0.87,20.833
2017-07-07,15.417,0.0,1.0,29.792
2017-07-08,21.333,0.0,1.375,35.917
2017-07-09,26.833,0.0,1.208,41.667
2017-07-10,21.958,0.0,0.917,37.333
2017-07-11,13.25,0.0,0.75,26.542
2017-07-12,14.0,21.0,0.917,24.833
2017-07-13,13.458,1.0,0.625,30.167
2017-07-14,12.875,0.0,0.0,30.292
2017-07-15,13.375,0.0,0.25,28.042
2017-07-16,21.792,1.0,0.042,33.75
2017-07-17,9.917,2.0,0.083,19.708
2017-07-18,14.167,0.0,0.0,22.167
2017-07-19,14.292,0.0,0.375,28.125
2017-07-20,14.583,0.0,0.292,32.167
2017-07-21,12.667,0.0,1.0,26.125
2017-07-22,15.667,16.0,1.042,26.458
2017-07-23,18.125,5.0,1.0,37.042
2017-07-24,20.625,1.0,1.0,46.083
2017-07-25,22.583,1.0,1.0,50.167
2017-07-26,11.917,68.0,1.0,19.125
2017-07-27,9.667,1.0,1.0,20.792
2017-07-28,13.875,0.0,1.0,34.375
2017-07-29,10.458,28.0,0.917,22.792
2017-07-30,5.75,13.0,0.917,13.889
2017-07-31,9.875,0.0,1.0,
2017-08-01,21.667,3.0,1.0,
2017-08-02,10.75,2.0,1.0,
2017-08-03,11.833,3.0,1.043,24.0
2017-08-04,17.318,2.0,0.478,28.542
2017-08-05,15.25,0.0,0.042,34.792
2017-08-06,20.958,7.0,0.0,50.208
2017-08-07,19.375,43.0,0.75,38.083
2017-08-08,15.083,16.0,0.375,37.292
2017-08-09,10.208,0.0,0.375,20.083
2017-08-10,18.375,7.0,0.708,25.75
2017-08-11,12.917,18.0,0.0,21.417
2017-08-12,7.958,2.0,0.083,22.083
2017-08-13,11.917,0.0,0.583,22.667
2017-08-14,10.292,6.0,0.292,16.083
2017-08-15,7.083,35.0,0.0,8.75
2017-08-16,5.25,11.0,0.0,10.5
2017-08-17,5.125,1.0,0.391,14.75
2017-08-18,10.5,4.0,0.043,18.542
2017-08-19,12.958,19.0,0.25,18.375
2017-08-20,8.042,4.0,0.083,16.292
2017-08-21,11.75,52.0,0.208,19.542
2017-08-22,14.792,0.0,0.458,30.333
2017-08-23,11.417,0.0,0.333,18.75
2017-08-24,16.167,0.0,0.542,26.208
2017-08-25,11.417,0.0,1.0,16.174
2017-08-26,9.125,0.0,1.0,13.667
2017-08-27,13.667,0.0,1.0,17.667
2017-08-28,14.542,0.0,1.042,23.125
2017-08-29,24.792,0.0,1.042,38.75
2017-08-30,23.042,3.0,1.0,34.833
2017-08-31,8.417,7.0,1.0,8.708
2017-09-01,8.167,3.0,1.0,12.167
2017-09-02,7.208,7.0,0.833,11.125
2017-09-03,6.833,0.0,1.0,10.5
2017-09-04,10.042,0.0,1.0,15.208
2017-09-05,13.125,1.0,1.0,19.833
2017-09-06,13.917,6.0,0.875,23.667
2017-09-07,16.375,0.0,1.0,43.208
2017-09-08,9.348,0.0,1.13,17.125
2017-09-09,9.5,0.0,1.083,17.25
2017-09-10,17.25,0.0,1.0,24.917
2017-09-11,16.417,0.0,1.0,24.0
2017-09-12,7.792,1.0,1.167,14.833
2017-09-13,5.542,0.0,1.042,9.917
2017-09-14,9.792,0.0,1.0,11.75
2017-09-15,8.958,0.0,1.0,10.167
2017-09-16,12.583,3.0,1.0,16.542
2017-09-17,5.583,36.0,0.875,9.792
2017-09-18,1.458,4.0,0.958,10.458
2017-09-19,8.208,0.0,1.0,14.583
2017-09-20,16.875,0.0,1.0,25.5
2017-09-21,7.25,0.0,1.0,13.0
2017-09-22,13.583,6.0,1.0,16.625
2017-09-23,6.375,20.0,1.0,10.792
2017-09-24,10.542,0.0,1.0,16.75
2017-09-25,17.042,0.0,1.0,25.667
2017-09-26,19.875,0.0,1.0,29.0
2017-09-27,20.5,2.0,1.0,32.167
2017-09-28,10.375,8.0,1.0,13.583
2017-09-29,7.5,0.0,1.0,9.667
2017-09-30,10.792,0.0,1.0,14.667
2017-10-01,11.208,0.0,1.083,19.458
2017-10-02,20.167,3.0,1.125,29.25
2017-10-03,6.792,0.0,1.0,14.833
2017-10-04,9.458,0.0,1.0,8.042
2017-10-05,7.958,0.0,1.0,12.875
2017-10-06,12.917,24.0,0.739,17.25
2017-10-07,1.5,13.0,0.625,11.292
2017-10-08,5.958,0.0,0.833,12.208
2017-10-09,10.542,0.0,1.083,18.875
2017-10-10,17.375,0.0,1.0,27.542
2017-10-11,24.0,0.0,1.083,44.958
2017-10-12,12.292,1.0,1.0,27.125
2017-10-13,9.042,28.0,0.455,8.917
2017-10-14,7.458,1.0,0.792,19.792
2017-10-15,10.583,13.0,0.792,18.292
2017-10-16,8.583,39.0,0.167,9.917
2017-10-17,5.542,9.0,0.708,12.5
2017-10-18,9.0,0.0,1.042,16.208
2017-10-19,9.208,27.0,0.75,11.333
2017-10-20,0.542,9.0,0.913,9.542
2017-10-21,3.083,17.0,0.875,7.917
2017-10-22,4.0,93.0,0.833,7.583
2017-10-23,4.417,90.0,0.875,8.083
2017-10-24,10.708,0.0,1.0,15.417
2017-10-25,11.042,2.0,1.0,15.25
2017-10-26,10.13,0.0,1.045,14.091
2017-10-27,14.708,0.0,1.348,23.083
2017-10-28,18.25,13.0,1.625,28.583
2017-10-29,6.0,48.0,1.125,12.083
2017-10-30,10.167,0.0,1.125,9.958
2017-10-31,6.75,0.0,1.458,11.25
2017-11-01,10.208,0.0,1.167,16.0
2017-11-02,10.917,0.0,1.304,18.913
2017-11-03,11.583,0.0,1.522,22.042
2017-11-04,13.0,0.0,1.458,13.75
2017-11-05,13.5,0.0,1.125,18.417
2017-11-06,15.375,0.0,1.208,24.083
2017-11-07,14.208,0.0,1.333,23.0
2017-11-08,24.909,0.0,1.826,31.348
2017-11-09,13.333,0.0,1.042,14.708
2017-11-10,14.208,0.0,1.174,20.875
2017-11-11,6.833,0.0,1.25,13.417
2017-11-12,7.833,0.0,1.0,11.958
2017-11-13,11.333,0.0,1.167,18.75
2017-11-14,19.292,0.0,1.542,32.417
2017-11-15,11.292,0.0,1.125,18.042
2017-11-16,10.25,0.0,1.042,11.583
2017-11-17,8.042,0.0,1.826,16.417
2017-11-18,20.292,0.0,2.458,35.5
2017-11-19,7.292,0.0,1.333,10.125
2017-11-20,11.875,0.0,1.208,15.292
2017-11-21,5.208,0.0,1.042,10.792
2017-11-22,11.083,0.0,1.667,22.708
2017-11-23,9.292,5.0,1.375,17.417
2017-11-24,7.0,0.0,1.273,10.333
2017-11-25,4.917,0.0,1.125,11.917
2017-11-26,6.542,0.0,1.333,18.875
2017-11-27,8.0,0.0,1.0,15.292
2017-11-28,17.208,0.0,1.042,23.208
2017-11-29,10.333,0.0,1.292,18.5
2017-11-30,14.625,0.0,0.75,17.083
2017-12-01,10.565,0.0,1.0,18.208
2017-12-02,9.833,0.0,1.0,11.0
2017-12-03,12.583,0.0,1.125,19.292
2017-12-04,14.125,0.0,1.417,22.958
2017-12-05,7.625,0.0,0.583,11.208
2017-12-06,7.708,0.0,1.125,10.167
2017-12-07,11.25,0.0,1.458,17.917
2017-12-08,12.174,0.0,1.19,16.833
2017-12-09,7.833,0.0,1.042,10.583
2017-12-10,8.583,0.0,1.25,16.042
2017-12-11,7.042,0.0,1.458,13.375
2017-12-12,7.833,0.0,0.583,8.083
2017-12-13,3.792,0.0,0.625,8.375
2017-12-14,3.708,0.0,0.875,10.0
2017-12-15,9.208,0.0,0.913,16.833
2017-12-16,16.208,0.0,1.375,30.083
2017-12-17,9.875,0.0,0.417,9.917
2017-12-18,8.083,0.0,0.792,13.958
2017-12-19,6.708,0.0,0.875,11.708
2017-12-20,14.0,0.0,1.0,13.917
2017-12-21,12.708,0.0,1.208,16.042
2017-12-22,16.208,0.0,0.217,18.958
2017-12-23,14.292,0.0,0.083,18.333
2017-12-24,22.375,0.0,0.583,26.875
2017-12-25,13.375,0.0,0.083,15.25
2017-12-26,6.958,0.0,0.208,8.958
2017-12-27,6.65,0.0,0.042,8.25
2017-12-28,4.292,0.0,0.042,9.25
2017-12-29,3.542,0.0,1.13,10.083
2017-12-30,5.667,0.0,1.0,11.333
2017-12-31,9.458,0.0,1.125,14.0
2018-01-01,3.125,0.0,1.042,
2018-01-02,3.833,0.0,1.333,
2018-01-03,3.458,0.0,1.043,
2018-01-04,6.333,0.0,1.083,
2018-01-05,4.083,0.0,1.0,
2018-01-06,5.75,0.0,0.917,
2018-01-07,4.75,0.0,1.083,
2018-01-08,9.0,0.0,1.125,
2018-01-09,6.864,0.0,0.727,
2018-01-10,8.75,0.0,1.391,
2018-01-11,5.333,0.0,1.0,
2018-01-12,11.708,0.0,1.125,
2018-01-13,11.417,0.0,1.083,
2018-01-14,8.333,0.0,1.0,
2018-01-15,10.667,0.0,1.458,
2018-01-16,8.625,0.0,1.125,
2018-01-17,5.458,0.0,1.348,
2018-01-18,4.458,0.0,1.042,
2018-01-19,6.0,0.0,1.208,
2018-01-20,5.5,0.0,1.708,
2018-01-21,6.708,0.0,1.083,
2018-01-22,7.042,0.0,1.5,
2018-01-23,9.25,0.0,1.182,9.857
2018-01-24,4.667,0.0,0.261,1.0
2018-01-25,4.292,0.0,0.5,6.3
2018-01-26,6.292,0.0,0.542,4.208
2018-01-27,4.417,0.0,0.167,3.167
2018-01-28,4.292,0.0,0.708,5.292
2018-01-29,11.25,0.0,0.417,10.792
2018-01-30,11.792,0.0,0.542,14.125
2018-01-31,9.125,3.0,1.0,18.636
2018-02-01,4.917,0.0,0.958,1.625
2018-02-02,6.5,0.0,1.0,5.5
2018-02-03,9.083,0.0,1.042,10.458
2018-02-04,7.542,0.0,1.0,7.958
2018-02-05,14.333,0.0,1.0,14.625
2018-02-06,19.292,0.0,1.333,29.583
2018-02-07,6.708,0.0,1.522,7.25
2018-02-08,6.273,0.0,1.0,1.217
2018-02-09,12.75,0.0,1.0,15.833
2018-02-10,7.917,0.0,1.0,8.417
2018-02-11,9.875,0.0,1.0,9.333
2018-02-12,6.792,0.0,1.0,5.542
2018-02-13,8.583,0.0,1.0,6.792
2018-02-14,8.5,0.0,0.318,4.625
2018-02-15,8.125,0.0,1.0,9.208
2018-02-16,8.042,0.0,1.125,9.5
2018-02-17,10.833,0.0,1.0,8.875
2018-02-18,6.667,0.0,1.0,7.875
2018-02-19,15.5,2.0,1.333,23.917
2018-02-20,6.7,1.0,1.0,7.792
2018-02-21,,0.0,0.304,1.792
2018-02-22,17.75,0.0,0.5,7.333
2018-02-23,13.333,0.0,0.542,13.583
2018-02-24,15.125,0.0,0.833,18.25
2018-02-25,13.5,0.0,0.833,20.292
2018-02-26,17.0,0.0,0.958,19.167
2018-02-27,14.875,0.0,0.792,17.958
2018-02-28,19.792,9.0,1.043,33.5
2018-03-01,10.708,2.0,0.792,13.042
2018-03-02,17.417,0.0,1.0,24.208
2018-03-03,21.667,7.0,0.75,32.167
2018-03-04,9.083,25.0,0.167,15.542
2018-03-05,9.833,1.0,0.667,10.75
2018-03-06,20.583,0.0,1.0,33.25
2018-03-07,11.391,8.0,0.636,11.913
2018-03-08,7.75,0.0,0.667,4.708
2018-03-09,6.667,0.0,0.875,7.542
2018-03-10,10.958,6.0,1.042,13.875
2018-03-11,5.375,30.0,0.542,7.125
2018-03-12,7.75,0.0,0.708,6.875
2018-03-13,8.375,0.0,0.783,5.0
2018-03-14,7.208,0.0,1.043,3.875
2018-03-15,11.125,0.0,1.0,12.583
2018-03-16,12.042,0.0,1.125,15.167
2018-03-17,8.875,0.0,1.0,8.75
2018-03-18,6.208,0.0,1.042,6.667
2018-03-19,9.167,0.0,1.417,14.958
2018-03-20,7.182,0.0,1.652,15.083
2018-03-21,13.769,0.0,1.348,19.542
2018-03-22,8.304,0.0,0.522,6.875
2018-03-23,6.708,0.0,0.0,1.5
2018-03-24,8.375,0.0,0.042,7.542
2018-03-25,10.667,0.0,0.542,14.208
2018-03-26,12.792,0.0,0.625,15.375
2018-03-27,11.875,0.0,0.739,17.458
2018-03-28,10.0,0.0,1.0,9.333
2018-03-29,9.958,0.0,0.625,11.25
2018-03-30,14.375,5.0,0.5,37.708
2018-03-31,8.083,0.0,0.292,17.167
2018-04-01,12.292,0.0,1.0,26.292
2018-04-02,23.167,0.0,0.958,38.292
2018-04-03,27.333,0.0,0.583,52.75
2018-04-04,26.333,0.0,0.708,43.125
2018-04-05,7.75,0.0,0.625,15.542
2018-04-06,14.409,0.0,0.043,28.875
2018-04-07,11.625,1.0,0.0,15.708
2018-04-08,10.333,0.0,0.0,20.583
2018-04-09,7.625,0.0,0.0,17.792
2018-04-10,11.458,0.0,0.0,23.625
2018-04-11,17.417,3.0,0.0,31.792
2018-04-12,11.625,2.0,0.0,19.417
2018-04-13,12.917,0.0,0.0,17.87
2018-04-14,9.417,0.0,0.75,20.125
2018-04-15,10.25,4.0,0.0,17.125
2018-04-16,14.833,0.0,0.0,40.875
2018-04-17,11.458,5.0,0.0,22.667
2018-04-18,6.292,23.0,0.0,18.792
2018-04-19,9.208,0.0,0.292,16.542
2018-04-20,18.25,0.0,0.609,30.292
2018-04-21,23.958,0.0,1.042,39.458
2018-04-22,23.458,0.0,1.0,35.125
2018-04-23,31.458,1.0,0.708,53.125
2018-04-24,11.25,8.0,0.0,24.958
2018-04-25,5.333,22.0,0.167,13.792
2018-04-26,6.208,0.0,0.217,14.333
2018-04-27,14.875,0.0,0.565,22.375
2018-04-28,12.667,0.0,0.583,22.417
2018-04-29,17.25,0.0,0.708,26.583
2018-04-30,15.125,0.0,0.75,23.375
2018-05-01,17.364,0.0,0.773,25.909
2018-05-02,25.792,4.0,1.042,38.917
2018-05-03,7.708,3.0,0.0,13.375
2018-05-04,7.833,0.0,0.043,12.875
2018-05-05,9.25,0.0,0.75,20.167
2018-05-06,12.708,0.0,1.333,22.292
2018-05-07,22.167,22.0,0.583,27.042
2018-05-08,8.042,18.0,0.125,12.833
2018-05-09,2.958,33.0,0.0,10.0
2018-05-10,6.375,3.0,0.0,12.917
2018-05-11,5.375,0.0,0.864,16.417
2018-05-12,13.333,0.0,1.042,22.542
2018-05-13,23.542,16.0,0.75,35.917
2018-05-14,8.625,0.0,0.333,16.5
2018-05-15,13.125,0.0,0.958,23.417
2018-05-16,17.833,0.0,1.167,28.5
2018-05-17,26.083,0.0,1.458,44.583
2018-05-18,30.333,0.0,1.261,51.417
2018-05-19,12.25,4.0,0.0,23.208
2018-05-20,1.875,0.0,0.208,8.417
2018-05-21,8.208,0.0,0.958,15.042
2018-05-22,11.5,0.0,1.478,19.375
2018-05-23,14.583,4.0,1.0,23.542
2018-05-24,6.583,2.0,0.75,13.583
2018-05-25,12.5,0.0,0.957,23.5
2018-05-26,22.25,0.0,1.375,34.917
2018-05-27,19.958,0.0,1.0,33.5
2018-05-28,24.75,0.0,1.0,41.917
2018-05-29,24.583,0.0,0.917,37.792
2018-05-30,17.958,6.0,0.708,27.167
2018-05-31,11.042,9.0,0.292,16.667
2018-06-01,3.609,0.0,0.826,11.417
2018-06-02,10.708,0.0,1.083,18.542
2018-06-03,13.875,0.0,1.083,20.917
2018-06-04,13.0,0.0,1.042,21.125
2018-06-05,13.542,0.0,1.167,20.792
2018-06-06,18.0,7.0,0.75,28.167
2018-06-07,10.375,0.0,0.792,20.0
2018-06-08,13.958,1.0,0.909,22.833
2018-06-09,13.792,3.0,0.792,22.667
2018-06-10,11.25,8.0,0.0,16.292
2018-06-11,1.875,26.0,0.0,8.833
2018-06-12,7.458,12.0,0.25,17.917
2018-06-13,2.875,0.0,0.125,8.625
2018-06-14,7.25,0.0,0.75,15.5
2018-06-15,5.833,27.0,0.0,10.333
2018-06-16,6.125,2.0,0.0,12.25
2018-06-17,8.417,0.0,0.583,19.833
2018-06-18,15.125,0.0,0.833,27.958
2018-06-19,6.917,0.0,0.4,15.583
2018-06-20,6.083,31.0,,11.458
2018-06-21,8.875,3.0,1.091,19.458
2018-06-22,9.0,0.0,0.913,15.083
2018-06-23,15.083,7.0,0.917,20.917
2018-06-24,6.75,0.0,0.708,13.667
2018-06-25,16.583,0.0,0.875,25.667
2018-06-26,22.75,0.0,1.125,34.958
2018-06-27,16.75,0.0,1.125,33.833
2018-06-28,12.792,4.0,1.0,20.875
2018-06-29,13.435,0.0,0.957,25.167
2018-06-30,7.5,0.0,0.833,17.375
2018-07-01,9.958,0.0,0.833,18.542
2018-07-02,15.083,0.0,0.792,26.458
2018-07-03,15.417,0.0,1.0,27.792
2018-07-04,12.625,0.0,1.125,24.042
2018-07-05,7.833,26.0,0.792,15.542
2018-07-06,4.75,17.0,0.364,9.182
2018-07-07,3.417,1.0,0.458,9.417
2018-07-08,10.417,1.0,1.0,19.375
2018-07-09,10.667,0.0,0.917,18.833
2018-07-10,8.375,25.0,0.833,16.75
2018-07-11,9.292,0.0,1.208,16.25
2018-07-12,13.583,0.0,1.0,22.75
2018-07-13,10.417,0.0,0.0,19.5
2018-07-14,13.167,0.0,0.5,22.708
2018-07-15,22.625,0.0,1.042,37.958
2018-07-16,23.708,2.0,0.333,38.167
2018-07-17,25.75,0.0,0.792,44.667
2018-07-18,25.875,0.0,0.75,41.625
2018-07-19,26.417,0.0,0.875,43.875
2018-07-20,16.682,0.0,0.857,34.625
2018-07-21,17.292,0.0,0.875,31.417
2018-07-22,15.833,0.0,0.667,27.167
2018-07-23,7.375,0.0,0.042,15.292
2018-07-24,14.542,0.0,0.792,24.917
2018-07-25,15.292,0.0,0.375,27.625
2018-07-26,12.167,0.0,1.667,22.0
2018-07-27,12.208,0.0,1.565,20.167
2018-07-28,7.667,25.0,0.375,16.792
2018-07-29,8.333,25.0,0.458,23.042
2018-07-30,9.167,0.0,0.875,22.625
2018-07-31,12.792,0.0,1.208,35.75
2018-08-01,16.208,0.0,1.0,61.375
2018-08-02,11.542,0.0,1.167,52.167
2018-08-03,14.458,0.0,1.227,47.417
2018-08-04,16.917,0.0,1.0,39.125
2018-08-05,20.667,0.0,1.0,40.708
2018-08-06,18.0,3.0,0.875,53.083
2018-08-07,2.708,10.0,0.833,23.5
2018-08-08,4.292,12.0,1.0,27.417
2018-08-09,4.0,1.0,1.0,19.286
2018-08-10,8.826,47.0,0.773,28.0
2018-08-11,6.208,23.0,0.667,14.25
2018-08-12,11.417,0.0,0.917,21.375
2018-08-13,12.542,1.0,0.792,24.792
2018-08-14,9.917,0.0,1.0,17.333
2018-08-15,9.083,3.0,1.045,19.364
2018-08-16,5.25,5.0,1.0,14.208
2018-08-17,3.0,0.0,0.217,9.0
2018-08-18,5.958,0.0,0.667,12.333
2018-08-19,12.125,0.0,0.583,17.708
2018-08-20,12.583,0.0,0.708,20.375
2018-08-21,17.875,0.0,0.875,30.667
2018-08-22,9.458,0.0,0.542,24.542
2018-08-23,6.917,22.0,0.583,23.792
2018-08-24,6.375,1.0,1.0,17.667
2018-08-25,7.417,0.0,1.0,19.083
2018-08-26,8.958,0.0,1.0,16.25
2018-08-27,7.958,10.0,0.958,16.542
2018-08-28,13.625,1.0,0.75,25.083
2018-08-29,11.167,2.0,1.0,23.625
2018-08-30,17.417,4.0,0.958,33.875
2018-08-31,10.667,0.0,0.667,20.545
2018-09-01,4.833,5.0,0.958,11.875
2018-09-02,5.375,21.0,0.667,8.958
2018-09-03,7.833,1.0,1.0,17.292
2018-09-04,8.875,13.0,0.917,23.792
2018-09-05,9.478,17.0,0.833,23.864
2018-09-06,15.792,0.0,1.083,27.542
2018-09-07,17.917,0.0,1.13,28.625
2018-09-08,11.292,0.0,1.0,17.75
2018-09-09,6.75,1.0,1.0,13.292
2018-09-10,6.5,4.0,1.0,14.833
2018-09-11,4.583,0.0,1.0,9.458
2018-09-12,7.375,0.0,1.136,12.87
2018-09-13,11.042,10.0,1.083,18.792
2018-09-14,10.708,7.0,0.13,19.25
2018-09-15,7.042,16.0,0.0,13.583
2018-09-16,6.417,1.0,0.0,12.375
2018-09-17,7.375,0.0,0.083,13.75
2018-09-18,7.625,0.0,0.083,13.292
2018-09-19,8.875,0.0,0.042,15.292
2018-09-20,11.208,10.0,0.208,15.042
2018-09-21,4.042,21.0,0.136,8.833
2018-09-22,3.833,0.0,1.083,10.583
2018-09-23,8.458,0.0,0.625,13.958
2018-09-24,12.292,0.0,0.917,19.917
2018-09-25,10.042,12.0,0.375,15.625
2018-09-26,5.292,14.0,0.375,9.167
2018-09-27,7.125,20.0,0.391,11.375
2018-09-28,4.542,0.0,0.652,12.708
2018-09-29,10.958,16.0,0.708,16.292
2018-09-30,5.5,64.0,0.208,12.0
2018-10-01,4.083,7.0,0.0,13.333
2018-10-02,7.75,0.0,0.25,12.75
2018-10-03,12.375,0.0,0.542,17.833
2018-10-04,13.25,0.0,0.762,20.048
2018-10-05,14.125,0.0,0.913,20.0
2018-10-06,11.667,0.0,0.958,20.0
2018-10-07,5.333,0.0,0.292,12.875
2018-10-08,7.333,0.0,0.708,11.708
2018-10-09,13.542,0.0,0.875,21.625
2018-10-10,15.5,0.0,0.917,26.667
2018-10-11,15.292,6.0,0.667,27.083
2018-10-12,2.864,3.0,1.0,8.75
2018-10-13,7.583,0.0,1.042,12.375
2018-10-14,9.583,0.0,1.125,16.042
2018-10-15,12.625,0.0,1.167,18.875
2018-10-16,11.292,0.0,1.0,19.583
2018-10-17,9.167,0.0,1.125,14.125
2018-10-18,10.083,0.0,1.167,18.792
2018-10-19,9.75,0.0,1.348,14.958
2018-10-20,6.583,0.0,1.208,11.917
2018-10-21,6.667,0.0,1.333,12.667
2018-10-22,11.417,0.0,1.682,16.958
2018-10-23,12.458,0.0,1.25,22.0
2018-10-24,7.958,3.0,1.25,17.458
2018-10-25,11.958,0.0,0.478,22.0
2018-10-26,18.458,0.0,1.565,30.375
2018-10-27,13.0,4.0,0.5,26.125
2018-10-28,7.958,0.0,1.083,13.833
2018-10-29,9.208,0.0,0.708,16.833
2018-10-30,6.208,0.0,0.75,14.833
2018-10-31,4.792,0.0,0.375,12.75
2018-11-01,3.708,0.0,0.826,13.792
2018-11-02,6.875,0.0,0.955,14.875
2018-11-03,14.375,0.0,1.25,26.25
2018-11-04,15.792,0.0,1.292,25.833
2018-11-05,14.875,0.0,1.292,29.25
2018-11-06,12.958,14.0,0.75,22.917
2018-11-07,7.583,0.0,1.083,22.833
2018-11-08,14.667,0.0,1.348,20.625
2018-11-09,17.478,0.0,1.565,27.957
2018-11-10,10.583,0.0,1.042,25.083
2018-11-11,13.792,0.0,1.333,28.875
2018-11-12,19.083,0.0,1.75,32.167
2018-11-13,12.667,0.0,1.583,17.708
2018-11-14,7.125,0.0,1.042,14.375
2018-11-15,6.083,0.0,1.174,13.917
2018-11-16,10.542,0.0,1.458,19.25
2018-11-17,6.042,0.0,1.0,16.458
2018-11-18,9.625,0.0,1.042,18.0
2018-11-19,7.667,0.0,1.25,15.792
2018-11-20,7.042,0.0,1.0,12.5
2018-11-21,9.292,0.0,1.208,19.458
2018-11-22,12.0,0.0,1.636,18.304
2018-11-23,3.625,0.0,1.042,9.208
2018-11-24,7.583,0.0,1.042,13.917
2018-11-25,9.458,0.0,1.125,22.417
2018-11-26,9.167,0.0,1.083,18.292
2018-11-27,14.167,0.0,1.375,28.917
2018-11-28,13.292,0.0,1.333,24.542
2018-11-29,10.167,0.0,0.957,24.417
2018-11-30,10.083,0.0,1.167,19.75
2018-12-01,7.958,0.0,1.167,17.25
2018-12-02,7.583,0.0,0.792,14.75
2018-12-03,15.417,0.0,1.333,25.25
2018-12-04,15.792,5.0,1.208,29.417
2018-12-05,5.652,0.0,1.0,18.783
2018-12-06,7.458,1.0,0.696,14.708
2018-12-07,9.375,0.0,0.375,24.25
2018-12-08,4.75,0.0,0.75,12.333
2018-12-09,3.917,0.0,0.292,9.417
2018-12-10,4.667,0.0,0.75,10.542
2018-12-11,6.5,3.0,0.667,13.333
2018-12-12,5.417,8.0,0.25,16.292
2018-12-13,5.75,0.0,1.043,12.75
2018-12-14,6.083,0.0,1.042,12.75
2018-12-15,7.208,0.0,1.083,13.667
2018-12-16,7.458,0.0,1.167,14.167
2018-12-17,6.458,0.0,1.667,22.208
2018-12-18,5.25,0.0,1.083,9.958
2018-12-19,3.75,0.0,1.083,11.0
2018-12-20,7.875,0.0,0.522,14.542
2018-12-21,12.25,0.0,0.682,11.714
2018-12-22,15.708,0.0,1.0,
2018-12-23,16.625,0.0,0.417,
2018-12-24,5.083,0.0,0.0,
2018-12-25,6.042,0.0,0.435,
2018-12-26,8.625,0.0,1.042,
2018-12-27,4.833,0.0,1.0,
2018-12-28,3.292,0.0,0.458,
2018-12-29,2.375,0.0,0.708,
2018-12-30,3.292,0.0,0.625,
2018-12-31,3.5,0.0,0.958,
