date,HUM_max,HUM_mean,HUM_min,TEMP_max,TEMP_mean,TEMP_min
2011-01-01,78.0,59.167,34.0,6.9,0.867,-4.1
2011-01-02,84.0,57.208,35.0,7.8,2.104,-2.9
2011-01-03,66.0,48.167,27.0,7.3,2.3,-1.0
2011-01-04,85.0,61.739,43.0,6.7,0.413,-5.6
2011-01-05,61.0,45.917,28.0,4.7,1.279,-1.4
2011-01-06,62.0,46.0,26.0,8.9,2.812,-2.4
2011-01-07,66.0,45.625,23.0,6.0,1.721,-1.3
2011-01-08,73.0,52.167,29.0,7.0,0.983,-2.6
2011-01-09,82.0,57.708,34.0,6.7,0.917,-4.5
2011-01-10,72.0,56.958,35.0,8.0,2.875,-1.4
2011-01-11,86.0,54.458,33.0,6.7,0.996,-2.9
2011-01-12,63.0,46.708,24.0,4.7,-0.783,-3.8
2011-01-13,75.0,48.625,25.0,10.3,2.1,-6.4
2011-01-14,66.0,45.292,27.0,5.9,1.525,-2.2
2011-01-15,71.0,53.208,39.0,5.9,1.754,-1.4
2011-01-16,67.0,53.792,41.0,4.0,1.108,-1.5
2011-01-17,67.0,50.083,30.0,6.3,1.621,-1.5
2011-01-18,76.0,56.125,30.0,6.4,0.283,-4.6
2011-01-19,98.0,61.292,37.0,8.0,3.025,-1.2
2011-01-20,100.0,100.0,100.0,0.3,-0.221,-0.7
2011-01-21,100.0,94.833,91.0,1.7,0.717,-0.4
2011-01-22,92.0,77.786,73.0,8.3,3.979,0.7
2011-01-23,82.0,63.0,48.0,7.7,4.025,0.4
2011-01-24,85.0,57.583,36.0,4.1,0.046,-3.1
2011-01-25,88.0,54.583,28.0,6.2,0.696,-4.6
2011-01-26,76.0,52.625,28.0,3.2,-0.921,-4.2
2011-01-27,82.0,62.667,44.0,3.6,-1.421,-7.6
2011-01-28,88.0,54.292,30.0,3.4,-1.004,-5.3
2011-01-29,62.0,47.208,26.0,2.6,-1.312,-4.0
2011-01-30,66.0,47.917,23.0,4.5,-1.158,-4.8
2011-01-31,70.0,49.5,23.0,6.3,-0.029,-4.4
2011-02-01,83.0,61.25,30.0,7.7,-0.917,-6.8
2011-02-02,70.0,43.042,23.0,0.9,-2.033,-5.3
2011-02-03,60.0,39.708,19.0,4.6,-1.071,-5.6
2011-02-04,61.0,45.542,25.0,7.9,1.267,-5.5
2011-02-05,70.0,53.292,30.0,7.9,2.013,-2.2
2011-02-06,100.0,80.0,52.0,5.1,1.242,-3.2
2011-02-07,100.0,80.688,70.0,10.3,5.617,2.1
2011-02-08,61.0,40.583,25.0,6.7,3.292,-1.3
2011-02-09,63.0,45.625,29.0,5.2,0.538,-3.2
2011-02-10,62.0,44.042,24.0,8.1,2.479,-2.4
2011-02-11,68.0,50.375,22.0,6.8,0.988,-2.3
2011-02-12,64.0,48.333,28.0,5.8,0.904,-2.3
2011-02-13,82.0,54.292,33.0,5.2,1.267,-2.3
2011-02-14,100.0,80.353,60.0,4.8,1.062,-2.2
2011-02-15,97.0,61.6,41.0,10.4,3.712,-0.3
2011-02-16,88.0,57.792,32.0,5.1,0.512,-2.7
2011-02-17,93.0,67.25,33.0,4.2,-0.283,-5.1
2011-02-18,92.0,49.333,25.0,1.5,-1.408,-3.9
2011-02-19,59.0,41.208,19.0,5.6,-0.283,-5.9
2011-02-20,63.0,42.708,22.0,8.3,1.562,-4.9
2011-02-21,64.0,50.045,31.0,11.4,4.275,-2.1
2011-02-22,72.0,58.125,40.0,9.2,4.992,0.9
2011-02-23,99.0,76.0,36.0,12.0,6.4,2.2
2011-02-24,72.0,46.083,33.0,11.2,7.708,4.9
2011-02-25,100.0,83.25,69.0,6.5,3.692,0.3
2011-02-26,76.0,54.042,36.0,6.6,2.146,-0.5
2011-02-27,60.0,39.333,23.0,4.5,0.333,-3.2
2011-02-28,61.0,48.167,30.0,5.3,0.05,-4.6
2011-03-01,98.0,73.0,51.0,11.5,5.425,0.1
2011-03-02,100.0,97.429,92.0,4.8,3.158,1.9
2011-03-03,100.0,62.095,41.0,9.4,4.912,1.4
2011-03-04,99.0,70.542,55.0,5.0,2.6,0.0
2011-03-05,100.0,97.688,93.0,6.1,2.554,-0.5
2011-03-06,99.0,82.625,64.0,17.5,9.958,3.8
2011-03-07,99.0,65.409,37.0,13.3,9.525,6.7
2011-03-08,87.0,73.0,64.0,9.2,7.517,5.7
2011-03-09,100.0,96.0,81.0,6.8,4.392,1.6
2011-03-10,100.0,91.909,86.0,4.7,3.3,1.7
2011-03-11,100.0,84.0,73.0,5.6,3.371,1.0
2011-03-12,71.0,54.208,34.0,7.0,2.308,-1.3
2011-03-13,74.0,51.083,30.0,6.3,1.996,-1.9
2011-03-14,79.0,54.333,30.0,9.3,3.008,-2.3
2011-03-15,89.0,52.333,23.0,9.1,2.95,-2.5
2011-03-16,67.0,48.792,28.0,9.2,3.621,-2.3
2011-03-17,100.0,75.095,67.0,10.2,5.238,1.2
2011-03-18,100.0,86.867,70.0,12.7,8.062,5.5
2011-03-19,84.0,43.208,18.0,8.9,4.821,-0.4
2011-03-20,66.0,44.667,21.0,10.9,4.15,-1.9
2011-03-21,60.0,35.917,19.0,9.5,4.017,-0.1
2011-03-22,67.0,46.75,25.0,13.7,5.662,-3.3
2011-03-23,100.0,71.471,55.0,8.9,5.942,4.0
2011-03-24,89.0,55.267,35.0,12.9,6.808,2.2
2011-03-25,85.0,49.167,21.0,11.2,4.992,0.0
2011-03-26,72.0,44.125,19.0,7.7,3.35,-1.0
2011-03-27,67.0,44.292,17.0,13.6,6.012,-1.0
2011-03-28,88.0,58.0,34.0,13.6,6.112,-1.1
2011-03-29,66.0,42.708,17.0,17.5,9.25,2.1
2011-03-30,75.0,48.833,24.0,17.4,10.671,3.7
2011-03-31,91.0,62.542,45.0,15.3,8.479,3.9
2011-12-01,98.0,92.154,77.0,7.4,5.054,3.6
2011-12-02,100.0,91.444,82.0,3.8,2.817,1.5
2011-12-03,99.0,83.5,68.0,13.7,8.633,3.8
2011-12-04,70.0,48.125,30.0,14.1,10.233,5.1
2011-12-05,74.0,59.208,34.0,13.1,7.138,3.3
2011-12-06,83.0,64.583,48.0,7.4,4.65,2.8
2011-12-07,94.0,77.667,53.0,9.8,4.871,0.8
2011-12-08,99.0,86.45,74.0,7.1,4.85,2.9
2011-12-09,100.0,66.263,35.0,7.7,2.9,-0.4
2011-12-10,79.0,57.708,30.0,8.1,2.796,-1.6
2011-12-11,82.0,54.5,31.0,12.9,6.083,-0.9
2011-12-12,83.0,61.958,36.0,12.5,6.408,0.5
2011-12-13,76.0,60.417,40.0,9.9,5.646,2.0
2011-12-14,93.0,74.792,51.0,9.3,3.671,-1.6
2011-12-15,91.0,61.792,29.0,15.7,7.046,0.5
2011-12-16,92.0,62.625,32.0,10.4,3.188,-0.6
2011-12-17,71.0,52.5,30.0,7.0,1.8,-2.3
2011-12-18,83.0,63.75,35.0,8.7,1.412,-4.3
2011-12-19,93.0,68.583,42.0,7.4,1.654,-3.1
2011-12-20,74.0,56.292,30.0,7.5,2.833,-0.5
2011-12-21,83.0,67.0,42.0,5.1,0.404,-3.3
2011-12-22,96.0,78.667,59.0,4.7,0.658,-3.5
2011-12-23,63.0,45.458,25.0,6.0,2.008,-2.1
2011-12-24,61.0,50.583,30.0,6.9,1.467,-1.9
2011-12-25,70.0,52.042,29.0,5.8,1.375,-1.9
2011-12-26,71.0,51.083,29.0,3.3,0.296,-2.7
2011-12-27,69.0,47.875,28.0,5.6,0.854,-2.8
2011-12-28,73.0,56.125,37.0,6.1,0.967,-2.2
2011-12-29,86.0,58.708,36.0,6.4,1.625,-4.8
2011-12-30,65.0,43.167,23.0,5.9,2.117,-0.6
2011-12-31,68.0,54.542,36.0,7.1,1.342,-1.9
2012-01-01,,,,8.2,3.5,-2.2
2012-01-02,,,,11.5,5.204,-2.9
2012-01-03,,,,5.2,1.496,-2.4
2012-01-04,,,,3.0,-0.762,-3.4
2012-01-05,,,,3.6,-1.175,-4.2
2012-01-06,,,,9.1,1.629,-6.0
2012-01-07,,,,7.4,1.5,-2.5
2012-01-08,,,,9.3,2.308,-3.8
2012-01-09,,,,8.7,2.854,-1.4
2012-01-10,,,,6.0,1.308,-1.7
2012-01-11,,,,6.7,0.629,-2.6
2012-01-12,,,,6.9,0.167,-5.8
2012-01-13,,,,12.0,5.454,0.2
2012-01-14,,,,4.6,1.471,-0.5
2012-01-15,,,,4.4,1.45,-1.2
2012-01-16,,,,5.5,0.283,-3.1
2012-01-17,,,,6.6,0.771,-3.7
2012-01-18,,,,2.6,-0.254,-3.4
2012-01-19,,,,8.6,2.229,-2.3
2012-01-20,,,,7.3,2.608,-0.5
2012-01-21,,,,6.2,2.058,-1.1
2012-01-22,,,,9.7,3.667,0.6
2012-01-23,,,,7.2,3.475,0.0
2012-01-24,,,,8.1,3.579,-0.4
2012-01-25,,,,6.7,1.462,-2.7
2012-01-26,,,,2.6,0.129,-2.1
2012-01-27,,,,5.4,0.983,-1.9
2012-01-28,,,,7.3,1.962,-2.6
2012-01-29,,,,8.9,2.788,-1.4
2012-01-30,,,,10.5,4.146,-0.6
2012-01-31,,,,6.5,1.362,-2.7
2012-02-01,,,,8.6,2.533,-3.6
2012-02-02,,,,18.0,8.838,1.6
2012-02-03,,,,9.8,5.142,1.1
2012-02-04,,,,8.9,5.333,1.1
2012-02-05,,,,8.2,4.938,2.1
2012-02-06,,,,2.8,0.675,-0.7
2012-02-07,,,,7.7,3.646,-1.0
2012-02-08,,,,4.6,0.775,-2.6
2012-02-09,,,,6.1,0.138,-3.5
2012-02-10,,,,9.5,1.796,-5.2
2012-02-11,,,,5.1,1.554,-2.4
2012-02-12,,,,3.8,0.042,-4.0
2012-02-13,,,,8.7,3.242,-1.9
2012-02-14,,,,9.2,3.304,-0.4
2012-02-15,,,,3.3,0.458,-0.7
2012-02-16,,,,0.6,-0.967,-3.4
2012-02-17,,,,4.4,-0.725,-5.2
2012-02-18,,,,4.3,1.054,-3.5
2012-02-19,,,,4.1,2.092,-3.2
2012-02-20,,,,7.8,0.904,-3.9
2012-02-21,,,,5.9,0.254,-4.0
2012-02-22,,,,8.2,2.142,-3.9
2012-02-23,,,,6.4,2.033,-1.6
2012-02-24,,,,1.7,-1.1,-4.6
2012-02-25,,,,4.4,-0.712,-5.5
2012-02-26,,,,7.4,1.0,-4.1
2012-02-27,,,,11.1,5.029,0.1
2012-02-28,,,,14.9,8.379,3.5
2012-03-01,,,,12.6,7.746,3.5
2012-03-02,,,,7.9,4.929,1.6
2012-03-03,,,,8.0,3.467,0.4
2012-03-04,,,,8.6,3.521,-0.4
2012-03-05,,,,12.6,4.965,-0.4
2012-03-06,,,,16.7,7.462,-1.3
2012-03-07,,,,14.8,8.067,1.4
2012-03-08,,,,20.5,12.271,3.1
2012-03-09,,,,24.8,16.033,8.3
2012-03-10,,,,23.0,8.821,2.0
2012-03-11,,,,9.0,3.608,0.3
2012-03-12,,,,15.3,6.65,-1.8
2012-03-13,,,,18.0,10.425,1.8
2012-03-14,,,,9.3,5.508,0.7
2012-03-15,,,,11.7,5.054,-1.0
2012-03-16,,,,19.4,9.204,0.5
2012-03-17,,,,15.9,9.633,3.4
2012-03-18,,,,18.9,13.004,6.4
2012-03-19,,,,25.4,16.55,9.8
2012-03-20,,,,18.1,13.492,10.7
2012-03-21,,,,11.0,6.75,1.4
2012-03-22,,,,17.2,9.921,0.9
2012-03-23,,,,15.8,11.133,7.3
2012-03-24,,,,10.3,7.792,5.2
2012-03-25,,,,10.3,7.388,3.7
2012-03-26,,,,10.3,5.396,0.3
2012-03-27,,,,9.2,6.596,3.1
2012-03-28,,,,19.1,12.475,5.7
2012-03-29,,,,20.7,13.896,8.3
2012-03-30,,,,8.6,6.854,5.2
2012-03-31,,,,7.8,5.762,4.6
2012-04-01,73.0,51.25,36.0,11.5,4.946,-0.2
2012-04-02,72.0,53.375,33.0,13.3,6.846,0.3
2012-04-03,91.0,68.182,40.0,12.1,8.208,5.6
2012-04-04,51.0,36.292,24.0,10.9,7.108,3.6
2012-04-05,69.0,45.042,27.0,15.8,9.492,0.8
2012-04-06,87.0,54.417,27.0,11.3,4.45,-0.8
2012-04-07,77.0,46.625,25.0,8.4,3.217,-2.2
2012-04-08,72.0,45.042,24.0,13.1,6.196,-0.8
2012-04-09,86.0,50.833,25.0,20.8,11.471,1.8
2012-04-10,71.0,43.625,20.0,20.5,14.025,7.1
2012-04-11,100.0,86.833,74.0,11.5,10.704,8.4
2012-04-12,100.0,56.652,21.0,21.1,14.9,7.9
2012-04-13,100.0,53.762,19.0,20.5,14.417,8.4
2012-04-14,100.0,100.0,100.0,9.9,7.854,5.7
2012-04-15,82.0,65.438,49.0,15.5,9.354,2.9
2012-04-16,87.0,75.417,58.0,12.5,9.417,6.5
2012-04-17,98.0,76.565,51.0,16.7,10.971,5.4
2012-04-18,99.0,66.9,42.0,19.3,12.754,6.2
2012-04-19,,,,16.6,12.646,9.2
2012-04-20,,,,13.5,10.7,8.2
2012-04-21,,,,11.8,9.554,7.8
2012-04-22,,,,9.1,7.671,6.7
2012-04-23,,,,12.5,10.325,7.4
2012-04-24,,,,23.2,16.729,10.0
2012-04-25,,,,19.3,15.478,11.1
2012-04-26,,,,17.2,14.592,12.6
2012-04-27,,,,18.0,14.958,12.3
2012-04-28,,,,24.5,17.508,11.8
2012-04-29,,,,24.4,18.271,11.1
2012-04-30,,,,20.3,17.1,13.2
2012-05-01,,,,19.9,17.025,15.5
2012-05-02,,,,16.6,15.212,13.7
2012-05-03,,,,17.4,15.512,13.4
2012-05-04,,,,22.0,16.642,13.6
2012-05-05,,,,24.9,18.875,13.1
2012-05-06,,,,19.5,14.404,8.8
2012-05-07,,,,22.1,14.817,6.9
2012-05-08,,,,23.6,17.738,11.5
2012-05-09,,,,19.2,15.133,12.5
2012-05-10,,,,20.3,13.438,8.8
2012-05-11,,,,17.7,13.188,8.5
2012-05-12,,,,17.2,12.279,7.9
2012-05-13,,,,21.7,14.129,6.7
2012-05-14,,,,23.0,16.562,9.4
2012-05-15,,,,15.8,14.742,13.8
2012-05-16,,,,25.7,18.988,14.0
2012-05-17,,,,23.0,17.146,10.1
2012-05-18,,,,20.4,15.142,10.8
2012-05-19,,,,25.4,18.467,8.9
2012-05-20,,,,23.3,18.058,12.4
2012-05-21,,,,24.2,17.933,12.6
2012-05-22,,,,15.7,13.362,11.3
2012-05-23,,,,25.2,17.729,11.1
2012-05-24,,,,25.8,19.521,11.2
2012-05-25,,,,20.6,16.654,13.4
2012-05-26,,,,24.8,18.717,12.7
2012-05-27,,,,25.6,18.55,12.3
2012-05-28,,,,22.7,17.046,12.7
2012-05-29,,,,24.5,17.688,13.0
2012-05-30,,,,23.0,17.938,13.0
2012-05-31,86.0,68.1,55.0,22.2,18.471,14.4
2012-06-01,100.0,84.682,49.0,23.6,17.496,14.5
2012-06-02,100.0,70.792,38.0,23.9,18.525,12.9
2012-06-03,99.0,77.792,54.0,22.1,17.821,15.4
2012-06-04,100.0,63.857,39.0,25.9,19.971,12.9
2012-06-05,93.0,76.875,62.0,21.7,18.704,15.3
2012-06-06,100.0,84.125,52.0,21.3,16.921,14.6
2012-06-07,99.0,73.792,54.0,23.6,18.592,12.1
2012-06-08,96.0,68.958,38.0,28.1,21.625,14.7
2012-06-09,100.0,98.737,94.0,18.8,16.5,15.8
2012-06-10,100.0,81.714,63.0,23.0,19.375,15.7
2012-06-11,100.0,88.5,77.0,19.8,17.458,14.3
2012-06-12,100.0,92.417,77.0,16.7,14.712,13.5
2012-06-13,100.0,78.389,67.0,19.4,16.15,13.2
2012-06-14,90.0,77.833,65.0,20.2,16.738,13.4
2012-06-15,87.0,75.458,60.0,22.2,17.954,14.2
2012-06-16,100.0,97.579,89.0,17.3,16.438,15.1
2012-06-17,100.0,69.889,44.0,28.9,21.229,16.6
2012-06-18,90.0,67.25,48.0,27.8,22.517,16.4
2012-06-19,100.0,92.524,75.0,21.3,19.808,18.8
2012-06-20,100.0,69.5,52.0,29.1,25.767,20.7
2012-06-21,98.0,79.75,56.0,25.6,22.342,18.7
2012-06-22,100.0,82.238,56.0,23.6,19.962,17.0
2012-06-23,89.0,67.542,45.0,25.8,20.992,16.1
2012-06-24,89.0,71.083,45.0,26.3,20.821,16.5
2012-06-25,96.0,85.875,78.0,17.4,15.983,14.6
2012-06-26,89.0,65.917,39.0,23.6,18.3,14.6
2012-06-27,93.0,65.75,42.0,24.3,18.575,12.4
2012-06-28,96.0,73.917,51.0,24.2,19.121,13.2
2012-06-29,94.0,72.542,46.0,26.5,21.383,17.7
2012-06-30,95.0,70.333,48.0,27.0,21.917,16.7
2012-07-01,100.0,89.857,78.0,19.5,18.4,17.4
2012-07-02,100.0,76.45,56.0,27.0,21.742,17.4
2012-07-03,99.0,87.708,68.0,23.2,20.567,17.9
2012-07-04,100.0,69.238,43.0,30.3,24.05,18.0
2012-07-05,100.0,79.5,60.0,27.7,24.029,19.7
2012-07-06,100.0,85.136,59.0,27.8,22.962,20.2
2012-07-07,100.0,96.812,92.0,22.2,20.212,19.0
2012-07-08,100.0,85.696,62.0,25.6,20.858,18.1
2012-07-09,94.0,77.833,60.0,27.1,22.521,18.6
2012-07-10,96.0,73.25,55.0,28.9,24.254,19.0
2012-07-11,92.0,75.542,56.0,28.6,24.629,21.0
2012-07-12,100.0,95.136,85.0,25.2,23.125,22.1
2012-07-13,100.0,89.909,72.0,26.8,23.758,20.8
2012-07-14,100.0,85.0,62.0,29.5,25.338,22.2
2012-07-15,98.0,85.958,62.0,30.0,25.583,23.0
2012-07-16,98.0,75.708,47.0,33.5,27.479,21.8
2012-07-17,95.0,71.0,40.0,35.3,27.825,22.6
2012-07-18,99.0,74.737,54.0,32.6,26.858,22.3
2012-07-19,,,,33.5,25.921,18.1
2012-07-20,,,,18.2,17.021,15.3
2012-07-21,,,,18.0,16.267,14.7
2012-07-22,,,,21.9,18.721,16.6
2012-07-23,,,,26.7,22.496,18.2
2012-07-24,,,,29.1,24.858,21.0
2012-07-25,,,,30.4,26.2,21.6
2012-07-26,,,,34.3,28.429,22.9
2012-07-27,,,,34.9,28.946,23.5
2012-07-28,,,,34.7,28.467,22.0
2012-07-29,,,,33.0,26.933,22.2
2012-07-30,,,,33.0,27.55,23.7
2012-07-31,,,,32.9,27.762,23.2
2012-08-01,,,,31.4,26.838,22.3
2012-08-02,,,,33.3,27.458,22.5
2012-08-03,,,,32.9,27.183,22.3
2012-08-04,,,,31.1,26.871,22.8
2012-08-05,,,,33.2,27.762,23.5
2012-08-06,,,,28.4,24.671,22.2
2012-08-07,,,,32.0,26.221,20.8
2012-08-08,,,,28.9,23.875,18.6
2012-08-09,,,,30.6,24.408,19.1
2012-08-10,,,,30.5,25.388,20.0
2012-08-11,,,,31.2,24.971,22.1
2012-08-12,,,,31.0,26.146,21.9
2012-08-13,,,,30.0,26.417,23.0
2012-08-14,,,,30.0,25.154,21.9
2012-08-15,,,,28.0,24.862,22.4
2012-08-16,,,,34.2,27.604,22.2
2012-08-17,,,,33.6,26.262,21.4
2012-08-18,,,,30.4,24.854,20.7
2012-08-19,,,,31.1,26.212,22.8
2012-08-20,,,,32.0,26.558,22.5
2012-08-21,,,,33.0,26.871,20.7
2012-08-22,,,,33.2,27.321,22.0
2012-08-23,,,,33.6,26.875,22.5
2012-08-24,,,,32.9,27.008,21.6
2012-08-25,,,,32.9,26.9,20.8
2012-08-26,,,,32.5,26.896,21.1
2012-08-27,,,,33.4,26.858,21.0
2012-08-28,,,,31.6,26.375,21.7
2012-08-29,,,,31.7,26.525,21.4
2012-08-30,,,,32.8,27.662,23.4
2012-08-31,,,,32.7,27.529,23.9
2012-09-01,,,,28.0,23.55,21.2
2012-09-02,,,,24.0,21.925,20.9
2012-09-03,,,,28.5,23.667,20.5
2012-09-04,,,,30.5,24.233,20.6
2012-09-05,,,,31.5,25.208,19.4
2012-09-06,,,,28.9,22.3,19.1
2012-09-07,,,,28.9,23.504,17.2
2012-09-08,,,,28.4,24.454,21.3
2012-09-09,,,,28.8,24.688,21.4
2012-09-10,,,,30.0,25.329,22.2
2012-09-11,,,,29.6,22.621,19.1
2012-09-12,,,,29.1,23.15,17.7
2012-09-13,,,,30.9,24.942,19.1
2012-09-14,,,,28.0,22.946,20.0
2012-09-15,,,,27.5,22.467,18.9
2012-09-16,,,,27.3,23.608,20.0
2012-09-17,,,,29.5,24.488,21.5
2012-09-18,,,,28.5,23.583,20.4
2012-09-19,,,,23.6,21.829,20.4
2012-09-20,,,,29.1,22.896,17.9
2012-09-21,,,,24.7,20.562,18.4
2012-09-22,,,,23.5,19.971,17.5
2012-09-23,,,,18.1,16.875,16.3
2012-09-24,,,,23.9,19.589,17.3
2012-09-25,,,,21.2,18.121,15.3
2012-09-26,,,,24.7,18.517,12.3
2012-09-27,,,,22.0,18.121,13.7
2012-09-28,,,,23.2,19.238,14.6
2012-09-29,,,,27.7,22.308,17.5
2012-09-30,,,,25.7,21.679,20.0
2012-10-01,,,,29.1,23.596,18.7
2012-10-02,,,,23.5,20.133,17.7
2012-10-03,,,,21.6,18.8,17.1
2012-10-04,,,,26.6,20.562,15.7
2012-10-05,,,,26.6,19.879,13.7
2012-10-06,,,,23.6,19.654,15.1
2012-10-07,,,,21.9,17.025,14.5
2012-10-08,,,,20.9,16.071,11.3
2012-10-09,,,,20.7,16.221,13.6
2012-10-10,,,,20.0,15.933,11.8
2012-10-11,,,,24.9,18.383,13.8
2012-10-12,,,,21.0,15.729,11.0
2012-10-13,,,,21.5,15.121,9.7
2012-10-14,,,,19.3,13.971,8.4
2012-10-15,,,,24.1,16.396,8.9
2012-10-16,,,,21.1,14.746,10.0
2012-10-17,,,,19.5,12.925,8.1
2012-10-18,,,,17.6,15.246,11.5
2012-10-19,,,,19.0,13.083,8.6
2012-10-20,,,,18.8,12.279,5.7
2012-10-21,,,,24.7,15.438,8.2
2012-10-22,,,,19.1,14.696,10.4
2012-10-23,,,,18.2,14.112,11.6
2012-10-24,,,,18.1,12.221,7.7
2012-10-25,,,,18.1,12.254,7.3
2012-10-26,,,,21.4,14.6,7.3
2012-10-27,,,,16.5,13.746,10.4
2012-10-28,,,,12.2,11.229,9.9
2012-10-29,,,,19.2,13.462,9.0
2012-10-30,,,,15.1,10.662,8.2
2012-10-31,,,,15.8,10.221,6.1
2012-11-01,,,,15.4,9.975,4.0
2012-11-02,,,,14.8,10.3,5.9
2012-11-03,,,,15.5,9.412,4.3
2012-11-04,,,,17.0,10.217,5.2
2012-11-05,,,,15.5,10.071,4.7
2012-11-06,,,,12.9,11.558,10.1
2012-11-07,,,,18.3,11.996,7.4
2012-11-08,,,,19.2,12.621,5.6
2012-11-09,,,,18.2,12.004,7.4
2012-11-10,,,,15.8,10.688,7.0
2012-11-11,,,,10.3,7.938,4.7
2012-11-12,,,,17.8,11.788,9.0
2012-11-13,,,,15.2,10.329,5.2
2012-11-14,,,,13.9,9.175,4.4
2012-11-15,,,,12.8,7.154,3.1
2012-11-16,,,,14.9,8.638,4.6
2012-11-17,,,,11.1,7.004,2.4
2012-11-18,,,,13.0,8.804,3.1
2012-11-19,,,,9.5,4.417,0.3
2012-11-20,,,,16.1,8.592,1.3
2012-11-21,,,,12.1,6.454,2.9
2012-11-22,,,,13.8,6.829,1.4
2012-11-23,,,,11.5,7.179,3.2
2012-11-24,,,,11.8,7.4,2.5
2012-11-25,,,,10.4,4.767,1.4
2012-11-26,,,,9.0,5.108,1.1
2012-11-27,,,,9.7,6.829,1.6
2012-11-28,,,,7.9,2.712,-1.5
2012-11-29,,,,14.2,6.512,-2.5
2012-11-30,,,,7.2,5.579,3.2
2012-12-01,,,,8.4,3.762,0.4
2012-12-02,,,,5.2,1.892,-0.5
2012-12-03,,,,6.3,2.829,-1.8
2012-12-04,,,,13.3,6.967,2.9
2012-12-05,,,,10.8,5.492,0.5
2012-12-06,,,,11.7,5.654,1.5
2012-12-07,,,,10.6,3.725,-0.6
2012-12-08,,,,11.6,3.179,-0.7
2012-12-09,,,,6.8,1.629,-1.3
2012-12-10,,,,5.3,1.85,-1.6
2012-12-11,,,,8.8,3.771,0.2
2012-12-12,,,,9.1,2.942,-1.3
2012-12-13,,,,8.6,2.917,-1.0
2012-12-14,,,,7.9,1.846,-4.9
2012-12-15,,,,11.6,6.317,2.5
2012-12-16,,,,15.2,8.879,4.5
2012-12-17,,,,6.4,4.162,0.3
2012-12-18,,,,12.3,6.512,1.7
2012-12-19,,,,5.7,1.896,-1.1
2012-12-20,,,,8.2,2.171,-2.3
2012-12-21,,,,6.3,2.875,0.4
2012-12-22,,,,10.3,4.562,0.0
2012-12-23,,,,8.8,3.879,-0.1
2012-12-24,,,,4.9,0.942,-2.8
2012-12-25,,,,9.1,1.267,-6.3
2012-12-26,,,,3.5,1.067,-3.3
2012-12-27,,,,5.5,-0.35,-4.5
2012-12-28,,,,4.9,1.771,-0.4
2012-12-29,,,,6.9,3.771,-0.3
2012-12-30,,,,7.4,5.096,3.8
2012-12-31,,,,9.0,5.442,2.0
2013-01-01,,,,12.4,5.846,-1.2
2013-01-02,,,,8.7,5.1,0.8
2013-01-03,,,,7.0,2.246,-0.8
2013-01-04,,,,9.5,3.571,-1.1
2013-01-05,,,,6.4,1.196,-1.4
2013-01-06,,,,6.6,1.746,-1.8
2013-01-07,,,,5.7,0.975,-2.1
2013-01-08,,,,9.2,3.4,-3.6
2013-01-09,,,,8.9,4.238,-1.3
2013-01-10,,,,3.6,-0.246,-3.8
2013-01-11,,,,7.9,1.717,-2.5
2013-01-12,,,,9.0,3.167,-2.6
2013-01-13,,,,4.5,1.833,-2.3
2013-01-14,,,,5.7,-0.146,-4.0
2013-01-15,,,,3.5,-0.321,-2.9
2013-01-16,,,,7.8,2.046,-1.9
2013-01-17,,,,7.1,1.583,-1.8
2013-01-18,,,,6.9,1.642,-2.6
2013-01-19,,,,4.4,0.612,-1.9
2013-01-20,,,,5.0,0.708,-2.1
2013-01-21,,,,8.4,3.438,-2.0
2013-01-22,,,,6.2,1.958,-1.0
2013-01-23,,,,7.8,2.467,-1.4
2013-01-24,,,,9.4,2.013,-4.0
2013-01-25,,,,9.7,4.283,-0.2
2013-01-26,,,,12.2,4.442,-0.9
2013-01-27,,,,6.6,0.796,-3.0
2013-01-28,,,,13.1,4.296,-3.7
2013-01-29,,,,11.3,5.346,0.2
2013-01-30,,,,8.0,3.596,-1.0
2013-01-31,,,,11.3,7.7,1.0
2013-02-01,,,,9.6,3.654,-1.9
2013-02-02,,,,14.1,5.808,0.2
2013-02-03,,,,13.0,8.15,2.7
2013-02-04,,,,7.9,1.758,-2.5
2013-02-05,,,,1.5,-1.779,-4.3
2013-02-06,,,,3.3,-1.321,-5.4
2013-02-07,,,,4.4,0.112,-3.1
2013-02-08,,,,-0.7,-2.142,-3.1
2013-02-09,,,,8.0,2.888,-0.8
2013-02-10,,,,6.1,1.892,-1.3
2013-02-11,,,,5.8,0.821,-3.5
2013-02-12,,,,6.0,2.142,-0.5
2013-02-13,,,,5.5,2.129,-0.7
2013-02-14,,,,0.5,-0.754,-1.6
2013-02-15,,,,4.6,1.704,-1.6
2013-02-16,,,,6.9,4.533,1.4
2013-02-17,,,,8.9,3.212,-0.8
2013-02-18,,,,5.8,1.3,-1.5
2013-02-19,,,,4.4,0.533,-2.6
2013-02-20,,,,5.7,0.833,-2.6
2013-02-21,,,,6.1,1.542,-1.7
2013-02-22,,,,4.7,0.183,-4.1
2013-02-23,,,,6.5,1.367,-3.2
2013-02-24,,,,7.1,2.225,-1.6
2013-02-25,,,,11.5,4.067,-3.1
2013-02-26,,,,10.8,5.712,2.1
2013-02-27,,,,10.1,5.721,2.0
2013-02-28,,,,15.2,9.367,4.4
2013-03-01,,,,8.3,6.392,5.2
2013-03-02,,,,5.1,3.512,2.6
2013-03-03,,,,8.4,3.546,0.2
2013-03-04,,,,7.2,2.588,-3.0
2013-03-05,,,,6.5,3.796,1.8
2013-03-06,,,,4.8,1.917,-0.8
2013-03-07,,,,4.5,0.704,-3.5
2013-03-08,,,,8.8,2.442,-2.3
2013-03-09,,,,8.4,3.292,-0.5
2013-03-10,,,,5.0,1.204,-2.3
2013-03-11,,,,9.4,2.6,-2.2
2013-03-12,,,,15.4,8.296,-1.2
2013-03-13,,,,10.7,7.283,2.6
2013-03-14,,,,10.7,6.438,0.8
2013-03-15,,,,10.0,4.104,-1.2
2013-03-16,,,,16.1,6.629,-1.6
2013-03-17,,,,14.6,8.475,1.8
2013-03-18,,,,18.7,11.262,3.9
2013-03-19,,,,13.7,8.483,4.7
2013-03-20,,,,7.3,5.821,4.3
2013-03-21,,,,9.8,6.508,3.2
2013-03-22,,,,10.4,5.317,0.8
2013-03-23,,,,15.1,8.279,1.6
2013-03-24,,,,18.1,10.5,2.9
2013-03-25,,,,21.4,12.862,3.6
2013-03-26,,,,17.1,11.812,8.2
2013-03-27,,,,11.1,8.775,5.6
2013-03-28,,,,20.4,12.812,5.5
2013-03-29,,,,20.9,13.429,5.7
2013-03-30,,,,13.8,11.433,9.8
2013-03-31,,,,17.7,12.588,9.9
2013-04-01,,,,14.6,9.117,3.2
2013-04-02,,,,8.9,8.0,6.5
2013-04-03,,,,16.1,11.442,8.7
2013-04-04,,,,21.7,15.071,9.9
2013-04-05,,,,19.8,14.292,7.7
2013-04-06,,,,17.2,13.329,12.2
2013-04-07,,,,19.7,13.667,8.9
2013-04-08,,,,18.3,11.258,6.7
2013-04-09,,,,18.2,11.929,5.1
2013-04-10,,,,15.0,9.7,3.6
2013-04-11,,,,12.6,7.525,3.1
2013-04-12,,,,14.3,7.846,1.1
2013-04-13,,,,16.1,9.1,1.3
2013-04-14,,,,19.2,12.096,4.4
2013-04-15,,,,21.3,14.133,8.5
2013-04-16,,,,18.4,12.692,6.2
2013-04-17,,,,23.2,16.362,8.4
2013-04-18,,,,23.3,16.842,9.9
2013-04-19,,,,15.2,10.783,4.9
2013-04-20,,,,11.6,6.342,2.5
2013-04-21,,,,10.3,5.167,2.2
2013-04-22,,,,13.4,7.825,2.0
2013-04-23,,,,15.8,9.833,1.1
2013-04-24,,,,12.0,10.279,7.2
2013-04-25,,,,22.6,16.288,11.0
2013-04-26,,,,19.7,13.471,9.4
2013-04-27,,,,16.7,11.954,7.6
2013-04-28,,,,19.3,12.871,7.0
2013-04-29,,,,21.6,14.338,6.3
2013-04-30,,,,21.2,14.575,9.2
2013-05-01,,,,18.0,12.804,9.0
2013-05-02,,,,17.0,11.217,6.1
2013-05-03,,,,18.3,11.308,4.2
2013-05-04,,,,19.0,12.733,5.4
2013-05-05,,,,23.2,15.604,8.2
2013-05-06,,,,23.0,16.533,7.9
2013-05-07,,,,16.9,12.008,5.8
2013-05-08,,,,21.7,13.475,4.3
2013-05-09,,,,27.1,18.675,10.2
2013-05-10,,,,26.4,19.621,11.3
2013-05-11,,,,17.5,15.346,13.8
2013-05-12,,,,26.2,18.988,13.0
2013-05-13,,,,20.7,15.929,12.5
2013-05-14,,,,29.2,21.15,12.7
2013-05-15,,,,23.0,18.875,15.3
2013-05-16,,,,23.9,18.371,14.0
2013-05-17,,,,26.0,18.025,10.8
2013-05-18,,,,24.5,17.542,9.1
2013-05-19,,,,22.2,17.229,13.5
2013-05-20,,,,23.6,18.375,13.5
2013-05-21,,,,28.4,22.004,16.9
2013-05-22,,,,27.2,21.846,17.6
2013-05-23,,,,26.2,20.521,14.2
2013-05-24,,,,27.5,20.008,12.4
2013-05-25,,,,21.8,16.721,13.0
2013-05-26,,,,26.5,19.467,13.1
2013-05-27,,,,23.9,19.817,15.7
2013-05-28,,,,23.5,19.208,15.9
2013-05-29,,,,20.0,17.488,16.5
2013-05-30,,,,19.7,18.075,16.6
2013-05-31,,,,26.9,21.025,14.6
2013-06-01,,,,25.6,19.004,13.7
2013-06-02,,,,22.9,17.742,13.5
2013-06-03,,,,28.1,19.612,11.6
2013-06-04,,,,29.8,22.221,13.6
2013-06-05,,,,28.3,21.85,15.9
2013-06-06,,,,22.7,19.658,16.1
2013-06-07,,,,23.0,18.971,15.5
2013-06-08,,,,25.7,19.788,13.6
2013-06-09,,,,29.2,22.146,12.9
2013-06-10,,,,27.8,22.267,18.6
2013-06-11,,,,23.8,19.812,17.3
2013-06-12,,,,21.0,19.0,16.9
2013-06-13,,,,22.2,20.4,18.9
2013-06-14,,,,27.4,23.071,19.2
2013-06-15,,,,27.7,22.462,19.9
2013-06-16,,,,27.2,22.292,19.1
2013-06-17,,,,29.0,24.125,20.1
2013-06-18,,,,23.9,22.258,20.5
2013-06-19,,,,24.5,21.729,20.1
2013-06-20,,,,23.0,20.658,19.2
2013-06-21,,,,22.6,19.546,17.0
2013-06-22,,,,27.0,20.346,15.7
2013-06-23,,,,26.9,21.454,16.4
2013-06-24,,,,25.8,21.162,17.6
2013-06-25,,,,26.3,22.15,19.0
2013-06-26,,,,21.0,19.004,17.1
2013-06-27,,,,25.9,20.642,16.3
2013-06-28,,,,21.4,19.117,16.6
2013-06-29,,,,27.3,21.788,17.9
2013-06-30,,,,24.9,21.033,18.4
2013-07-01,,,,23.2,20.321,18.8
2013-07-02,,,,26.0,21.708,17.4
2013-07-03,,,,21.6,20.125,18.2
2013-07-04,,,,25.9,22.2,19.3
2013-07-05,,,,25.3,22.492,21.0
2013-07-06,,,,31.3,24.679,20.4
2013-07-07,,,,31.5,25.983,21.8
2013-07-08,,,,34.5,27.208,22.3
2013-07-09,,,,34.4,28.162,22.2
2013-07-10,,,,35.0,27.996,22.3
2013-07-11,,,,35.6,28.371,23.5
2013-07-12,,,,33.6,27.483,23.3
2013-07-13,,,,29.6,25.375,22.6
2013-07-14,,,,31.8,26.333,21.4
2013-07-15,,,,30.4,25.758,22.0
2013-07-16,,,,29.2,24.254,20.2
2013-07-17,,,,25.3,21.558,19.4
2013-07-18,,,,31.3,24.938,20.1
2013-07-19,,,,30.6,24.954,19.2
2013-07-20,,,,27.8,22.804,19.2
2013-07-21,,,,27.7,22.721,19.0
2013-07-22,,,,29.5,23.929,18.4
2013-07-23,,,,33.0,26.492,21.7
2013-07-24,,,,22.5,21.779,21.0
2013-07-25,,,,23.4,22.225,21.1
2013-07-26,,,,30.3,25.233,22.0
2013-07-27,,,,30.5,23.779,20.3
2013-07-28,,,,29.5,23.258,19.8
2013-07-29,,,,23.1,22.308,21.6
2013-07-30,,,,31.1,25.442,20.9
2013-07-31,,,,29.7,25.654,22.9
2013-08-01,,,,29.4,24.688,22.0
2013-08-02,,,,27.8,24.167,21.2
2013-08-03,,,,30.6,25.3,20.4
2013-08-04,,,,28.4,24.508,20.7
2013-08-05,,,,27.9,24.483,22.4
2013-08-06,,,,27.1,24.45,22.7
2013-08-07,,,,33.7,27.229,21.5
2013-08-08,,,,32.8,27.371,21.7
2013-08-09,,,,35.3,29.388,23.5
2013-08-10,,,,35.7,30.192,25.3
2013-08-11,,,,36.1,29.146,24.6
2013-08-12,,,,34.9,28.733,23.8
2013-08-13,,,,33.0,27.575,23.8
2013-08-14,,,,32.9,27.758,23.3
2013-08-15,,,,33.8,27.642,22.1
2013-08-16,,,,33.2,27.188,23.2
2013-08-17,,,,32.4,27.304,22.9
2013-08-18,,,,33.5,27.838,22.4
2013-08-19,,,,34.5,28.417,22.9
2013-08-20,,,,31.3,26.95,23.6
2013-08-21,,,,28.9,25.646,23.3
2013-08-22,,,,30.5,26.775,23.0
2013-08-23,,,,25.8,23.638,21.7
2013-08-24,,,,29.6,24.55,21.5
2013-08-25,,,,26.0,22.138,19.6
2013-08-26,,,,29.6,24.158,19.5
2013-08-27,,,,29.2,23.162,19.3
2013-08-28,,,,29.6,24.288,18.6
2013-08-29,,,,29.5,24.779,20.6
2013-08-30,,,,32.4,25.471,20.9
2013-08-31,,,,31.1,26.146,21.4
2013-09-01,,,,31.7,25.488,22.0
2013-09-02,,,,25.1,23.367,22.4
2013-09-03,,,,29.3,24.704,21.7
2013-09-04,,,,26.3,24.021,22.0
2013-09-05,,,,27.0,24.321,22.7
2013-09-06,,,,25.0,22.012,20.7
2013-09-07,,,,22.1,20.625,19.4
2013-09-08,,,,22.9,20.954,19.3
2013-09-09,,,,27.0,21.971,17.3
2013-09-10,,,,25.9,21.638,17.9
2013-09-11,,,,23.1,20.692,19.1
2013-09-12,,,,29.1,23.925,19.1
2013-09-13,,,,28.4,24.746,22.5
2013-09-14,,,,28.0,24.983,22.0
2013-09-15,,,,25.7,23.175,21.4
2013-09-16,,,,25.7,21.775,15.3
2013-09-17,,,,26.0,19.583,14.5
2013-09-18,,,,27.2,19.758,14.4
2013-09-19,,,,26.2,19.967,14.1
2013-09-20,,,,26.8,21.046,15.5
2013-09-21,,,,28.2,21.758,15.6
2013-09-22,,,,28.0,22.258,17.1
2013-09-23,,,,19.6,17.746,16.1
2013-09-24,,,,24.4,19.304,16.1
2013-09-25,,,,24.3,21.4,18.7
2013-09-26,,,,23.7,19.196,11.8
2013-09-27,,,,22.0,16.208,10.8
2013-09-28,,,,21.6,16.679,10.2
2013-09-29,,,,24.1,18.808,14.8
2013-09-30,,,,23.5,18.696,14.8
2013-10-01,,,,23.8,19.667,15.8
2013-10-02,,,,29.2,23.296,18.8
2013-10-03,,,,25.6,20.588,15.3
2013-10-04,,,,17.2,16.004,15.0
2013-10-05,,,,20.2,17.504,14.9
2013-10-06,,,,24.9,21.071,18.3
2013-10-07,,,,24.2,21.304,19.1
2013-10-08,,,,26.3,22.629,20.1
2013-10-09,,,,26.1,22.208,19.9
2013-10-10,,,,25.9,22.238,19.2
2013-10-11,,,,24.7,20.367,18.4
2013-10-12,,,,28.4,20.654,14.2
2013-10-13,,,,23.6,16.688,11.7
2013-10-14,,,,20.8,14.812,8.4
2013-10-15,,,,15.9,14.617,12.2
2013-10-16,,,,22.8,16.925,11.9
2013-10-17,,,,19.0,14.133,10.3
2013-10-18,,,,17.8,13.904,10.4
2013-10-19,,,,16.0,13.558,12.0
2013-10-20,,,,14.5,13.217,11.7
2013-10-21,,,,19.8,16.175,11.8
2013-10-22,,,,16.7,15.008,13.6
2013-10-23,,,,15.3,13.642,12.5
2013-10-24,,,,16.0,13.354,11.8
2013-10-25,,,,17.5,15.533,13.2
2013-10-26,,,,16.3,13.233,10.0
2013-10-27,,,,17.4,12.358,9.0
2013-10-28,,,,17.4,11.958,7.4
2013-10-29,,,,15.8,12.575,8.9
2013-10-30,,,,20.7,14.633,10.9
2013-10-31,,,,19.9,14.529,10.8
2013-11-01,,,,19.5,13.246,8.9
2013-11-02,,,,16.9,12.112,7.8
2013-11-03,,,,18.0,13.725,9.4
2013-11-04,,,,19.2,14.071,9.6
2013-11-05,,,,18.3,12.021,7.2
2013-11-06,,,,16.3,10.25,4.2
2013-11-07,,,,15.5,11.317,7.7
2013-11-08,,,,19.7,12.792,7.4
2013-11-09,,,,11.4,9.242,5.9
2013-11-10,,,,14.1,10.492,7.2
2013-11-11,,,,11.8,7.892,4.1
2013-11-12,,,,12.4,6.154,2.0
2013-11-13,,,,9.8,5.062,1.6
2013-11-14,,,,10.7,5.771,1.1
2013-11-15,,,,10.8,7.392,3.8
2013-11-16,,,,16.2,9.8,4.9
2013-11-17,,,,15.4,8.512,3.5
2013-11-18,,,,16.7,10.413,3.9
2013-11-19,,,,13.0,8.767,5.1
2013-11-20,,,,14.5,8.317,1.5
2013-11-21,,,,14.5,9.254,5.6
2013-11-22,,,,15.7,9.4,3.7
2013-11-23,,,,14.7,8.333,4.5
2013-11-24,,,,16.8,8.938,3.8
2013-11-25,,,,11.7,7.892,4.3
2013-11-26,,,,15.6,10.908,4.7
2013-11-27,,,,11.2,6.908,3.7
2013-11-28,,,,14.3,8.738,3.7
2013-11-29,,,,11.4,6.508,2.6
2013-11-30,,,,11.9,5.558,1.3
2013-12-01,,,,14.0,6.446,-0.5
2013-12-02,,,,13.7,6.475,0.2
2013-12-03,,,,14.2,8.271,2.7
2013-12-04,,,,12.3,7.392,4.3
2013-12-05,,,,14.7,7.729,2.4
2013-12-06,,,,15.8,8.571,1.3
2013-12-07,,,,11.2,6.492,3.4
2013-12-08,,,,10.0,5.1,1.6
2013-12-09,,,,8.6,4.046,0.6
2013-12-10,,,,13.7,6.417,1.2
2013-12-11,,,,10.5,6.221,2.0
2013-12-12,,,,9.6,5.8,-0.2
2013-12-13,,,,11.9,4.154,-3.5
2013-12-14,,,,9.3,4.779,0.5
2013-12-15,,,,8.7,4.746,2.1
2013-12-16,,,,8.7,5.238,2.9
2013-12-17,,,,10.4,5.767,2.7
2013-12-18,,,,5.2,2.938,1.7
2013-12-19,,,,5.9,3.954,1.4
2013-12-20,,,,5.2,3.388,1.2
2013-12-21,,,,10.1,3.917,-1.9
2013-12-22,,,,8.0,4.071,0.9
2013-12-23,,,,8.3,3.538,-0.2
2013-12-24,,,,9.3,3.838,0.2
2013-12-25,,,,8.4,2.762,-1.3
2013-12-26,,,,7.2,3.017,-2.0
2013-12-27,,,,8.9,4.917,0.7
2013-12-28,,,,6.1,1.733,-1.6
2013-12-29,,,,7.5,2.317,-1.8
2013-12-30,,,,10.9,4.942,-1.2
2013-12-31,,,,12.0,5.496,0.3
2014-01-01,,,,4.0,1.0,-2.1
2014-01-02,,,,5.6,0.817,-3.1
2014-01-03,,,,6.8,1.742,-2.2
2014-01-04,,,,8.7,2.554,-3.0
2014-01-05,,,,10.8,5.371,1.9
2014-01-06,,,,8.2,4.475,0.0
2014-01-07,,,,7.8,2.808,-0.7
2014-01-08,,,,7.9,3.396,0.7
2014-01-09,,,,8.7,3.621,0.0
2014-01-10,,,,7.5,3.133,-0.1
2014-01-11,,,,8.9,3.8,-0.2
2014-01-12,,,,6.6,2.4,-0.4
2014-01-13,,,,9.2,3.354,-0.1
2014-01-14,,,,8.5,3.938,-0.5
2014-01-15,,,,5.2,2.504,0.2
2014-01-16,,,,8.7,4.758,1.7
2014-01-17,,,,6.5,2.658,-1.1
2014-01-18,,,,8.0,1.854,-2.3
2014-01-19,,,,9.7,2.317,-5.7
2014-01-20,,,,8.2,3.046,-0.5
2014-01-21,,,,4.7,0.462,-4.9
2014-01-22,,,,3.8,2.65,1.8
2014-01-23,,,,9.1,4.975,-0.1
2014-01-24,,,,8.4,2.592,-1.3
2014-01-25,,,,9.0,3.479,-1.7
2014-01-26,,,,12.0,6.754,2.3
2014-01-27,,,,13.7,7.012,4.0
2014-01-28,,,,5.6,2.046,-1.9
2014-01-29,,,,6.1,0.658,-4.2
2014-01-30,,,,2.3,0.654,-1.6
2014-01-31,,,,6.1,2.904,-0.5
2014-02-01,,,,5.3,1.133,-2.2
2014-02-02,,,,7.0,1.742,-1.9
2014-02-03,,,,7.4,2.342,-0.8
2014-02-04,,,,7.8,2.65,-1.9
2014-02-05,,,,2.5,1.038,-1.1
2014-02-06,,,,9.2,3.262,-2.5
2014-02-07,,,,8.2,2.821,-1.5
2014-02-08,,,,5.7,2.042,-1.4
2014-02-09,,,,4.9,0.383,-2.6
2014-02-10,,,,8.5,0.658,-4.7
2014-02-11,,,,8.2,1.933,-4.7
2014-02-12,,,,10.6,3.846,-3.1
2014-02-13,,,,5.2,1.804,-1.4
2014-02-14,,,,6.9,2.192,-0.8
2014-02-15,,,,6.8,3.167,-0.1
2014-02-16,,,,10.0,3.754,-1.2
2014-02-17,,,,5.7,2.488,0.0
2014-02-18,,,,4.3,2.425,0.8
2014-02-19,,,,10.5,4.879,-0.6
2014-02-20,,,,9.5,4.346,0.1
2014-02-21,,,,8.6,3.6,-0.5
2014-02-22,,,,7.7,3.988,0.0
2014-02-23,,,,17.2,9.762,3.4
2014-02-24,,,,12.7,7.171,2.0
2014-02-25,,,,11.1,6.642,2.1
2014-02-26,,,,5.4,4.325,2.6
2014-02-27,,,,10.0,5.125,1.5
2014-02-28,,,,9.7,4.796,0.8
2014-03-01,,,,4.9,3.308,2.1
2014-03-02,,,,9.9,5.758,1.1
2014-03-03,,,,5.1,2.233,-2.3
2014-03-04,,,,16.5,8.246,0.1
2014-03-05,,,,10.4,5.446,2.2
2014-03-06,,,,9.2,5.292,2.2
2014-03-07,,,,5.1,3.525,1.8
2014-03-08,,,,11.9,7.158,3.6
2014-03-09,,,,10.1,7.404,5.8
2014-03-10,,,,8.6,4.196,-1.1
2014-03-11,,,,8.0,3.129,-1.6
2014-03-12,,,,10.2,5.375,0.7
2014-03-13,,,,11.9,6.121,0.0
2014-03-14,,,,10.9,5.483,0.4
2014-03-15,,,,10.4,4.396,-0.5
2014-03-16,,,,15.1,8.217,0.7
2014-03-17,,,,19.9,12.204,4.6
2014-03-18,,,,18.6,12.867,6.3
2014-03-19,,,,13.6,10.529,7.8
2014-03-20,,,,13.7,10.196,6.9
2014-03-21,,,,14.1,8.796,3.7
2014-03-22,,,,16.4,9.508,2.0
2014-03-23,,,,10.2,6.167,1.5
2014-03-24,,,,9.5,4.758,0.6
2014-03-25,,,,10.0,4.775,0.1
2014-03-26,,,,13.0,6.033,-0.1
2014-03-27,,,,19.9,11.092,2.2
2014-03-28,,,,18.6,11.333,3.8
2014-03-29,,,,17.6,11.642,3.0
2014-03-30,,,,22.5,14.492,6.8
2014-03-31,,,,21.2,14.029,7.0
2014-04-01,,,,18.0,11.412,5.0
2014-04-02,,,,16.5,10.852,3.1
2014-04-03,,,,14.4,11.767,9.9
2014-04-04,,,,17.5,12.192,6.4
2014-04-05,,,,13.3,7.396,3.9
2014-04-06,,,,9.9,5.912,2.1
2014-04-07,,,,16.3,8.842,2.0
2014-04-08,,,,21.3,12.25,2.4
2014-04-09,,,,18.1,12.2,5.6
2014-04-10,,,,22.4,12.638,6.2
2014-04-11,,,,15.4,9.062,2.5
2014-04-12,,,,17.7,10.404,3.9
2014-04-13,,,,17.6,11.025,2.4
2014-04-14,,,,18.1,11.45,4.2
2014-04-15,,,,21.8,14.429,6.5
2014-04-16,,,,22.6,15.838,9.5
2014-04-17,,,,20.6,14.538,8.0
2014-04-18,,,,12.8,9.112,6.8
2014-04-19,,,,15.6,9.533,4.4
2014-04-20,,,,9.4,6.321,3.4
2014-04-21,,,,11.7,9.588,6.6
2014-04-22,,,,18.0,13.538,9.2
2014-04-23,,,,19.6,12.862,5.8
2014-04-24,,,,20.4,13.638,5.5
2014-04-25,,,,22.8,15.525,7.7
2014-04-26,,,,23.7,16.012,7.3
2014-04-27,,,,23.9,16.154,8.8
2014-04-28,,,,20.9,14.883,8.1
2014-04-29,,,,18.1,14.633,11.1
2014-04-30,,,,14.8,13.196,11.8
2014-05-01,,,,23.9,17.108,12.4
2014-05-02,,,,24.7,17.688,11.1
2014-05-03,,,,25.7,17.467,9.8
2014-05-04,,,,22.7,15.688,8.6
2014-05-05,,,,16.5,13.8,11.3
2014-05-06,,,,15.6,11.929,7.5
2014-05-07,,,,21.0,13.746,5.9
2014-05-08,,,,23.0,15.579,8.2
2014-05-09,,,,22.3,14.304,9.0
2014-05-10,,,,22.5,15.917,8.5
2014-05-11,,,,25.6,18.171,10.3
2014-05-12,,,,20.7,15.725,9.7
2014-05-13,,,,25.5,18.471,13.1
2014-05-14,,,,28.0,19.942,12.1
2014-05-15,,,,21.4,17.375,12.9
2014-05-16,,,,25.5,18.208,12.2
2014-05-17,,,,22.6,16.533,10.9
2014-05-18,,,,24.5,17.354,9.5
2014-05-19,,,,24.6,18.008,10.0
2014-05-20,,,,23.7,19.408,13.9
2014-05-21,,,,16.2,14.708,12.9
2014-05-22,,,,21.3,16.271,11.2
2014-05-23,,,,21.9,15.829,11.0
2014-05-24,,,,25.0,17.8,9.0
2014-05-25,,,,28.5,22.004,15.6
2014-05-26,,,,19.1,17.067,14.8
2014-05-27,,,,28.3,21.025,15.6
2014-05-28,,,,26.2,21.267,17.0
2014-05-29,,,,27.6,20.017,14.5
2014-05-30,,,,29.6,22.192,13.6
2014-05-31,,,,31.4,24.321,17.7
2014-06-01,,,,33.5,25.35,17.4
2014-06-02,,,,30.4,23.979,17.1
2014-06-03,,,,26.9,21.55,15.6
2014-06-04,,,,25.8,21.962,19.4
2014-06-05,,,,19.8,17.808,16.2
2014-06-06,,,,17.6,16.854,15.9
2014-06-07,,,,17.3,16.2,15.3
2014-06-08,,,,22.1,18.762,16.1
2014-06-09,,,,23.8,19.762,17.6
2014-06-10,,,,25.9,21.708,18.3
2014-06-11,,,,20.1,18.929,17.8
2014-06-12,,,,24.8,20.433,18.5
2014-06-13,,,,28.1,21.833,15.8
2014-06-14,,,,27.0,21.633,16.6
2014-06-15,,,,29.1,21.833,12.6
2014-06-16,,,,28.3,22.825,16.6
2014-06-17,,,,27.8,22.825,18.2
2014-06-18,,,,23.9,21.017,18.6
2014-06-19,,,,28.2,21.342,16.2
2014-06-20,,,,25.5,20.846,17.0
2014-06-21,,,,27.1,21.996,18.9
2014-06-22,,,,22.6,20.079,18.4
2014-06-23,,,,28.2,22.358,17.1
2014-06-24,,,,23.9,20.3,18.0
2014-06-25,,,,25.0,19.171,16.5
2014-06-26,,,,25.6,20.958,14.5
2014-06-27,,,,27.0,22.442,19.5
2014-06-28,,,,20.5,19.483,18.3
2014-06-29,,,,27.4,21.838,18.9
2014-06-30,,,,24.8,21.1,18.4
2014-07-01,,,,28.8,23.179,18.3
2014-07-02,,,,28.9,23.954,19.7
2014-07-03,,,,24.9,22.1,20.0
2014-07-04,,,,19.9,19.021,17.9
2014-07-05,,,,21.2,19.208,17.9
2014-07-06,,,,24.8,21.954,18.4
2014-07-07,,,,22.6,20.675,19.0
2014-07-08,,,,30.2,24.075,18.2
2014-07-09,,,,24.7,21.392,19.4
2014-07-10,,,,23.9,22.262,20.5
2014-07-11,,,,33.3,27.075,22.3
2014-07-12,,,,32.6,26.5,21.2
2014-07-13,,,,24.2,22.471,21.0
2014-07-14,,,,30.8,24.721,20.5
2014-07-15,,,,31.3,26.229,21.4
2014-07-16,,,,30.7,26.558,22.4
2014-07-17,,,,29.5,24.846,21.4
2014-07-18,,,,23.0,21.5,20.4
2014-07-19,,,,22.9,20.579,19.7
2014-07-20,,,,28.0,22.229,19.2
2014-07-21,,,,27.4,22.95,20.0
2014-07-22,,,,30.5,25.562,20.5
2014-07-23,,,,31.5,26.842,22.0
2014-07-24,,,,31.6,26.633,23.5
2014-07-25,,,,34.3,28.725,22.7
2014-07-26,,,,33.2,28.75,23.9
2014-07-27,,,,32.8,26.758,22.1
2014-07-28,,,,30.7,24.958,20.1
2014-07-29,,,,30.3,24.575,19.3
2014-07-30,,,,31.4,25.25,18.6
2014-07-31,,,,33.1,27.233,20.8
2014-08-01,,,,34.5,26.804,21.9
2014-08-02,,,,33.3,27.108,21.1
2014-08-03,,,,32.4,26.146,22.2
2014-08-04,,,,32.1,27.708,22.0
2014-08-05,,,,35.5,29.488,22.7
2014-08-06,,,,34.7,29.15,23.2
2014-08-07,,,,33.1,27.154,23.1
2014-08-08,,,,25.7,23.292,21.4
2014-08-09,,,,22.8,21.342,20.3
2014-08-10,,,,25.3,22.658,20.0
2014-08-11,,,,32.1,26.592,23.1
2014-08-12,,,,22.7,21.55,20.4
2014-08-13,,,,28.0,23.433,18.6
2014-08-14,,,,26.5,23.654,22.0
2014-08-15,,,,30.0,25.975,21.6
2014-08-16,,,,24.6,22.967,21.5
2014-08-17,,,,25.5,22.829,20.5
2014-08-18,,,,31.6,26.083,21.1
2014-08-19,,,,32.1,27.142,22.3
2014-08-20,,,,34.1,27.696,22.6
2014-08-21,,,,32.0,27.425,22.6
2014-08-22,,,,32.9,26.262,20.9
2014-08-23,,,,29.3,24.646,21.0
2014-08-24,,,,29.2,24.262,19.9
2014-08-25,,,,27.3,23.367,20.8
2014-08-26,,,,21.6,20.925,19.7
2014-08-27,,,,20.2,18.762,17.6
2014-08-28,,,,22.3,19.717,17.7
2014-08-29,,,,25.0,21.646,19.2
2014-08-30,,,,25.4,20.996,18.6
2014-08-31,,,,23.9,21.171,18.9
2014-09-01,,,,20.4,19.479,18.3
2014-09-02,,,,28.8,22.462,17.1
2014-09-03,,,,23.0,20.867,18.7
2014-09-04,,,,23.0,20.3,17.7
2014-09-05,,,,26.8,22.871,19.9
2014-09-06,,,,29.3,24.142,20.3
2014-09-07,,,,20.8,19.658,18.2
2014-09-08,,,,22.5,19.075,16.4
2014-09-09,,,,27.6,21.2,15.5
2014-09-10,,,,23.5,20.571,18.0
2014-09-11,,,,22.7,19.921,17.7
2014-09-12,,,,26.2,20.429,15.9
2014-09-13,,,,25.6,19.954,14.3
2014-09-14,,,,27.0,20.496,14.5
2014-09-15,,,,22.0,19.021,15.7
2014-09-16,,,,27.7,21.608,16.7
2014-09-17,,,,22.4,19.354,16.0
2014-09-18,,,,22.4,17.017,12.9
2014-09-19,,,,22.8,17.429,12.5
2014-09-20,,,,20.9,16.396,12.3
2014-09-21,,,,24.3,17.679,10.3
2014-09-22,,,,25.4,18.896,13.6
2014-09-23,,,,24.3,17.8,9.9
2014-09-24,,,,21.5,17.462,13.1
2014-09-25,,,,23.8,19.325,16.7
2014-09-26,,,,26.4,20.279,15.2
2014-09-27,,,,22.5,17.733,14.3
2014-09-28,,,,27.6,19.175,11.3
2014-09-29,,,,27.9,20.592,15.7
2014-09-30,,,,27.4,20.296,14.3
2014-10-01,,,,21.5,18.617,17.0
2014-10-02,,,,21.8,18.425,16.5
2014-10-03,,,,27.2,21.767,16.7
2014-10-04,,,,24.1,20.425,18.2
2014-10-05,,,,17.5,14.967,13.9
2014-10-06,,,,25.1,17.967,14.5
2014-10-07,,,,22.2,17.429,13.1
2014-10-08,,,,21.2,17.125,13.5
2014-10-09,,,,19.5,17.154,14.6
2014-10-10,,,,25.7,19.217,14.0
2014-10-11,,,,22.5,17.333,13.5
2014-10-12,,,,17.1,15.379,13.9
2014-10-13,,,,15.0,13.767,13.0
2014-10-14,,,,22.9,17.771,12.1
2014-10-15,,,,17.2,12.871,10.2
2014-10-16,,,,18.2,12.77,9.1
2014-10-17,,,,20.6,13.617,8.9
2014-10-18,,,,18.5,12.267,7.6
2014-10-19,,,,19.7,13.658,7.0
2014-10-20,,,,17.9,13.6,10.1
2014-10-21,,,,18.7,15.0,12.3
2014-10-22,,,,14.3,13.162,11.2
2014-10-23,,,,12.6,11.383,10.5
2014-10-24,,,,17.3,13.096,7.6
2014-10-25,,,,19.8,14.533,9.7
2014-10-26,,,,19.8,14.921,9.5
2014-10-27,,,,23.4,15.517,10.0
2014-10-28,,,,16.6,11.25,7.2
2014-10-29,,,,18.9,11.625,5.3
2014-10-30,,,,18.4,11.217,4.6
2014-10-31,,,,17.0,12.954,7.8
2014-11-01,,,,14.5,13.058,12.0
2014-11-02,,,,19.2,15.262,11.4
2014-11-03,,,,18.3,13.904,7.0
2014-11-04,,,,16.3,10.379,6.1
2014-11-05,,,,14.4,10.238,4.3
2014-11-06,,,,19.8,15.308,10.8
2014-11-07,,,,16.8,12.683,8.0
2014-11-08,,,,15.7,11.012,6.8
2014-11-09,,,,12.3,10.921,9.2
2014-11-10,,,,18.6,13.425,8.4
2014-11-11,,,,13.4,9.592,5.7
2014-11-12,,,,15.1,12.512,9.3
2014-11-13,,,,15.7,12.162,8.0
2014-11-14,,,,15.6,9.388,2.5
2014-11-15,,,,13.3,8.838,4.1
2014-11-16,,,,14.2,7.662,3.5
2014-11-17,,,,11.8,6.196,0.8
2014-11-18,,,,13.5,8.412,4.9
2014-11-19,,,,13.2,7.112,2.3
2014-11-20,,,,9.3,4.867,-0.2
2014-11-21,,,,13.9,7.638,1.8
2014-11-22,,,,17.3,10.179,5.4
2014-11-23,,,,17.3,11.062,5.8
2014-11-24,,,,14.2,9.558,6.5
2014-11-25,,,,10.0,8.117,6.0
2014-11-26,,,,9.6,8.496,7.3
2014-11-27,,,,16.4,10.346,6.4
2014-11-28,,,,14.4,9.217,5.1
2014-11-29,,,,15.5,10.775,7.7
2014-11-30,,,,14.2,11.571,8.6
2014-12-01,,,,13.2,11.492,10.3
2014-12-02,,,,10.4,7.696,4.8
2014-12-03,,,,9.8,6.512,3.0
2014-12-04,,,,9.5,6.842,3.3
2014-12-05,,,,9.8,5.258,1.8
2014-12-06,,,,6.9,2.238,-2.5
2014-12-07,,,,7.1,2.688,-1.8
2014-12-08,,,,9.1,2.404,-3.2
2014-12-09,,,,10.5,4.0,-1.3
2014-12-10,,,,8.3,3.771,1.4
2014-12-11,,,,9.9,5.292,0.0
2014-12-12,,,,8.1,5.421,-0.2
2014-12-13,,,,8.5,3.908,-1.2
2014-12-14,,,,6.8,1.912,-1.2
2014-12-15,,,,7.5,2.567,-0.7
2014-12-16,,,,3.9,0.892,-1.1
2014-12-17,,,,3.8,1.504,-0.8
2014-12-18,,,,5.0,1.188,-2.0
2014-12-19,,,,7.3,2.138,-1.1
2014-12-20,,,,6.8,2.983,-1.1
2014-12-21,,,,11.4,7.092,4.2
2014-12-22,,,,7.1,3.962,0.5
2014-12-23,,,,8.5,3.812,0.3
2014-12-24,,,,9.1,4.021,-2.6
2014-12-25,,,,7.4,3.938,-0.8
2014-12-26,,,,6.0,2.092,-1.9
2014-12-27,,,,6.4,1.804,-1.4
2014-12-28,,,,6.2,0.358,-5.5
2014-12-29,,,,7.8,3.7,0.3
2014-12-30,,,,9.9,5.521,1.3
2014-12-31,,,,12.0,6.983,3.3
2015-01-01,,,,9.7,4.267,0.0
2015-01-02,,,,11.3,4.729,-1.5
2015-01-03,,,,16.1,8.408,2.2
2015-01-04,,,,13.9,8.233,2.7
2015-01-05,,,,15.3,9.225,5.1
2015-01-06,,,,8.1,5.233,3.3
2015-01-07,,,,9.7,5.2,0.5
2015-01-08,,,,8.0,2.229,-2.8
2015-01-09,,,,10.8,4.317,-0.3
2015-01-10,,,,12.5,5.471,-0.7
2015-01-11,,,,9.9,4.204,1.2
2015-01-12,,,,6.2,1.817,-1.2
2015-01-13,,,,6.3,0.617,-3.7
2015-01-14,,,,10.3,4.179,-1.3
2015-01-15,,,,8.4,2.767,-3.1
2015-01-16,,,,9.6,3.133,-2.1
2015-01-17,,,,7.1,2.621,-1.6
2015-01-18,,,,6.0,1.829,-0.5
2015-01-19,,,,4.8,1.967,-2.1
2015-01-20,,,,3.2,-0.212,-3.9
2015-01-21,,,,5.5,1.712,-1.3
2015-01-22,,,,6.6,1.462,-1.8
2015-01-23,,,,3.0,-0.012,-2.5
2015-01-24,,,,2.4,-1.146,-4.4
2015-01-25,,,,4.1,-0.679,-4.6
2015-01-26,,,,7.1,0.646,-4.2
2015-01-27,,,,9.9,3.804,-2.4
2015-01-28,,,,11.4,4.904,0.9
2015-01-29,,,,4.5,2.883,-0.3
2015-01-30,,,,2.6,0.967,-0.2
2015-01-31,,,,9.0,3.721,0.5
2015-02-01,,,,6.8,2.838,-0.2
2015-02-02,,,,7.8,2.183,-1.5
2015-02-03,,,,6.8,1.892,-1.9
2015-02-04,,,,7.4,1.7,-3.0
2015-02-05,,,,9.6,3.629,-2.4
2015-02-06,,,,9.3,3.525,-0.7
2015-02-07,,,,5.9,1.708,-1.3
2015-02-08,,,,5.1,0.375,-4.1
2015-02-09,,,,9.3,2.183,-4.3
2015-02-10,,,,5.9,2.75,0.2
2015-02-11,,,,9.5,3.4,-0.9
2015-02-12,,,,9.8,3.621,-2.7
2015-02-13,,,,15.2,8.383,1.7
2015-02-14,,,,21.3,12.946,6.9
2015-02-15,,,,9.9,5.458,-1.1
2015-02-16,,,,7.7,2.433,-2.8
2015-02-17,,,,7.8,3.346,-1.2
2015-02-18,,,,8.4,2.071,-2.9
2015-02-19,,,,15.7,7.254,-1.4
2015-02-20,,,,7.8,5.154,2.6
2015-02-21,,,,12.2,7.492,1.5
2015-02-22,,,,9.0,4.271,0.8
2015-02-23,,,,9.3,4.808,1.0
2015-02-24,,,,7.5,4.112,0.5
2015-02-25,,,,7.1,1.792,-2.1
2015-02-26,,,,9.6,2.675,-4.0
2015-02-27,,,,9.6,4.254,-1.3
2015-02-28,,,,12.9,6.317,0.3
2015-03-01,,,,5.3,1.725,-1.8
2015-03-02,,,,10.7,3.433,-2.2
2015-03-03,,,,16.4,6.608,-2.9
2015-03-04,,,,13.1,7.546,2.6
2015-03-05,,,,12.0,7.396,2.4
2015-03-06,,,,14.1,10.204,6.2
2015-03-07,,,,13.8,11.1,8.7
2015-03-08,,,,19.2,13.95,8.3
2015-03-09,,,,11.0,6.562,2.3
2015-03-10,,,,9.3,4.654,0.2
2015-03-11,,,,6.2,2.7,-0.1
2015-03-12,,,,4.1,2.329,0.5
2015-03-13,,,,6.9,4.3,2.0
2015-03-14,,,,4.2,3.242,2.1
2015-03-15,,,,9.6,4.567,0.1
2015-03-16,,,,10.1,4.683,-2.5
2015-03-17,,,,20.6,11.517,2.9
2015-03-18,,,,16.5,11.408,4.8
2015-03-19,,,,17.2,12.767,9.0
2015-03-20,,,,15.2,9.85,5.7
2015-03-21,,,,11.9,6.871,1.2
2015-03-22,,,,13.7,6.95,-0.1
2015-03-23,,,,13.7,7.55,2.9
2015-03-24,,,,10.5,5.3,2.3
2015-03-25,,,,9.7,4.55,0.8
2015-03-26,,,,12.9,6.692,0.0
2015-03-27,,,,12.0,8.167,4.9
2015-03-28,,,,15.2,9.996,6.4
2015-03-29,,,,16.3,11.05,4.8
2015-03-30,,,,18.2,12.533,6.0
2015-03-31,,,,19.5,13.025,5.3
2015-04-01,,,,18.1,12.038,7.7
2015-04-02,,,,15.5,10.238,5.9
2015-04-03,,,,16.6,12.404,6.4
2015-04-04,,,,14.7,11.321,8.6
2015-04-05,,,,12.1,9.125,7.1
2015-04-06,,,,19.9,14.188,7.4
2015-04-07,,,,11.7,8.154,5.8
2015-04-08,,,,6.0,2.404,1.0
2015-04-09,,,,5.8,3.554,1.1
2015-04-10,,,,10.0,6.433,1.5
2015-04-11,,,,15.8,10.571,6.7
2015-04-12,,,,16.1,10.492,5.0
2015-04-13,,,,8.1,6.946,6.4
2015-04-14,,,,12.0,10.162,7.8
2015-04-15,,,,18.8,12.596,7.6
2015-04-16,,,,20.4,13.067,4.5
2015-04-17,,,,16.9,11.996,6.7
2015-04-18,,,,19.1,11.838,3.8
2015-04-19,,,,17.4,10.842,5.0
2015-04-20,,,,15.9,12.758,8.5
2015-04-21,,,,22.0,16.1,11.0
2015-04-22,,,,19.2,14.725,9.3
2015-04-23,,,,24.0,17.375,10.5
2015-04-24,,,,21.7,16.404,12.2
2015-04-25,,,,22.6,15.608,10.9
2015-04-26,,,,23.0,15.275,7.6
2015-04-27,,,,27.6,18.912,9.8
2015-04-28,,,,28.6,20.358,11.1
2015-04-29,,,,23.5,18.017,11.7
2015-04-30,,,,24.3,18.312,12.3
2015-05-01,,,,26.8,19.633,12.7
2015-05-02,,,,27.1,19.821,12.9
2015-05-03,,,,24.5,19.021,12.7
2015-05-04,,,,25.2,19.979,15.0
2015-05-05,,,,23.0,15.858,9.8
2015-05-06,,,,22.3,15.783,7.9
2015-05-07,,,,25.3,17.167,11.8
2015-05-08,,,,26.2,19.558,12.5
2015-05-09,,,,18.7,15.812,13.4
2015-05-10,,,,23.3,16.479,9.6
2015-05-11,,,,22.5,15.025,8.6
2015-05-12,,,,19.2,14.454,10.1
2015-05-13,,,,26.5,20.862,13.9
2015-05-14,,,,29.8,22.675,14.4
2015-05-15,,,,26.9,20.829,14.0
2015-05-16,,,,24.5,19.242,15.9
2015-05-17,,,,26.8,20.204,13.8
2015-05-18,,,,24.7,18.317,11.2
2015-05-19,,,,22.2,17.567,13.7
2015-05-20,,,,24.4,19.858,16.0
2015-05-21,,,,22.5,16.95,11.7
2015-05-22,,,,23.8,16.717,8.6
2015-05-23,,,,27.2,19.875,12.1
2015-05-24,,,,25.0,19.962,15.4
2015-05-25,,,,25.8,19.738,14.0
2015-05-26,,,,28.8,21.167,12.9
2015-05-27,,,,29.2,22.392,15.4
2015-05-28,,,,24.8,21.05,17.0
2015-05-29,,,,22.5,19.712,16.9
2015-05-30,,,,31.6,23.912,16.5
2015-05-31,,,,28.8,22.683,17.5
2015-06-01,,,,27.7,21.738,16.4
2015-06-02,,,,27.4,21.892,15.5
2015-06-03,,,,23.1,19.967,17.8
2015-06-04,,,,26.1,19.996,14.2
2015-06-05,,,,18.6,14.929,11.6
2015-06-06,,,,23.5,16.908,12.1
2015-06-07,,,,24.8,18.321,11.0
2015-06-08,,,,22.0,18.075,13.9
2015-06-09,,,,22.7,18.933,14.7
2015-06-10,,,,28.3,22.375,16.6
2015-06-11,,,,26.5,21.979,16.9
2015-06-12,,,,22.8,20.788,18.7
2015-06-13,,,,30.1,24.358,19.9
2015-06-14,,,,24.5,21.808,18.0
2015-06-15,,,,29.2,22.833,17.0
2015-06-16,,,,26.1,20.738,17.7
2015-06-17,,,,25.1,20.179,16.8
2015-06-18,,,,19.0,17.954,16.7
2015-06-19,,,,17.8,16.654,15.7
2015-06-20,,,,24.3,19.558,15.3
2015-06-21,,,,21.1,18.662,17.2
2015-06-22,,,,25.9,21.246,16.5
2015-06-23,,,,27.1,21.129,18.3
2015-06-24,,,,27.7,22.583,16.3
2015-06-25,,,,27.7,23.154,19.8
2015-06-26,,,,22.7,20.112,18.4
2015-06-27,,,,24.3,20.725,18.4
2015-06-28,,,,26.4,21.425,16.8
2015-06-29,,,,25.0,20.392,14.5
2015-06-30,,,,23.4,20.05,17.8
2015-07-01,,,,21.9,19.083,17.3
2015-07-02,,,,22.2,20.142,18.5
2015-07-03,,,,21.9,20.175,18.7
2015-07-04,,,,22.8,21.062,19.3
2015-07-05,,,,22.6,19.667,17.5
2015-07-06,,,,19.5,18.6,17.9
2015-07-07,,,,21.5,19.558,17.5
2015-07-08,,,,24.8,20.808,18.1
2015-07-09,,,,19.7,18.725,17.7
2015-07-10,,,,28.3,23.25,17.5
2015-07-11,,,,32.2,25.7,19.3
2015-07-12,,,,32.6,26.217,19.6
2015-07-13,,,,34.0,28.067,20.9
2015-07-14,,,,35.2,30.162,25.0
2015-07-15,,,,32.6,26.938,22.8
2015-07-16,,,,23.7,22.662,21.2
2015-07-17,,,,26.6,23.921,21.5
2015-07-18,,,,24.4,22.938,21.3
2015-07-19,,,,32.8,26.533,20.4
2015-07-20,,,,32.3,27.488,22.7
2015-07-21,,,,33.0,27.467,23.5
2015-07-22,,,,33.1,27.917,21.6
2015-07-23,,,,29.6,25.879,23.0
2015-07-24,,,,31.6,26.671,22.2
2015-07-25,,,,34.7,28.596,24.1
2015-07-26,,,,35.5,29.446,23.1
2015-07-27,,,,33.9,29.192,24.4
2015-07-28,,,,32.3,26.592,22.4
2015-07-29,,,,31.5,27.129,24.1
2015-07-30,,,,31.0,26.658,23.6
2015-07-31,,,,33.7,28.662,23.4
2015-08-01,,,,35.0,28.546,23.7
2015-08-02,,,,34.8,26.354,20.6
2015-08-03,,,,33.2,26.662,19.8
2015-08-04,,,,33.9,27.404,23.3
2015-08-05,,,,34.1,27.571,22.4
2015-08-06,,,,34.3,28.025,21.9
2015-08-07,,,,35.3,29.375,23.2
2015-08-08,,,,30.2,27.008,23.9
2015-08-09,,,,30.9,26.558,22.9
2015-08-10,,,,31.8,26.975,23.2
2015-08-11,,,,31.4,27.021,23.0
2015-08-12,,,,30.7,26.354,23.4
2015-08-13,,,,27.7,24.038,22.0
2015-08-14,,,,27.8,23.612,22.3
2015-08-15,,,,31.5,26.146,21.8
2015-08-16,,,,28.3,24.088,21.9
2015-08-17,,,,23.6,22.592,21.5
2015-08-18,,,,32.3,26.404,21.7
2015-08-19,,,,30.3,26.071,22.3
2015-08-20,,,,25.5,23.483,22.2
2015-08-21,,,,23.8,22.833,22.0
2015-08-22,,,,30.8,25.721,22.3
2015-08-23,,,,26.7,23.533,21.9
2015-08-24,,,,25.9,22.45,20.2
2015-08-25,,,,19.6,18.012,15.9
2015-08-26,,,,19.0,17.571,15.6
2015-08-27,,,,27.7,22.429,19.0
2015-08-28,,,,22.9,20.35,18.0
2015-08-29,,,,21.3,19.246,17.8
2015-08-30,,,,19.9,19.1,18.5
2015-08-31,,,,22.2,20.625,19.2
2015-09-01,,,,22.5,20.875,20.0
2015-09-02,,,,29.8,24.054,20.5
2015-09-03,,,,24.8,21.858,20.2
2015-09-04,,,,28.9,23.117,19.5
2015-09-05,,,,27.0,22.396,17.6
2015-09-06,,,,22.1,20.05,19.0
2015-09-07,,,,22.5,20.154,18.8
2015-09-08,,,,19.8,18.912,18.1
2015-09-09,,,,22.6,20.288,18.1
2015-09-10,,,,22.3,20.712,18.3
2015-09-11,,,,28.0,21.846,17.6
2015-09-12,,,,26.6,22.071,17.1
2015-09-13,,,,25.5,21.454,18.6
2015-09-14,,,,24.1,20.617,18.1
2015-09-15,,,,24.5,20.158,17.1
2015-09-16,,,,21.1,18.833,17.6
2015-09-17,,,,17.7,16.896,15.7
2015-09-18,,,,22.3,18.975,16.8
2015-09-19,,,,26.7,21.179,16.8
2015-09-20,,,,27.0,20.95,16.4
2015-09-21,,,,24.5,20.217,16.3
2015-09-22,,,,26.2,20.492,15.9
2015-09-23,,,,24.6,19.708,14.4
2015-09-24,,,,19.2,16.621,14.7
2015-09-25,,,,16.7,15.854,14.9
2015-09-26,,,,23.0,19.167,15.7
2015-09-27,,,,24.9,20.325,17.6
2015-09-28,,,,26.1,20.138,15.2
2015-09-29,,,,25.3,19.4,15.2
2015-09-30,,,,22.7,16.633,11.8
2015-10-01,,,,18.9,14.975,10.1
2015-10-02,,,,25.5,19.171,15.2
2015-10-03,,,,24.9,18.688,13.5
2015-10-04,,,,24.3,17.458,12.1
2015-10-05,,,,17.1,14.521,12.4
2015-10-06,,,,19.4,15.15,12.5
2015-10-07,,,,22.2,15.35,9.9
2015-10-08,,,,20.2,15.938,11.7
2015-10-09,,,,23.8,16.929,12.6
2015-10-10,,,,19.4,14.708,10.5
2015-10-11,,,,18.2,14.929,12.7
2015-10-12,,,,22.1,15.621,8.6
2015-10-13,,,,22.3,14.983,8.2
2015-10-14,,,,20.8,14.554,9.8
2015-10-15,,,,21.2,14.896,8.9
2015-10-16,,,,15.9,14.296,12.6
2015-10-17,,,,21.0,16.25,14.2
2015-10-18,,,,24.0,17.638,12.5
2015-10-19,,,,23.0,17.2,12.8
2015-10-20,,,,23.8,16.858,12.7
2015-10-21,,,,18.0,14.725,11.8
2015-10-22,,,,21.7,15.392,10.3
2015-10-23,,,,16.5,14.308,12.4
2015-10-24,,,,21.5,15.958,10.4
2015-10-25,,,,17.4,12.904,7.5
2015-10-26,,,,18.9,12.054,7.5
2015-10-27,,,,19.8,12.938,7.3
2015-10-28,,,,22.6,16.617,11.6
2015-10-29,,,,19.1,15.133,11.4
2015-10-30,,,,20.0,13.45,8.9
2015-10-31,,,,14.4,10.562,8.1
2015-11-01,,,,15.8,10.217,5.8
2015-11-02,,,,12.9,10.088,7.6
2015-11-03,,,,18.4,12.35,8.3
2015-11-04,,,,17.7,11.058,5.3
2015-11-05,,,,18.9,11.671,5.6
2015-11-06,,,,22.0,13.9,8.3
2015-11-07,,,,18.2,13.808,11.0
2015-11-08,,,,13.5,12.567,11.9
2015-11-09,,,,19.1,15.129,11.6
2015-11-10,,,,16.8,14.512,9.9
2015-11-11,,,,16.6,11.812,7.5
2015-11-12,,,,13.0,10.429,8.7
2015-11-13,,,,12.9,10.217,7.4
2015-11-14,,,,11.4,10.154,8.9
2015-11-15,,,,20.7,15.062,11.6
2015-11-16,,,,18.7,15.246,11.9
2015-11-17,,,,17.6,14.8,11.8
2015-11-18,,,,17.9,14.538,13.1
2015-11-19,,,,15.2,12.671,10.8
2015-11-20,,,,15.5,11.846,8.6
2015-11-21,,,,17.8,12.442,8.0
2015-11-22,,,,10.4,9.854,9.4
2015-11-23,,,,11.9,10.367,8.7
2015-11-24,,,,20.6,12.088,7.7
2015-11-25,,,,8.4,6.171,3.9
2015-11-26,,,,9.5,6.604,3.0
2015-11-27,,,,10.7,7.292,3.6
2015-11-28,,,,15.0,8.725,5.2
2015-11-29,,,,12.8,7.538,2.6
2015-11-30,,,,11.0,7.154,4.2
2015-12-01,,,,14.5,8.254,3.8
2015-12-02,,,,10.4,6.3,1.0
2015-12-03,,,,17.3,10.833,6.9
2015-12-04,,,,11.2,8.446,6.2
2015-12-05,,,,14.7,10.4,7.0
2015-12-06,,,,10.6,7.358,4.7
2015-12-07,,,,11.1,5.554,1.1
2015-12-08,,,,10.2,4.8,0.5
2015-12-09,,,,9.8,4.3,-0.3
2015-12-10,,,,9.7,5.508,0.0
2015-12-11,,,,16.9,10.762,5.6
2015-12-12,,,,13.0,9.438,6.6
2015-12-13,,,,10.8,8.517,6.6
2015-12-14,,,,10.6,8.888,7.7
2015-12-15,,,,13.6,9.15,6.8
2015-12-16,,,,13.8,9.192,4.7
2015-12-17,,,,10.7,6.804,1.8
2015-12-18,,,,9.6,4.037,0.7
2015-12-19,,,,8.7,4.188,0.3
2015-12-20,,,,9.6,3.812,-0.2
2015-12-21,,,,10.0,5.708,0.9
2015-12-22,,,,12.1,7.312,1.9
2015-12-23,,,,7.2,3.504,-0.6
2015-12-24,,,,16.0,9.271,3.2
2015-12-25,,,,11.3,7.825,2.9
2015-12-26,,,,9.0,5.021,0.2
2015-12-27,,,,7.8,4.633,-1.2
2015-12-28,,,,8.2,1.842,-2.4
2015-12-29,,,,8.4,3.8,0.0
2015-12-30,,,,8.7,3.008,-0.7
2015-12-31,,,,8.8,3.329,-1.7
2016-01-01,,,,12.2,5.642,1.6
2016-01-02,,,,12.8,6.15,2.3
2016-01-03,,,,10.5,5.846,2.3
2016-01-04,,,,11.6,4.904,-1.2
2016-01-05,,,,6.6,3.446,0.7
2016-01-06,,,,7.4,1.829,-1.3
2016-01-07,,,,8.7,1.996,-2.5
2016-01-08,,,,5.5,1.317,-2.0
2016-01-09,,,,10.4,5.604,0.9
2016-01-10,,,,12.1,6.9,2.4
2016-01-11,,,,8.9,4.5,0.3
2016-01-12,,,,8.3,4.238,0.2
2016-01-13,,,,8.6,3.879,0.4
2016-01-14,,,,3.1,-0.525,-4.1
2016-01-15,,,,1.1,-2.142,-4.3
2016-01-16,,,,5.1,0.638,-3.0
2016-01-17,,,,7.2,2.692,-0.1
2016-01-18,,,,7.4,2.417,-1.5
2016-01-19,,,,8.4,2.633,-1.4
2016-01-20,,,,2.0,-0.975,-4.1
2016-01-21,,,,6.3,2.354,-1.3
2016-01-22,,,,9.9,2.575,-4.8
2016-01-23,,,,3.3,0.575,-2.7
2016-01-24,,,,3.9,-0.546,-3.6
2016-01-25,,,,5.9,0.8,-3.4
2016-01-26,,,,8.4,1.996,-2.2
2016-01-27,,,,12.4,4.438,-2.9
2016-01-28,,,,11.0,5.075,0.9
2016-01-29,,,,10.4,4.846,-0.3
2016-01-30,,,,15.7,6.883,1.2
2016-01-31,,,,6.9,2.467,-0.9
2016-02-01,,,,8.6,2.692,-3.3
2016-02-02,,,,5.3,1.921,-0.9
2016-02-03,,,,9.2,4.879,1.3
2016-02-04,,,,10.8,4.408,-0.3
2016-02-05,,,,5.4,1.946,-2.5
2016-02-06,,,,10.3,5.183,0.3
2016-02-07,,,,5.6,2.429,0.0
2016-02-08,,,,8.0,2.238,-1.3
2016-02-09,,,,3.0,0.392,-1.4
2016-02-10,,,,6.0,0.854,-3.1
2016-02-11,,,,6.8,1.442,-3.8
2016-02-12,,,,6.9,2.833,-0.4
2016-02-13,,,,8.3,2.829,-1.6
2016-02-14,,,,7.4,2.104,-1.9
2016-02-15,,,,10.1,3.612,-1.0
2016-02-16,,,,12.8,4.933,-0.9
2016-02-17,,,,16.6,7.942,-0.3
2016-02-18,,,,8.6,4.325,0.0
2016-02-19,,,,8.9,2.738,-1.5
2016-02-20,,,,10.8,4.988,-2.2
2016-02-21,,,,5.3,2.342,-0.7
2016-02-22,,,,6.9,2.642,-2.1
2016-02-23,,,,17.5,8.008,1.6
2016-02-24,,,,8.5,3.762,-1.5
2016-02-25,,,,10.4,3.525,-3.7
2016-02-26,,,,11.7,5.617,0.0
2016-02-27,,,,9.9,4.712,1.1
2016-02-28,,,,8.9,4.104,0.6
2016-03-01,,,,6.9,3.738,-0.6
2016-03-02,,,,8.8,5.704,3.3
2016-03-03,,,,11.8,6.662,1.8
2016-03-04,,,,12.2,5.421,-1.8
2016-03-05,,,,13.8,7.688,-1.0
2016-03-06,,,,9.0,6.617,3.2
2016-03-07,,,,9.3,4.254,-0.4
2016-03-08,,,,9.2,2.779,-3.5
2016-03-09,,,,12.3,5.058,-3.3
2016-03-10,,,,10.2,5.488,0.5
2016-03-11,,,,9.8,4.225,-0.6
2016-03-12,,,,10.4,4.517,-2.6
2016-03-13,,,,8.4,5.554,3.3
2016-03-14,,,,10.1,6.042,3.2
2016-03-15,,,,8.7,5.108,2.2
2016-03-16,,,,12.0,6.338,1.7
2016-03-17,,,,11.6,5.717,0.8
2016-03-18,,,,13.0,7.183,0.9
2016-03-19,,,,15.2,9.292,3.8
2016-03-20,,,,15.6,9.883,4.2
2016-03-21,,,,7.5,5.692,4.5
2016-03-22,,,,11.3,6.508,2.2
2016-03-23,,,,12.2,6.079,1.8
2016-03-24,,,,9.1,4.633,0.8
2016-03-25,,,,11.3,5.583,-0.5
2016-03-26,,,,4.9,2.921,0.6
2016-03-27,,,,9.8,4.721,2.1
2016-03-28,,,,11.5,6.246,2.0
2016-03-29,,,,13.3,6.846,0.7
2016-03-30,,,,16.2,9.088,2.0
2016-03-31,,,,9.7,6.371,3.2
2016-04-01,,,,17.6,11.179,5.7
2016-04-02,,,,12.2,9.5,7.5
2016-04-03,,,,17.3,13.025,6.5
2016-04-04,,,,21.6,14.683,10.4
2016-04-05,,,,9.8,8.275,6.1
2016-04-06,,,,21.1,12.712,4.8
2016-04-07,,,,10.8,9.908,8.4
2016-04-08,,,,20.1,14.85,9.2
2016-04-09,,,,22.5,14.004,6.3
2016-04-10,,,,21.0,14.833,9.0
2016-04-11,,,,12.3,8.983,4.4
2016-04-12,,,,13.6,7.833,1.4
2016-04-13,,,,16.4,11.496,5.9
2016-04-14,,,,20.8,15.583,11.3
2016-04-15,,,,17.8,13.421,7.8
2016-04-16,,,,17.3,11.888,3.9
2016-04-17,,,,27.2,18.192,10.3
2016-04-18,,,,22.0,16.392,10.8
2016-04-19,,,,22.1,14.296,8.3
2016-04-20,,,,18.5,12.654,6.4
2016-04-21,,,,15.0,11.467,8.4
2016-04-22,,,,24.1,16.512,10.2
2016-04-23,,,,21.7,16.396,11.9
2016-04-24,,,,18.0,15.429,13.4
2016-04-25,,,,20.4,16.142,11.7
2016-04-26,,,,24.9,17.646,10.4
2016-04-27,,,,18.6,14.975,12.0
2016-04-28,,,,13.2,12.554,11.6
2016-04-29,,,,15.8,12.154,8.1
2016-04-30,,,,19.8,13.429,6.9
2016-05-01,,,,23.9,16.171,7.8
2016-05-02,,,,15.8,13.583,10.5
2016-05-03,,,,20.5,17.317,14.3
2016-05-04,,,,27.3,19.733,14.7
2016-05-05,,,,25.9,18.521,11.3
2016-05-06,,,,18.9,15.125,10.7
2016-05-07,,,,26.9,19.038,12.5
2016-05-08,,,,24.2,18.625,13.1
2016-05-09,,,,19.5,16.233,14.2
2016-05-10,,,,22.4,17.946,14.5
2016-05-11,,,,20.1,17.092,14.7
2016-05-12,,,,27.9,19.992,14.3
2016-05-13,,,,25.7,19.546,12.7
2016-05-14,,,,26.1,19.729,13.2
2016-05-15,,,,21.7,16.292,11.4
2016-05-16,,,,16.9,14.804,12.9
2016-05-17,,,,20.9,16.329,13.0
2016-05-18,,,,27.1,19.029,11.4
2016-05-19,,,,25.2,18.371,11.0
2016-05-20,,,,21.0,15.671,10.4
2016-05-21,,,,25.8,17.688,9.6
2016-05-22,,,,29.4,21.192,12.6
2016-05-23,,,,31.8,23.1,13.7
2016-05-24,,,,29.1,22.788,14.7
2016-05-25,,,,21.9,19.467,16.4
2016-05-26,,,,29.3,22.179,15.0
2016-05-27,,,,23.1,19.546,16.8
2016-05-28,,,,23.3,18.296,14.7
2016-05-29,,,,27.3,21.042,14.0
2016-05-30,,,,18.1,15.092,13.5
2016-05-31,,,,24.9,19.379,13.8
2016-06-01,,,,23.7,18.379,13.0
2016-06-02,,,,22.4,16.762,11.4
2016-06-03,,,,24.7,17.971,9.9
2016-06-04,,,,26.3,20.833,13.9
2016-06-05,,,,25.9,21.504,16.7
2016-06-06,,,,23.1,18.667,14.0
2016-06-07,,,,20.2,17.525,15.4
2016-06-08,,,,23.4,19.95,16.7
2016-06-09,,,,22.9,19.696,18.2
2016-06-10,,,,30.0,23.504,16.8
2016-06-11,,,,30.0,23.738,19.2
2016-06-12,,,,26.6,21.962,16.8
2016-06-13,,,,19.5,17.788,16.2
2016-06-14,,,,25.8,20.942,17.3
2016-06-15,,,,18.2,17.2,16.1
2016-06-16,,,,20.0,18.442,17.3
2016-06-17,,,,29.1,22.788,17.9
2016-06-18,,,,31.6,24.642,18.0
2016-06-19,,,,25.2,21.317,18.3
2016-06-20,,,,29.3,23.029,18.2
2016-06-21,,,,24.6,21.212,19.4
2016-06-22,,,,23.0,20.15,18.4
2016-06-23,,,,26.9,21.717,19.4
2016-06-24,,,,21.0,18.933,16.3
2016-06-25,,,,24.5,21.867,19.1
2016-06-26,,,,26.7,22.538,18.9
2016-06-27,,,,28.5,22.704,16.4
2016-06-28,,,,20.8,18.383,15.5
2016-06-29,,,,21.7,19.821,18.3
2016-06-30,,,,24.1,21.417,18.8
2016-07-01,,,,30.6,25.488,20.7
2016-07-02,,,,26.7,24.1,22.0
2016-07-03,,,,32.1,26.021,21.3
2016-07-04,,,,30.8,24.892,21.5
2016-07-05,,,,22.7,19.388,17.7
2016-07-06,,,,25.9,21.104,17.6
2016-07-07,,,,34.7,26.2,19.8
2016-07-08,,,,25.4,22.817,19.9
2016-07-09,,,,22.7,20.742,19.2
2016-07-10,,,,31.5,25.45,19.2
2016-07-11,,,,33.3,26.908,21.0
2016-07-12,,,,31.3,25.967,19.7
2016-07-13,,,,25.0,23.208,22.1
2016-07-14,,,,31.1,24.762,21.5
2016-07-15,,,,22.5,20.9,20.0
2016-07-16,,,,24.2,21.283,18.5
2016-07-17,,,,26.7,23.838,20.9
2016-07-18,,,,32.5,26.988,22.5
2016-07-19,,,,31.2,26.471,22.4
2016-07-20,,,,29.9,25.075,20.9
2016-07-21,,,,21.2,20.229,19.3
2016-07-22,,,,21.6,19.608,18.6
2016-07-23,,,,21.7,19.458,17.7
2016-07-24,,,,26.1,21.962,17.2
2016-07-25,,,,25.9,22.929,20.0
2016-07-26,,,,21.9,20.6,19.9
2016-07-27,,,,25.4,22.442,19.5
2016-07-28,,,,28.2,24.542,21.2
2016-07-29,,,,30.8,25.904,21.6
2016-07-30,,,,31.8,26.217,19.6
2016-07-31,,,,31.9,26.554,22.2
2016-08-01,,,,32.7,25.129,22.0
2016-08-02,,,,29.6,23.85,20.4
2016-08-03,,,,30.0,25.025,20.4
2016-08-04,,,,31.8,27.175,22.1
2016-08-05,,,,32.6,27.529,22.4
2016-08-06,,,,33.6,28.354,23.1
2016-08-07,,,,32.0,27.562,24.1
2016-08-08,,,,32.9,27.721,21.6
2016-08-09,,,,33.2,28.9,24.6
2016-08-10,,,,32.6,27.175,23.0
2016-08-11,,,,30.4,25.883,22.5
2016-08-12,,,,29.1,24.817,21.6
2016-08-13,,,,29.3,24.862,21.1
2016-08-14,,,,26.7,23.317,20.7
2016-08-15,,,,25.4,22.933,20.9
2016-08-16,,,,30.6,25.254,22.1
2016-08-17,,,,32.9,26.35,22.5
2016-08-18,,,,29.1,24.962,22.7
2016-08-19,,,,29.6,25.283,23.1
2016-08-20,,,,26.8,23.542,22.5
2016-08-21,,,,31.4,26.388,21.2
2016-08-22,,,,24.9,23.329,21.3
2016-08-23,,,,30.7,24.488,20.3
2016-08-24,,,,24.8,23.012,21.2
2016-08-25,,,,29.6,25.725,22.9
2016-08-26,,,,31.1,26.367,22.8
2016-08-27,,,,22.8,21.612,19.7
2016-08-28,,,,21.0,19.946,19.0
2016-08-29,,,,25.5,23.038,20.4
2016-08-30,,,,24.1,21.679,17.8
2016-08-31,,,,28.9,22.467,16.2
2016-09-01,,,,30.2,23.471,16.8
2016-09-02,,,,29.7,24.417,19.5
2016-09-03,,,,29.5,25.075,21.7
2016-09-04,,,,28.4,24.175,21.3
2016-09-05,,,,30.0,25.746,22.8
2016-09-06,,,,31.7,26.279,23.1
2016-09-07,,,,30.1,24.958,21.7
2016-09-08,,,,24.6,22.712,21.5
2016-09-09,,,,29.5,24.496,20.3
2016-09-10,,,,29.4,24.458,20.4
2016-09-11,,,,25.8,23.15,21.5
2016-09-12,,,,26.5,22.621,19.6
2016-09-13,,,,24.2,21.004,19.4
2016-09-14,,,,25.3,21.867,19.4
2016-09-15,,,,26.9,23.15,21.0
2016-09-16,,,,22.7,21.192,20.1
2016-09-17,,,,27.2,22.538,19.1
2016-09-18,,,,21.1,20.388,19.8
2016-09-19,,,,20.1,19.283,17.9
2016-09-20,,,,18.3,17.558,16.7
2016-09-21,,,,20.4,17.996,16.8
2016-09-22,,,,18.4,17.683,16.7
2016-09-23,,,,21.2,19.412,17.9
2016-09-24,,,,21.8,19.492,17.4
2016-09-25,,,,26.9,21.979,17.4
2016-09-26,,,,26.6,22.492,19.8
2016-09-27,,,,27.3,23.196,20.4
2016-09-28,,,,24.7,21.988,19.7
2016-09-29,,,,25.4,21.029,15.9
2016-09-30,,,,20.6,17.333,14.4
2016-10-01,,,,21.6,18.158,15.2
2016-10-02,,,,26.7,21.562,17.7
2016-10-03,,,,22.8,21.05,19.3
2016-10-04,,,,29.3,22.275,17.6
2016-10-05,,,,19.1,17.433,15.5
2016-10-06,,,,28.2,21.842,15.7
2016-10-07,,,,23.6,17.875,13.7
2016-10-08,,,,24.7,18.788,14.8
2016-10-09,,,,21.3,17.75,12.6
2016-10-10,,,,19.8,15.496,12.7
2016-10-11,,,,16.4,13.962,11.3
2016-10-12,,,,22.1,15.404,9.5
2016-10-13,,,,16.0,13.725,12.2
2016-10-14,,,,17.9,13.079,9.4
2016-10-15,,,,21.0,13.558,6.9
2016-10-16,,,,21.6,15.075,8.9
2016-10-17,,,,18.2,15.304,13.1
2016-10-18,,,,27.1,20.429,14.7
2016-10-19,,,,22.5,19.104,17.1
2016-10-20,,,,25.7,18.767,14.3
2016-10-21,,,,20.0,14.825,10.3
2016-10-22,,,,16.7,12.667,7.4
2016-10-23,,,,20.9,14.725,10.1
2016-10-24,,,,18.1,11.775,7.4
2016-10-25,,,,13.2,8.954,2.9
2016-10-26,,,,25.6,17.117,8.7
2016-10-27,,,,20.9,14.583,8.7
2016-10-28,,,,12.0,9.388,6.6
2016-10-29,,,,19.4,14.104,9.9
2016-10-30,,,,14.7,10.042,7.4
2016-10-31,,,,14.4,10.704,6.8
2016-11-01,,,,18.9,10.862,6.4
2016-11-02,,,,13.2,8.996,5.6
2016-11-03,,,,17.0,10.654,7.0
2016-11-04,,,,16.9,9.996,5.3
2016-11-05,,,,18.9,11.008,4.1
2016-11-06,,,,16.8,11.467,6.3
2016-11-07,,,,11.6,6.912,2.7
2016-11-08,,,,11.1,6.962,1.5
2016-11-09,,,,10.6,7.704,4.0
2016-11-10,,,,9.5,5.804,3.0
2016-11-11,,,,10.6,7.908,4.1
2016-11-12,,,,17.4,11.433,6.2
2016-11-13,,,,17.3,10.467,4.4
2016-11-14,,,,15.1,10.917,7.1
2016-11-15,,,,20.3,13.946,9.2
2016-11-16,,,,14.4,9.042,5.9
2016-11-17,,,,17.5,9.212,2.9
2016-11-18,,,,11.9,6.571,1.4
2016-11-19,,,,10.5,7.754,4.4
2016-11-20,,,,15.5,12.875,9.8
2016-11-21,,,,12.2,10.092,8.2
2016-11-22,,,,20.3,13.175,8.6
2016-11-23,,,,12.3,8.071,4.3
2016-11-24,,,,4.2,0.833,-0.3
2016-11-25,,,,7.1,1.817,-2.9
2016-11-26,,,,7.1,4.55,0.6
2016-11-27,,,,10.8,8.012,5.4
2016-11-28,,,,11.9,8.242,4.4
2016-11-29,,,,11.7,6.938,3.5
2016-11-30,,,,8.2,4.662,1.7
2016-12-01,,,,16.7,9.683,3.4
2016-12-02,,,,14.7,9.267,4.8
2016-12-03,,,,15.1,8.612,4.4
2016-12-04,,,,12.6,8.033,4.1
2016-12-05,,,,17.3,10.875,6.4
2016-12-06,,,,12.8,7.721,2.7
2016-12-07,,,,9.0,3.758,0.0
2016-12-08,,,,11.6,4.342,-1.7
2016-12-09,,,,15.0,7.575,0.7
2016-12-10,,,,8.1,5.338,1.2
2016-12-11,,,,7.5,3.133,0.4
2016-12-12,,,,9.4,3.712,0.5
2016-12-13,,,,11.7,6.183,0.5
2016-12-14,,,,11.8,7.012,0.9
2016-12-15,,,,7.8,2.596,-2.2
2016-12-16,,,,6.4,1.171,-3.9
2016-12-17,,,,11.7,5.442,0.1
2016-12-18,,,,13.5,7.025,2.3
2016-12-19,,,,14.8,8.321,4.0
2016-12-20,,,,15.1,8.088,2.6
2016-12-21,,,,15.5,9.071,3.9
2016-12-22,,,,12.1,8.392,3.5
2016-12-23,,,,15.0,10.725,4.4
2016-12-24,,,,9.3,4.846,1.2
2016-12-25,,,,10.2,4.146,0.2
2016-12-26,,,,8.2,3.446,-1.0
2016-12-27,,,,12.6,6.117,1.0
2016-12-28,,,,6.5,2.488,-2.2
2016-12-29,,,,7.9,1.904,-4.6
2016-12-30,,,,7.1,3.275,-0.6
2016-12-31,,,,12.0,4.0,-1.8
2017-01-01,,,,10.4,4.375,-1.3
2017-01-02,,,,8.3,4.383,1.4
2017-01-03,,,,5.0,1.867,-0.5
2017-01-04,,,,6.4,1.788,-1.2
2017-01-05,,,,5.5,0.912,-2.0
2017-01-06,,,,9.6,3.592,-1.3
2017-01-07,,,,8.3,3.154,-0.6
2017-01-08,,,,6.8,2.342,-2.4
2017-01-09,,,,13.8,6.979,3.0
2017-01-10,,,,9.2,5.275,2.2
2017-01-11,,,,5.7,1.958,-1.0
2017-01-12,,,,5.7,0.408,-2.5
2017-01-13,,,,5.7,-0.083,-6.9
2017-01-14,,,,6.1,0.675,-3.9
2017-01-15,,,,7.1,0.729,-4.8
2017-01-16,,,,10.7,5.742,1.8
2017-01-17,,,,9.2,5.233,2.1
2017-01-18,,,,13.3,8.038,4.4
2017-01-19,,,,10.2,5.675,2.6
2017-01-20,,,,8.9,4.842,2.0
2017-01-21,,,,11.6,5.233,0.7
2017-01-22,,,,1.7,-0.525,-2.3
2017-01-23,,,,6.6,0.55,-4.7
2017-01-24,,,,2.9,-0.908,-4.9
2017-01-25,,,,1.1,-2.75,-6.4
2017-01-26,,,,0.8,-2.254,-5.4
2017-01-27,,,,4.2,-0.379,-4.6
2017-01-28,,,,2.9,-1.067,-4.0
2017-01-29,,,,7.7,2.483,-4.5
2017-01-30,,,,5.3,0.533,-2.7
2017-01-31,,,,8.4,0.667,-7.0
2017-02-01,,,,2.0,0.296,-0.4
2017-02-02,,,,2.2,0.15,-1.2
2017-02-03,,,,6.0,1.7,-2.0
2017-02-04,,,,7.0,2.325,-1.5
2017-02-05,,,,5.6,1.058,-2.1
2017-02-06,,,,5.0,0.467,-2.5
2017-02-07,,,,7.0,0.838,-2.5
2017-02-08,,,,7.3,0.708,-4.3
2017-02-09,,,,8.3,1.458,-3.9
2017-02-10,,,,8.3,3.212,-3.4
2017-02-11,,,,12.5,5.5,-1.2
2017-02-12,,,,5.2,0.988,-2.2
2017-02-13,,,,6.8,1.521,-3.2
2017-02-14,,,,9.7,4.025,-4.0
2017-02-15,,,,14.0,7.675,0.8
2017-02-16,,,,7.7,3.3,-1.0
2017-02-17,,,,9.5,1.821,-2.3
2017-02-18,,,,5.0,0.571,-2.8
2017-02-19,,,,8.5,2.771,-2.7
2017-02-20,,,,11.7,4.713,-0.6
2017-02-21,,,,7.1,2.588,-1.2
2017-02-22,,,,4.8,1.021,-1.8
2017-02-23,,,,9.0,2.975,-1.2
2017-02-24,,,,14.1,4.221,-3.6
2017-02-25,,,,6.7,2.317,-0.7
2017-02-26,,,,10.0,3.346,-2.3
2017-02-27,,,,9.8,4.533,-0.6
2017-02-28,,,,12.9,6.883,0.4
2017-03-01,,,,16.6,8.958,3.5
2017-03-02,,,,11.8,6.179,1.1
2017-03-03,,,,11.7,5.392,-1.9
2017-03-04,,,,18.5,9.929,-0.4
2017-03-05,,,,15.9,10.246,5.6
2017-03-06,,,,10.5,5.712,0.4
2017-03-07,,,,6.9,2.592,-1.8
2017-03-08,,,,6.9,4.354,1.7
2017-03-09,,,,10.1,7.779,4.7
2017-03-10,,,,10.9,5.729,1.7
2017-03-11,,,,10.2,5.421,1.2
2017-03-12,,,,12.8,6.229,0.9
2017-03-13,,,,16.2,7.871,-0.7
2017-03-14,,,,23.0,13.358,2.3
2017-03-15,,,,20.0,13.275,6.9
2017-03-16,,,,16.1,9.829,2.2
2017-03-17,,,,11.6,5.2,0.0
2017-03-18,,,,13.2,6.692,-0.6
2017-03-19,,,,12.9,8.908,3.6
2017-03-20,,,,8.3,6.425,3.6
2017-03-21,,,,3.2,1.062,-0.1
2017-03-22,,,,14.1,7.254,1.0
2017-03-23,,,,14.6,9.033,4.6
2017-03-24,,,,14.8,9.183,2.8
2017-03-25,,,,17.5,10.688,4.3
2017-03-26,,,,22.7,13.079,3.4
2017-03-27,,,,20.7,13.842,7.1
2017-03-28,,,,23.7,15.571,6.9
2017-03-29,,,,24.2,16.433,9.7
2017-03-30,,,,15.0,10.467,5.0
2017-03-31,,,,16.6,9.712,2.8
2017-04-01,,,,7.2,4.312,1.5
2017-04-02,,,,12.6,6.975,0.7
2017-04-03,,,,13.2,6.996,0.8
2017-04-04,,,,17.4,9.783,1.5
2017-04-05,,,,18.9,12.1,4.1
2017-04-06,,,,18.1,13.167,5.6
2017-04-07,,,,22.0,16.079,11.0
2017-04-08,,,,15.3,13.754,12.3
2017-04-09,,,,17.9,13.121,7.5
2017-04-10,,,,14.4,9.088,4.1
2017-04-11,,,,8.1,5.054,3.3
2017-04-12,,,,16.9,11.492,6.5
2017-04-13,,,,17.0,9.379,3.0
2017-04-14,,,,20.3,11.5,1.7
2017-04-15,,,,21.2,15.321,6.9
2017-04-16,,,,25.8,18.329,8.7
2017-04-17,,,,23.1,16.254,12.6
2017-04-18,,,,28.7,17.238,12.2
2017-04-19,,,,20.9,13.183,7.7
2017-04-20,,,,20.2,13.829,7.7
2017-04-21,,,,17.8,13.329,9.8
2017-04-22,,,,19.2,13.483,10.1
2017-04-23,,,,17.3,11.825,5.6
2017-04-24,,,,18.8,13.142,6.9
2017-04-25,,,,20.6,14.475,10.1
2017-04-26,,,,17.3,13.354,8.9
2017-04-27,,,,17.1,13.225,7.8
2017-04-28,,,,19.8,12.967,4.9
2017-04-29,,,,20.6,12.508,7.1
2017-04-30,,,,24.3,15.029,5.1
2017-05-01,,,,21.5,14.496,9.4
2017-05-02,,,,22.2,15.058,7.8
2017-05-03,,,,22.5,15.175,7.5
2017-05-04,,,,22.9,16.021,9.5
2017-05-05,,,,25.6,18.238,9.9
2017-05-06,,,,23.2,18.408,11.7
2017-05-07,,,,24.4,17.671,10.1
2017-05-08,,,,29.9,17.842,7.2
2017-05-09,,,,20.1,16.225,10.3
2017-05-10,,,,14.9,13.788,12.5
2017-05-11,,,,24.5,18.558,12.3
2017-05-12,,,,27.0,19.7,11.1
2017-05-13,,,,16.8,14.875,13.6
2017-05-14,,,,20.2,16.004,12.1
2017-05-15,,,,15.6,14.325,13.2
2017-05-16,,,,22.5,17.208,11.4
2017-05-17,,,,15.9,14.042,12.7
2017-05-18,,,,21.6,16.462,13.1
2017-05-19,,,,26.4,19.242,12.2
2017-05-20,,,,30.5,22.271,13.5
2017-05-21,,,,31.4,23.679,15.3
2017-05-22,,,,31.2,23.567,16.8
2017-05-23,,,,28.7,21.95,15.5
2017-05-24,,,,22.3,19.367,15.8
2017-05-25,,,,20.0,17.842,16.5
2017-05-26,,,,16.5,15.792,15.2
2017-05-27,,,,20.9,17.267,14.3
2017-05-28,,,,25.1,18.896,14.6
2017-05-29,,,,27.5,20.025,12.1
2017-05-30,,,,30.0,22.862,14.8
2017-05-31,,,,27.4,22.658,17.9
2017-06-01,,,,25.7,21.225,18.6
2017-06-02,,,,23.7,19.025,14.6
2017-06-03,,,,23.4,17.05,10.8
2017-06-04,,,,22.8,16.588,10.8
2017-06-05,,,,24.0,17.904,11.4
2017-06-06,,,,23.8,18.508,14.0
2017-06-07,,,,19.2,17.325,15.5
2017-06-08,,,,23.1,19.167,15.6
2017-06-09,,,,27.3,21.071,15.9
2017-06-10,,,,27.6,20.138,14.3
2017-06-11,,,,26.7,19.292,12.0
2017-06-12,,,,23.5,18.471,13.0
2017-06-13,,,,15.5,14.017,13.2
2017-06-14,,,,24.8,18.792,13.8
2017-06-15,,,,25.3,19.85,16.2
2017-06-16,,,,27.9,21.062,16.7
2017-06-17,,,,27.0,20.733,14.9
2017-06-18,,,,21.5,18.846,16.6
2017-06-19,,,,30.6,22.258,15.8
2017-06-20,,,,28.9,21.767,13.8
2017-06-21,,,,21.3,19.021,17.6
2017-06-22,,,,27.1,22.208,18.3
2017-06-23,,,,29.6,23.371,16.5
2017-06-24,,,,27.3,22.971,18.0
2017-06-25,,,,25.4,22.271,19.4
2017-06-26,,,,28.9,23.762,19.5
2017-06-27,,,,26.1,22.617,20.2
2017-06-28,,,,26.5,22.25,20.0
2017-06-29,,,,29.5,24.108,19.7
2017-06-30,,,,25.8,22.762,20.7
2017-07-01,,,,21.4,20.6,19.1
2017-07-02,,,,30.2,24.938,19.7
2017-07-03,,,,29.8,25.571,21.6
2017-07-04,,,,25.5,23.267,21.0
2017-07-05,,,,30.6,24.967,20.3
2017-07-06,,,,29.2,24.896,20.8
2017-07-07,,,,31.0,26.129,21.0
2017-07-08,,,,33.2,27.342,21.5
2017-07-09,,,,33.3,27.517,21.3
2017-07-10,,,,33.0,27.117,21.2
2017-07-11,,,,31.7,27.312,23.1
2017-07-12,,,,32.3,25.704,22.9
2017-07-13,,,,30.2,26.188,23.4
2017-07-14,,,,30.0,26.467,23.6
2017-07-15,,,,32.6,27.708,23.0
2017-07-16,,,,31.5,26.3,23.7
2017-07-17,,,,32.7,27.067,21.8
2017-07-18,,,,30.8,25.042,21.2
2017-07-19,,,,31.3,25.262,19.5
2017-07-20,,,,31.7,26.458,22.0
2017-07-21,,,,33.2,27.746,24.2
2017-07-22,,,,33.0,26.488,22.8
2017-07-23,,,,25.7,24.162,23.4
2017-07-24,,,,28.1,25.575,22.7
2017-07-25,,,,28.8,25.612,23.0
2017-07-26,,,,25.5,23.354,20.9
2017-07-27,,,,26.5,23.1,19.5
2017-07-28,,,,29.4,25.808,22.1
2017-07-29,,,,24.6,22.583,21.3
2017-07-30,,,,25.5,22.804,20.8
2017-07-31,,,,31.2,26.538,21.6
2017-08-01,,,,28.4,24.438,21.5
2017-08-02,,,,23.4,20.754,19.2
2017-08-03,,,,24.7,21.788,19.2
2017-08-04,,,,27.9,23.717,19.9
2017-08-05,,,,30.2,26.396,22.5
2017-08-06,,,,31.2,26.692,24.0
2017-08-07,,,,30.3,26.083,24.4
2017-08-08,,,,29.9,26.383,24.3
2017-08-09,,,,34.4,28.383,23.6
2017-08-10,,,,29.1,24.546,20.9
2017-08-11,,,,23.3,21.425,20.3
2017-08-12,,,,27.9,23.767,20.0
2017-08-13,,,,30.2,25.483,22.6
2017-08-14,,,,26.2,23.321,21.8
2017-08-15,,,,22.4,21.208,20.7
2017-08-16,,,,21.5,20.496,19.4
2017-08-17,,,,26.3,22.658,19.4
2017-08-18,,,,25.4,22.762,21.0
2017-08-19,,,,30.7,24.321,20.7
2017-08-20,,,,26.2,23.133,20.7
2017-08-21,,,,28.1,23.858,21.0
2017-08-22,,,,30.3,25.471,22.5
2017-08-23,,,,31.0,26.083,21.8
2017-08-24,,,,33.0,27.225,21.9
2017-08-25,,,,29.1,25.158,22.0
2017-08-26,,,,30.8,25.117,21.8
2017-08-27,,,,27.3,23.596,20.9
2017-08-28,,,,28.8,23.388,18.1
2017-08-29,,,,31.2,25.792,21.4
2017-08-30,,,,30.6,24.525,20.9
2017-08-31,,,,22.5,19.958,17.6
2017-09-01,,,,26.6,21.275,16.3
2017-09-02,,,,24.6,18.871,14.6
2017-09-03,,,,27.4,21.45,16.7
2017-09-04,,,,24.3,19.6,16.1
2017-09-05,,,,27.0,21.612,16.2
2017-09-06,,,,21.2,19.867,18.9
2017-09-07,,,,21.8,20.271,18.0
2017-09-08,,,,28.7,22.921,17.2
2017-09-09,,,,28.4,22.258,16.0
2017-09-10,,,,29.7,23.288,18.5
2017-09-11,,,,25.7,22.692,20.7
2017-09-12,,,,27.5,22.896,19.3
2017-09-13,,,,30.7,24.638,20.7
2017-09-14,,,,29.1,23.054,18.7
2017-09-15,,,,26.0,20.162,15.2
2017-09-16,,,,18.1,16.396,15.1
2017-09-17,,,,17.8,16.583,15.5
2017-09-18,,,,29.8,23.258,18.0
2017-09-19,,,,26.7,21.292,16.5
2017-09-20,,,,25.2,20.179,17.3
2017-09-21,,,,26.8,20.862,15.9
2017-09-22,,,,21.2,18.029,14.0
2017-09-23,,,,22.5,18.942,16.6
2017-09-24,,,,26.3,21.217,16.6
2017-09-25,,,,26.5,21.854,17.6
2017-09-26,,,,26.7,21.429,17.0
2017-09-27,,,,24.5,21.204,19.2
2017-09-28,,,,21.9,17.917,13.3
2017-09-29,,,,23.5,16.717,10.4
2017-09-30,,,,23.5,17.3,12.8
2017-10-01,,,,23.1,17.054,10.6
2017-10-02,,,,20.1,17.767,16.0
2017-10-03,,,,28.3,20.758,16.2
2017-10-04,,,,19.7,15.854,10.6
2017-10-05,,,,17.7,13.1,9.6
2017-10-06,,,,15.3,12.275,9.9
2017-10-07,,,,21.5,16.825,12.7
2017-10-08,,,,25.3,19.892,14.8
2017-10-09,,,,25.4,20.379,16.7
2017-10-10,,,,28.0,21.992,17.1
2017-10-11,,,,24.0,20.108,16.4
2017-10-12,,,,25.7,19.95,15.5
2017-10-13,,,,15.2,13.412,12.5
2017-10-14,,,,15.3,13.629,12.5
2017-10-15,,,,14.5,13.258,12.2
2017-10-16,,,,12.0,10.975,10.1
2017-10-17,,,,14.5,11.746,9.7
2017-10-18,,,,18.2,12.908,9.6
2017-10-19,,,,10.4,9.383,8.6
2017-10-20,,,,15.1,12.733,9.6
2017-10-21,,,,16.1,15.058,14.0
2017-10-22,,,,16.4,15.662,15.2
2017-10-23,,,,18.2,15.154,11.7
2017-10-24,,,,13.6,11.317,9.5
2017-10-25,,,,14.0,11.088,9.3
2017-10-26,,,,19.8,13.125,8.0
2017-10-27,,,,18.8,11.933,6.2
2017-10-28,,,,13.5,11.467,9.5
2017-10-29,,,,16.0,13.229,11.4
2017-10-30,,,,17.1,12.358,6.9
2017-10-31,,,,16.4,10.112,5.9
2017-11-01,,,,16.8,9.558,3.5
2017-11-02,,,,19.5,12.117,5.8
2017-11-03,,,,22.8,14.162,8.0
2017-11-04,,,,18.8,12.342,7.6
2017-11-05,,,,15.4,9.396,5.2
2017-11-06,,,,17.1,9.596,3.9
2017-11-07,,,,18.9,11.288,4.7
2017-11-08,,,,15.4,11.312,8.3
2017-11-09,,,,15.6,12.421,6.3
2017-11-10,,,,14.4,8.442,3.5
2017-11-11,,,,17.4,10.3,3.8
2017-11-12,,,,14.0,8.446,4.8
2017-11-13,,,,13.4,7.542,2.4
2017-11-14,,,,13.9,9.05,3.8
2017-11-15,,,,16.3,10.746,7.6
2017-11-16,,,,12.8,8.846,3.3
2017-11-17,,,,10.9,5.292,-0.6
2017-11-18,,,,10.5,7.242,4.4
2017-11-19,,,,12.2,6.05,1.8
2017-11-20,,,,7.3,2.738,-0.8
2017-11-21,,,,9.7,4.7,-1.0
2017-11-22,,,,8.1,3.504,-1.9
2017-11-23,,,,14.5,8.362,3.9
2017-11-24,,,,11.1,6.304,2.2
2017-11-25,,,,13.4,6.567,-0.1
2017-11-26,,,,14.7,8.733,0.9
2017-11-27,,,,10.8,8.721,5.9
2017-11-28,,,,14.3,8.888,5.1
2017-11-29,,,,19.2,10.617,2.3
2017-11-30,,,,11.2,9.008,6.0
2017-12-01,,,,9.6,6.508,3.8
2017-12-02,,,,9.9,5.004,0.7
2017-12-03,,,,11.4,4.542,-0.1
2017-12-04,,,,10.8,6.167,1.8
2017-12-05,,,,12.3,7.325,2.4
2017-12-06,,,,10.1,4.658,-0.1
2017-12-07,,,,9.6,3.525,-1.0
2017-12-08,,,,10.3,3.583,-0.8
2017-12-09,,,,8.9,3.021,-1.5
2017-12-10,,,,9.8,3.279,-2.2
2017-12-11,,,,15.0,6.288,-0.8
2017-12-12,,,,7.3,3.771,-0.5
2017-12-13,,,,6.5,2.271,-1.0
2017-12-14,,,,7.9,2.571,-0.7
2017-12-15,,,,9.0,3.229,-0.3
2017-12-16,,,,10.6,5.158,-1.6
2017-12-17,,,,7.4,2.854,-1.3
2017-12-18,,,,6.7,0.692,-4.1
2017-12-19,,,,10.8,3.067,-3.7
2017-12-20,,,,8.3,2.408,-1.3
2017-12-21,,,,9.5,3.312,-1.9
2017-12-22,,,,9.6,3.279,-0.6
2017-12-23,,,,13.8,5.45,-1.8
2017-12-24,,,,9.6,4.012,-0.9
2017-12-25,,,,11.1,6.392,2.1
2017-12-26,,,,10.3,4.058,-1.3
2017-12-27,,,,3.8,1.125,-1.3
2017-12-28,,,,6.0,1.321,-2.2
2017-12-29,,,,9.3,3.196,-1.5
2017-12-30,,,,8.8,3.692,-1.1
2017-12-31,,,,5.8,1.1,-1.8
2018-01-01,,,,10.7,3.358,-1.3
2018-01-02,,,,8.2,3.267,-1.9
2018-01-03,,,,8.1,2.908,-0.9
2018-01-04,,,,9.6,3.129,-0.9
2018-01-05,,,,14.1,6.333,-2.4
2018-01-06,,,,5.7,2.225,-0.6
2018-01-07,,,,8.4,2.558,-2.1
2018-01-08,,,,9.3,1.921,-4.0
2018-01-09,,,,4.7,1.833,-1.8
2018-01-10,,,,5.7,0.708,-2.3
2018-01-11,,,,9.4,4.888,0.9
2018-01-12,,,,8.0,3.388,-2.1
2018-01-13,,,,9.9,3.733,-0.1
2018-01-14,,,,9.2,2.996,-1.7
2018-01-15,,,,6.6,1.046,-2.5
2018-01-16,,,,8.4,3.842,-1.8
2018-01-17,,,,11.4,4.367,-2.6
2018-01-18,,,,7.0,3.408,0.2
2018-01-19,,,,10.8,3.329,-1.2
2018-01-20,,,,13.0,4.092,-2.4
2018-01-21,,,,8.1,2.662,-3.0
2018-01-22,,,,8.2,1.854,-3.2
2018-01-23,,,,8.6,3.312,-2.7
2018-01-24,,,,6.6,3.621,0.2
2018-01-25,,,,8.2,2.833,-1.2
2018-01-26,,,,5.9,1.588,-1.6
2018-01-27,,,,6.4,1.396,-2.5
2018-01-28,,,,10.3,3.121,-3.3
2018-01-29,,,,6.6,3.112,0.4
2018-01-30,,,,9.2,2.829,-1.8
2018-01-31,,,,12.1,3.042,-2.4
2018-02-01,,,,5.1,1.504,-1.4
2018-02-02,,,,13.2,5.275,-2.8
2018-02-03,,,,10.8,5.246,0.6
2018-02-04,,,,15.8,7.479,1.8
2018-02-05,,,,9.5,4.071,0.5
2018-02-06,,,,11.7,5.012,-0.4
2018-02-07,,,,17.1,8.433,-0.3
2018-02-08,,,,6.6,3.1,-1.7
2018-02-09,,,,3.0,-0.35,-2.1
2018-02-10,,,,5.1,0.858,-1.7
2018-02-11,,,,5.7,0.379,-2.6
2018-02-12,,,,8.6,3.142,-2.5
2018-02-13,,,,8.6,2.071,-2.9
2018-02-14,,,,6.5,1.012,-3.1
2018-02-15,,,,5.1,0.179,-4.1
2018-02-16,,,,10.7,3.233,-3.7
2018-02-17,,,,9.5,3.342,-1.4
2018-02-18,,,,12.6,5.029,-1.8
2018-02-19,,,,9.1,5.3,1.8
2018-02-20,,,,17.9,10.012,2.4
2018-02-21,,,,12.1,6.808,2.5
2018-02-22,,,,14.1,6.746,1.7
2018-02-23,,,,11.1,5.767,0.8
2018-02-24,,,,12.3,5.429,-0.2
2018-02-25,,,,17.1,8.0,0.2
2018-02-26,,,,13.5,7.475,2.7
2018-02-27,,,,7.5,4.025,0.7
2018-02-28,,,,7.8,5.021,0.8
2018-03-01,,,,13.8,8.075,4.5
2018-03-02,,,,12.6,6.608,2.5
2018-03-03,,,,6.6,3.767,1.1
2018-03-04,,,,8.2,6.142,4.1
2018-03-05,,,,14.0,8.588,3.9
2018-03-06,,,,11.2,8.408,6.2
2018-03-07,,,,12.9,7.408,3.0
2018-03-08,,,,9.5,4.417,-0.4
2018-03-09,,,,13.2,5.95,-2.2
2018-03-10,,,,14.7,8.962,3.0
2018-03-11,,,,15.0,9.075,6.2
2018-03-12,,,,17.2,10.229,4.2
2018-03-13,,,,14.3,7.262,2.2
2018-03-14,,,,8.9,5.158,1.8
2018-03-15,,,,11.3,6.175,-0.6
2018-03-16,,,,12.6,6.146,0.5
2018-03-17,,,,8.9,4.388,-1.0
2018-03-18,,,,13.0,6.712,0.5
2018-03-19,,,,16.1,9.525,3.9
2018-03-20,,,,20.1,12.3,3.8
2018-03-21,,,,21.3,13.692,8.4
2018-03-22,,,,19.5,11.879,4.4
2018-03-23,,,,10.3,4.967,0.0
2018-03-24,,,,11.1,4.154,-3.3
2018-03-25,,,,13.2,6.288,-1.5
2018-03-26,,,,17.0,9.596,1.5
2018-03-27,,,,19.6,12.867,4.5
2018-03-28,,,,15.5,10.483,3.3
2018-03-29,,,,10.7,5.325,1.2
2018-03-30,,,,5.9,3.788,0.2
2018-03-31,,,,14.6,7.792,3.2
2018-04-01,,,,20.9,13.729,6.6
2018-04-02,,,,22.8,15.554,9.7
2018-04-03,,,,23.1,16.75,11.4
2018-04-04,,,,25.7,17.629,11.4
2018-04-05,,,,17.4,11.762,7.2
2018-04-06,,,,19.8,14.454,7.5
2018-04-07,,,,18.0,13.033,6.3
2018-04-08,,,,13.2,8.654,5.1
2018-04-09,,,,17.0,9.496,0.7
2018-04-10,,,,18.2,11.742,4.1
2018-04-11,,,,19.2,13.438,8.1
2018-04-12,,,,23.0,15.65,10.2
2018-04-13,,,,17.1,11.825,6.1
2018-04-14,,,,14.0,9.483,3.8
2018-04-15,,,,19.8,13.033,8.9
2018-04-16,,,,17.3,12.138,6.9
2018-04-17,,,,12.1,10.508,9.2
2018-04-18,,,,17.6,12.321,9.2
2018-04-19,,,,22.1,15.704,9.3
2018-04-20,,,,24.0,17.008,9.3
2018-04-21,,,,25.7,17.888,9.9
2018-04-22,,,,28.9,21.496,13.8
2018-04-23,,,,17.3,14.554,12.0
2018-04-24,,,,14.8,13.2,11.8
2018-04-25,,,,23.9,16.533,13.1
2018-04-26,,,,23.2,16.479,10.1
2018-04-27,,,,20.0,14.933,10.2
2018-04-28,,,,25.4,17.412,10.1
2018-04-29,,,,24.8,17.725,10.5
2018-04-30,,,,24.2,18.575,11.6
2018-05-01,,,,28.8,21.15,13.6
2018-05-02,,,,21.1,17.642,15.1
2018-05-03,,,,25.5,18.062,12.8
2018-05-04,,,,20.0,14.75,9.6
2018-05-05,,,,25.6,16.246,7.1
2018-05-06,,,,26.5,19.258,10.5
2018-05-07,,,,19.5,16.117,12.3
2018-05-08,,,,13.2,11.479,9.5
2018-05-09,,,,12.7,10.5,8.9
2018-05-10,,,,18.0,11.429,7.2
2018-05-11,,,,22.7,14.642,6.1
2018-05-12,,,,24.2,18.079,9.6
2018-05-13,,,,18.8,15.442,13.8
2018-05-14,,,,26.1,18.462,12.8
2018-05-15,,,,28.4,20.267,12.1
2018-05-16,,,,29.4,22.604,14.8
2018-05-17,,,,30.2,24.121,18.0
2018-05-18,,,,26.7,22.421,18.1
2018-05-19,,,,26.1,18.667,11.2
2018-05-20,,,,21.8,15.692,9.7
2018-05-21,,,,25.8,18.033,12.1
2018-05-22,,,,26.6,19.608,12.0
2018-05-23,,,,18.6,16.271,14.4
2018-05-24,,,,26.1,19.65,13.1
2018-05-25,,,,27.5,20.138,11.3
2018-05-26,,,,25.1,19.879,14.4
2018-05-27,,,,27.6,20.338,12.5
2018-05-28,,,,23.4,20.012,17.0
2018-05-29,,,,27.5,21.842,16.7
2018-05-30,,,,22.0,19.012,15.9
2018-05-31,,,,21.0,17.088,13.6
2018-06-01,,,,24.6,19.133,13.2
2018-06-02,,,,27.3,21.167,15.4
2018-06-03,,,,29.1,22.233,15.0
2018-06-04,,,,29.3,22.633,15.6
2018-06-05,,,,27.0,21.812,14.9
2018-06-06,,,,20.1,18.808,17.7
2018-06-07,,,,29.8,22.992,17.2
2018-06-08,,,,29.4,23.062,16.3
2018-06-09,,,,30.6,24.521,19.0
2018-06-10,,,,19.0,17.225,16.1
2018-06-11,,,,19.5,17.975,16.2
2018-06-12,,,,23.1,19.733,17.1
2018-06-13,,,,25.1,20.038,15.3
2018-06-14,,,,25.8,19.6,14.0
2018-06-15,,,,16.7,15.942,15.0
2018-06-16,,,,14.8,13.854,13.1
2018-06-17,,,,19.4,15.712,12.5
2018-06-18,,,,18.8,16.758,15.5
2018-06-19,,,,27.8,21.712,15.0
2018-06-20,,,,19.5,18.546,17.9
2018-06-21,,,,24.6,21.225,17.8
2018-06-22,,,,29.5,22.904,16.7
2018-06-23,,,,20.1,17.988,15.3
2018-06-24,,,,28.4,21.771,14.8
2018-06-25,,,,33.0,25.533,17.1
2018-06-26,,,,29.4,24.742,19.1
2018-06-27,,,,28.8,25.646,21.5
2018-06-28,,,,29.5,24.846,21.6
2018-06-29,,,,34.1,27.329,20.9
2018-06-30,,,,33.9,26.612,21.8
2018-07-01,,,,33.6,27.429,21.2
2018-07-02,,,,34.0,28.379,21.8
2018-07-03,,,,32.9,27.812,23.8
2018-07-04,,,,27.8,24.925,22.2
2018-07-05,,,,25.2,23.354,20.3
2018-07-06,,,,21.5,19.933,17.7
2018-07-07,,,,21.6,19.688,17.7
2018-07-08,,,,26.8,23.542,20.4
2018-07-09,,,,31.1,26.246,21.6
2018-07-10,,,,32.4,25.754,21.9
2018-07-11,,,,32.8,26.329,21.3
2018-07-12,,,,29.1,24.738,21.9
2018-07-13,,,,33.3,27.35,22.1
2018-07-14,,,,35.1,29.283,23.7
2018-07-15,,,,35.2,29.383,24.2
2018-07-16,,,,36.1,29.279,24.5
2018-07-17,,,,35.6,29.525,23.8
2018-07-18,,,,36.7,30.554,24.8
2018-07-19,,,,34.9,30.171,25.9
2018-07-20,,,,34.1,29.208,24.2
2018-07-21,,,,35.6,30.225,24.9
2018-07-22,,,,35.3,30.292,25.8
2018-07-23,,,,36.9,30.675,25.2
2018-07-24,,,,36.2,29.496,23.0
2018-07-25,,,,32.9,28.071,23.9
2018-07-26,,,,28.0,25.083,22.7
2018-07-27,,,,29.0,24.275,21.0
2018-07-28,,,,27.6,23.025,19.2
2018-07-29,,,,31.2,26.067,24.0
2018-07-30,,,,32.4,27.1,22.7
2018-07-31,,,,33.3,28.512,24.2
2018-08-01,,,,36.2,29.454,23.9
2018-08-02,,,,35.1,29.146,23.7
2018-08-03,,,,35.1,29.079,24.0
2018-08-04,,,,34.7,28.162,21.1
2018-08-05,,,,36.7,30.133,24.6
2018-08-06,,,,33.7,27.529,21.5
2018-08-07,,,,22.6,21.271,20.8
2018-08-08,,,,26.6,23.712,21.0
2018-08-09,,,,34.1,27.358,23.4
2018-08-10,,,,34.3,28.283,23.6
2018-08-11,,,,31.7,27.0,23.1
2018-08-12,,,,29.7,26.246,23.7
2018-08-13,,,,29.4,25.788,22.5
2018-08-14,,,,33.4,27.329,21.9
2018-08-15,,,,33.0,27.258,24.0
2018-08-16,,,,29.4,24.546,21.1
2018-08-17,,,,26.4,21.879,15.7
2018-08-18,,,,26.7,20.554,15.0
2018-08-19,,,,26.1,20.758,14.5
2018-08-20,,,,27.8,22.679,16.8
2018-08-21,,,,31.2,25.458,19.6
2018-08-22,,,,35.3,28.821,24.0
2018-08-23,,,,32.3,27.454,24.5
2018-08-24,,,,30.3,26.404,23.9
2018-08-25,,,,35.6,28.308,23.6
2018-08-26,,,,36.4,29.217,23.0
2018-08-27,,,,35.0,27.529,22.5
2018-08-28,,,,26.5,23.962,22.4
2018-08-29,,,,25.8,23.821,22.2
2018-08-30,,,,31.0,26.588,22.8
2018-08-31,,,,32.6,25.721,21.9
2018-09-01,,,,26.3,22.279,20.7
2018-09-02,,,,22.4,19.975,18.2
2018-09-03,,,,25.9,22.133,19.6
2018-09-04,,,,25.2,22.9,21.3
2018-09-05,,,,30.9,25.025,21.0
2018-09-06,,,,27.8,23.371,18.8
2018-09-07,,,,26.4,22.912,20.0
2018-09-08,,,,26.3,23.217,20.8
2018-09-09,,,,26.4,23.042,20.5
2018-09-10,,,,26.0,22.65,20.1
2018-09-11,,,,23.2,20.333,17.8
2018-09-12,,,,20.4,17.954,16.0
2018-09-13,,,,24.3,19.662,15.0
2018-09-14,,,,23.8,20.554,18.0
2018-09-15,,,,20.3,19.058,18.3
2018-09-16,,,,27.0,22.329,18.2
2018-09-17,,,,29.0,23.292,18.8
2018-09-18,,,,27.5,21.442,16.4
2018-09-19,,,,26.1,20.775,16.2
2018-09-20,,,,20.8,17.129,13.3
2018-09-21,,,,17.3,16.038,13.7
2018-09-22,,,,29.5,21.821,17.3
2018-09-23,,,,23.3,21.179,19.1
2018-09-24,,,,27.2,22.55,19.1
2018-09-25,,,,21.3,19.088,16.7
2018-09-26,,,,19.0,16.617,14.9
2018-09-27,,,,16.7,14.538,13.3
2018-09-28,,,,25.3,18.704,13.7
2018-09-29,,,,18.5,16.358,15.2
2018-09-30,,,,22.8,18.108,15.2
2018-10-01,,,,30.1,25.046,18.5
2018-10-02,,,,25.6,19.621,14.0
2018-10-03,,,,24.8,19.821,14.7
2018-10-04,,,,20.3,18.538,16.8
2018-10-05,,,,19.8,17.967,15.8
2018-10-06,,,,26.6,21.942,17.3
2018-10-07,,,,29.4,23.717,19.3
2018-10-08,,,,21.7,19.2,17.9
2018-10-09,,,,23.6,19.683,17.4
2018-10-10,,,,21.8,19.304,17.9
2018-10-11,,,,20.4,18.633,17.3
2018-10-12,,,,20.9,16.783,13.1
2018-10-13,,,,18.2,14.179,11.3
2018-10-14,,,,20.0,14.954,12.0
2018-10-15,,,,17.1,14.496,12.6
2018-10-16,,,,19.4,14.721,11.6
2018-10-17,,,,20.0,14.875,11.5
2018-10-18,,,,19.3,15.242,12.0
2018-10-19,,,,16.4,13.608,11.6
2018-10-20,,,,20.2,13.596,9.9
2018-10-21,,,,22.1,14.192,8.7
2018-10-22,,,,19.9,13.042,7.7
2018-10-23,,,,17.3,12.65,8.1
2018-10-24,,,,22.7,15.879,11.8
2018-10-25,,,,21.5,15.317,11.1
2018-10-26,,,,15.3,13.133,11.0
2018-10-27,,,,21.5,15.042,11.5
2018-10-28,,,,19.8,13.6,8.9
2018-10-29,,,,22.8,14.767,9.3
2018-10-30,,,,21.3,12.471,6.6
2018-10-31,,,,18.8,11.879,7.4
2018-11-01,,,,17.0,10.754,6.1
2018-11-02,,,,18.3,11.354,6.5
2018-11-03,,,,18.2,11.775,5.6
2018-11-04,,,,18.3,12.804,6.9
2018-11-05,,,,21.3,16.362,12.6
2018-11-06,,,,16.4,15.7,14.6
2018-11-07,,,,19.0,15.462,13.5
2018-11-08,,,,16.3,13.783,12.4
2018-11-09,,,,16.4,14.05,12.4
2018-11-10,,,,21.9,15.833,10.9
2018-11-11,,,,19.6,13.246,8.6
2018-11-12,,,,18.0,12.992,8.1
2018-11-13,,,,14.5,12.804,11.3
2018-11-14,,,,16.7,10.883,5.9
2018-11-15,,,,16.8,9.967,5.4
2018-11-16,,,,14.6,9.462,4.5
2018-11-17,,,,18.8,11.688,5.8
2018-11-18,,,,14.3,10.717,8.4
2018-11-19,,,,17.6,12.275,8.6
2018-11-20,,,,14.4,8.883,3.7
2018-11-21,,,,16.0,8.046,1.8
2018-11-22,,,,14.3,9.254,6.1
2018-11-23,,,,13.4,7.612,4.1
2018-11-24,,,,11.4,5.642,1.8
2018-11-25,,,,12.9,6.138,0.9
2018-11-26,,,,15.7,9.629,3.5
2018-11-27,,,,17.8,10.812,6.0
2018-11-28,,,,17.9,11.525,4.0
2018-11-29,,,,15.5,10.179,5.1
2018-11-30,,,,14.9,8.333,3.6
2018-12-01,,,,16.9,8.188,2.3
2018-12-02,,,,11.5,6.262,1.4
2018-12-03,,,,13.7,9.158,4.4
2018-12-04,,,,18.1,12.821,8.4
2018-12-05,,,,18.4,13.108,8.4
2018-12-06,,,,8.7,8.058,7.2
2018-12-07,,,,16.7,10.008,6.6
2018-12-08,,,,12.9,7.179,3.2
2018-12-09,,,,6.9,3.896,1.0
2018-12-10,,,,8.4,2.829,0.2
2018-12-11,,,,6.2,2.346,-0.3
2018-12-12,,,,12.5,5.229,-0.1
2018-12-13,,,,9.6,4.342,0.5
2018-12-14,,,,7.5,3.408,-1.5
2018-12-15,,,,7.5,2.292,-0.7
2018-12-16,,,,5.7,0.85,-3.8
2018-12-17,,,,15.9,7.0,0.6
2018-12-18,,,,11.9,7.483,3.9
2018-12-19,,,,12.6,6.812,1.5
2018-12-20,,,,14.1,8.021,4.2
2018-12-21,,,,12.8,6.3,1.7
2018-12-22,,,,14.6,8.558,3.0
2018-12-23,,,,9.6,7.404,5.6
2018-12-24,,,,7.9,4.979,0.5
2018-12-25,,,,8.2,2.317,-2.1
2018-12-26,,,,12.6,5.712,-0.8
2018-12-27,,,,12.6,6.642,2.4
2018-12-28,,,,4.4,1.271,-1.6
2018-12-29,,,,5.3,1.262,-1.6
2018-12-30,,,,6.6,1.392,-2.1
2018-12-31,,,,7.8,2.212,-1.7
