date,PM25_mean,SO2_mean
2011-01-01,,4.583
2011-01-02,,3.708
2011-01-03,,6.083
2011-01-04,,5.542
2011-01-05,,4.478
2011-01-06,,4.833
2011-01-07,,4.542
2011-01-08,,6.167
2011-01-09,,5.625
2011-01-10,,7.167
2011-01-11,,5.042
2011-01-12,,5.583
2011-01-13,,8.167
2011-01-14,,9.042
2011-01-15,,4.708
2011-01-16,,3.5
2011-01-17,,2.708
2011-01-18,,3.043
2011-01-19,,1.583
2011-01-20,,1.708
2011-01-21,,1.5
2011-01-22,,3.167
2011-01-23,,2.833
2011-01-24,,3.667
2011-01-25,,4.875
2011-01-26,,3.792
2011-01-27,,6.333
2011-01-28,,6.292
2011-01-29,,5.542
2011-01-30,,4.542
2011-01-31,,4.958
2011-02-01,,5.913
2011-02-02,,3.083
2011-02-03,,5.292
2011-02-04,,7.792
2011-02-05,,5.75
2011-02-06,,1.083
2011-02-07,,2.417
2011-02-08,,2.583
2011-02-09,,3.958
2011-02-10,,4.5
2011-02-11,,4.25
2011-02-12,,5.792
2011-02-13,,2.583
2011-02-14,,1.917
2011-02-15,,1.609
2011-02-16,,3.25
2011-02-17,,4.0
2011-02-18,,3.25
2011-02-19,,3.833
2011-02-20,,4.292
2011-02-21,,5.5
2011-02-22,,2.083
2011-02-23,,2.042
2011-02-24,,6.083
2011-02-25,,2.917
2011-02-26,,4.667
2011-02-27,,5.333
2011-02-28,,3.625
2011-03-01,,2.167
2011-03-02,,2.708
2011-03-03,,3.167
2011-03-04,,2.625
2011-03-05,,2.0
2011-03-06,,2.875
2011-03-07,,5.667
2011-03-08,,3.958
2011-03-09,,2.375
2011-03-10,,3.667
2011-03-11,,7.0
2011-03-12,,4.542
2011-03-13,,6.0
2011-03-14,,8.696
2011-03-15,,8.375
2011-03-16,,5.292
2011-03-17,,1.208
2011-03-18,,2.292
2011-03-19,,4.25
2011-03-20,,4.417
2011-03-21,,5.792
2011-03-22,,10.917
2011-03-23,,2.583
2011-03-24,,4.375
2011-03-25,,4.333
2011-03-26,,4.458
2011-03-27,,6.5
2011-03-28,,6.391
2011-03-29,,6.458
2011-03-30,,4.5
2011-03-31,,3.792
2011-04-01,,5.667
2011-04-02,,5.458
2011-04-03,,5.083
2011-04-04,,3.833
2011-04-05,,5.458
2011-04-06,,4.125
2011-04-07,,3.417
2011-04-08,,2.208
2011-04-09,,3.0
2011-04-10,,5.167
2011-04-11,,6.083
2011-04-12,,5.083
2011-04-13,,7.625
2011-04-14,,6.391
2011-04-15,,4.5
2011-04-16,,3.583
2011-04-17,,4.042
2011-04-18,,3.125
2011-04-19,,3.792
2011-04-20,,3.125
2011-04-21,,4.042
2011-04-22,,2.667
2011-04-23,,2.208
2011-04-24,,4.917
2011-04-25,,4.458
2011-04-26,,5.0
2011-04-27,,2.826
2011-04-28,,4.083
2011-04-29,,4.833
2011-04-30,,3.917
2011-05-01,,2.458
2011-05-02,,4.875
2011-05-03,,3.208
2011-05-04,,3.583
2011-05-05,,3.542
2011-05-06,,3.25
2011-05-07,,2.292
2011-05-08,,2.625
2011-05-09,,4.25
2011-05-10,,3.5
2011-05-11,,2.391
2011-05-12,,2.208
2011-05-13,,4.833
2011-05-14,,6.208
2011-05-15,,7.083
2011-05-16,,5.25
2011-05-17,,3.556
2011-05-18,,6.333
2011-05-19,,4.783
2011-05-20,,3.667
2011-05-21,,2.417
2011-05-22,,2.667
2011-05-23,,2.0
2011-05-24,,2.667
2011-05-25,,2.826
2011-05-26,,2.958
2011-05-27,,2.0
2011-05-28,,2.0
2011-05-29,,1.958
2011-05-30,,2.833
2011-05-31,,3.708
2011-06-01,,2.542
2011-06-02,,2.917
2011-06-03,,2.958
2011-06-04,,2.833
2011-06-05,,2.208
2011-06-06,,2.917
2011-06-07,,2.333
2011-06-08,,2.478
2011-06-09,,2.667
2011-06-10,,3.042
2011-06-11,,2.0
2011-06-12,,2.0
2011-06-13,,2.833
2011-06-14,,3.5
2011-06-15,,3.5
2011-06-16,,2.125
2011-06-17,,2.417
2011-06-18,,2.0
2011-06-19,,2.0
2011-06-20,,2.0
2011-06-21,,2.208
2011-06-22,,2.304
2011-06-23,,2.5
2011-06-24,,2.292
2011-06-25,,2.5
2011-06-26,,2.0
2011-06-27,,2.042
2011-06-28,,2.833
2011-06-29,,3.583
2011-06-30,,3.833
2011-07-01,,3.292
2011-07-02,,3.625
2011-07-03,,3.25
2011-07-04,,3.917
2011-07-05,,4.542
2011-07-06,,3.304
2011-07-07,,2.375
2011-07-08,,2.208
2011-07-09,,2.333
2011-07-10,,3.208
2011-07-11,,2.375
2011-07-12,,2.583
2011-07-13,,3.083
2011-07-14,,2.75
2011-07-15,,3.083
2011-07-16,,3.5
2011-07-17,,3.25
2011-07-18,,2.75
2011-07-19,,2.042
2011-07-20,,2.652
2011-07-21,,3.458
2011-07-22,,3.25
2011-07-23,,3.292
2011-07-24,,3.583
2011-07-25,,3.167
2011-07-26,,3.125
2011-07-27,,2.333
2011-07-28,,2.875
2011-07-29,,3.333
2011-07-30,,3.833
2011-07-31,,3.833
2011-08-01,,3.292
2011-08-02,,3.0
2011-08-03,,2.652
2011-08-04,,3.042
2011-08-05,,3.167
2011-08-06,,2.583
2011-08-07,,3.25
2011-08-08,,3.375
2011-08-09,,3.542
2011-08-10,,3.458
2011-08-11,,3.875
2011-08-12,,3.625
2011-08-13,,3.875
2011-08-14,,4.042
2011-08-15,,3.792
2011-08-16,,4.042
2011-08-17,,4.0
2011-08-18,,3.917
2011-08-19,,4.75
2011-08-20,,5.5
2011-08-21,,3.542
2011-08-22,,3.625
2011-08-23,,3.458
2011-08-24,,3.417
2011-08-25,,2.292
2011-08-26,,2.625
2011-08-27,,3.292
2011-08-28,,3.833
2011-08-29,,4.125
2011-08-30,,4.167
2011-08-31,,3.957
2011-09-01,,3.25
2011-09-02,,2.75
2011-09-03,,2.542
2011-09-04,,3.083
2011-09-05,,4.042
2011-09-06,,4.833
2011-09-07,,4.0
2011-09-08,,4.25
2011-09-09,,3.083
2011-09-10,,2.167
2011-09-11,,2.375
2011-09-12,,2.583
2011-09-13,,2.667
2011-09-14,,2.957
2011-09-15,,2.417
2011-09-16,,2.583
2011-09-17,,2.0
2011-09-18,,2.0
2011-09-19,,2.125
2011-09-20,,2.0
2011-09-21,,2.958
2011-09-22,,3.625
2011-09-23,,3.583
2011-09-24,,3.542
2011-09-25,,3.333
2011-09-26,,2.25
2011-09-27,,2.875
2011-09-28,,3.13
2011-09-29,,3.167
2011-09-30,,2.792
2011-10-01,,3.833
2011-10-02,,4.042
2011-10-03,,3.917
2011-10-04,,3.458
2011-10-05,,2.625
2011-10-06,,3.125
2011-10-07,,4.833
2011-10-08,,3.292
2011-10-09,,2.792
2011-10-10,,2.667
2011-10-11,,2.875
2011-10-12,,2.913
2011-10-13,,2.0
2011-10-14,,1.875
2011-10-15,,1.958
2011-10-16,,3.625
2011-10-17,,3.833
2011-10-18,,3.625
2011-10-19,,3.208
2011-10-20,,2.833
2011-10-21,,2.167
2011-10-22,,2.083
2011-10-23,,2.625
2011-10-24,,3.25
2011-10-25,,3.042
2011-10-26,,3.609
2011-10-27,,3.333
2011-10-28,,2.833
2011-10-29,,2.958
2011-10-30,,1.875
2011-10-31,,2.583
2011-11-01,,2.625
2011-11-02,,2.125
2011-11-03,,2.083
2011-11-04,,2.167
2011-11-05,,1.708
2011-11-06,,1.583
2011-11-07,,2.917
2011-11-08,,3.625
2011-11-09,,3.261
2011-11-10,,2.792
2011-11-11,,2.458
2011-11-12,,2.208
2011-11-13,,2.958
2011-11-14,,4.455
2011-11-16,,3.545
2011-11-17,,4.667
2011-11-18,,2.042
2011-11-19,,1.958
2011-11-20,,3.542
2011-11-21,,4.0
2011-11-22,,3.348
2011-11-23,,3.208
2011-11-24,,3.125
2011-11-25,,3.792
2011-11-26,,3.625
2011-11-27,,3.542
2011-11-28,,1.833
2011-11-29,,2.042
2011-11-30,,2.167
2011-12-01,,2.083
2011-12-02,,2.0
2011-12-03,,2.083
2011-12-04,,3.417
2011-12-05,,3.875
2011-12-06,,5.583
2011-12-07,,4.348
2011-12-08,,2.125
2011-12-09,,2.958
2011-12-10,,2.667
2011-12-11,,3.667
2011-12-12,,3.417
2011-12-13,,4.0
2011-12-14,,2.875
2011-12-15,,4.542
2011-12-16,,2.833
2011-12-17,,4.083
2011-12-18,,4.958
2011-12-19,,5.917
2011-12-20,,5.625
2011-12-21,,5.87
2011-12-22,,5.792
2011-12-23,,4.125
2011-12-24,,4.542
2011-12-25,,2.292
2011-12-26,,2.792
2011-12-27,,4.5
2011-12-28,,4.417
2011-12-29,,6.292
2011-12-30,,5.542
2011-12-31,,5.333
2012-01-01,,3.792
2012-01-02,,4.5
2012-01-03,,3.375
2012-01-04,,3.708
2012-01-05,,3.542
2012-01-06,,5.542
2012-01-07,,4.25
2012-01-08,,4.875
2012-01-09,,4.565
2012-01-10,,5.875
2012-01-11,,7.292
2012-01-12,,5.875
2012-01-13,,4.833
2012-01-14,,2.0
2012-01-15,,5.208
2012-01-16,,6.167
2012-01-17,,5.542
2012-01-18,,4.458
2012-01-19,,6.208
2012-01-20,,5.917
2012-01-21,,3.417
2012-01-22,,1.625
2012-01-23,,4.391
2012-01-24,,5.083
2012-01-25,,4.5
2012-01-26,,6.583
2012-01-27,,7.625
2012-01-28,,5.083
2012-01-29,,7.583
2012-01-30,,9.0
2012-01-31,,6.542
2012-02-01,,2.333
2012-02-02,,2.25
2012-02-03,,5.292
2012-02-04,,2.25
2012-02-05,,3.0
2012-02-06,,2.783
2012-02-07,,4.917
2012-02-08,,3.583
2012-02-09,,5.5
2012-02-10,,7.542
2012-02-11,,10.208
2012-02-12,,5.25
2012-02-13,,4.875
2012-02-14,,4.75
2012-02-15,,3.0
2012-02-16,,4.667
2012-02-17,,4.75
2012-02-18,,1.875
2012-02-19,,2.0
2012-02-20,,6.0
2012-02-21,,9.083
2012-02-22,,8.708
2012-02-23,,7.792
2012-02-24,,4.667
2012-02-25,,6.875
2012-02-26,,4.625
2012-02-27,,2.417
2012-02-28,,6.917
2012-03-01,,3.75
2012-03-02,,3.5
2012-03-03,,5.208
2012-03-04,,9.167
2012-03-05,,9.75
2012-03-06,,9.0
2012-03-07,,6.167
2012-03-08,,7.042
2012-03-09,,8.083
2012-03-10,,6.167
2012-03-11,,4.708
2012-03-12,,5.667
2012-04-01,,6.167
2012-04-02,,3.583
2012-04-03,,2.583
2012-04-04,,5.042
2012-04-05,,6.125
2012-04-06,,3.917
2012-04-07,,4.042
2012-04-08,,5.375
2012-04-09,,5.417
2012-04-10,,4.458
2012-04-11,,2.174
2012-04-12,,3.667
2012-04-13,,3.625
2012-04-14,,3.125
2012-04-15,,4.125
2012-04-16,,2.667
2012-04-17,,2.458
2012-04-18,,3.417
2012-04-19,,2.667
2012-04-20,,2.167
2012-04-21,,2.292
2012-04-22,,1.667
2012-04-23,,5.333
2012-04-24,,5.167
2012-04-25,,4.739
2012-04-26,,2.458
2012-04-27,,4.125
2012-04-28,,4.208
2012-04-29,,4.125
2012-04-30,,2.417
2012-05-01,,2.042
2012-05-02,,2.0
2012-05-03,,2.917
2012-05-04,,3.917
2012-05-05,,6.708
2012-05-06,,6.75
2012-05-07,,6.417
2012-05-08,,6.958
2012-05-09,,5.652
2012-05-10,,5.0
2012-05-11,,5.0
2012-05-12,,4.667
2012-05-13,,4.75
2012-05-14,,4.292
2012-05-15,,2.182
2012-05-16,,5.7
2012-05-17,,6.167
2012-05-18,,5.625
2012-05-19,,5.375
2012-05-20,,3.833
2012-05-21,,3.25
2012-05-22,,3.875
2012-05-23,,4.87
2012-05-24,,5.0
2012-05-25,,3.833
2012-05-26,,4.333
2012-05-27,,4.458
2012-05-28,,4.0
2012-05-29,,3.333
2012-05-30,,3.875
2012-05-31,,3.708
2012-06-01,,3.667
2012-06-02,,3.5
2012-06-03,,3.583
2012-06-04,,3.958
2012-06-05,,2.958
2012-06-06,,3.087
2012-06-07,,4.375
2012-06-08,,2.625
2012-06-09,,2.958
2012-06-10,,4.0
2012-06-11,,3.667
2012-06-12,,3.083
2012-06-13,,4.167
2012-06-14,,4.042
2012-06-15,,3.583
2012-06-16,,2.333
2012-06-17,,3.458
2012-06-18,,4.042
2012-06-19,,2.5
2012-06-20,,3.348
2012-06-21,,2.875
2012-06-22,,3.042
2012-06-23,,3.417
2012-06-24,,3.0
2012-06-25,,2.875
2012-06-26,,3.042
2012-06-27,,2.625
2012-06-28,,2.417
2012-06-29,,2.917
2012-06-30,,2.625
2012-07-01,,2.875
2012-07-02,,3.75
2012-07-03,,3.208
2012-07-04,,4.348
2012-07-05,,3.625
2012-07-06,,3.583
2012-07-07,,3.458
2012-07-08,,3.792
2012-07-09,,4.583
2012-07-10,,4.208
2012-07-11,,3.542
2012-07-12,,2.875
2012-07-13,,3.125
2012-07-14,,2.889
2012-07-15,,2.708
2012-07-16,,3.0
2012-07-17,,3.083
2012-07-18,,3.0
2012-07-19,,2.792
2012-07-20,,2.958
2012-07-21,,3.583
2012-07-22,,3.083
2012-07-23,,3.333
2012-07-24,,3.292
2012-07-25,,3.625
2012-07-26,,3.5
2012-07-27,,3.792
2012-07-28,,3.667
2012-07-29,,4.375
2012-07-30,,3.875
2012-07-31,,3.792
2012-08-01,,3.13
2012-08-02,,2.75
2012-08-03,,3.625
2012-08-04,,3.917
2012-08-05,,2.917
2012-08-06,,2.833
2012-08-07,,3.417
2012-08-08,,3.458
2012-08-09,,4.417
2012-08-10,,4.75
2012-08-11,,3.333
2012-08-12,,3.5
2012-08-13,,4.833
2012-08-14,,2.958
2012-08-15,,2.667
2012-08-16,,2.783
2012-08-17,,3.875
2012-08-18,,4.0
2012-08-19,,3.083
2012-08-20,,3.292
2012-08-21,,2.625
2012-08-22,,2.833
2012-08-23,,2.125
2012-08-24,,2.583
2012-08-25,,2.583
2012-08-26,,2.375
2012-08-27,,2.042
2012-08-28,,2.0
2012-08-29,,2.0
2012-08-30,,2.708
2012-08-31,,2.833
2012-09-01,,2.333
2012-09-02,,2.792
2012-09-03,,2.5
2012-09-04,,2.875
2012-09-05,,2.917
2012-09-06,,2.833
2012-09-07,,2.875
2012-09-08,,2.417
2012-09-09,,2.292
2012-09-10,,2.125
2012-09-11,,2.458
2012-09-12,,2.87
2012-09-13,,2.833
2012-09-14,,2.75
2012-09-15,,2.458
2012-09-16,,2.167
2012-09-17,,2.0
2012-09-18,,2.125
2012-09-19,,3.417
2012-09-20,,4.5
2012-09-21,,4.542
2012-09-22,,4.167
2012-09-23,,3.25
2012-09-24,,3.75
2012-09-25,,4.583
2012-09-26,,3.522
2012-09-27,,3.708
2012-09-28,,3.958
2012-09-29,,2.792
2012-09-30,,2.292
2012-10-01,,2.75
2012-10-02,,2.917
2012-10-03,,4.0
2012-10-04,,3.667
2012-10-05,,3.833
2012-10-06,,3.167
2012-10-07,,4.167
2012-10-08,,3.583
2012-10-09,,3.875
2012-10-10,,3.174
2012-10-11,,2.958
2012-10-12,,3.792
2012-10-13,,4.167
2012-10-14,,3.708
2012-10-15,,4.542
2012-10-16,,3.458
2012-10-17,,2.0
2012-10-18,,2.375
2012-10-19,,3.042
2012-10-20,,2.75
2012-10-21,,3.875
2012-10-22,,3.0
2012-10-23,,2.458
2012-10-24,,2.87
2012-10-25,,2.875
2012-10-26,,3.458
2012-10-27,,2.542
2012-10-28,,2.417
2012-10-29,,3.333
2012-10-30,,3.208
2012-10-31,,4.333
2012-11-01,,3.333
2012-11-02,,3.375
2012-11-03,,3.083
2012-11-04,,2.333
2012-11-05,,1.75
2012-11-06,,2.875
2012-11-07,,3.565
2012-11-08,,3.208
2012-11-09,,3.333
2012-11-10,,3.333
2012-11-11,,1.417
2012-11-12,,3.125
2012-11-13,,3.5
2012-11-14,,2.917
2012-11-15,,3.0
2012-11-16,,2.545
2012-11-17,,2.125
2012-11-18,,3.125
2012-11-19,,3.958
2012-11-20,,3.875
2012-11-21,,3.739
2012-11-22,,2.25
2012-11-23,,1.875
2012-11-24,,3.458
2012-11-25,,3.125
2012-11-26,,2.167
2012-11-27,,3.208
2012-11-28,,3.125
2012-11-29,,2.583
2012-11-30,,2.583
2012-12-01,,4.375
2012-12-02,,2.542
2012-12-03,,1.75
2012-12-04,,2.667
2012-12-05,,3.87
2012-12-06,,3.583
2012-12-07,,3.833
2012-12-08,,3.333
2012-12-09,,3.083
2012-12-10,,3.292
2012-12-11,,4.125
2012-12-12,,4.583
2012-12-13,,3.833
2012-12-14,,2.708
2012-12-15,,1.0
2012-12-16,,2.542
2012-12-17,,2.25
2012-12-18,,2.792
2012-12-19,,3.565
2012-12-20,,4.0
2012-12-21,,3.375
2012-12-22,,1.625
2012-12-23,,3.583
2012-12-24,,3.292
2012-12-25,,4.417
2012-12-26,,5.13
2012-12-27,,4.375
2012-12-28,,1.875
2012-12-29,,1.75
2012-12-30,,1.5
2012-12-31,,3.542
2013-01-01,27.042,11.0
2013-01-02,18.167,12.125
2013-01-03,18.625,8.5
2013-01-04,22.125,8.333
2013-01-05,12.458,6.958
2013-01-06,8.625,6.667
2013-01-07,10.833,5.375
2013-01-08,9.792,3.087
2013-01-09,9.167,4.125
2013-01-10,5.25,7.458
2013-01-11,19.042,9.167
2013-01-12,20.292,10.583
2013-01-13,23.75,13.0
2013-01-14,11.792,8.042
2013-01-15,6.667,9.375
2013-01-16,4.625,5.708
2013-01-17,14.5,9.083
2013-01-18,30.542,10.75
2013-01-19,8.417,6.708
2013-01-20,15.042,9.417
2013-01-21,19.833,7.917
2013-01-22,14.174,10.043
2013-01-23,12.833,8.542
2013-01-24,12.417,5.917
2013-01-25,15.417,8.167
2013-01-26,10.542,3.75
2013-01-27,11.125,7.667
2013-01-28,11.5,7.542
2013-01-29,16.417,8.083
2013-01-30,14.833,3.875
2013-01-31,19.75,5.458
2013-02-01,15.833,4.542
2013-02-02,15.0,3.5
2013-02-03,30.458,3.875
2013-02-04,11.375,4.417
2013-02-05,4.958,7.478
2013-02-06,7.083,5.458
2013-02-07,3.417,2.958
2013-02-08,1.375,4.542
2013-02-09,4.917,6.875
2013-02-10,2.417,4.125
2013-02-11,4.458,5.583
2013-02-12,6.833,8.75
2013-02-13,7.917,5.625
2013-02-14,1.25,3.083
2013-02-15,2.833,4.875
2013-02-16,14.25,8.667
2013-02-17,12.792,6.375
2013-02-18,5.458,3.333
2013-02-19,7.5,5.783
2013-02-20,11.875,7.625
2013-02-21,12.917,11.042
2013-02-22,12.958,10.125
2013-02-23,10.667,6.958
2013-02-24,10.5,7.292
2013-02-25,23.042,7.042
2013-02-26,31.652,5.0
2013-02-27,10.042,3.5
2013-02-28,7.333,4.333
2013-03-01,12.167,3.042
2013-03-02,10.083,3.667
2013-03-03,3.667,5.708
2013-03-04,7.25,6.875
2013-03-05,8.417,3.261
2013-03-06,8.542,6.542
2013-03-07,7.875,8.208
2013-03-08,8.5,9.542
2013-03-09,15.958,7.417
2013-03-10,6.917,6.792
2013-03-11,7.708,7.625
2013-03-12,10.0,8.458
2013-03-13,5.208,2.708
2013-03-14,5.25,4.375
2013-03-15,17.667,8.5
2013-03-16,25.208,8.542
2013-03-17,30.542,8.333
2013-03-18,30.625,4.583
2013-03-19,36.333,4.13
2013-03-20,14.125,3.75
2013-03-21,4.75,4.75
2013-03-22,8.542,8.75
2013-03-23,17.625,9.333
2013-03-24,17.167,7.917
2013-03-25,26.042,7.75
2013-03-26,20.125,2.917
2013-03-27,11.0,4.583
2013-03-28,17.083,5.917
2013-03-29,14.542,3.208
2013-03-30,2.833,3.042
2013-03-31,9.667,6.125
2013-04-01,12.292,6.583
2013-04-02,12.083,3.696
2013-04-03,16.208,5.083
2013-04-04,13.292,5.958
2013-04-05,14.583,5.542
2013-04-06,5.417,3.25
2013-04-07,3.542,3.5
2013-04-08,10.792,6.917
2013-04-09,16.833,6.542
2013-04-10,14.042,8.542
2013-04-11,18.167,7.708
2013-04-12,26.75,11.5
2013-04-13,18.625,9.5
2013-04-14,20.083,6.833
2013-04-15,15.292,5.375
2013-04-16,19.083,6.667
2013-04-17,21.542,3.696
2013-04-18,12.375,3.125
2013-04-19,18.375,4.375
2013-04-20,13.0,3.792
2013-04-21,2.833,3.542
2013-04-22,12.125,6.708
2013-04-23,11.417,4.458
2013-04-24,7.5,2.208
2013-04-25,16.083,4.25
2013-04-26,18.333,4.75
2013-04-27,17.292,6.458
2013-04-28,18.625,6.333
2013-04-29,20.833,5.167
2013-04-30,15.708,2.792
2013-05-01,8.609,3.957
2013-05-02,5.25,5.875
2013-05-03,8.5,5.417
2013-05-04,20.042,5.667
2013-05-05,21.625,5.208
2013-05-06,22.292,6.25
2013-05-07,21.25,7.0
2013-05-08,11.5,4.667
2013-05-09,10.875,5.375
2013-05-10,12.375,2.917
2013-05-11,10.208,2.792
2013-05-12,15.292,4.167
2013-05-13,13.042,4.958
2013-05-14,13.667,4.583
2013-05-15,10.792,3.565
2013-05-16,19.708,3.958
2013-05-17,19.542,3.458
2013-05-18,13.625,3.667
2013-05-19,6.125,2.417
2013-05-20,5.958,3.208
2013-05-21,18.667,3.571
2013-05-22,33.652,3.783
2013-05-23,37.5,4.304
2013-05-24,25.667,4.083
2013-05-25,17.125,4.167
2013-05-26,12.333,3.458
2013-05-27,9.667,2.625
2013-05-28,4.5,2.208
2013-05-29,7.364,2.565
2013-05-30,22.375,2.583
2013-05-31,19.875,3.125
2013-06-01,13.333,2.458
2013-06-02,3.375,2.0
2013-06-03,6.917,2.333
2013-06-04,12.125,3.208
2013-06-05,15.348,3.667
2013-06-06,13.364,3.083
2013-06-07,17.125,3.708
2013-06-08,18.875,3.292
2013-06-09,15.542,2.333
2013-06-10,5.625,2.167
2013-06-11,3.75,2.25
2013-06-12,5.333,2.783
2013-06-13,12.333,3.125
2013-06-14,19.824,3.0
2013-06-15,15.042,2.667
2013-06-16,8.583,3.125
2013-06-17,15.625,2.875
2013-06-18,17.25,3.125
2013-06-19,13.957,2.542
2013-06-20,6.458,2.083
2013-06-21,1.125,2.0
2013-06-22,4.875,3.083
2013-06-23,8.792,2.75
2013-06-24,7.0,2.833
2013-06-25,5.083,3.042
2013-06-26,2.708,2.435
2013-06-27,4.292,2.75
2013-06-28,5.917,1.958
2013-06-29,3.708,2.292
2013-06-30,3.75,2.083
2013-07-01,4.208,2.125
2013-07-02,2.833,2.0
2013-07-03,3.304,2.083
2013-07-04,6.958,2.125
2013-07-05,10.583,2.583
2013-07-06,11.333,2.292
2013-07-07,11.167,2.5
2013-07-08,14.833,3.375
2013-07-09,25.542,4.208
2013-07-10,35.167,3.522
2013-07-11,21.125,2.75
2013-07-12,11.25,2.792
2013-07-13,7.833,2.875
2013-07-14,12.958,2.958
2013-07-15,9.708,2.917
2013-07-16,11.125,2.583
2013-07-17,19.583,2.958
2013-07-18,16.458,2.833
2013-07-19,10.042,2.917
2013-07-20,13.792,3.167
2013-07-21,13.708,2.917
2013-07-22,19.333,2.917
2013-07-23,21.583,3.25
2013-07-24,14.042,4.565
2013-07-25,19.5,4.792
2013-07-26,30.042,3.583
2013-07-27,26.25,4.125
2013-07-28,18.833,3.417
2013-07-29,12.333,3.25
2013-07-30,21.5,3.792
2013-07-31,25.833,3.667
2013-08-01,19.292,3.75
2013-08-02,18.167,3.625
2013-08-03,18.75,3.583
2013-08-04,11.5,2.375
2013-08-05,8.917,2.542
2013-08-06,15.583,2.958
2013-08-07,20.304,3.174
2013-08-08,25.75,2.958
2013-08-09,31.5,3.208
2013-08-10,35.833,4.208
2013-08-11,37.25,4.167
2013-08-12,40.25,3.917
2013-08-13,35.417,3.75
2013-08-14,34.292,4.208
2013-08-15,33.667,4.208
2013-08-16,37.0,3.667
2013-08-17,24.917,2.958
2013-08-18,9.708,2.417
2013-08-19,8.833,2.625
2013-08-20,7.292,2.5
2013-08-21,3.833,2.609
2013-08-22,6.208,2.25
2013-08-23,12.292,3.667
2013-08-24,13.167,2.5
2013-08-25,6.042,1.75
2013-08-26,5.667,2.083
2013-08-27,8.292,3.083
2013-08-28,15.167,3.583
2013-08-29,20.625,3.667
2013-08-30,20.208,3.125
2013-08-31,13.458,1.917
2013-09-01,5.083,2.0
2013-09-02,3.708,1.917
2013-09-03,2.667,1.958
2013-09-04,3.043,2.043
2013-09-05,3.542,2.667
2013-09-06,5.625,2.917
2013-09-07,7.083,2.167
2013-09-08,11.125,2.625
2013-09-09,8.292,2.5
2013-09-10,7.0,3.167
2013-09-11,10.042,3.208
2013-09-12,10.458,2.75
2013-09-13,15.292,2.583
2013-09-14,23.75,2.583
2013-09-15,1.917,2.0
2013-09-16,3.292,3.0
2013-09-17,4.0,3.333
2013-09-18,6.875,3.304
2013-09-19,11.0,3.708
2013-09-20,10.5,3.125
2013-09-21,8.708,2.917
2013-09-22,8.708,3.125
2013-09-23,16.25,3.208
2013-09-24,11.333,3.333
2013-09-25,13.292,3.792
2013-09-26,4.417,3.625
2013-09-27,4.25,3.417
2013-09-28,6.083,2.292
2013-09-29,4.792,2.375
2013-09-30,5.833,2.5
2013-10-01,12.458,3.042
2013-10-02,13.833,3.435
2013-10-03,13.458,2.875
2013-10-04,14.75,2.542
2013-10-05,3.75,1.417
2013-10-06,5.25,1.833
2013-10-07,3.958,1.917
2013-10-08,4.875,1.875
2013-10-09,6.478,2.292
2013-10-10,11.208,2.833
2013-10-11,7.667,2.208
2013-10-12,15.0,3.208
2013-10-13,6.833,3.375
2013-10-14,10.375,3.125
2013-10-15,6.542,1.958
2013-10-16,3.708,2.739
2013-10-17,7.625,3.083
2013-10-18,7.87,2.292
2013-10-19,2.458,1.375
2013-10-20,-0.042,1.25
2013-10-21,3.875,2.292
2013-10-22,7.542,2.333
2013-10-23,2.542,1.333
2013-10-24,4.083,1.083
2013-10-25,1.292,1.125
2013-10-26,9.292,2.75
2013-10-27,10.25,2.708
2013-10-28,12.0,2.833
2013-10-29,14.75,5.792
2013-10-30,18.583,3.043
2013-10-31,27.958,3.542
2013-11-01,25.875,3.125
2013-11-02,26.5,3.042
2013-11-03,22.333,2.167
2013-11-04,13.75,2.875
2013-11-05,18.5,3.375
2013-11-06,19.0,2.958
2013-11-07,21.417,3.375
2013-11-08,25.208,4.458
2013-11-09,21.833,3.25
2013-11-10,18.333,1.958
2013-11-11,4.5,2.833
2013-11-12,5.042,3.042
2013-11-13,4.087,3.913
2013-11-14,6.0,3.833
2013-11-15,8.471,2.292
2013-11-16,10.958,3.167
2013-11-17,24.875,3.958
2013-11-18,6.583,4.9
2013-11-19,6.917,5.0
2013-11-20,8.792,5.083
2013-11-21,8.875,5.458
2013-11-22,11.458,5.682
2013-11-23,7.875,4.833
2013-11-24,11.292,5.0
2013-11-25,12.75,3.625
2013-11-26,6.792,4.833
2013-11-27,9.375,4.435
2013-11-28,5.958,4.375
2013-11-29,5.75,5.292
2013-11-30,7.417,5.875
2013-12-01,12.458,4.833
2013-12-02,15.5,5.042
2013-12-03,9.125,5.375
2013-12-04,14.25,5.667
2013-12-05,12.208,4.542
2013-12-06,30.5,7.208
2013-12-07,16.292,6.625
2013-12-08,9.292,5.417
2013-12-09,12.542,4.375
2013-12-10,8.292,5.25
2013-12-11,6.958,4.913
2013-12-12,5.391,5.125
2013-12-13,7.875,5.5
2013-12-14,9.833,9.292
2013-12-15,11.833,9.417
2013-12-16,6.5,7.375
2013-12-17,10.75,4.625
2013-12-18,2.333,2.435
2013-12-19,6.0,3.083
2013-12-20,9.333,3.958
2013-12-21,6.167,5.708
2013-12-22,7.0,5.292
2013-12-23,8.5,6.958
2013-12-24,10.292,7.542
2013-12-25,7.25,6.304
2013-12-26,6.783,3.208
2013-12-27,15.167,5.208
2013-12-28,4.125,5.208
2013-12-29,8.792,8.917
2013-12-30,11.25,8.583
2013-12-31,21.375,7.833
2014-01-01,5.0,4.458
2014-01-02,6.25,8.333
2014-01-03,5.333,8.792
2014-01-04,9.333,7.292
2014-01-05,16.833,7.208
2014-01-06,15.5,5.667
2014-01-07,7.391,6.217
2014-01-08,6.417,8.708
2014-01-09,9.375,13.375
2014-01-10,15.083,11.333
2014-01-11,17.583,8.792
2014-01-12,7.0,6.875
2014-01-13,6.833,7.083
2014-01-14,10.333,5.625
2014-01-15,2.208,3.792
2014-01-16,9.75,6.875
2014-01-17,24.542,9.292
2014-01-18,9.792,7.5
2014-01-19,18.833,8.708
2014-01-20,22.833,7.875
2014-01-21,22.25,5.304
2014-01-22,6.542,4.042
2014-01-23,6.917,5.333
2014-01-24,8.167,6.083
2014-01-25,12.042,6.417
2014-01-26,11.542,4.375
2014-01-27,13.667,5.0
2014-01-28,9.625,7.958
2014-01-29,5.583,7.25
2014-01-30,5.833,4.333
2014-01-31,11.375,5.583
2014-02-01,7.0,9.333
2014-02-02,5.042,6.458
2014-02-03,6.542,7.75
2014-02-04,6.667,7.0
2014-02-05,15.417,5.958
2014-02-06,6.375,5.208
2014-02-07,12.0,5.917
2014-02-08,15.042,5.708
2014-02-09,5.0,4.542
2014-02-10,9.826,8.083
2014-02-11,19.125,8.333
2014-02-12,21.917,10.0
2014-02-13,5.833,6.875
2014-02-14,10.083,13.083
2014-02-15,16.458,9.167
2014-02-16,30.375,6.75
2014-02-17,16.875,4.375
2014-02-18,10.542,5.0
2014-02-19,6.792,5.542
2014-02-20,7.25,7.708
2014-02-21,8.375,5.458
2014-02-22,4.417,3.708
2014-02-23,9.167,4.917
2014-02-24,9.958,5.708
2014-02-25,15.458,5.833
2014-02-26,11.75,4.417
2014-02-27,10.958,7.625
2014-02-28,14.458,7.25
2014-03-01,8.25,4.333
2014-03-02,17.083,7.917
2014-03-03,12.5,5.167
2014-03-04,12.167,6.043
2014-03-05,9.208,6.208
2014-03-06,12.5,6.0
2014-03-07,6.292,4.0
2014-03-08,5.833,4.458
2014-03-09,8.208,4.042
2014-03-10,10.75,4.958
2014-03-11,7.522,10.333
2014-03-12,15.708,11.375
2014-03-13,10.083,10.167
2014-03-14,18.75,8.292
2014-03-15,13.083,4.25
2014-03-16,3.417,3.667
2014-03-17,8.958,4.125
2014-03-18,12.833,3.261
2014-03-19,4.833,4.208
2014-03-20,6.917,4.0
2014-03-21,15.833,3.792
2014-03-22,32.0,7.5
2014-03-23,13.833,6.458
2014-03-24,10.708,7.458
2014-03-25,12.292,7.958
2014-03-26,13.792,7.333
2014-03-27,15.583,6.917
2014-03-28,16.708,6.917
2014-03-29,8.208,3.708
2014-03-30,17.375,4.875
2014-03-31,19.417,4.667
2014-04-01,10.0,6.042
2014-04-02,9.957,3.913
2014-04-03,8.167,3.667
2014-04-04,7.125,3.625
2014-04-05,9.583,6.208
2014-04-06,7.0,5.25
2014-04-07,9.208,6.5
2014-04-08,14.583,6.792
2014-04-09,23.542,6.458
2014-04-10,25.458,6.542
2014-04-11,26.042,6.25
2014-04-12,16.583,3.667
2014-04-13,15.0,2.167
2014-04-14,9.292,3.875
2014-04-15,11.25,4.75
2014-04-16,21.667,5.087
2014-04-17,31.625,5.292
2014-04-18,15.958,2.542
2014-04-19,21.042,3.208
2014-04-20,20.667,2.708
2014-04-21,4.333,2.333
2014-04-22,10.667,2.583
2014-04-23,15.708,4.458
2014-04-24,14.792,4.458
2014-04-25,12.667,4.125
2014-04-26,11.292,3.542
2014-04-27,12.0,3.25
2014-04-28,10.875,2.542
2014-04-29,10.625,2.583
2014-04-30,15.0,3.87
2014-05-01,10.417,3.875
2014-05-02,14.708,4.542
2014-05-03,19.25,5.625
2014-05-04,10.708,5.0
2014-05-05,11.5,3.458
2014-05-06,12.292,5.417
2014-05-07,13.652,5.333
2014-05-08,15.471,3.542
2014-05-09,18.708,4.417
2014-05-10,13.5,5.125
2014-05-11,13.625,4.292
2014-05-12,6.417,2.417
2014-05-13,16.958,3.833
2014-05-14,17.042,3.652
2014-05-15,9.875,2.583
2014-05-16,15.958,4.708
2014-05-17,20.0,5.583
2014-05-18,23.875,5.292
2014-05-19,26.667,2.9
2014-05-20,15.042,
2014-05-21,7.083,4.1
2014-05-22,27.458,4.75
2014-05-23,14.833,4.208
2014-05-24,12.583,4.083
2014-05-25,11.125,3.708
2014-05-26,6.125,2.0
2014-05-27,22.125,3.667
2014-05-28,16.667,4.522
2014-05-29,25.292,3.75
2014-05-30,38.5,3.875
2014-05-31,40.542,3.292
2014-06-01,41.083,3.667
2014-06-02,28.875,3.167
2014-06-03,6.708,3.042
2014-06-04,6.125,2.0
2014-06-05,4.042,1.583
2014-06-06,8.0,2.375
2014-06-07,8.208,2.708
2014-06-08,3.75,2.458
2014-06-09,10.417,2.625
2014-06-10,12.792,2.333
2014-06-11,6.391,2.13
2014-06-12,7.917,2.417
2014-06-13,9.875,2.667
2014-06-14,25.375,3.167
2014-06-15,35.083,3.042
2014-06-16,28.667,3.125
2014-06-17,24.417,2.208
2014-06-18,5.125,1.696
2014-06-19,13.75,2.875
2014-06-20,15.417,3.208
2014-06-21,8.375,2.083
2014-06-22,2.458,1.708
2014-06-23,6.333,2.5
2014-06-24,14.25,2.75
2014-06-25,18.458,3.261
2014-06-26,22.542,2.375
2014-06-27,8.25,1.875
2014-06-28,2.458,2.083
2014-06-29,16.417,2.792
2014-06-30,14.792,3.208
2014-07-01,18.417,3.333
2014-07-02,24.208,3.042
2014-07-03,5.458,1.958
2014-07-04,3.833,2.417
2014-07-05,7.125,2.542
2014-07-06,8.833,2.167
2014-07-07,7.417,2.0
2014-07-08,6.375,1.458
2014-07-09,5.875,1.0
2014-07-10,6.167,1.25
2014-07-11,20.875,2.75
2014-07-12,21.0,3.667
2014-07-13,17.25,2.875
2014-07-14,18.542,2.833
2014-07-15,16.083,2.75
2014-07-16,26.0,4.083
2014-07-17,34.208,3.25
2014-07-18,31.417,2.583
2014-07-19,21.042,2.333
2014-07-20,17.958,2.833
2014-07-21,19.375,2.583
2014-07-22,23.292,2.375
2014-07-23,13.625,1.957
2014-07-24,15.913,2.913
2014-07-25,16.958,2.292
2014-07-26,27.042,3.458
2014-07-27,26.667,2.583
2014-07-28,20.292,2.875
2014-07-29,18.458,2.458
2014-07-30,5.833,1.292
2014-07-31,4.875,1.292
2014-08-01,5.375,1.0
2014-08-02,3.917,1.0
2014-08-03,3.792,1.0
2014-08-04,4.417,1.0
2014-08-05,3.75,1.0
2014-08-06,7.292,1.13
2014-08-07,5.75,1.292
2014-08-08,3.875,1.0
2014-08-09,3.417,1.0
2014-08-10,2.625,1.25
2014-08-11,8.583,1.958
2014-08-12,15.583,1.583
2014-08-13,26.773,4.0
2014-08-14,16.25,2.667
2014-08-15,6.875,2.083
2014-08-16,7.125,1.958
2014-08-17,15.792,4.792
2014-08-18,5.5,2.333
2014-08-19,5.5,2.958
2014-08-20,3.13,1.826
2014-08-21,4.792,1.417
2014-08-22,3.042,1.292
2014-08-23,5.25,1.917
2014-08-24,6.5,2.208
2014-08-25,16.083,1.917
2014-08-26,14.167,2.208
2014-08-27,9.75,2.292
2014-08-28,9.625,1.667
2014-08-29,5.375,1.667
2014-08-30,6.958,1.708
2014-08-31,8.708,2.292
2014-09-01,9.5,1.958
2014-09-02,10.333,2.25
2014-09-03,8.25,1.391
2014-09-04,5.875,1.25
2014-09-05,12.75,1.417
2014-09-06,15.417,2.417
2014-09-07,5.542,1.583
2014-09-08,7.708,2.167
2014-09-09,14.417,2.625
2014-09-10,16.875,3.167
2014-09-11,14.125,2.458
2014-09-12,13.792,2.333
2014-09-13,9.458,2.5
2014-09-14,6.042,2.375
2014-09-15,7.208,2.083
2014-09-16,10.667,2.875
2014-09-17,15.5,2.696
2014-09-18,15.25,2.583
2014-09-19,11.292,2.208
2014-09-20,4.75,1.583
2014-09-21,7.625,2.375
2014-09-22,9.208,2.083
2014-09-23,12.792,2.667
2014-09-24,10.087,2.0
2014-09-25,3.792,2.167
2014-09-26,6.958,2.375
2014-09-27,8.542,2.417
2014-09-28,16.542,3.0
2014-09-29,27.583,3.25
2014-09-30,28.167,3.042
2014-10-01,27.083,2.696
2014-10-02,13.333,2.083
2014-10-03,11.0,2.13
2014-10-04,11.792,2.458
2014-10-05,3.75,1.833
2014-10-06,3.458,2.417
2014-10-07,7.292,2.583
2014-10-08,7.208,2.522
2014-10-09,6.25,1.833
2014-10-10,6.75,1.875
2014-10-11,10.083,1.875
2014-10-12,9.583,1.625
2014-10-13,3.0,1.333
2014-10-14,4.167,2.542
2014-10-15,7.292,2.652
2014-10-16,12.292,3.042
2014-10-17,20.208,3.292
2014-10-18,16.208,2.958
2014-10-19,12.875,3.167
2014-10-20,8.292,2.542
2014-10-21,8.292,2.208
2014-10-22,7.625,1.542
2014-10-23,4.792,2.375
2014-10-24,7.542,2.75
2014-10-25,10.833,2.417
2014-10-26,9.208,2.083
2014-10-27,13.458,2.583
2014-10-28,7.792,3.667
2014-10-29,10.348,3.174
2014-10-30,11.083,2.792
2014-10-31,7.333,1.542
2014-11-01,3.625,1.167
2014-11-02,7.375,1.913
2014-11-03,8.917,2.958
2014-11-04,8.958,3.619
2014-11-05,8.792,3.125
2014-11-06,5.708,2.708
2014-11-07,17.458,4.208
2014-11-08,18.292,3.333
2014-11-09,6.667,1.958
2014-11-10,8.5,2.667
2014-11-11,10.5,2.833
2014-11-12,19.333,3.478
2014-11-13,5.583,3.583
2014-11-14,8.792,3.958
2014-11-15,9.375,4.667
2014-11-16,10.583,5.167
2014-11-17,16.0,6.5
2014-11-18,15.958,
2014-11-19,11.609,7.75
2014-11-20,13.0,6.875
2014-11-21,15.125,6.667
2014-11-22,14.417,5.0
2014-11-23,14.25,6.667
2014-11-24,16.0,4.625
2014-11-25,8.833,3.625
2014-11-26,6.333,3.783
2014-11-27,4.708,4.667
2014-11-28,9.167,3.792
2014-11-29,8.75,3.583
2014-11-30,6.5,3.792
2014-12-01,6.083,3.625
2014-12-02,4.667,4.417
2014-12-03,9.217,6.417
2014-12-04,12.0,6.625
2014-12-05,4.708,4.708
2014-12-06,5.958,5.375
2014-12-07,8.917,8.0
2014-12-08,9.875,6.417
2014-12-09,10.875,8.333
2014-12-10,6.708,5.522
2014-12-11,8.958,3.708
2014-12-12,15.667,6.917
2014-12-13,6.458,6.542
2014-12-14,5.75,7.125
2014-12-15,9.958,9.625
2014-12-16,10.167,5.083
2014-12-17,4.75,4.75
2014-12-18,5.167,6.042
2014-12-19,4.083,5.375
2014-12-20,7.083,4.792
2014-12-21,9.542,7.417
2014-12-22,5.333,7.0
2014-12-23,11.208,7.792
2014-12-24,14.333,9.174
2014-12-25,12.542,8.5
2014-12-26,6.833,10.958
2014-12-27,5.042,6.5
2014-12-28,7.917,4.75
2014-12-29,14.708,7.292
2014-12-30,26.667,11.875
2014-12-31,18.458,9.917
2015-01-01,6.917,5.833
2015-01-02,10.833,5.292
2015-01-03,6.333,2.5
2015-01-04,15.542,3.708
2015-01-05,20.667,4.083
2015-01-06,10.208,2.5
2015-01-07,14.208,6.083
2015-01-08,10.333,5.083
2015-01-09,9.25,6.333
2015-01-10,8.833,5.333
2015-01-11,6.417,4.75
2015-01-12,7.917,4.833
2015-01-13,4.542,5.792
2015-01-14,10.167,10.458
2015-01-15,9.958,7.833
2015-01-16,11.292,6.542
2015-01-17,13.125,5.083
2015-01-18,6.167,3.583
2015-01-19,4.0,2.5
2015-01-20,4.217,3.304
2015-01-21,4.542,4.583
2015-01-22,3.25,5.583
2015-01-23,9.542,6.667
2015-01-24,5.542,3.792
2015-01-25,7.208,8.292
2015-01-26,8.75,5.708
2015-01-27,14.333,6.0
2015-01-28,12.333,5.208
2015-01-29,5.208,2.875
2015-01-30,2.458,3.042
2015-01-31,9.333,4.833
2015-02-01,30.708,6.958
2015-02-02,6.167,6.042
2015-02-03,3.417,5.957
2015-02-04,7.208,7.875
2015-02-05,7.583,7.458
2015-02-06,8.583,7.417
2015-02-07,5.913,8.875
2015-02-08,5.292,9.875
2015-02-09,12.333,10.125
2015-02-10,7.25,10.875
2015-02-11,6.958,5.875
2015-02-12,10.75,4.5
2015-02-13,1.412,3.0
2015-02-14,,3.583
2015-02-15,7.0,3.375
2015-02-16,5.417,6.5
2015-02-17,6.542,7.435
2015-02-18,6.583,6.625
2015-02-19,7.583,6.625
2015-02-20,2.208,3.167
2015-02-21,10.625,5.792
2015-02-22,4.792,6.375
2015-02-23,8.042,4.417
2015-02-24,15.087,8.875
2015-02-25,4.292,7.167
2015-02-26,17.875,11.542
2015-02-27,23.333,8.75
2015-02-28,26.542,7.5
2015-03-01,11.042,9.083
2015-03-02,8.792,11.913
2015-03-03,13.542,8.667
2015-03-04,17.958,7.375
2015-03-05,17.0,5.625
2015-03-06,10.458,3.542
2015-03-07,6.958,4.333
2015-03-08,14.833,4.833
2015-03-09,10.583,3.542
2015-03-10,5.875,4.0
2015-03-11,6.25,5.667
2015-03-12,7.292,7.208
2015-03-13,8.583,4.542
2015-03-14,6.667,4.042
2015-03-15,15.75,7.5
2015-03-16,10.5,5.522
2015-03-17,9.375,4.708
2015-03-18,10.0,3.458
2015-03-19,7.792,4.25
2015-03-20,19.417,6.583
2015-03-21,9.583,7.333
2015-03-22,4.792,5.208
2015-03-23,11.458,7.833
2015-03-24,11.333,5.083
2015-03-25,7.958,7.542
2015-03-26,9.792,7.167
2015-03-27,12.083,6.458
2015-03-28,21.458,11.208
2015-03-29,23.75,8.833
2015-03-30,23.435,8.478
2015-03-31,20.208,5.833
2015-04-01,14.333,3.783
2015-04-02,8.125,3.083
2015-04-03,5.542,2.917
2015-04-04,6.0,3.292
2015-04-05,9.0,3.75
2015-04-06,18.167,3.792
2015-04-07,5.917,2.833
2015-04-08,5.375,2.875
2015-04-09,5.417,1.833
2015-04-10,2.5,1.083
2015-04-11,5.833,2.375
2015-04-12,10.0,2.292
2015-04-13,3.75,1.042
2015-04-14,11.833,4.083
2015-04-15,13.826,3.739
2015-04-16,26.792,5.292
2015-04-17,17.625,3.625
2015-04-18,14.75,4.458
2015-04-19,18.833,2.375
2015-04-20,13.0,2.542
2015-04-21,7.167,2.917
2015-04-22,10.0,3.292
2015-04-23,12.667,4.042
2015-04-24,14.0,4.042
2015-04-25,23.167,5.042
2015-04-26,26.833,4.583
2015-04-27,29.833,4.25
2015-04-28,20.792,2.957
2015-04-29,4.083,2.583
2015-04-30,6.875,2.75
2015-05-01,8.292,3.0
2015-05-02,10.333,3.583
2015-05-03,6.208,2.5
2015-05-04,4.333,3.0
2015-05-05,17.375,4.042
2015-05-06,16.765,3.588
2015-05-07,11.0,3.083
2015-05-08,9.542,3.375
2015-05-09,8.5,1.917
2015-05-10,11.917,2.75
2015-05-11,13.292,3.0
2015-05-12,6.25,2.208
2015-05-13,18.958,4.87
2015-05-14,19.875,4.625
2015-05-15,21.167,3.625
2015-05-16,11.417,2.792
2015-05-17,14.958,3.75
2015-05-18,10.583,2.667
2015-05-19,6.417,2.542
2015-05-20,13.565,2.1
2015-05-21,7.647,4.286
2015-05-22,12.375,5.458
2015-05-23,16.5,4.792
2015-05-24,,3.5
2015-05-25,4.0,3.833
2015-05-26,8.87,4.625
2015-05-27,19.75,5.348
2015-05-28,18.958,5.458
2015-05-29,15.208,4.458
2015-05-30,14.083,3.708
2015-05-31,11.375,3.0
2015-06-01,14.875,3.417
2015-06-02,16.417,3.083
2015-06-03,5.75,2.542
2015-06-04,6.0,3.833
2015-06-05,5.833,2.083
2015-06-06,4.542,3.125
2015-06-07,6.708,3.25
2015-06-08,3.958,2.083
2015-06-09,3.708,2.833
2015-06-10,9.458,3.0
2015-06-11,7.208,2.0
2015-06-12,11.083,3.583
2015-06-13,28.333,4.375
2015-06-14,8.958,2.708
2015-06-15,7.292,3.375
2015-06-16,10.458,2.542
2015-06-17,19.167,3.375
2015-06-18,4.25,2.0
2015-06-19,1.292,2.333
2015-06-20,4.542,2.542
2015-06-21,8.5,3.125
2015-06-22,12.875,2.625
2015-06-23,23.167,3.0
2015-06-24,19.783,3.13
2015-06-25,6.75,2.625
2015-06-26,2.708,2.167
2015-06-27,3.5,2.125
2015-06-28,9.625,2.833
2015-06-29,9.333,2.917
2015-06-30,6.875,2.417
2015-07-01,2.75,2.042
2015-07-02,11.583,3.625
2015-07-03,6.708,2.917
2015-07-04,9.458,2.125
2015-07-05,3.667,2.417
2015-07-06,3.958,2.333
2015-07-07,3.208,2.25
2015-07-08,4.542,2.087
2015-07-09,3.292,1.583
2015-07-10,6.708,1.583
2015-07-11,8.542,2.25
2015-07-12,5.75,1.0
2015-07-13,5.875,1.417
2015-07-14,4.583,1.875
2015-07-15,5.0,2.167
2015-07-16,0.333,1.417
2015-07-17,2.667,1.583
2015-07-18,7.458,2.583
2015-07-19,5.667,1.0
2015-07-20,5.292,1.167
2015-07-21,4.292,1.167
2015-07-22,2.458,1.0
2015-07-23,4.875,1.417
2015-07-24,4.792,2.0
2015-07-25,6.458,2.167
2015-07-26,4.333,1.0
2015-07-27,7.708,1.833
2015-07-28,18.0,3.417
2015-07-29,21.087,3.292
2015-07-30,24.792,2.458
2015-07-31,28.292,2.833
2015-08-01,33.292,3.167
2015-08-02,26.917,2.792
2015-08-03,25.458,3.417
2015-08-04,30.042,3.375
2015-08-05,31.0,2.696
2015-08-06,20.625,2.625
2015-08-07,5.5,1.708
2015-08-08,9.958,2.542
2015-08-09,17.875,2.583
2015-08-10,18.5,2.458
2015-08-11,22.333,2.875
2015-08-12,15.125,1.458
2015-08-13,5.208,1.917
2015-08-14,5.375,1.958
2015-08-15,13.0,2.917
2015-08-16,11.25,1.333
2015-08-17,5.25,1.167
2015-08-18,4.75,1.375
2015-08-19,2.75,0.957
2015-08-20,4.417,1.417
2015-08-21,7.542,1.625
2015-08-22,10.208,2.5
2015-08-23,11.5,2.417
2015-08-24,10.958,1.87
2015-08-25,7.667,1.0
2015-08-26,5.375,1.875
2015-08-27,7.958,2.375
2015-08-28,11.708,1.792
2015-08-29,9.292,1.375
2015-08-30,2.708,1.167
2015-08-31,4.0,1.0
2015-09-01,3.583,1.0
2015-09-02,5.609,1.696
2015-09-03,4.458,1.542
2015-09-04,14.458,1.875
2015-09-05,15.25,1.833
2015-09-06,5.292,1.083
2015-09-07,5.087,1.708
2015-09-08,2.5,1.958
2015-09-09,2.458,2.0
2015-09-10,2.292,2.5
2015-09-11,4.792,3.083
2015-09-12,7.458,2.625
2015-09-13,11.792,3.25
2015-09-14,10.458,3.167
2015-09-15,10.958,2.917
2015-09-16,7.542,2.0
2015-09-17,2.25,1.958
2015-09-18,6.333,2.417
2015-09-19,6.958,2.708
2015-09-20,9.625,2.708
2015-09-21,9.958,2.875
2015-09-22,9.833,2.875
2015-09-23,8.375,2.292
2015-09-24,1.167,1.208
2015-09-25,2.625,1.792
2015-09-26,6.25,1.5
2015-09-27,8.833,1.542
2015-09-28,11.042,2.375
2015-09-29,11.417,2.958
2015-09-30,12.25,2.609
2015-10-01,5.417,1.792
2015-10-02,7.542,2.75
2015-10-03,5.25,3.125
2015-10-04,14.0,4.292
2015-10-05,14.25,3.042
2015-10-06,10.375,3.167
2015-10-07,5.696,3.083
2015-10-08,11.25,3.292
2015-10-09,17.792,3.625
2015-10-10,23.542,3.667
2015-10-11,16.542,3.083
2015-10-12,9.875,3.417
2015-10-13,8.875,3.5
2015-10-14,7.875,3.522
2015-10-15,9.333,3.125
2015-10-16,10.167,3.042
2015-10-17,9.125,3.333
2015-10-18,6.667,2.917
2015-10-19,11.208,3.125
2015-10-20,13.208,3.5
2015-10-21,29.167,3.542
2015-10-22,23.833,4.042
2015-10-23,26.625,3.625
2015-10-24,26.375,3.458
2015-10-25,15.917,3.75
2015-10-26,7.417,3.625
2015-10-27,8.0,3.083
2015-10-28,8.5,3.174
2015-10-29,10.208,3.833
2015-10-30,21.167,3.833
2015-10-31,15.208,3.625
2015-11-01,11.208,2.5
2015-11-02,6.375,1.458
2015-11-03,10.458,2.667
2015-11-04,8.25,2.583
2015-11-05,8.208,2.292
2015-11-06,3.667,2.0
2015-11-07,4.5,1.542
2015-11-08,5.667,1.958
2015-11-09,6.542,2.417
2015-11-10,4.667,2.625
2015-11-11,4.826,2.609
2015-11-12,6.625,2.667
2015-11-13,5.125,1.333
2015-11-14,2.25,1.125
2015-11-15,3.875,2.208
2015-11-16,5.708,2.625
2015-11-17,8.591,1.583
2015-11-18,2.875,1.0
2015-11-19,3.542,2.125
2015-11-20,7.042,2.167
2015-11-21,9.375,2.458
2015-11-22,13.208,2.792
2015-11-23,11.417,1.542
2015-11-24,5.2,1.538
2015-11-25,6.444,
2015-11-26,2.609,2.375
2015-11-27,4.125,2.208
2015-11-28,6.75,2.583
2015-11-29,6.75,2.583
2015-11-30,8.625,3.125
2015-12-01,9.917,3.25
2015-12-02,11.958,2.25
2015-12-03,10.042,3.0
2015-12-04,7.875,3.25
2015-12-05,7.5,3.708
2015-12-06,7.917,3.458
2015-12-07,8.833,3.833
2015-12-08,6.417,4.917
2015-12-09,4.333,4.348
2015-12-10,4.333,2.375
2015-12-11,2.167,2.958
2015-12-12,10.375,4.333
2015-12-13,9.25,4.167
2015-12-14,4.25,3.583
2015-12-15,8.5,2.625
2015-12-16,11.043,3.5
2015-12-17,3.833,3.0
2015-12-18,5.458,5.083
2015-12-19,4.667,5.667
2015-12-20,6.208,3.75
2015-12-21,4.5,2.833
2015-12-22,7.458,3.435
2015-12-23,5.542,2.375
2015-12-24,4.917,3.25
2015-12-25,9.333,3.708
2015-12-26,17.125,6.958
2015-12-27,25.417,6.417
2015-12-28,13.792,5.583
2015-12-29,4.833,4.917
2015-12-30,3.5,4.333
2015-12-31,12.792,7.375
2016-01-01,5.625,4.75
2016-01-02,8.708,5.318
2016-01-03,10.125,5.583
2016-01-04,11.708,5.708
2016-01-05,13.167,5.818
2016-01-06,8.25,5.167
2016-01-07,7.417,4.417
2016-01-08,4.083,3.625
2016-01-09,11.208,4.833
2016-01-10,17.542,5.375
2016-01-11,5.375,5.75
2016-01-12,9.792,6.208
2016-01-13,10.875,5.75
2016-01-14,5.0,4.083
2016-01-15,3.625,5.292
2016-01-16,3.75,6.5
2016-01-17,3.292,5.417
2016-01-18,4.333,4.696
2016-01-19,8.875,4.458
2016-01-20,15.375,5.25
2016-01-21,13.083,6.042
2016-01-22,11.5,5.667
2016-01-23,8.042,4.542
2016-01-24,9.875,7.542
2016-01-25,6.174,7.083
2016-01-26,7.292,5.958
2016-01-27,9.667,6.0
2016-01-28,23.583,5.583
2016-01-29,19.042,5.042
2016-01-30,14.708,4.292
2016-01-31,9.0,5.5
2016-02-01,9.875,4.696
2016-02-02,8.708,5.458
2016-02-03,5.917,6.875
2016-02-04,6.125,6.042
2016-02-05,6.833,4.417
2016-02-06,13.583,4.875
2016-02-07,14.125,6.25
2016-02-08,8.917,6.0
2016-02-09,6.5,4.375
2016-02-10,8.0,4.25
2016-02-11,7.208,4.875
2016-02-12,7.583,6.708
2016-02-13,9.083,6.0
2016-02-14,14.625,6.792
2016-02-15,11.217,4.957
2016-02-16,11.208,5.125
2016-02-17,20.208,5.333
2016-02-18,18.292,4.792
2016-02-19,6.87,4.833
2016-02-20,12.542,4.333
2016-02-21,16.583,5.542
2016-02-22,12.083,5.208
2016-02-23,5.87,3.625
2016-02-24,6.458,5.167
2016-02-25,10.75,7.208
2016-02-26,20.208,5.875
2016-02-27,14.417,5.292
2016-02-28,7.208,4.917
2016-03-01,5.696,4.696
2016-03-02,7.375,4.375
2016-03-03,9.333,5.125
2016-03-04,11.917,5.292
2016-03-05,11.833,5.125
2016-03-06,14.75,5.042
2016-03-07,10.375,5.208
2016-03-08,8.458,5.042
2016-03-09,10.292,5.125
2016-03-10,10.667,6.917
2016-03-11,9.75,7.125
2016-03-12,10.083,5.792
2016-03-13,13.25,4.875
2016-03-14,11.833,4.542
2016-03-15,7.833,5.174
2016-03-16,4.208,5.042
2016-03-17,10.25,4.833
2016-03-18,14.417,5.917
2016-03-19,18.708,6.208
2016-03-20,18.625,5.958
2016-03-21,6.583,3.875
2016-03-22,16.833,4.708
2016-03-23,10.375,3.792
2016-03-24,16.75,5.042
2016-03-25,8.542,4.167
2016-03-26,5.292,4.125
2016-03-27,11.333,4.5
2016-03-28,20.083,5.5
2016-03-29,21.5,4.913
2016-03-30,21.0,4.917
2016-03-31,13.625,4.0
2016-04-01,3.0,3.125
2016-04-02,5.958,3.5
2016-04-03,4.208,2.875
2016-04-04,3.292,3.625
2016-04-05,8.542,4.042
2016-04-06,8.792,5.458
2016-04-07,6.25,3.0
2016-04-08,3.042,3.542
2016-04-09,7.875,4.083
2016-04-10,10.375,3.792
2016-04-11,17.542,5.833
2016-04-12,9.875,6.375
2016-04-13,10.417,4.348
2016-04-14,6.542,3.917
2016-04-15,16.739,5.435
2016-04-16,14.0,4.083
2016-04-17,7.833,4.0
2016-04-18,11.167,4.125
2016-04-19,14.833,6.083
2016-04-20,15.958,5.083
2016-04-21,8.167,3.292
2016-04-22,6.583,4.125
2016-04-23,10.792,4.0
2016-04-24,13.833,3.708
2016-04-25,18.667,3.667
2016-04-26,16.0,4.0
2016-04-27,7.25,3.087
2016-04-28,2.417,3.292
2016-04-29,9.75,4.958
2016-04-30,12.458,6.292
2016-05-01,19.833,5.792
2016-05-02,21.435,4.625
2016-05-03,8.083,4.083
2016-05-04,13.292,6.25
2016-05-05,9.625,7.208
2016-05-06,9.958,3.5
2016-05-07,6.708,3.417
2016-05-08,13.167,3.917
2016-05-09,5.083,2.917
2016-05-10,3.25,3.0
2016-05-11,2.542,3.217
2016-05-12,5.542,3.917
2016-05-13,7.583,3.905
2016-05-14,15.542,4.739
2016-05-15,18.75,3.458
2016-05-16,5.458,2.783
2016-05-17,13.708,4.375
2016-05-18,14.708,4.565
2016-05-19,11.875,4.333
2016-05-20,15.125,4.261
2016-05-21,13.833,3.917
2016-05-22,19.75,4.375
2016-05-23,18.25,4.667
2016-05-24,15.75,4.667
2016-05-25,5.0,2.565
2016-05-26,1.625,2.042
2016-05-27,13.125,3.417
2016-05-28,13.792,3.0
2016-05-29,1.708,2.667
2016-05-30,2.941,2.75
2016-05-31,13.208,3.1
2016-06-01,18.696,
2016-06-02,8.458,4.583
2016-06-03,7.458,4.375
2016-06-04,6.167,2.708
2016-06-05,0.667,2.042
2016-06-06,5.875,3.083
2016-06-07,0.25,2.083
2016-06-08,2.958,2.174
2016-06-09,4.167,2.042
2016-06-10,7.917,2.667
2016-06-11,10.083,2.417
2016-06-12,2.652,1.75
2016-06-13,1.708,2.125
2016-06-14,7.0,2.75
2016-06-15,7.75,2.542
2016-06-16,3.75,1.833
2016-06-17,9.542,2.292
2016-06-18,13.417,3.417
2016-06-19,10.875,1.833
2016-06-20,3.5,1.292
2016-06-21,2.25,1.708
2016-06-22,11.208,1.261
2016-06-23,2.917,2.583
2016-06-24,9.667,2.125
2016-06-25,5.583,1.625
2016-06-26,11.292,3.292
2016-06-27,10.667,2.958
2016-06-28,1.739,1.875
2016-06-29,2.417,1.042
2016-06-30,3.625,1.292
2016-07-01,7.5,2.667
2016-07-02,7.0,2.208
2016-07-03,9.042,2.792
2016-07-04,11.5,2.583
2016-07-05,7.125,2.042
2016-07-06,4.0,2.043
2016-07-07,3.625,2.292
2016-07-08,2.375,1.042
2016-07-09,2.682,1.708
2016-07-10,4.25,1.25
2016-07-11,5.208,0.958
2016-07-12,7.292,2.042
2016-07-13,6.0,0.875
2016-07-14,5.167,3.042
2016-07-15,10.417,2.75
2016-07-16,8.458,2.792
2016-07-17,17.042,2.417
2016-07-18,14.042,2.542
2016-07-19,18.042,3.25
2016-07-20,16.333,2.478
2016-07-21,14.292,2.583
2016-07-22,16.167,3.0
2016-07-23,8.292,2.875
2016-07-24,2.125,1.042
2016-07-25,3.25,1.542
2016-07-26,5.0,2.0
2016-07-27,3.458,2.333
2016-07-28,2.833,2.417
2016-07-29,3.292,2.125
2016-07-30,3.125,2.167
2016-07-31,5.375,2.417
2016-08-01,8.875,2.708
2016-08-02,16.5,2.458
2016-08-03,18.958,2.435
2016-08-04,18.542,2.833
2016-08-05,15.333,2.375
2016-08-06,8.25,2.583
2016-08-07,5.542,1.958
2016-08-08,6.5,2.667
2016-08-09,14.5,3.083
2016-08-10,15.474,2.45
2016-08-11,18.458,2.292
2016-08-12,17.875,2.917
2016-08-13,15.458,2.583
2016-08-14,13.25,2.042
2016-08-15,17.375,1.708
2016-08-16,22.792,1.917
2016-08-17,18.625,2.043
2016-08-18,12.042,1.875
2016-08-19,17.625,1.792
2016-08-20,17.0,2.208
2016-08-21,4.667,1.833
2016-08-22,6.208,1.625
2016-08-23,7.5,1.792
2016-08-24,4.542,1.792
2016-08-25,3.167,1.542
2016-08-26,4.375,1.583
2016-08-27,4.25,1.708
2016-08-28,2.875,1.375
2016-08-29,-0.083,2.042
2016-08-30,5.0,2.833
2016-08-31,9.833,3.696
2016-09-01,21.542,5.917
2016-09-02,19.333,3.375
2016-09-03,8.417,1.75
2016-09-04,2.5,1.292
2016-09-05,3.792,1.125
2016-09-06,3.625,1.792
2016-09-07,2.958,1.542
2016-09-08,6.333,2.042
2016-09-09,13.375,2.917
2016-09-10,14.708,2.125
2016-09-11,13.208,2.25
2016-09-12,8.25,1.083
2016-09-13,5.792,1.333
2016-09-14,5.478,1.348
2016-09-15,8.292,1.667
2016-09-16,12.333,1.667
2016-09-17,3.417,1.125
2016-09-18,1.826,1.042
2016-09-19,1.522,1.25
2016-09-20,0.625,1.417
2016-09-21,3.708,2.458
2016-09-22,4.917,1.25
2016-09-23,7.042,1.375
2016-09-24,5.625,1.542
2016-09-25,1.125,1.167
2016-09-26,2.826,1.0
2016-09-27,3.375,1.0
2016-09-28,1.583,1.087
2016-09-29,2.5,1.375
2016-09-30,6.75,1.292
2016-10-01,10.0,1.667
2016-10-02,11.833,1.708
2016-10-03,0.708,1.0
2016-10-04,3.667,1.292
2016-10-05,3.792,1.0
2016-10-06,3.917,2.042
2016-10-07,8.0,2.375
2016-10-08,7.083,1.708
2016-10-09,4.125,1.792
2016-10-10,6.5,2.875
2016-10-11,6.75,2.583
2016-10-12,9.583,2.652
2016-10-13,11.333,3.375
2016-10-14,7.833,3.5
2016-10-15,7.25,3.417
2016-10-16,7.167,2.375
2016-10-17,2.458,1.542
2016-10-18,7.913,1.625
2016-10-19,8.261,1.417
2016-10-20,16.583,2.458
2016-10-21,16.417,2.375
2016-10-22,8.375,2.0
2016-10-23,2.0,2.0
2016-10-24,6.292,3.5
2016-10-25,6.208,2.583
2016-10-26,7.542,2.435
2016-10-27,8.083,2.792
2016-10-28,5.917,2.0
2016-10-29,3.375,2.583
2016-10-30,9.125,3.208
2016-10-31,8.792,2.958
2016-11-01,7.875,3.333
2016-11-02,6.667,3.625
2016-11-03,10.625,4.75
2016-11-04,15.792,4.625
2016-11-05,16.25,5.542
2016-11-06,16.25,4.375
2016-11-07,13.583,4.167
2016-11-08,12.417,2.708
2016-11-09,5.5,4.304
2016-11-10,7.583,4.667
2016-11-11,5.458,3.833
2016-11-12,8.792,4.417
2016-11-13,10.375,3.75
2016-11-14,12.273,2.333
2016-11-15,12.286,2.556
2016-11-16,12.087,4.0
2016-11-17,11.417,4.292
2016-11-18,17.208,3.5
2016-11-19,8.458,2.75
2016-11-20,11.917,2.708
2016-11-21,13.792,2.458
2016-11-22,10.571,3.095
2016-11-23,,3.708
2016-11-24,10.125,4.522
2016-11-25,9.833,5.292
2016-11-26,10.333,4.625
2016-11-27,7.583,3.5
2016-11-28,17.958,5.5
2016-11-29,17.25,6.167
2016-11-30,17.125,5.333
2016-12-01,14.208,4.292
2016-12-02,26.625,6.042
2016-12-03,16.833,4.75
2016-12-04,15.625,3.792
2016-12-05,12.208,4.208
2016-12-06,21.125,5.917
2016-12-07,9.875,5.391
2016-12-08,18.417,5.708
2016-12-09,28.167,6.375
2016-12-10,14.917,6.042
2016-12-11,9.0,5.792
2016-12-12,12.167,4.542
2016-12-13,7.667,3.583
2016-12-14,8.333,4.625
2016-12-15,8.167,4.917
2016-12-16,7.542,4.583
2016-12-17,12.5,5.667
2016-12-18,12.542,4.708
2016-12-19,10.458,5.167
2016-12-20,17.25,4.042
2016-12-21,9.913,3.522
2016-12-22,4.542,3.042
2016-12-23,9.958,4.208
2016-12-24,7.667,4.583
2016-12-25,5.5,4.0
2016-12-26,5.25,3.5
2016-12-27,4.25,3.417
2016-12-28,2.875,4.458
2016-12-29,5.167,4.5
2016-12-30,7.792,5.583
2016-12-31,4.208,4.542
2017-01-01,9.917,6.75
2017-01-02,9.042,7.417
2017-01-03,15.75,5.708
2017-01-04,2.875,5.042
2017-01-05,5.667,4.125
2017-01-06,8.292,5.0
2017-01-07,7.292,4.375
2017-01-08,3.333,3.292
2017-01-09,13.042,3.75
2017-01-10,8.304,4.609
2017-01-11,3.958,4.042
2017-01-12,5.042,4.833
2017-01-13,8.833,6.25
2017-01-14,5.125,5.458
2017-01-15,4.75,4.75
2017-01-16,10.875,5.625
2017-01-17,6.458,3.958
2017-01-18,5.375,4.333
2017-01-19,13.208,5.042
2017-01-20,24.917,5.125
2017-01-21,14.875,5.125
2017-01-22,9.125,4.292
2017-01-23,10.042,5.25
2017-01-24,4.417,3.783
2017-01-25,3.292,4.917
2017-01-26,5.042,5.458
2017-01-27,3.667,5.542
2017-01-28,5.292,3.958
2017-01-29,9.542,3.458
2017-01-30,6.958,4.875
2017-01-31,6.947,4.917
2017-02-01,5.417,4.083
2017-02-02,2.958,4.125
2017-02-03,8.167,5.875
2017-02-04,7.708,4.917
2017-02-05,4.125,5.625
2017-02-06,8.5,5.5
2017-02-07,8.083,6.783
2017-02-08,16.042,6.542
2017-02-09,18.083,6.632
2017-02-10,8.333,4.375
2017-02-11,11.792,4.292
2017-02-12,10.583,4.75
2017-02-13,8.417,5.25
2017-02-14,7.522,5.375
2017-02-15,13.833,5.0
2017-02-16,13.0,4.833
2017-02-17,9.5,6.125
2017-02-18,7.25,8.208
2017-02-19,10.917,4.708
2017-02-20,15.708,5.0
2017-02-21,19.75,5.609
2017-02-22,19.542,6.083
2017-02-23,17.375,6.792
2017-02-24,18.625,6.0
2017-02-25,17.917,5.292
2017-02-26,16.167,4.75
2017-02-27,16.375,4.708
2017-02-28,13.042,4.292
2017-03-01,16.042,4.25
2017-03-02,12.792,6.0
2017-03-03,10.208,4.5
2017-03-04,9.958,3.792
2017-03-05,3.208,2.958
2017-03-06,6.958,4.917
2017-03-07,7.708,4.522
2017-03-08,2.625,3.0
2017-03-09,5.875,3.833
2017-03-10,8.958,5.375
2017-03-11,9.458,4.458
2017-03-12,15.542,5.5
2017-03-13,12.25,4.25
2017-03-14,17.917,4.333
2017-03-15,16.625,3.917
2017-03-16,6.625,3.5
2017-03-17,5.833,4.0
2017-03-18,6.042,3.625
2017-03-19,5.0,2.792
2017-03-20,1.261,2.957
2017-03-21,0.042,3.042
2017-03-22,3.667,3.292
2017-03-23,4.708,5.458
2017-03-24,8.833,5.25
2017-03-25,27.625,6.375
2017-03-26,25.583,5.375
2017-03-27,29.75,5.167
2017-03-28,27.75,4.667
2017-03-29,25.667,5.458
2017-03-30,17.042,5.083
2017-03-31,14.542,4.667
2017-04-01,3.708,3.958
2017-04-02,6.917,4.417
2017-04-03,14.292,5.5
2017-04-04,17.167,5.833
2017-04-05,16.0,4.667
2017-04-06,8.75,3.292
2017-04-07,3.625,3.167
2017-04-08,2.792,3.208
2017-04-09,7.0,3.417
2017-04-10,11.625,3.5
2017-04-11,0.875,3.0
2017-04-12,15.833,4.391
2017-04-13,13.125,5.292
2017-04-14,17.083,6.583
2017-04-15,13.125,4.417
2017-04-16,11.458,3.208
2017-04-17,9.917,2.333
2017-04-18,6.625,3.042
2017-04-19,14.833,4.542
2017-04-20,13.042,4.583
2017-04-21,8.583,3.208
2017-04-22,15.375,3.292
2017-04-23,11.125,4.292
2017-04-24,8.333,3.333
2017-04-25,5.667,2.375
2017-04-26,4.75,2.739
2017-04-27,9.958,3.667
2017-04-28,11.5,4.833
2017-04-29,13.458,6.292
2017-04-30,15.625,5.5
2017-05-01,24.958,6.292
2017-05-02,20.0,4.25
2017-05-03,11.25,3.083
2017-05-04,4.833,2.292
2017-05-05,4.667,2.708
2017-05-06,6.25,2.042
2017-05-07,17.083,4.625
2017-05-08,27.583,5.542
2017-05-09,13.542,2.875
2017-05-10,7.913,3.478
2017-05-11,14.458,4.708
2017-05-12,22.75,4.042
2017-05-13,3.542,2.375
2017-05-14,14.292,2.667
2017-05-15,11.417,3.792
2017-05-16,9.75,4.25
2017-05-17,10.083,3.833
2017-05-18,13.042,4.125
2017-05-19,14.833,3.792
2017-05-20,14.917,3.667
2017-05-21,12.667,3.458
2017-05-22,9.708,3.583
2017-05-23,7.875,2.958
2017-05-24,9.0,2.304
2017-05-25,2.208,2.333
2017-05-26,6.833,3.875
2017-05-27,5.167,4.375
2017-05-28,7.542,4.125
2017-05-29,19.75,4.125
2017-05-30,28.083,3.6
2017-05-31,24.75,2.375
2017-06-01,22.583,3.375
2017-06-02,18.042,4.042
2017-06-03,9.042,5.292
2017-06-04,11.208,3.958
2017-06-05,9.875,4.417
2017-06-06,9.792,3.458
2017-06-07,4.458,2.174
2017-06-08,7.0,2.708
2017-06-09,12.0,3.833
2017-06-10,16.542,4.083
2017-06-11,22.609,4.208
2017-06-12,10.833,3.958
2017-06-13,7.625,3.458
2017-06-14,9.391,3.583
2017-06-15,14.083,3.583
2017-06-16,20.167,3.833
2017-06-17,17.208,3.625
2017-06-18,12.458,3.208
2017-06-19,25.167,3.417
2017-06-20,18.833,2.917
2017-06-21,3.417,2.478
2017-06-22,8.917,2.083
2017-06-23,10.208,3.167
2017-06-24,12.5,2.667
2017-06-25,3.333,1.833
2017-06-26,6.333,2.208
2017-06-27,9.5,2.542
2017-06-28,4.083,2.0
2017-06-29,3.208,1.792
2017-06-30,2.917,1.458
2017-07-01,4.708,1.458
2017-07-02,13.875,3.167
2017-07-03,16.583,3.667
2017-07-04,5.875,1.0
2017-07-05,6.542,2.261
2017-07-06,5.792,1.875
2017-07-07,5.292,2.292
2017-07-08,4.667,2.083
2017-07-09,5.75,1.458
2017-07-10,11.292,1.917
2017-07-11,15.0,1.917
2017-07-12,17.0,1.833
2017-07-13,14.0,2.0
2017-07-14,17.958,2.333
2017-07-15,22.125,2.208
2017-07-16,23.5,1.833
2017-07-17,5.292,2.292
2017-07-18,5.292,1.333
2017-07-19,8.565,1.696
2017-07-20,10.208,1.667
2017-07-21,7.208,1.792
2017-07-22,8.458,1.708
2017-07-23,7.208,1.875
2017-07-24,6.083,1.667
2017-07-25,10.292,1.0
2017-07-26,14.8,1.0
2017-07-27,12.875,1.167
2017-07-28,16.667,1.625
2017-07-29,16.0,1.458
2017-07-30,20.417,1.458
2017-07-31,16.042,1.667
2017-08-01,17.0,1.958
2017-08-02,12.375,2.043
2017-08-03,5.875,1.208
2017-08-04,2.25,1.042
2017-08-05,10.25,1.0
2017-08-06,8.375,1.583
2017-08-07,3.0,1.375
2017-08-08,19.375,2.75
2017-08-09,27.25,3.042
2017-08-10,19.125,2.167
2017-08-11,17.083,1.833
2017-08-12,7.042,2.292
2017-08-13,9.667,1.917
2017-08-14,15.083,1.917
2017-08-15,17.957,2.042
2017-08-16,11.458,1.696
2017-08-17,10.417,1.958
2017-08-18,13.833,2.0
2017-08-19,14.042,2.917
2017-08-20,18.542,2.542
2017-08-21,16.708,2.083
2017-08-22,5.167,1.375
2017-08-23,6.174,2.75
2017-08-24,18.708,3.917
2017-08-25,13.5,3.417
2017-08-26,9.208,2.417
2017-08-27,10.708,2.292
2017-08-28,12.458,1.5
2017-08-29,22.792,3.375
2017-08-30,27.333,2.043
2017-08-31,14.167,2.875
2017-09-01,7.583,3.667
2017-09-02,7.25,3.833
2017-09-03,7.5,3.417
2017-09-04,8.833,2.583
2017-09-05,3.75,1.625
2017-09-06,7.5,1.542
2017-09-07,12.75,1.5
2017-09-08,6.833,2.333
2017-09-09,9.792,2.583
2017-09-10,9.333,2.792
2017-09-11,6.208,1.875
2017-09-12,4.0,1.042
2017-09-13,7.5,2.348
2017-09-14,9.542,2.042
2017-09-15,6.917,1.625
2017-09-16,2.167,1.417
2017-09-17,0.375,1.292
2017-09-18,3.458,2.333
2017-09-19,16.458,2.833
2017-09-20,28.542,2.708
2017-09-21,29.542,3.083
2017-09-22,11.417,1.875
2017-09-23,6.292,2.542
2017-09-24,10.792,2.0
2017-09-25,12.875,2.667
2017-09-26,10.75,2.458
2017-09-27,5.304,1.304
2017-09-28,2.333,1.708
2017-09-29,9.542,3.5
2017-09-30,10.417,3.333
2017-10-01,8.25,3.417
2017-10-02,3.708,1.875
2017-10-03,4.917,1.833
2017-10-04,7.083,3.083
2017-10-05,6.375,2.625
2017-10-06,2.167,2.042
2017-10-07,2.917,1.667
2017-10-08,7.25,1.958
2017-10-09,6.583,2.417
2017-10-10,12.833,2.083
2017-10-11,20.833,2.478
2017-10-12,23.75,2.792
2017-10-13,18.875,2.625
2017-10-14,7.958,1.792
2017-10-15,1.833,2.042
2017-10-16,0.542,2.0
2017-10-17,0.625,2.0
2017-10-18,5.917,2.333
2017-10-19,1.125,2.0
2017-10-20,1.083,2.125
2017-10-21,0.625,1.792
2017-10-22,0.667,2.333
2017-10-23,4.875,3.208
2017-10-24,9.583,3.167
2017-10-25,10.417,3.826
2017-10-26,9.458,3.75
2017-10-27,11.375,4.333
2017-10-28,4.583,2.083
2017-10-29,2.083,2.292
2017-10-30,12.792,3.375
2017-10-31,11.217,3.25
2017-11-01,12.25,3.917
2017-11-02,18.625,4.375
2017-11-03,17.792,3.875
2017-11-04,11.417,3.833
2017-11-05,12.5,4.167
2017-11-06,13.125,3.917
2017-11-07,16.167,3.625
2017-11-08,11.208,2.565
2017-11-09,16.542,3.833
2017-11-10,14.292,3.75
2017-11-11,10.792,3.708
2017-11-12,7.25,4.167
2017-11-13,7.6,3.875
2017-11-14,,2.792
2017-11-15,10.231,4.542
2017-11-16,8.208,5.292
2017-11-17,6.958,5.042
2017-11-18,7.208,3.292
2017-11-19,4.792,5.083
2017-11-20,5.667,5.125
2017-11-21,8.375,6.292
2017-11-22,7.625,3.957
2017-11-23,8.5,4.125
2017-11-24,7.583,4.917
2017-11-25,8.458,4.5
2017-11-26,8.167,3.708
2017-11-27,11.792,3.542
2017-11-28,14.708,3.273
2017-11-29,9.0,2.0
2017-11-30,12.375,3.125
2017-12-01,8.333,4.208
2017-12-02,2.792,4.625
2017-12-03,6.083,3.625
2017-12-04,6.417,3.708
2017-12-05,5.667,4.125
2017-12-06,6.522,5.0
2017-12-07,6.417,4.333
2017-12-08,5.667,4.125
2017-12-09,5.625,4.125
2017-12-10,6.542,4.458
2017-12-11,7.75,3.958
2017-12-12,4.333,4.792
2017-12-13,6.833,5.708
2017-12-14,6.417,4.917
2017-12-15,8.417,4.25
2017-12-16,12.042,4.583
2017-12-17,8.542,5.25
2017-12-18,8.0,5.458
2017-12-19,13.625,5.0
2017-12-20,10.75,5.87
2017-12-21,9.042,6.417
2017-12-22,11.708,5.833
2017-12-23,10.042,4.958
2017-12-24,9.25,3.958
2017-12-25,11.625,4.5
2017-12-26,6.708,4.958
2017-12-27,4.375,3.783
2017-12-28,6.083,5.917
2017-12-29,13.125,5.542
2017-12-30,20.417,5.667
2017-12-31,15.708,4.833
2018-01-01,4.375,4.917
2018-01-02,9.167,5.208
2018-01-03,5.5,6.417
2018-01-04,4.583,5.417
2018-01-05,7.75,5.125
2018-01-06,8.083,5.083
2018-01-07,1.667,4.208
2018-01-08,7.333,4.5
2018-01-09,5.542,1.696
2018-01-10,5.208,2.875
2018-01-11,7.333,1.542
2018-01-12,6.208,1.042
2018-01-13,3.167,2.083
2018-01-14,2.833,1.792
2018-01-15,6.333,1.542
2018-01-16,16.208,2.348
2018-01-17,8.5,2.125
2018-01-18,9.208,3.0
2018-01-19,6.5,3.292
2018-01-20,8.125,1.875
2018-01-21,5.833,1.75
2018-01-22,5.958,3.083
2018-01-23,11.958,2.522
2018-01-24,13.5,1.833
2018-01-25,12.292,1.667
2018-01-26,6.333,0.542
2018-01-27,7.75,1.125
2018-01-28,9.958,1.333
2018-01-29,12.708,1.25
2018-01-30,9.565,2.609
2018-01-31,11.958,1.875
2018-02-01,2.583,2.208
2018-02-02,4.583,1.583
2018-02-03,12.25,2.458
2018-02-04,9.042,1.542
2018-02-05,12.667,2.0
2018-02-06,6.0,1.0
2018-02-07,6.625,1.792
2018-02-08,9.625,1.417
2018-02-09,4.708,1.167
2018-02-10,6.208,1.625
2018-02-11,5.417,1.083
2018-02-12,5.708,1.667
2018-02-13,9.222,1.304
2018-02-14,12.375,1.542
2018-02-15,11.375,1.0
2018-02-16,8.375,0.875
2018-02-17,12.292,1.958
2018-02-18,11.625,1.542
2018-02-19,6.708,0.625
2018-02-20,7.417,0.826
2018-02-21,12.167,1.167
2018-02-22,14.917,1.208
2018-02-23,8.917,0.458
2018-02-24,7.708,1.208
2018-02-25,8.667,1.083
2018-02-26,16.042,1.5
2018-02-27,15.042,1.0
2018-02-28,6.333,0.417
2018-03-01,16.583,1.083
2018-03-02,20.625,1.417
2018-03-03,7.5,0.0
2018-03-04,0.75,0.083
2018-03-05,8.292,1.458
2018-03-06,6.043,0.652
2018-03-07,11.708,0.792
2018-03-08,3.792,1.958
2018-03-09,5.5,1.273
2018-03-10,2.458,1.0
2018-03-11,3.667,1.0
2018-03-12,12.667,1.5
2018-03-13,9.833,1.565
2018-03-14,6.5,1.583
2018-03-15,5.583,1.458
2018-03-16,7.208,1.083
2018-03-17,8.25,1.458
2018-03-18,7.542,1.375
2018-03-19,4.417,0.208
2018-03-20,3.375,0.87
2018-03-21,4.292,0.542
2018-03-22,20.5,0.917
2018-03-23,15.958,1.875
2018-03-24,6.625,1.917
2018-03-25,6.458,3.292
2018-03-26,7.417,1.375
2018-03-27,10.375,2.522
2018-03-28,16.833,2.542
2018-03-29,16.0,1.042
2018-03-30,14.917,1.083
2018-03-31,11.875,1.625
2018-04-01,12.125,3.708
2018-04-02,11.75,3.5
2018-04-03,17.167,3.792
2018-04-04,22.708,4.043
2018-04-05,16.125,3.25
2018-04-06,15.208,2.417
2018-04-07,20.292,3.917
2018-04-08,9.208,4.667
2018-04-09,16.0,4.708
2018-04-10,22.125,5.125
2018-04-11,18.083,3.609
2018-04-12,12.0,4.375
2018-04-13,9.167,5.25
2018-04-14,9.917,3.667
2018-04-15,7.208,3.0
2018-04-16,26.583,4.333
2018-04-17,22.25,3.542
2018-04-18,18.292,3.652
2018-04-19,17.583,3.875
2018-04-20,19.583,3.958
2018-04-21,24.208,4.125
2018-04-22,23.708,3.375
2018-04-23,17.083,3.125
2018-04-24,5.042,2.0
2018-04-25,1.783,2.609
2018-04-26,7.333,3.458
2018-04-27,12.375,3.833
2018-04-28,21.792,4.792
2018-04-29,16.417,4.167
2018-04-30,20.917,3.333
2018-05-01,21.5,3.0
2018-05-02,11.5,2.0
2018-05-03,7.583,3.25
2018-05-04,10.958,4.208
2018-05-05,12.417,4.667
2018-05-06,13.0,3.542
2018-05-07,5.083,2.0
2018-05-08,1.833,2.042
2018-05-09,5.5,3.043
2018-05-10,10.708,4.208
2018-05-11,11.542,3.875
2018-05-12,10.792,3.958
2018-05-13,5.333,2.125
2018-05-14,12.375,3.833
2018-05-15,14.208,3.208
2018-05-16,19.042,3.292
2018-05-17,31.042,3.583
2018-05-18,32.917,3.292
2018-05-19,11.958,2.708
2018-05-20,7.083,4.625
2018-05-21,7.208,3.083
2018-05-22,6.958,3.042
2018-05-23,3.458,1.957
2018-05-24,6.125,3.125
2018-05-25,11.625,3.583
2018-05-26,12.583,2.5
2018-05-27,8.375,3.0
2018-05-28,12.2,2.417
2018-05-29,6.286,2.0
2018-05-30,2.167,2.0
2018-05-31,6.167,2.167
2018-06-01,11.167,3.25
2018-06-02,9.542,3.458
2018-06-03,7.792,3.333
2018-06-04,7.833,2.958
2018-06-05,6.875,2.583
2018-06-06,3.333,2.087
2018-06-07,8.917,2.083
2018-06-08,8.958,1.958
2018-06-09,8.667,2.0
2018-06-10,7.875,1.333
2018-06-11,1.542,1.375
2018-06-12,4.333,2.167
2018-06-13,6.042,2.917
2018-06-14,7.292,3.167
2018-06-15,5.0,2.542
2018-06-16,7.125,2.917
2018-06-17,6.333,2.75
2018-06-18,3.708,2.5
2018-06-19,2.667,1.375
2018-06-20,1.208,1.087
2018-06-21,5.917,1.833
2018-06-22,13.708,2.833
2018-06-23,7.625,1.833
2018-06-24,13.958,2.875
2018-06-25,23.375,3.375
2018-06-26,22.833,4.375
2018-06-27,13.875,2.25
2018-06-28,8.25,1.917
2018-06-29,3.458,1.0
2018-06-30,3.333,1.0
2018-07-01,6.417,1.0
2018-07-02,6.208,1.0
2018-07-03,6.25,1.0
2018-07-04,4.783,1.391
2018-07-05,1.167,1.0
2018-07-06,2.583,1.0
2018-07-07,3.0,1.0
2018-07-08,3.167,1.208
2018-07-09,5.0,1.375
2018-07-10,6.667,1.583
2018-07-11,4.958,1.875
2018-07-12,11.059,6.75
2018-07-13,15.25,4.708
2018-07-14,22.0,2.958
2018-07-15,24.875,3.208
2018-07-16,24.042,2.667
2018-07-17,17.375,2.208
2018-07-18,14.542,2.348
2018-07-19,28.917,2.667
2018-07-20,13.583,1.792
2018-07-21,2.375,1.667
2018-07-22,4.875,1.667
2018-07-23,5.083,1.458
2018-07-24,12.583,1.875
2018-07-25,18.958,2.667
2018-07-26,17.708,2.417
2018-07-27,10.042,1.333
2018-07-28,12.458,2.292
2018-07-29,8.083,1.875
2018-07-30,3.917,1.458
2018-07-31,3.083,1.0
2018-08-01,9.619,1.261
2018-08-02,11.583,1.75
2018-08-03,13.167,1.708
2018-08-04,15.083,2.583
2018-08-05,20.083,2.25
2018-08-06,19.125,2.125
2018-08-07,14.167,2.125
2018-08-08,12.0,2.417
2018-08-09,9.333,3.333
2018-08-10,11.0,2.75
2018-08-11,14.333,1.833
2018-08-12,5.875,1.125
2018-08-13,3.458,1.542
2018-08-14,4.542,1.792
2018-08-15,3.875,1.0
2018-08-16,2.708,1.0
2018-08-17,2.958,1.625
2018-08-18,4.625,2.75
2018-08-19,5.167,2.125
2018-08-20,4.75,1.292
2018-08-21,6.833,0.958
2018-08-22,8.167,1.0
2018-08-23,4.875,1.0
2018-08-24,9.917,1.083
2018-08-25,4.0,1.25
2018-08-26,3.833,1.5
2018-08-27,4.625,1.875
2018-08-28,10.958,1.458
2018-08-29,11.292,1.739
2018-08-30,4.333,1.667
2018-08-31,7.333,2.25
2018-09-01,3.625,1.25
2018-09-02,1.542,1.333
2018-09-03,2.458,1.5
2018-09-04,4.625,1.208
2018-09-05,11.208,2.583
2018-09-06,12.292,2.25
2018-09-07,4.625,1.333
2018-09-08,3.042,1.042
2018-09-09,0.458,1.25
2018-09-10,1.875,1.5
2018-09-11,3.958,2.125
2018-09-12,3.304,1.043
2018-09-13,3.625,1.0
2018-09-14,1.375,1.0
2018-09-15,4.333,1.208
2018-09-16,8.667,1.5
2018-09-17,7.417,1.75
2018-09-18,10.583,1.75
2018-09-19,13.667,1.875
2018-09-20,9.042,1.0
2018-09-21,6.333,1.375
2018-09-22,5.292,1.792
2018-09-23,7.833,2.25
2018-09-24,9.792,1.875
2018-09-25,5.917,2.625
2018-09-26,5.292,2.043
2018-09-27,3.875,2.417
2018-09-28,5.625,2.833
2018-09-29,2.958,1.5
2018-09-30,1.167,1.25
2018-10-01,9.667,3.0
2018-10-02,6.458,2.917
2018-10-03,9.25,2.792
2018-10-04,7.333,2.125
2018-10-05,5.75,1.083
2018-10-06,6.0,1.375
2018-10-07,4.958,1.875
2018-10-08,6.0,2.417
2018-10-09,9.292,2.5
2018-10-10,8.208,2.348
2018-10-11,8.458,2.042
2018-10-12,4.208,3.042
2018-10-13,5.857,4.048
2018-10-14,6.292,4.417
2018-10-15,8.292,3.208
2018-10-16,11.708,2.375
2018-10-17,13.391,2.75
2018-10-18,11.458,2.75
2018-10-19,8.333,2.792
2018-10-20,5.0,3.042
2018-10-21,3.208,2.833
2018-10-22,6.417,3.25
2018-10-23,5.375,2.125
2018-10-24,6.083,2.522
2018-10-25,10.583,2.917
2018-10-26,9.792,2.833
2018-10-27,7.625,2.917
2018-10-28,4.458,2.833
2018-10-29,7.292,3.958
2018-10-30,9.083,3.042
2018-10-31,6.125,3.125
2018-11-01,6.042,3.0
2018-11-02,3.875,3.042
2018-11-03,3.833,3.083
2018-11-04,7.25,3.25
2018-11-05,10.5,3.417
2018-11-06,6.542,3.125
2018-11-07,6.792,2.913
2018-11-08,9.958,3.083
2018-11-09,8.208,3.542
2018-11-10,9.5,3.792
2018-11-11,9.792,3.542
2018-11-12,9.4,2.4
2018-11-13,,2.375
2018-11-14,3.222,2.833
2018-11-15,4.583,2.792
2018-11-16,5.5,2.833
2018-11-17,4.167,2.958
2018-11-18,11.583,2.958
2018-11-19,10.125,2.333
2018-11-20,7.958,3.25
2018-11-21,13.174,3.348
2018-11-22,10.917,4.333
2018-11-23,6.667,5.125
2018-11-24,5.042,4.917
2018-11-25,11.292,6.25
2018-11-26,19.208,4.167
2018-11-27,18.333,4.667
2018-11-28,9.458,2.913
2018-11-29,12.083,4.042
2018-11-30,14.792,4.542
2018-12-01,23.417,4.792
2018-12-02,22.417,3.667
2018-12-03,8.083,2.708
2018-12-04,5.875,3.25
2018-12-05,8.25,3.826
2018-12-06,7.292,2.75
2018-12-07,9.833,3.333
2018-12-08,6.917,3.917
2018-12-09,5.875,4.25
2018-12-10,5.625,4.125
2018-12-11,5.667,3.542
2018-12-12,6.0,3.792
2018-12-13,9.833,4.833
2018-12-14,10.25,4.958
2018-12-15,5.5,4.625
2018-12-16,6.083,3.625
2018-12-17,10.292,4.167
2018-12-18,16.417,5.333
2018-12-19,12.958,5.435
2018-12-20,15.917,5.25
2018-12-21,8.917,3.5
2018-12-22,4.917,3.542
2018-12-23,7.25,3.667
2018-12-24,9.417,4.917
2018-12-25,4.958,4.375
2018-12-26,6.696,3.917
2018-12-27,6.167,4.083
2018-12-28,5.125,5.0
2018-12-29,2.0,5.5
2018-12-30,5.167,5.292
2018-12-31,4.333,5.583
