date,CH4_mean,CO_mean,NMHC_mean,NO2_mean,NOX_mean,NO_mean,PM25_mean,SPM_mean,THC_mean
2011-01-01,204.583,5.375,28.0,30.917,45.958,15.042,,32.542,232.583
2011-01-02,202.125,3.583,18.083,18.958,26.875,7.917,,24.292,220.208
2011-01-03,193.625,2.625,11.417,17.708,25.125,7.417,,11.083,205.042
2011-01-04,196.708,3.958,16.917,23.125,34.708,11.583,,18.875,213.625
2011-01-05,195.208,3.583,15.458,23.958,40.75,16.792,,13.292,210.667
2011-01-06,198.955,6.409,30.0,34.682,67.5,32.818,,22.333,228.955
2011-01-07,194.0,2.667,10.25,16.042,25.667,9.625,,12.333,204.25
2011-01-08,195.75,2.625,10.708,14.583,19.875,5.292,,9.333,206.458
2011-01-09,202.708,7.167,36.083,35.208,69.583,34.375,,26.458,238.792
2011-01-10,200.917,5.917,30.542,35.542,58.083,22.542,,32.625,231.458
2011-01-11,197.833,4.25,27.208,31.583,62.875,31.292,,29.0,225.042
2011-01-12,199.0,6.75,28.833,29.5,71.625,42.125,,16.583,227.833
2011-01-13,200.273,7.478,42.773,41.909,101.636,59.727,,22.913,243.045
2011-01-14,200.625,4.75,22.958,23.833,44.833,21.0,,14.417,223.583
2011-01-15,200.833,3.917,20.833,23.0,35.5,12.5,,19.292,221.667
2011-01-16,197.625,1.833,10.5,17.583,24.667,7.083,,19.167,208.125
2011-01-17,195.5,1.667,11.417,15.625,22.917,7.292,,13.333,206.917
2011-01-18,206.0,7.708,51.125,49.292,111.667,62.375,,41.417,257.125
2011-01-19,197.682,3.273,22.545,28.273,46.5,18.227,,33.5,220.227
2011-01-20,193.583,1.875,13.333,19.583,28.042,8.458,,22.833,206.917
2011-01-21,192.333,1.875,12.583,16.917,25.458,8.542,,19.042,204.917
2011-01-22,195.5,3.125,16.708,19.042,32.292,13.25,,21.333,212.208
2011-01-23,201.625,6.083,29.25,28.875,70.625,41.75,,21.5,230.875
2011-01-24,194.708,4.667,15.292,24.583,44.708,20.125,,9.042,210.0
2011-01-25,195.708,5.625,25.583,31.958,62.25,30.292,,18.667,221.292
2011-01-26,196.455,4.609,18.591,25.13,41.043,15.913,,12.458,215.045
2011-01-27,201.167,6.083,29.5,34.625,74.25,39.625,,20.625,230.667
2011-01-28,198.292,4.167,19.708,25.833,43.042,17.208,,18.708,218.0
2011-01-29,194.5,2.667,7.875,9.792,14.083,4.292,,6.75,202.375
2011-01-30,195.917,4.333,14.125,22.875,36.292,13.417,,11.958,210.042
2011-01-31,198.708,5.75,25.833,30.292,58.375,28.083,,15.958,224.542
2011-02-01,194.458,3.708,14.125,15.458,23.25,7.792,,20.0,208.583
2011-02-02,195.833,4.75,18.625,26.875,47.083,20.208,,10.958,214.458
2011-02-03,199.636,6.87,28.0,31.318,63.636,32.318,,14.667,227.636
2011-02-04,197.583,5.5,24.583,27.667,55.75,28.083,,16.75,222.167
2011-02-05,200.5,6.167,23.625,28.5,45.0,16.5,,22.625,224.125
2011-02-06,204.0,7.25,33.708,42.875,83.25,40.375,,47.042,237.708
2011-02-07,199.083,4.708,23.333,27.167,53.958,26.792,,43.542,222.417
2011-02-08,194.042,3.875,15.167,22.458,33.5,11.042,,14.208,209.208
2011-02-09,193.636,3.87,17.909,22.957,43.826,20.87,,11.955,211.545
2011-02-10,196.667,4.792,20.5,28.833,48.625,19.792,,16.708,217.167
2011-02-11,195.792,3.667,13.75,20.333,28.083,7.75,,17.75,209.542
2011-02-12,196.958,2.833,14.792,20.333,29.042,8.708,,18.875,211.75
2011-02-13,197.167,4.75,19.208,32.667,47.583,14.917,,25.167,216.375
2011-02-14,200.083,5.25,28.625,37.792,62.458,24.667,,42.0,228.708
2011-02-15,201.542,6.375,31.417,37.542,71.125,33.583,,45.583,232.958
2011-02-16,194.25,3.708,13.375,21.542,30.167,8.625,,18.958,207.625
2011-02-17,198.062,3.696,18.875,27.389,46.222,18.833,,28.522,216.938
2011-02-18,198.167,2.458,9.5,14.5,23.333,8.833,,11.375,207.667
2011-02-19,203.25,4.667,18.458,22.333,35.208,12.875,,16.292,221.708
2011-02-20,205.625,5.917,25.208,38.833,65.792,26.958,,22.875,230.833
2011-02-21,205.792,6.917,36.75,49.917,91.0,41.083,,27.542,242.542
2011-02-22,198.476,4.13,12.238,22.864,29.364,6.5,,30.708,210.714
2011-02-23,198.125,7.25,31.375,37.167,76.792,39.625,,45.292,229.5
2011-02-24,196.25,5.625,18.5,31.167,44.083,12.917,,29.042,214.75
2011-02-25,196.292,4.125,14.0,24.25,35.375,11.125,,24.125,210.292
2011-02-26,192.958,2.792,8.458,14.083,17.917,3.833,,12.625,201.417
2011-02-27,194.208,2.75,8.792,15.542,24.167,8.625,,15.333,203.0
2011-02-28,195.958,3.167,8.375,15.875,21.458,5.583,,14.833,204.333
2011-03-01,199.0,6.167,27.75,34.792,65.917,31.125,,26.375,226.75
2011-03-02,196.375,5.042,22.667,33.833,59.625,25.792,,24.333,219.042
2011-03-03,194.375,3.208,8.708,15.125,18.458,3.333,,16.833,203.083
2011-03-04,194.708,3.333,8.625,13.333,15.0,1.667,,23.833,203.333
2011-03-05,198.375,6.375,28.75,32.75,53.958,21.208,,23.083,227.125
2011-03-06,197.625,7.0,36.167,33.042,79.375,46.333,,37.833,233.792
2011-03-07,195.542,4.208,17.667,28.417,44.958,16.542,,36.042,213.208
2011-03-08,192.458,2.875,9.583,17.208,22.208,5.0,,18.542,202.042
2011-03-09,195.5,4.13,17.25,26.19,39.381,13.19,,21.5,212.75
2011-03-10,194.917,2.667,8.958,14.208,19.292,5.083,,11.292,203.875
2011-03-11,194.083,3.333,11.125,14.333,18.75,4.417,,16.542,205.208
2011-03-12,194.125,3.5,11.917,17.583,27.458,9.875,,11.917,206.042
2011-03-13,197.125,3.5,12.458,22.333,31.167,8.833,,11.25,209.583
2011-03-14,197.0,4.125,20.875,23.417,33.833,10.417,,15.125,217.875
2011-03-15,200.273,5.304,30.5,33.348,60.043,26.696,,23.783,230.773
2011-03-16,195.5,4.292,15.0,20.625,30.042,9.417,,21.875,210.5
2011-03-17,192.167,3.875,15.125,20.833,29.75,8.917,,30.542,207.292
2011-03-18,199.375,6.208,29.042,36.833,64.583,27.75,,53.458,228.417
2011-03-19,192.208,3.5,16.583,24.125,31.125,7.0,,16.833,208.792
2011-03-20,193.417,4.833,21.875,27.833,37.917,10.083,,20.333,215.292
2011-03-21,193.083,4.625,33.5,23.25,36.125,12.875,,11.583,226.583
2011-03-22,200.042,7.0,37.125,54.542,96.667,42.125,,30.0,237.167
2011-03-23,198.409,6.955,31.227,49.727,80.455,30.727,,37.955,229.636
2011-03-24,193.042,7.0,20.458,31.583,47.958,16.375,,23.625,213.5
2011-03-25,192.292,5.5,14.833,17.833,23.958,6.125,,11.042,207.125
2011-03-26,196.208,6.333,18.125,29.792,44.25,14.458,,11.542,214.333
2011-03-27,199.042,6.292,21.333,32.625,47.792,15.167,,18.542,220.375
2011-03-28,197.25,6.292,20.792,32.75,50.667,17.917,,29.625,218.042
2011-03-29,195.833,5.042,11.958,19.917,27.208,7.292,,19.167,207.792
2011-03-30,191.591,3.87,9.091,12.13,16.739,4.609,,17.792,200.682
2011-03-31,188.083,3.792,7.917,10.083,13.708,3.625,,20.167,196.0
2011-04-01,193.917,3.542,15.375,22.75,31.458,8.708,,24.958,209.292
2011-04-02,191.083,3.75,13.458,23.292,28.583,5.292,,31.417,204.542
2011-04-03,192.208,2.958,8.208,11.583,14.167,2.583,,20.167,200.417
2011-04-04,192.625,2.917,10.75,16.792,22.917,6.125,,15.458,203.375
2011-04-05,194.333,3.625,14.0,22.833,28.875,6.042,,18.833,208.333
2011-04-06,195.833,4.625,21.667,32.792,52.958,20.167,,22.458,217.5
2011-04-07,189.458,2.667,10.917,13.125,18.5,5.375,,17.25,200.375
2011-04-08,187.864,2.0,9.227,9.261,13.043,3.783,,21.696,197.091
2011-04-09,187.625,1.833,8.417,9.167,13.458,4.292,,24.083,196.042
2011-04-10,191.25,3.75,17.25,17.667,21.958,4.292,,23.333,208.5
2011-04-11,191.833,3.542,15.875,23.417,35.75,12.333,,29.292,207.708
2011-04-12,190.292,2.167,10.333,17.417,24.583,7.167,,23.333,200.625
2011-04-13,191.875,3.0,17.458,25.958,37.708,11.75,,27.167,209.333
2011-04-14,195.083,4.583,30.167,39.125,54.625,15.5,,38.042,225.25
2011-04-15,187.182,1.955,10.091,12.682,17.636,4.955,,29.667,197.273
2011-04-16,187.833,2.5,10.917,14.375,18.667,4.292,,29.208,198.75
2011-04-17,191.083,2.75,11.583,14.958,19.583,4.625,,20.875,202.667
2011-04-18,191.958,2.75,15.0,20.792,29.25,8.458,,20.542,206.958
2011-04-19,190.708,3.167,15.625,20.542,31.125,10.583,,16.25,206.333
2011-04-20,192.292,3.292,14.875,21.042,31.0,9.958,,16.333,207.167
2011-04-21,191.667,4.958,10.417,19.167,26.5,7.333,,15.542,202.083
2011-04-22,192.682,3.478,19.636,23.091,33.136,10.045,,25.833,212.318
2011-04-23,185.917,2.042,8.792,7.75,11.958,4.208,,21.75,194.708
2011-04-24,188.458,2.708,10.208,10.25,12.917,2.667,,17.625,198.667
2011-04-25,190.5,3.375,13.042,17.167,23.833,6.667,,18.833,203.542
2011-04-26,192.208,3.958,19.375,25.542,40.333,14.792,,23.833,211.583
2011-04-27,187.417,2.917,9.542,9.833,14.375,4.542,,43.708,196.958
2011-04-28,188.048,3.045,10.381,12.409,16.273,3.864,,25.292,198.429
2011-04-29,193.042,3.875,15.75,20.708,26.375,5.667,,20.833,208.792
2011-04-30,193.5,3.25,12.208,14.958,19.042,4.083,,27.417,205.708
2011-05-01,187.958,2.042,7.417,7.417,9.542,2.125,,25.25,195.375
2011-05-02,193.182,4.435,21.818,28.455,43.591,15.136,,68.833,215.0
2011-05-03,196.0,4.083,21.625,24.667,32.208,7.542,,61.0,217.625
2011-05-04,191.5,3.625,12.667,13.542,17.083,3.542,,27.5,204.167
2011-05-05,193.333,3.208,11.292,15.542,19.167,3.625,,27.667,204.625
2011-05-06,192.708,3.458,13.5,23.958,30.875,6.917,,27.708,206.208
2011-05-07,193.792,4.792,25.917,37.5,54.292,16.792,,34.958,219.708
2011-05-08,191.75,4.125,21.667,17.625,23.625,6.0,,28.375,213.417
2011-05-09,193.292,4.292,16.042,23.417,34.75,11.333,,28.875,209.333
2011-05-10,186.409,3.261,17.0,19.727,29.545,9.818,,31.364,203.409
2011-05-11,191.5,3.375,10.458,19.042,25.25,6.208,,17.792,201.958
2011-05-12,195.708,3.917,20.25,31.25,46.208,14.958,,20.792,215.958
2011-05-13,188.5,3.667,23.708,24.625,37.042,12.417,,37.125,212.208
2011-05-14,191.542,3.583,16.958,19.708,25.208,5.5,,47.125,208.5
2011-05-15,192.167,3.125,14.292,17.375,22.667,5.292,,26.0,206.458
2011-05-16,190.125,2.917,13.792,17.042,22.792,5.75,,34.958,203.917
2011-05-17,189.333,3.042,14.917,20.167,28.042,7.875,,28.083,204.25
2011-05-18,194.25,4.417,22.25,28.167,42.375,14.208,,37.708,216.5
2011-05-19,193.231,3.125,14.923,18.909,25.682,6.773,,33.792,208.154
2011-05-20,185.875,1.909,15.75,10.864,14.909,4.045,,40.75,201.625
2011-05-21,184.083,1.875,11.042,9.083,13.333,4.25,,28.083,195.125
2011-05-22,183.958,1.667,12.125,7.792,10.542,2.75,,18.542,196.083
2011-05-23,189.625,2.25,8.417,14.958,19.958,5.0,,16.042,198.042
2011-05-24,192.708,2.875,13.833,22.542,31.583,9.042,,19.333,206.542
2011-05-25,195.5,4.458,23.958,25.208,40.25,15.042,,27.417,219.458
2011-05-26,192.375,2.958,20.792,23.708,33.958,10.25,,25.833,213.167
2011-05-27,189.667,3.0,13.143,22.409,31.045,8.636,,21.083,202.81
2011-05-28,195.417,4.375,28.375,29.708,43.375,13.667,,23.917,223.792
2011-05-29,188.25,2.0,9.792,17.75,22.458,4.708,,13.125,198.042
2011-05-30,185.708,2.0,10.625,14.958,22.75,7.792,,12.75,196.333
2011-05-31,187.0,2.167,7.917,10.75,14.375,3.625,,22.208,194.917
2011-06-01,188.667,3.042,12.583,16.208,23.417,7.208,,35.625,201.25
2011-06-02,195.333,3.958,28.833,32.708,67.458,34.75,,36.083,224.167
2011-06-03,192.409,5.0,27.773,27.955,45.227,17.273,,37.833,220.182
2011-06-04,185.792,3.208,14.5,13.875,19.875,6.0,,31.542,200.292
2011-06-05,182.875,2.042,10.458,8.0,10.458,2.458,,33.125,193.333
2011-06-06,188.625,4.042,16.708,23.583,29.917,6.333,,38.917,205.333
2011-06-07,185.708,3.667,17.625,22.417,31.75,9.333,,36.375,203.333
2011-06-08,188.708,3.042,20.25,30.083,39.292,9.208,,20.958,208.958
2011-06-09,187.625,3.542,17.083,21.542,32.292,10.75,,27.458,204.708
2011-06-10,183.333,2.545,14.524,15.636,23.273,7.636,,18.429,197.857
2011-06-11,185.208,3.375,17.667,21.583,30.958,9.375,,36.25,202.875
2011-06-12,195.417,4.083,20.292,24.042,31.167,7.125,,41.708,215.708
2011-06-13,189.417,4.625,22.25,31.417,46.292,14.875,,29.583,211.667
2011-06-14,190.458,3.917,19.458,27.5,39.708,12.208,,31.917,209.917
2011-06-15,191.333,3.458,15.333,20.583,28.625,8.042,,18.458,206.667
2011-06-16,191.167,3.5,17.167,25.667,38.042,12.375,,22.5,208.333
2011-06-17,188.636,2.909,14.727,21.818,32.273,10.455,,20.292,203.364
2011-06-18,187.125,3.167,13.917,26.083,36.667,10.583,,21.75,201.042
2011-06-19,192.708,4.0,18.458,21.667,26.792,5.125,,30.875,211.167
2011-06-20,182.667,2.75,14.917,18.375,30.75,12.375,,24.042,197.583
2011-06-21,179.208,1.75,13.083,9.792,16.583,6.792,,19.875,192.292
2011-06-22,182.875,2.958,21.417,17.333,28.0,10.667,,35.5,204.292
2011-06-23,175.958,0.917,10.833,7.042,14.5,7.458,,31.417,186.792
2011-06-24,175.227,0.783,10.136,4.652,10.957,6.304,,28.391,185.364
2011-06-25,182.167,1.875,10.875,12.708,19.458,6.75,,27.667,193.042
2011-06-26,192.375,2.0,12.125,17.0,22.125,5.125,,30.875,204.5
2011-06-27,186.583,2.417,21.5,15.458,33.167,17.708,,36.333,208.083
2011-06-28,176.958,1.708,13.208,10.125,18.667,8.542,,31.375,190.167
2011-06-29,187.25,3.208,24.042,30.333,44.708,14.375,,44.833,211.292
2011-06-30,181.273,2.5,18.409,24.045,40.0,15.955,,38.565,199.682
2011-07-01,180.5,3.417,21.125,22.042,34.292,12.25,,41.417,201.625
2011-07-02,181.583,2.042,41.583,23.167,37.083,13.917,,32.917,223.167
2011-07-03,180.042,2.458,13.875,13.167,20.083,6.917,,32.333,193.917
2011-07-04,175.375,0.875,10.292,6.5,11.75,5.25,,48.167,185.667
2011-07-05,180.458,2.125,14.083,13.583,18.958,5.375,,37.583,194.542
2011-07-06,192.5,4.182,21.5,31.682,40.727,9.045,,42.136,214.0
2011-07-07,177.75,1.292,10.625,8.208,15.792,7.583,,22.167,188.375
2011-07-08,176.542,1.75,11.958,9.458,20.833,11.375,,28.5,188.5
2011-07-09,176.917,1.542,13.083,9.125,18.583,9.458,,26.917,190.0
2011-07-10,176.708,1.542,11.792,7.458,14.167,6.708,,17.708,188.5
2011-07-11,177.875,1.875,14.708,9.458,23.667,14.208,,19.833,192.583
2011-07-12,178.417,1.458,12.042,7.667,19.25,11.583,,20.75,190.458
2011-07-13,178.25,1.292,14.458,8.625,20.125,11.5,,15.083,192.708
2011-07-14,178.292,1.375,14.75,9.625,20.917,11.292,,17.208,193.042
2011-07-15,178.409,1.909,21.773,13.182,24.909,11.727,,17.875,200.182
2011-07-16,179.042,1.917,17.625,10.375,21.25,10.875,,26.958,196.667
2011-07-17,176.625,1.042,11.917,5.542,11.917,6.375,,25.125,188.542
2011-07-18,175.375,1.708,18.583,5.875,15.667,9.792,,35.625,193.958
2011-07-19,174.292,1.458,12.875,5.917,18.75,12.833,,44.625,187.167
2011-07-20,176.958,1.458,9.875,8.0,16.083,8.083,,40.708,186.833
2011-07-21,184.292,0.458,6.375,7.0,10.792,3.792,,21.333,190.667
2011-07-22,185.909,0.364,6.818,7.682,11.818,4.136,,19.208,192.727
2011-07-23,185.333,1.167,11.417,14.25,19.875,5.625,,17.958,196.75
2011-07-24,184.583,2.167,17.5,15.042,25.167,10.125,,23.375,202.083
2011-07-25,180.917,1.75,12.708,11.417,18.792,7.375,,26.792,193.625
2011-07-26,181.333,1.458,11.167,10.75,17.542,6.792,,23.333,192.5
2011-07-27,178.625,1.458,12.333,10.5,20.792,10.292,,20.625,190.958
2011-07-28,188.167,3.167,23.542,28.625,44.917,16.292,,40.417,211.708
2011-07-29,193.455,4.909,24.136,27.909,42.045,14.136,,53.042,217.591
2011-07-30,187.667,3.333,16.667,26.375,36.5,10.125,,33.917,204.333
2011-07-31,186.708,1.75,13.708,11.417,15.417,4.0,,28.208,200.417
2011-08-01,189.083,2.167,9.917,15.792,23.167,7.375,,31.292,199.0
2011-08-02,190.792,3.458,15.083,22.208,29.5,7.292,,39.708,205.875
2011-08-03,191.083,2.208,18.125,23.0,40.5,17.5,,34.125,209.208
2011-08-04,183.292,1.625,13.125,14.375,31.125,16.75,,32.708,196.417
2011-08-05,179.286,1.864,14.238,12.364,29.409,17.045,,22.682,193.524
2011-08-06,176.75,2.542,18.708,11.458,25.0,13.542,,24.375,195.458
2011-08-07,182.292,2.792,21.667,19.333,27.625,8.292,,38.375,203.958
2011-08-08,185.882,2.833,24.706,22.292,31.958,9.667,,35.333,210.588
2011-08-09,177.524,1.292,16.143,13.958,23.042,9.083,,35.583,193.667
2011-08-10,176.375,1.375,12.042,12.208,18.083,5.875,,40.417,188.417
2011-08-11,178.333,1.87,14.0,15.0,20.957,5.957,,53.875,192.333
2011-08-12,185.625,4.0,18.417,23.167,29.333,6.167,,61.833,204.042
2011-08-13,183.458,2.875,15.583,16.75,22.708,5.958,,56.875,199.042
2011-08-14,181.375,2.083,14.25,9.167,12.833,3.667,,61.958,195.625
2011-08-15,179.042,1.083,12.917,7.667,11.958,4.292,,44.25,191.958
2011-08-16,183.042,2.208,15.125,12.542,16.708,4.167,,45.75,198.167
2011-08-17,185.167,2.25,17.5,12.792,17.0,4.208,,49.083,202.667
2011-08-18,177.375,0.958,10.833,8.5,13.0,4.5,,53.125,188.208
2011-08-19,183.45,1.773,10.5,15.895,20.684,4.789,,41.25,193.95
2011-08-20,193.917,2.333,17.292,23.167,31.792,8.625,,21.083,211.208
2011-08-21,192.833,2.208,16.75,15.125,20.958,5.833,,19.333,209.583
2011-08-22,194.292,3.667,22.708,28.583,46.083,17.5,,27.375,217.0
2011-08-23,192.167,3.958,29.375,21.083,39.417,18.333,,50.5,221.542
2011-08-24,179.625,2.208,16.208,10.583,26.375,15.792,,29.75,195.833
2011-08-25,178.917,2.167,15.458,10.333,27.125,16.792,,28.917,194.375
2011-08-26,181.227,2.045,17.818,14.818,27.773,12.955,,25.417,199.045
2011-08-27,187.458,2.5,12.667,16.625,21.375,4.75,,31.833,200.125
2011-08-28,188.625,1.917,12.875,13.958,16.875,2.917,,27.333,201.5
2011-08-29,186.125,1.917,12.0,15.75,20.375,4.625,,31.375,198.125
2011-08-30,187.75,1.417,17.083,16.083,21.958,5.875,,29.458,204.833
2011-08-31,184.708,2.208,15.875,18.375,33.333,14.958,,27.458,200.583
2011-09-01,177.333,1.417,11.542,7.833,19.083,11.25,,32.125,188.875
2011-09-02,178.091,1.455,8.591,7.045,17.864,10.818,,34.409,186.682
2011-09-03,177.042,1.208,8.333,4.083,11.875,7.792,,41.833,185.375
2011-09-04,178.208,1.292,10.25,5.333,11.25,5.917,,33.833,188.458
2011-09-05,180.625,2.792,18.167,15.417,34.083,18.667,,29.583,198.792
2011-09-06,187.958,2.583,20.542,20.792,29.208,8.417,,16.375,208.5
2011-09-07,193.208,3.25,21.792,25.5,32.875,7.375,,28.417,215.0
2011-09-08,193.042,3.333,22.167,23.792,35.0,11.208,,32.083,215.208
2011-09-09,184.409,2.0,14.909,13.909,23.455,9.545,,29.417,199.318
2011-09-10,180.083,2.375,15.333,10.792,22.125,11.333,,25.208,195.417
2011-09-11,180.125,3.083,18.625,12.083,26.917,14.833,,24.75,198.75
2011-09-12,181.833,2.417,18.083,11.667,28.042,16.375,,21.958,199.917
2011-09-13,181.833,2.208,15.833,12.333,27.417,15.083,,22.5,197.667
2011-09-14,181.25,2.375,16.042,12.333,26.958,14.625,,23.417,197.292
2011-09-15,181.292,2.292,16.667,11.667,32.042,20.375,,18.875,197.958
2011-09-16,180.571,2.455,17.714,10.455,27.727,17.273,,22.333,198.286
2011-09-17,179.25,2.0,13.125,7.542,21.083,13.542,,26.958,192.375
2011-09-18,181.167,1.958,16.833,7.042,15.375,8.333,,22.083,198.0
2011-09-19,184.833,2.417,16.25,12.833,24.125,11.292,,30.583,201.083
2011-09-20,193.958,4.167,24.958,27.542,55.458,27.917,,33.375,218.917
2011-09-21,185.625,1.75,14.667,12.917,27.667,14.75,,38.5,200.292
2011-09-22,185.0,2.0,11.81,14.136,25.727,11.591,,25.917,196.81
2011-09-23,193.5,3.583,21.5,24.958,38.5,13.542,,19.917,215.0
2011-09-24,194.208,2.708,18.292,20.375,30.333,9.958,,19.875,212.5
2011-09-25,194.583,2.625,11.042,14.667,18.625,3.958,,18.833,205.625
2011-09-26,196.917,2.583,19.667,27.708,38.042,10.333,,27.583,216.583
2011-09-27,194.25,1.917,17.25,21.375,31.958,10.583,,27.708,211.5
2011-09-28,193.542,1.5,13.458,19.5,27.042,7.542,,24.25,207.0
2011-09-29,195.042,3.042,22.667,26.958,37.0,10.042,,30.583,217.708
2011-09-30,187.545,2.652,16.818,17.318,22.773,5.455,,36.125,204.364
2011-10-01,192.292,2.958,14.083,19.708,25.542,5.833,,29.417,206.375
2011-10-02,191.417,3.917,11.375,14.583,17.917,3.333,,24.792,202.792
2011-10-03,192.792,2.667,14.958,22.083,31.042,8.958,,23.417,207.75
2011-10-04,195.042,2.667,14.083,21.667,30.75,9.083,,19.083,209.125
2011-10-05,196.333,4.417,28.125,31.875,52.333,20.458,,33.833,224.458
2011-10-06,191.364,3.174,20.136,24.455,35.455,11.0,,21.826,211.5
2011-10-07,191.208,3.75,21.833,29.458,44.625,15.167,,26.917,213.042
2011-10-08,192.625,3.542,17.167,24.875,31.542,6.667,,33.083,209.792
2011-10-09,195.792,3.792,21.333,22.417,26.667,4.25,,40.917,217.125
2011-10-10,196.292,5.167,27.208,25.583,34.417,8.833,,45.292,223.5
2011-10-11,200.458,5.667,41.375,42.417,60.833,18.417,,55.875,241.833
2011-10-12,194.792,3.625,17.0,21.833,27.125,5.292,,50.458,211.792
2011-10-13,200.125,4.958,30.917,37.583,54.625,17.042,,58.5,231.042
2011-10-14,196.591,5.136,34.136,32.864,53.591,20.727,,59.542,230.727
2011-10-15,183.333,1.667,10.583,8.625,13.792,5.167,,30.583,193.917
2011-10-16,183.208,2.042,10.5,8.167,11.583,3.417,,27.667,193.708
2011-10-17,191.333,4.25,22.958,23.167,37.75,14.583,,40.25,214.292
2011-10-18,190.792,2.875,13.792,17.667,22.792,5.125,,25.833,204.583
2011-10-19,192.542,1.833,11.542,14.792,20.125,5.333,,22.625,204.083
2011-10-20,191.909,2.043,12.545,17.273,25.409,8.136,,24.625,204.455
2011-10-21,190.75,2.458,17.375,22.833,31.167,8.333,,19.167,208.125
2011-10-22,186.583,3.0,18.625,19.917,33.375,13.458,,18.292,205.208
2011-10-23,182.25,2.042,12.958,9.917,13.75,3.833,,18.125,195.208
2011-10-24,192.625,5.0,31.25,34.417,61.333,26.917,,38.458,223.875
2011-10-25,186.042,3.167,20.792,19.667,28.625,8.958,,26.417,206.833
2011-10-26,189.125,2.333,10.958,15.375,23.75,8.375,,15.792,200.083
2011-10-27,191.0,2.913,10.182,17.217,24.652,7.435,,23.958,201.182
2011-10-28,193.5,3.958,21.958,30.75,45.458,14.708,,27.333,215.458
2011-10-29,192.708,3.375,23.25,27.667,37.042,9.375,,36.75,215.958
2011-10-30,192.292,2.875,14.583,18.375,22.958,4.583,,37.417,206.875
2011-10-31,192.125,4.0,22.333,30.458,47.208,16.75,,39.042,214.458
2011-11-01,191.636,3.0,17.864,22.826,34.478,11.652,,20.667,209.5
2011-11-02,197.25,5.833,40.792,41.083,73.5,32.417,,38.333,238.042
2011-11-03,203.917,8.542,57.5,55.75,118.917,63.167,,66.75,261.417
2011-11-04,200.458,6.625,47.792,43.083,79.5,36.417,,60.833,248.25
2011-11-05,199.125,6.042,39.625,39.208,72.375,33.167,,59.583,238.75
2011-11-06,203.167,5.542,35.958,38.333,59.417,21.083,,89.125,239.125
2011-11-07,190.708,3.875,23.083,24.125,39.042,14.917,,25.292,213.792
2011-11-08,188.542,3.875,11.292,17.625,24.583,6.958,,18.708,199.833
2011-11-09,190.545,3.083,13.273,18.591,25.909,7.318,,16.783,203.818
2011-11-10,192.0,2.958,15.5,21.75,28.333,6.583,,18.167,207.5
2011-11-11,195.458,3.522,22.333,30.042,47.958,17.917,,26.083,217.792
2011-11-12,191.708,2.708,16.583,20.583,29.667,9.083,,18.125,208.292
2011-11-13,198.125,6.042,30.458,31.5,48.0,16.5,,37.167,228.583
2011-11-14,196.042,4.083,21.167,28.125,39.292,11.167,,41.125,217.208
2011-11-15,192.25,3.208,12.0,17.833,24.667,6.833,,27.5,204.25
2011-11-16,193.458,3.208,18.708,23.375,40.042,16.667,,14.708,212.167
2011-11-17,196.455,5.652,34.045,37.043,71.739,34.696,,19.6,230.5
2011-11-18,196.458,4.333,30.542,34.75,58.375,23.625,,34.091,227.0
2011-11-19,183.875,0.833,7.583,7.75,12.458,4.708,,38.583,191.458
2011-11-20,189.458,2.875,20.125,18.5,26.583,8.083,,16.0,209.583
2011-11-21,192.042,2.917,14.792,21.958,34.042,12.083,,11.5,206.833
2011-11-22,197.458,6.042,34.0,32.708,72.208,39.5,,17.792,231.458
2011-11-23,197.917,4.958,35.5,32.958,60.875,27.917,,26.458,233.417
2011-11-24,189.375,1.958,12.833,16.375,25.667,9.292,,13.625,202.208
2011-11-25,195.0,4.636,28.455,32.773,68.045,35.273,,16.458,223.455
2011-11-26,197.5,5.875,24.667,26.167,49.5,23.333,,27.875,222.167
2011-11-27,200.75,5.375,34.792,33.583,52.042,18.458,,28.833,235.542
2011-11-28,211.917,9.625,67.167,49.167,138.458,89.292,,57.708,279.083
2011-11-29,217.75,11.083,89.708,57.292,179.125,121.833,,64.958,307.458
2011-11-30,202.875,7.292,50.917,39.917,92.917,53.0,,63.0,253.792
2011-12-01,191.167,1.667,10.417,15.583,20.917,5.333,,16.042,201.583
2011-12-02,193.591,2.0,12.955,17.727,30.136,12.409,,17.5,206.545
2011-12-03,191.208,2.917,15.042,15.958,27.25,11.292,,14.75,206.25
2011-12-04,191.25,2.5,13.0,15.833,22.708,6.875,,11.167,204.25
2011-12-05,197.167,3.625,22.167,28.208,53.292,25.083,,18.292,219.333
2011-12-06,196.083,3.375,18.25,30.833,51.292,20.458,,26.522,214.333
2011-12-07,199.875,8.125,42.25,40.875,88.125,47.25,,46.208,242.125
2011-12-08,201.958,5.375,40.458,33.75,87.458,53.708,,46.042,242.417
2011-12-09,197.227,4.043,19.818,23.136,45.136,22.0,,18.545,217.045
2011-12-10,195.833,4.083,20.875,26.667,56.333,29.667,,16.042,216.708
2011-12-11,201.208,6.958,39.917,35.25,73.292,38.042,,25.0,241.125
2011-12-12,202.75,9.25,47.25,43.542,107.583,64.042,,27.833,250.0
2011-12-13,197.792,3.917,24.333,29.167,52.583,23.417,,19.042,222.125
2011-12-14,200.875,5.333,34.792,41.542,98.042,56.5,,34.833,235.667
2011-12-15,201.792,9.125,50.667,42.958,115.625,72.667,,44.167,252.458
2011-12-16,197.545,4.455,22.5,25.864,62.136,36.273,,15.917,220.045
2011-12-17,199.292,3.542,18.833,26.625,43.417,16.792,,14.708,218.125
2011-12-18,200.625,4.917,26.917,30.875,51.125,20.25,,17.625,227.542
2011-12-19,202.542,7.0,35.083,35.25,77.875,42.625,,27.292,237.625
2011-12-20,199.0,3.917,23.583,31.125,55.625,24.5,,19.167,222.583
2011-12-21,205.208,6.542,42.667,44.583,96.458,51.875,,35.125,247.875
2011-12-22,206.409,8.174,60.727,44.522,127.478,82.957,,53.0,267.136
2011-12-23,195.625,3.292,16.125,20.25,33.167,12.917,,14.417,211.75
2011-12-24,197.042,4.667,22.417,23.333,44.125,20.792,,13.75,219.458
2011-12-25,197.625,3.917,19.917,20.583,31.958,11.375,,12.625,217.542
2011-12-26,197.542,3.667,17.583,25.625,45.042,19.417,,13.625,215.125
2011-12-27,198.583,4.583,22.167,30.333,59.417,29.083,,11.875,220.75
2011-12-28,199.042,4.333,16.5,27.333,41.25,13.917,,17.417,215.542
2011-12-29,199.182,5.545,27.227,34.864,56.682,21.818,,27.583,226.409
2011-12-30,194.292,2.75,9.708,13.708,21.208,7.5,,12.375,204.0
2011-12-31,199.833,5.083,24.667,23.0,41.917,18.917,,24.833,224.5
2012-01-01,196.042,5.833,15.292,15.958,23.667,7.708,,13.708,211.333
2012-01-02,192.917,3.667,8.625,4.458,5.792,1.333,,27.292,201.542
2012-01-03,193.333,4.542,6.792,8.708,12.208,3.5,,11.75,200.125
2012-01-04,197.042,4.667,11.833,17.625,25.958,8.333,,7.318,208.875
2012-01-05,200.958,7.417,23.042,29.417,47.833,18.417,,21.5,224.0
2012-01-06,198.792,7.208,22.583,28.917,43.917,15.0,,17.625,221.375
2012-01-07,198.292,9.083,24.875,31.917,59.625,27.708,,20.25,223.167
2012-01-08,199.917,9.125,34.958,38.625,73.167,34.542,,32.125,234.875
2012-01-09,200.208,8.5,28.958,34.833,70.917,36.083,,29.958,229.167
2012-01-10,198.0,7.409,21.864,27.045,44.955,17.909,,17.75,219.864
2012-01-11,202.583,10.625,35.0,36.042,74.042,38.0,,18.333,237.583
2012-01-12,202.708,7.708,31.042,39.042,68.917,29.875,,29.125,233.75
2012-01-13,208.833,11.333,56.875,50.25,93.625,43.375,,45.917,265.708
2012-01-14,200.583,6.625,20.167,26.5,38.75,12.25,,22.542,220.75
2012-01-15,196.667,6.167,12.292,26.292,43.75,17.458,,13.875,208.958
2012-01-16,201.083,9.583,30.375,37.333,74.0,36.667,,23.708,231.458
2012-01-17,202.125,8.625,33.75,33.625,74.458,40.833,,25.208,235.875
2012-01-18,199.545,8.455,27.545,29.909,59.545,29.636,,14.833,227.091
2012-01-19,202.917,9.417,38.0,41.458,85.125,43.667,,20.167,240.917
2012-01-20,200.25,6.292,21.542,24.292,35.208,10.917,,14.667,221.792
2012-01-21,196.75,6.167,14.625,22.542,33.667,11.125,,15.375,211.375
2012-01-22,202.292,7.625,30.958,39.458,74.208,34.75,,41.208,233.25
2012-01-23,193.375,3.625,8.125,16.625,20.458,3.833,,8.833,201.5
2012-01-24,195.125,6.458,16.417,26.75,45.0,18.25,,20.833,211.542
2012-01-25,194.273,5.455,13.318,17.909,25.182,7.273,,21.318,207.591
2012-01-26,195.25,4.667,11.958,14.792,21.75,6.958,,11.917,207.208
2012-01-27,199.5,5.542,15.625,17.125,25.667,8.542,,7.125,215.125
2012-01-28,200.458,6.458,18.292,25.958,43.292,17.333,,8.542,218.75
2012-01-29,201.917,8.458,30.208,38.625,73.583,34.958,,14.417,232.125
2012-01-30,200.292,7.458,23.417,29.333,54.625,25.292,,11.875,223.708
2012-01-31,205.0,10.417,34.042,34.667,69.75,35.083,,24.625,239.042
2012-02-01,207.727,9.217,36.682,43.826,88.522,44.696,,38.318,244.409
2012-02-02,189.208,4.875,13.208,12.625,17.75,5.125,,26.0,202.417
2012-02-03,196.625,6.458,15.583,19.333,24.583,5.25,,13.333,212.208
2012-02-04,196.875,7.167,23.333,30.458,49.583,19.125,,21.0,220.208
2012-02-05,194.958,6.208,15.833,24.708,36.542,11.833,,19.792,210.792
2012-02-06,194.125,5.167,13.875,23.0,33.75,10.75,,14.0,208.0
2012-02-07,196.75,7.208,25.5,26.042,49.708,23.667,,32.833,222.25
2012-02-08,197.136,6.261,18.318,24.0,40.3,16.3,,13.875,215.455
2012-02-09,199.0,5.5,15.25,24.625,35.25,10.625,,14.583,214.25
2012-02-10,202.25,7.625,36.875,28.917,42.042,13.125,,23.708,239.125
2012-02-11,201.917,7.333,19.417,25.0,37.833,12.833,,18.542,221.333
2012-02-12,204.167,9.042,23.167,37.458,64.917,27.458,,29.792,227.333
2012-02-13,200.25,6.917,18.542,29.208,48.667,19.458,,28.792,218.792
2012-02-14,201.667,7.417,25.583,35.667,59.875,24.208,,21.792,227.25
2012-02-15,202.682,8.348,32.136,39.714,76.143,36.429,,36.125,234.818
2012-02-16,199.5,5.333,13.5,18.25,27.917,9.667,,12.083,213.0
2012-02-17,200.25,5.0,15.167,17.083,24.958,7.875,,9.917,215.417
2012-02-18,205.333,7.542,26.833,38.292,72.625,34.333,,35.75,232.167
2012-02-19,197.458,6.417,12.708,23.833,36.167,12.333,,14.875,210.167
2012-02-20,198.792,7.125,17.708,22.583,38.125,15.542,,14.75,216.5
2012-02-21,199.75,6.208,15.5,26.667,44.375,17.708,,17.083,215.25
2012-02-22,200.524,9.5,29.333,34.667,64.286,29.619,,20.667,229.857
2012-02-23,195.042,5.75,11.458,19.417,26.167,6.75,,17.917,206.5
2012-02-24,196.125,4.792,11.958,13.25,18.458,5.208,,15.125,208.083
2012-02-25,197.667,5.208,12.625,21.583,34.333,12.75,,11.333,210.292
2012-02-26,199.083,6.375,18.917,29.708,48.667,18.958,,17.042,218.0
2012-02-27,203.125,10.458,37.375,43.583,83.875,40.292,,41.167,240.5
2012-02-28,204.167,11.208,38.375,38.583,90.417,51.833,,40.875,242.542
2012-03-01,194.8,5.0,17.8,18.952,27.524,8.571,13.261,26.136,212.6
2012-03-02,196.708,6.375,14.5,17.833,25.542,7.708,15.542,24.875,211.208
2012-03-03,197.375,4.833,15.125,17.417,21.292,3.875,11.542,15.375,212.5
2012-03-04,196.792,5.0,13.125,20.833,27.5,6.667,12.042,18.0,209.917
2012-03-05,198.583,6.875,22.0,32.125,49.917,17.792,15.792,32.375,220.583
2012-03-06,199.458,8.0,29.375,42.583,71.458,28.875,22.125,37.083,228.833
2012-03-07,198.583,7.458,22.542,35.792,56.125,20.333,32.542,53.0,221.125
2012-03-08,192.048,4.952,11.905,16.955,22.273,5.318,32.583,49.87,203.952
2012-03-09,196.458,6.417,18.75,28.042,37.25,9.208,38.958,54.167,215.208
2012-03-10,195.75,5.042,14.5,16.417,20.125,3.708,27.583,47.917,210.25
2012-03-11,197.625,5.083,12.875,19.75,28.25,8.5,10.792,22.875,210.5
2012-03-12,198.958,5.5,18.125,28.708,43.792,15.083,13.167,26.5,217.083
2012-03-13,190.083,3.375,7.042,7.917,11.083,3.167,15.292,29.5,197.125
2012-03-14,195.318,6.818,8.727,16.545,21.0,4.455,11.375,24.125,204.045
2012-03-15,196.75,5.875,14.375,21.708,29.583,7.875,14.292,33.375,211.125
2012-03-16,196.583,6.958,23.792,37.417,62.0,24.583,18.167,37.208,220.375
2012-03-17,194.875,5.5,12.625,,,,24.417,38.5,207.5
2012-03-18,188.875,3.5,7.333,,,,29.417,61.833,196.208
2012-03-19,189.875,5.625,17.167,,,,19.375,38.458,207.042
2012-03-20,191.583,4.875,12.0,,,,24.833,42.625,203.583
2012-03-21,191.792,4.917,11.333,,,,7.708,22.333,203.125
2012-03-22,193.857,5.609,19.143,18.333,22.444,4.111,12.955,28.792,213.0
2012-03-23,197.542,5.208,18.0,28.458,39.792,11.333,17.792,34.458,215.542
2012-03-24,195.792,5.5,10.333,16.917,19.458,2.542,19.125,37.917,206.125
2012-03-25,195.375,5.292,10.833,18.125,24.375,6.25,17.625,28.042,206.208
2012-03-26,196.417,5.042,10.542,17.458,23.583,6.125,9.875,25.375,206.958
2012-03-27,203.083,8.25,30.25,39.708,67.917,28.208,21.292,38.083,233.333
2012-03-28,200.5,8.25,28.25,42.583,61.583,19.0,24.875,71.208,228.75
2012-03-29,198.643,6.571,34.857,33.045,55.045,22.0,19.478,47.864,233.5
2012-03-30,,4.875,,14.292,17.458,3.167,17.083,23.292,
2012-03-31,,4.625,,14.458,17.375,2.917,15.292,21.5,
2012-04-01,194.292,4.875,10.542,12.417,15.792,3.375,,15.792,204.833
2012-04-02,196.292,5.458,13.625,19.25,27.75,8.5,,15.708,209.917
2012-04-03,191.042,4.5,9.375,12.542,19.0,6.458,,27.417,200.417
2012-04-04,190.625,4.917,8.042,11.625,16.25,4.625,,10.917,198.667
2012-04-05,191.208,5.167,9.292,14.292,18.0,3.708,,29.542,200.5
2012-04-06,193.5,5.087,12.136,23.0,31.591,8.591,,20.375,205.636
2012-04-07,195.542,3.375,10.75,15.667,22.583,6.917,,15.833,206.292
2012-04-08,196.375,3.167,8.542,11.417,14.792,3.375,,15.167,204.917
2012-04-09,194.0,3.333,13.042,17.083,21.625,4.542,,32.042,207.042
2012-04-10,196.417,4.333,18.042,31.0,45.5,14.5,,45.125,214.458
2012-04-11,191.292,3.292,12.708,21.125,27.542,6.417,,34.625,204.0
2012-04-12,192.583,4.875,22.792,28.542,43.833,15.292,,38.083,215.375
2012-04-13,194.682,4.636,20.364,32.318,45.0,12.682,,37.667,215.045
2012-04-14,194.083,4.375,13.042,19.5,25.417,5.917,,21.375,207.125
2012-04-15,195.333,4.792,8.0,14.792,17.333,2.542,,23.958,203.333
2012-04-16,195.25,6.167,14.667,26.875,33.417,6.542,,25.167,209.917
2012-04-17,199.458,7.083,31.333,39.167,62.583,23.417,,37.25,230.792
2012-04-18,196.292,4.958,20.917,29.542,40.25,10.708,,29.667,217.208
2012-04-19,192.875,3.458,9.458,15.875,19.958,4.083,,15.042,202.333
2012-04-20,193.136,4.333,10.364,18.174,24.913,6.739,,16.273,203.5
2012-04-21,191.542,5.0,9.083,15.625,20.792,5.167,,14.958,200.625
2012-04-22,196.875,5.875,15.542,21.708,26.792,5.083,,24.708,212.417
2012-04-23,202.417,8.667,38.333,43.167,84.417,41.25,,29.708,240.75
2012-04-24,195.125,6.167,20.917,27.333,40.458,13.125,,36.792,216.042
2012-04-25,191.417,6.5,19.0,28.542,39.333,10.792,,37.458,210.417
2012-04-26,187.909,4.364,11.136,14.217,20.261,6.043,,28.333,199.045
2012-04-27,191.833,4.625,20.875,34.083,54.167,20.083,,16.333,212.708
2012-04-28,192.25,3.625,15.375,23.125,30.333,7.208,,24.333,207.625
2012-04-29,194.75,4.083,15.833,19.5,25.208,5.708,,36.25,210.583
2012-04-30,188.75,2.5,14.75,27.417,39.208,11.792,,18.667,203.5
2012-05-01,188.708,1.917,12.25,22.25,28.75,6.5,,25.375,200.958
2012-05-02,185.773,2.13,10.0,17.522,22.826,5.304,,22.042,195.773
2012-05-03,189.292,4.958,16.375,19.625,26.958,7.333,,17.375,205.667
2012-05-04,193.417,5.667,23.292,27.0,38.167,11.167,,21.958,216.708
2012-05-05,189.958,4.625,18.417,14.625,21.0,6.375,,20.542,208.375
2012-05-06,189.667,4.25,15.083,14.625,18.083,3.458,,31.417,204.75
2012-05-07,193.208,5.708,19.25,26.417,35.25,8.833,,24.292,212.458
2012-05-08,194.458,6.167,27.958,32.583,41.5,8.917,,40.708,222.417
2012-05-09,197.833,6.833,26.792,40.25,53.5,13.25,,72.208,224.625
2012-05-10,192.75,5.583,17.792,26.083,32.083,6.0,,35.542,210.542
2012-05-11,191.5,5.636,17.318,25.091,38.727,13.636,,14.458,208.818
2012-05-12,191.125,4.542,14.583,20.667,28.5,7.833,,15.333,205.708
2012-05-13,193.042,4.417,13.375,16.75,20.958,4.208,,21.208,206.417
2012-05-14,191.917,3.417,15.083,20.25,28.5,8.25,,25.708,207.0
2012-05-15,188.042,3.083,12.042,18.292,25.583,7.292,,20.417,200.083
2012-05-16,192.0,5.375,35.875,28.208,40.917,12.708,,45.25,227.875
2012-05-17,192.25,4.958,20.458,27.083,36.875,9.792,,46.375,212.708
2012-05-18,191.409,5.261,15.409,26.87,33.304,6.435,,35.5,206.818
2012-05-19,194.042,5.417,14.792,21.417,26.667,5.25,,31.792,208.833
2012-05-20,193.25,4.875,14.75,17.625,21.667,4.042,,26.542,208.0
2012-05-21,193.625,4.542,14.708,23.042,33.792,10.75,,28.792,208.333
2012-05-22,191.667,4.458,12.75,19.375,27.458,8.083,,20.292,204.417
2012-05-23,189.792,5.375,14.375,19.667,27.958,8.292,,17.083,204.167
2012-05-24,188.417,4.792,12.792,18.833,24.375,5.542,,29.083,201.208
2012-05-25,189.238,5.043,18.19,24.783,31.609,6.826,,38.25,207.429
2012-05-26,192.667,5.083,19.083,22.667,27.542,4.875,,32.167,211.75
2012-05-27,190.875,4.167,14.083,15.667,20.292,4.625,,28.875,204.958
2012-05-28,189.625,3.333,12.042,12.875,17.833,4.958,,26.75,201.667
2012-05-29,189.042,2.105,9.458,12.208,16.75,4.542,,24.292,198.5
2012-05-30,192.875,4.583,14.167,21.458,26.625,5.167,,22.125,207.042
2012-05-31,194.909,6.391,12.5,20.045,25.136,5.091,,29.208,207.409
2012-06-01,192.5,4.167,19.667,26.0,35.083,9.083,,30.917,212.167
2012-06-02,197.25,5.125,23.417,28.458,34.083,5.625,,45.208,220.667
2012-06-03,192.667,4.25,9.5,14.417,17.5,3.083,,36.0,202.167
2012-06-04,193.042,5.0,15.583,18.75,25.708,6.958,,31.125,208.625
2012-06-05,186.958,3.25,13.042,17.375,24.833,7.458,,19.458,200.0
2012-06-06,187.708,4.0,14.375,22.667,31.458,8.792,,18.5,202.083
2012-06-07,188.0,4.045,14.091,20.182,31.136,10.955,,20.905,202.091
2012-06-08,185.375,2.625,9.958,14.5,20.542,6.042,,30.083,195.333
2012-06-09,187.0,3.833,11.167,18.083,24.042,5.958,,16.125,198.167
2012-06-10,187.5,4.375,11.833,13.792,17.875,4.083,,15.5,199.333
2012-06-11,191.708,4.042,10.708,17.542,22.333,4.792,,20.208,202.417
2012-06-12,191.636,4.364,11.864,18.045,25.273,7.227,,18.083,203.5
2012-06-13,189.667,2.5,7.5,11.583,16.333,4.75,,16.292,197.167
2012-06-14,192.625,3.042,8.375,15.958,20.583,4.625,,20.292,201.0
2012-06-15,193.792,3.625,13.792,24.542,31.875,7.333,,26.167,207.583
2012-06-16,191.458,3.125,9.083,16.625,25.625,9.0,,17.708,200.542
2012-06-17,187.5,3.667,16.708,24.083,33.875,9.792,,28.375,204.208
2012-06-18,198.417,3.583,19.375,28.375,42.792,14.417,,27.667,217.792
2012-06-19,189.333,3.167,16.25,20.417,31.667,11.25,,40.0,205.583
2012-06-20,177.619,1.682,7.952,5.818,9.318,3.5,,38.091,185.571
2012-06-21,187.583,3.375,14.5,19.708,33.75,14.042,,21.125,202.083
2012-06-22,189.542,3.208,12.125,19.167,28.958,9.792,,15.75,201.667
2012-06-23,196.625,3.167,16.5,23.708,35.583,11.875,,25.792,213.125
2012-06-24,195.083,2.458,13.5,22.833,31.333,8.5,,22.583,208.583
2012-06-25,189.083,3.167,8.917,13.458,17.667,4.208,,19.958,198.0
2012-06-26,190.375,2.167,7.958,12.5,16.083,3.583,,19.25,198.333
2012-06-27,191.917,4.208,16.542,23.083,29.625,6.542,,26.583,208.458
2012-06-28,191.375,3.917,20.875,29.583,46.5,16.917,,25.083,212.25
2012-06-29,191.524,1.682,11.714,20.318,27.682,7.364,,16.875,203.238
2012-06-30,187.5,2.667,12.792,18.333,25.667,7.333,,17.792,200.292
2012-07-01,188.667,4.208,12.542,18.75,24.583,5.833,,23.875,201.208
2012-07-02,190.458,7.125,23.208,27.417,41.208,13.792,,23.708,213.667
2012-07-03,187.042,3.875,17.333,23.292,35.042,11.75,,26.292,204.375
2012-07-04,188.667,4.0,18.524,20.524,27.286,6.762,,27.042,207.19
2012-07-05,188.167,4.542,18.958,27.458,36.542,9.083,,44.167,207.125
2012-07-06,197.042,5.542,25.917,35.375,53.667,18.292,,59.583,222.958
2012-07-07,187.542,3.792,17.458,23.167,31.75,8.583,,29.542,205.0
2012-07-08,188.75,3.458,11.792,16.292,19.917,3.625,,20.167,200.542
2012-07-09,187.875,3.208,15.042,20.5,30.542,10.042,,26.958,202.917
2012-07-10,183.542,2.792,12.917,16.0,26.043,10.043,,27.208,196.458
2012-07-11,181.958,2.833,13.167,11.458,18.667,7.208,,27.333,195.125
2012-07-12,176.375,2.083,9.792,5.667,12.458,6.792,,25.5,186.167
2012-07-13,177.545,2.476,9.5,8.318,15.227,6.909,,34.0,187.045
2012-07-14,176.875,1.917,9.333,6.958,13.25,6.292,,43.25,186.208
2012-07-15,176.792,2.458,8.0,4.75,10.208,5.458,,26.667,184.792
2012-07-16,178.292,2.125,8.708,6.083,12.917,6.833,,31.167,187.0
2012-07-17,178.75,3.292,8.958,8.625,17.167,8.542,,33.125,187.708
2012-07-18,182.227,3.318,15.818,18.045,45.955,27.909,,33.429,198.045
2012-07-19,186.625,4.583,19.667,23.125,36.417,13.292,,34.875,206.292
2012-07-20,188.375,5.542,10.25,16.208,25.333,9.125,,26.333,198.625
2012-07-21,188.833,4.5,14.042,22.0,31.625,9.625,,24.875,202.875
2012-07-22,189.083,4.458,12.125,17.625,22.667,5.042,,25.125,201.208
2012-07-23,192.75,3.292,16.625,24.417,35.708,11.292,,26.375,209.375
2012-07-24,188.375,3.583,19.708,24.75,43.625,18.875,,32.667,208.083
2012-07-25,185.833,4.042,14.583,18.333,24.958,6.625,,42.958,200.417
2012-07-26,188.273,5.818,19.045,24.0,30.227,6.227,,62.167,207.318
2012-07-27,184.583,4.167,15.125,15.625,21.75,6.125,,46.958,199.708
2012-07-28,178.083,1.875,11.583,11.167,17.417,6.25,,28.042,189.667
2012-07-29,177.833,2.042,9.333,7.125,11.417,4.292,,28.5,187.167
2012-07-30,177.042,2.125,12.667,8.583,19.958,11.375,,20.25,189.708
2012-07-31,180.917,2.458,12.083,13.917,30.958,17.042,,27.292,193.0
2012-08-01,185.25,3.208,11.917,11.167,26.417,15.25,,28.583,197.167
2012-08-02,180.958,2.833,13.25,10.792,24.542,13.75,,22.875,194.208
2012-08-03,183.864,2.773,10.318,12.955,25.591,12.636,,22.458,194.182
2012-08-04,182.208,3.792,22.875,14.917,32.25,17.333,,27.292,205.083
2012-08-05,178.542,2.583,11.542,9.417,25.333,15.917,,25.833,190.083
2012-08-06,178.208,3.125,17.167,14.583,36.792,22.208,,22.917,195.375
2012-08-07,186.792,4.583,23.333,22.792,38.083,15.292,,41.125,210.125
2012-08-08,186.208,2.792,10.0,15.625,18.792,3.167,,27.417,196.208
2012-08-09,188.5,3.864,11.136,17.478,21.565,4.087,,20.833,199.636
2012-08-10,186.583,2.625,13.25,15.792,23.583,7.792,,29.708,199.833
2012-08-11,179.833,1.958,10.917,8.708,15.333,6.625,,29.458,190.75
2012-08-12,179.375,2.292,10.458,7.667,14.333,6.667,,20.875,189.833
2012-08-13,178.75,2.25,12.375,5.833,11.167,5.333,,25.708,191.125
2012-08-14,179.0,2.458,10.875,7.417,14.083,6.667,,26.208,189.875
2012-08-15,177.083,2.333,11.042,6.833,14.5,7.667,,20.125,188.125
2012-08-16,177.583,1.917,9.583,6.542,13.208,6.667,,22.333,187.167
2012-08-17,178.727,3.273,13.227,16.0,30.318,14.318,,28.455,191.955
2012-08-18,178.261,3.391,14.435,9.913,21.696,11.783,,17.522,192.696
2012-08-19,179.792,2.208,15.708,9.125,16.083,6.958,,17.417,195.5
2012-08-20,182.542,2.792,19.417,17.667,34.417,16.75,,25.458,201.958
2012-08-21,176.875,2.458,13.458,10.458,19.75,9.292,,22.0,190.333
2012-08-22,174.375,1.708,12.167,7.792,17.625,9.833,,20.125,186.542
2012-08-23,175.792,2.0,14.625,9.875,21.208,11.333,,23.0,190.417
2012-08-24,178.619,3.875,15.095,12.391,28.783,16.391,,21.565,193.714
2012-08-25,180.25,3.542,16.292,11.375,24.458,13.083,,21.792,196.542
2012-08-26,178.167,2.542,14.042,9.083,17.708,8.625,,15.833,192.208
2012-08-27,180.917,3.208,16.625,10.75,22.917,12.167,,18.917,197.542
2012-08-28,182.417,3.792,14.167,11.25,20.958,9.708,,19.333,196.583
2012-08-29,180.136,2.591,11.727,8.826,16.348,7.522,,18.455,191.864
2012-08-30,176.208,3.708,19.25,11.542,22.083,10.542,,26.375,195.458
2012-08-31,176.75,3.25,15.417,12.0,24.833,12.833,,23.792,192.167
2012-09-01,182.375,3.333,11.583,15.375,27.167,11.792,,20.625,193.958
2012-09-02,184.583,4.0,11.333,17.708,22.833,5.125,,21.125,195.917
2012-09-03,186.042,4.708,22.083,21.417,34.208,12.792,,21.417,208.125
2012-09-04,182.417,3.958,15.375,15.917,28.542,12.625,,20.292,197.792
2012-09-05,188.75,4.708,26.917,29.292,39.583,10.292,,29.375,215.667
2012-09-06,182.417,3.542,16.625,17.417,25.917,8.5,,27.875,199.042
2012-09-07,190.8,6.217,28.85,28.636,43.318,14.682,,30.435,219.65
2012-09-08,185.125,4.542,18.75,19.625,32.917,13.292,,25.833,203.875
2012-09-09,182.958,3.75,14.917,10.333,18.75,8.417,,16.0,197.875
2012-09-10,181.625,4.167,15.542,12.5,25.833,13.333,,21.25,197.167
2012-09-11,182.792,3.708,14.042,14.042,27.833,13.792,,21.958,196.833
2012-09-12,185.167,5.5,15.833,23.5,30.75,7.25,,23.708,201.0
2012-09-13,187.417,6.333,24.5,30.625,45.042,14.417,,32.083,211.917
2012-09-14,182.091,4.565,13.682,15.87,25.13,9.261,,24.348,195.773
2012-09-15,183.75,4.208,17.625,19.583,38.958,19.375,,21.5,201.375
2012-09-16,182.625,4.75,18.583,14.167,24.375,10.208,,17.833,201.208
2012-09-17,179.083,3.583,11.583,8.292,16.375,8.083,,31.667,190.667
2012-09-18,178.083,4.417,12.958,10.208,22.208,12.0,,23.208,191.042
2012-09-19,178.136,4.091,10.682,10.955,20.682,9.727,,19.667,188.818
2012-09-20,186.25,4.958,13.292,15.0,21.333,6.333,,35.75,199.542
2012-09-21,192.667,6.167,23.042,25.208,37.417,12.208,,37.042,215.708
2012-09-22,192.125,4.833,16.25,20.042,26.167,6.125,,26.708,208.375
2012-09-23,189.75,4.542,12.667,17.125,21.583,4.458,,21.0,202.417
2012-09-24,190.542,6.667,18.25,25.375,37.375,12.0,,19.625,208.792
2012-09-25,190.417,4.625,13.375,20.292,29.083,8.792,,16.333,203.792
2012-09-26,193.125,3.833,14.042,18.333,25.458,7.125,,20.042,207.167
2012-09-27,191.136,3.545,12.182,13.957,19.565,5.609,,15.208,203.318
2012-09-28,187.333,3.542,14.667,16.542,24.167,7.625,,12.667,202.0
2012-09-29,187.583,5.167,22.667,21.833,33.167,11.333,,22.167,210.25
2012-09-30,182.292,3.667,10.542,7.042,9.542,2.5,,25.542,192.833
2012-10-01,181.542,3.917,10.167,10.0,14.625,4.625,,17.75,191.708
2012-10-02,188.375,4.417,14.042,22.167,33.125,10.958,,25.375,202.417
2012-10-03,189.75,4.917,20.5,25.917,39.292,13.375,,16.875,210.25
2012-10-04,186.667,4.958,15.708,19.708,30.667,10.958,,13.083,202.375
2012-10-05,190.81,5.565,17.381,31.435,43.043,11.609,,28.375,208.19
2012-10-06,192.667,6.75,19.583,32.0,43.833,11.833,,35.542,212.25
2012-10-07,189.75,4.083,10.625,11.958,15.042,3.083,,21.667,200.375
2012-10-08,191.542,4.042,8.667,11.542,13.917,2.375,,23.5,200.208
2012-10-09,192.625,4.208,13.458,19.208,26.708,7.5,,17.792,206.083
2012-10-10,193.167,4.333,13.375,21.042,31.0,9.958,,17.458,206.542
2012-10-11,191.833,4.125,16.5,26.542,39.333,12.792,,18.125,208.333
2012-10-12,193.045,4.773,17.091,28.0,37.045,9.045,,17.909,210.136
2012-10-13,192.458,5.208,17.458,26.542,38.375,11.833,,18.125,209.917
2012-10-14,196.708,6.833,21.083,26.042,33.375,7.333,,26.917,217.792
2012-10-15,195.417,5.458,18.125,31.083,43.792,12.708,,33.042,213.542
2012-10-16,192.917,4.75,11.042,17.458,21.458,4.0,,23.0,203.958
2012-10-17,199.875,8.167,33.542,44.417,63.208,18.792,,40.75,233.417
2012-10-18,195.917,6.25,24.417,30.25,47.542,17.292,,26.833,220.333
2012-10-19,191.545,3.682,10.727,15.667,22.167,6.5,,14.25,202.273
2012-10-20,195.375,5.875,23.833,29.308,52.462,23.154,,18.542,219.208
2012-10-21,196.667,8.5,30.042,,,,,28.75,226.708
2012-10-22,198.083,7.417,25.917,28.0,33.308,5.308,,37.667,224.0
2012-10-23,186.696,3.565,10.304,15.087,23.783,8.696,,22.348,197.0
2012-10-24,192.417,4.75,20.375,25.0,38.167,13.167,,12.333,212.792
2012-10-25,195.591,6.409,27.818,34.909,56.182,21.273,,22.75,223.409
2012-10-26,193.917,5.25,22.708,27.708,41.542,13.833,,28.833,216.625
2012-10-27,193.958,4.625,12.25,17.917,23.333,5.417,,23.583,206.208
2012-10-28,196.792,5.708,22.958,24.917,35.042,10.125,,18.208,219.75
2012-10-29,192.792,5.208,19.458,22.583,38.833,16.25,,15.833,212.25
2012-10-30,195.167,6.125,26.625,32.458,52.208,19.75,,18.875,221.792
2012-10-31,195.5,7.208,32.583,36.5,58.292,21.792,,22.958,228.083
2012-11-01,195.292,6.5,26.375,24.125,47.958,23.833,,25.583,221.667
2012-11-02,193.318,4.957,14.818,24.273,38.864,14.591,,10.478,208.136
2012-11-03,193.5,4.5,15.25,21.875,29.75,7.875,,16.292,208.75
2012-11-04,198.083,6.792,23.708,24.875,35.375,10.5,,15.083,221.792
2012-11-05,203.917,8.458,38.417,45.708,78.042,32.333,,36.875,242.333
2012-11-06,205.917,10.792,49.75,38.792,99.833,61.042,,47.583,255.667
2012-11-07,195.864,8.409,34.955,31.4,53.55,22.15,,32.846,230.818
2012-11-08,198.917,9.583,38.042,40.875,75.125,34.25,,,236.958
2012-11-09,197.042,7.75,29.958,36.708,65.292,28.583,,27.889,227.0
2012-11-10,192.833,4.667,13.875,20.25,31.958,11.708,,18.167,206.708
2012-11-11,199.083,6.75,26.0,27.458,41.083,13.625,,25.667,225.083
2012-11-12,193.792,5.417,20.417,23.833,37.958,14.125,,15.375,214.208
2012-11-13,195.083,6.208,22.208,24.625,53.583,28.958,,26.708,217.292
2012-11-14,193.125,5.417,15.542,22.167,37.292,15.125,,18.792,208.667
2012-11-15,198.909,8.174,30.773,35.591,70.5,34.909,,13.875,229.682
2012-11-16,195.167,5.75,15.75,22.833,38.875,16.042,,13.833,210.917
2012-11-17,190.75,4.083,9.542,13.125,18.375,5.25,,20.917,200.292
2012-11-18,193.667,5.667,15.958,16.208,23.333,7.125,,10.708,209.625
2012-11-19,199.417,7.875,28.958,34.25,67.25,33.0,,26.75,228.375
2012-11-20,200.75,10.542,43.042,43.375,95.667,52.292,,30.75,243.792
2012-11-21,197.182,8.182,27.091,31.0,61.524,30.524,,15.375,224.273
2012-11-22,207.208,12.042,56.292,43.625,125.833,82.208,,32.875,263.5
2012-11-23,204.667,9.583,47.417,39.5,97.292,57.792,,48.167,252.083
2012-11-24,193.458,5.667,9.417,17.042,23.0,5.958,,15.792,202.875
2012-11-25,195.583,6.542,20.542,22.333,35.792,13.458,,18.167,216.125
2012-11-26,201.208,9.0,37.458,37.792,93.292,55.5,,41.25,238.667
2012-11-27,195.083,5.792,18.208,25.833,51.333,25.5,,12.333,213.292
2012-11-28,202.875,8.958,35.875,36.042,91.667,55.625,,20.25,238.75
2012-11-29,200.818,7.783,36.636,41.87,91.696,49.826,,34.042,237.455
2012-11-30,200.833,8.417,33.625,36.708,72.208,35.5,,34.833,234.458
2012-12-01,197.208,6.083,18.792,23.25,38.25,15.0,,21.917,216.0
2012-12-02,195.75,5.417,9.833,15.042,20.958,5.917,,15.958,205.583
2012-12-03,196.417,5.625,19.208,26.167,45.25,19.083,,19.625,215.625
2012-12-04,198.583,7.792,38.667,34.417,79.417,45.0,,25.792,237.25
2012-12-05,199.958,9.375,35.583,35.708,85.708,50.0,,16.708,235.542
2012-12-06,192.619,5.0,12.333,17.348,27.87,10.522,,13.522,204.952
2012-12-07,199.708,9.333,33.5,36.833,82.375,45.542,,16.458,233.208
2012-12-08,193.375,4.292,10.667,10.875,16.375,5.5,,17.458,204.042
2012-12-09,194.375,4.958,9.458,10.333,14.0,3.667,,9.333,203.833
2012-12-10,196.083,6.333,16.292,24.792,46.75,21.958,,10.458,212.375
2012-12-11,199.792,8.75,30.792,35.458,81.25,45.792,,9.708,230.583
2012-12-12,203.583,10.292,40.458,38.875,88.917,50.042,,18.583,244.042
2012-12-13,200.273,8.565,32.773,39.0,84.227,45.227,,18.458,233.045
2012-12-14,201.417,9.0,37.708,44.583,90.542,45.958,,26.167,239.125
2012-12-15,205.458,10.5,50.75,46.333,106.542,60.208,,43.0,256.208
2012-12-16,203.292,9.167,46.917,35.75,70.875,35.125,,35.708,250.208
2012-12-17,197.708,7.583,25.875,36.458,62.167,25.708,,25.542,223.583
2012-12-18,193.875,7.208,22.792,28.042,48.042,20.0,,21.417,216.667
2012-12-19,191.542,5.083,11.042,19.333,33.333,14.0,,9.958,202.583
2012-12-20,198.5,8.5,31.0,34.696,69.739,35.043,,16.727,229.5
2012-12-21,204.208,8.458,33.875,42.0,84.5,42.5,,22.125,238.083
2012-12-22,207.333,10.333,42.75,44.708,100.083,55.375,,36.375,250.083
2012-12-23,199.375,7.0,21.542,19.167,28.375,9.208,,15.333,220.917
2012-12-24,199.625,6.25,15.208,22.375,33.0,10.625,,14.25,214.833
2012-12-25,200.917,6.792,22.0,29.125,59.375,30.25,,19.0,222.917
2012-12-26,197.708,5.625,14.542,21.917,36.875,14.958,,10.5,212.25
2012-12-27,200.15,8.05,21.95,26.35,46.9,20.55,,14.087,222.1
2012-12-28,208.5,10.667,42.958,46.125,120.625,74.5,,32.375,251.458
2012-12-29,194.542,4.583,12.792,16.625,23.958,7.333,,18.667,207.333
2012-12-30,199.583,7.5,23.958,28.25,45.208,16.958,,18.583,223.542
2012-12-31,194.542,6.167,14.0,14.583,20.708,6.125,,12.708,208.542
2013-01-01,,5.917,,12.792,19.292,6.5,21.0,26.208,
2013-01-02,,4.167,,8.625,11.708,3.083,10.792,13.083,
2013-01-03,,7.333,,21.458,34.542,13.083,14.458,18.5,
2013-01-04,,7.417,,27.708,53.0,25.292,17.042,22.833,
2013-01-05,,3.417,,9.625,11.958,2.333,6.125,9.25,
2013-01-06,,4.875,,19.667,34.667,15.0,8.292,12.0,
2013-01-07,,6.182,,24.0,38.045,14.045,10.227,13.708,
2013-01-08,,7.5,,34.542,73.458,38.917,17.0,30.542,
2013-01-09,,5.625,,20.042,30.083,10.042,9.25,16.792,
2013-01-10,,7.667,,24.375,52.958,28.583,9.0,14.292,
2013-01-11,,10.75,,38.792,92.417,53.625,16.375,23.792,
2013-01-12,,7.333,,26.75,40.958,14.208,14.583,17.708,
2013-01-13,,4.833,,16.75,23.542,6.792,7.958,8.708,
2013-01-14,,4.5,,19.083,26.5,7.417,7.5,13.792,
2013-01-15,,4.958,,26.458,39.042,12.583,10.708,15.792,
2013-01-16,,8.727,,36.182,65.818,29.636,14.042,19.364,
2013-01-17,,5.958,,27.75,42.833,15.083,9.208,15.167,
2013-01-18,,7.458,,25.25,38.0,12.75,14.25,19.542,
2013-01-19,,4.5,,12.25,18.0,5.75,6.542,12.708,
2013-01-20,,6.75,,25.625,52.917,27.292,10.5,14.667,
2013-01-21,,7.75,,36.333,67.25,30.917,20.375,31.208,
2013-01-22,,7.625,,22.417,30.25,7.833,19.625,26.5,
2013-01-23,,8.545,,35.182,68.591,33.409,14.522,15.417,
2013-01-24,,7.083,,35.417,61.625,26.208,17.292,20.958,
2013-01-25,,8.125,,33.5,78.0,44.5,22.417,33.958,
2013-01-26,,4.167,,9.917,13.125,3.208,10.875,22.75,
2013-01-27,,4.75,,17.333,26.333,9.0,6.625,14.583,
2013-01-28,,3.917,,13.042,20.125,7.083,9.125,11.917,
2013-01-29,,6.667,,27.208,41.167,13.958,10.625,20.958,
2013-01-30,,4.565,,15.0,23.773,8.773,9.583,16.042,
2013-01-31,,5.167,,22.25,31.167,8.917,11.25,16.125,
2013-02-01,,7.5,,34.542,62.75,28.208,18.833,25.25,
2013-02-02,,8.542,,30.083,48.5,18.417,21.583,37.458,
2013-02-03,,6.042,,16.042,26.25,10.208,23.083,42.0,
2013-02-04,,4.875,,17.333,23.083,5.75,12.708,23.167,
2013-02-05,,4.625,,17.083,29.625,12.542,5.75,8.417,
2013-02-06,,4.182,,16.636,25.0,8.364,7.227,10.417,
2013-02-07,,4.583,,17.542,25.542,8.0,9.25,12.333,
2013-02-08,,3.545,,12.591,16.545,3.955,8.727,12.682,
2013-02-09,,3.958,,20.833,31.917,11.083,4.417,9.208,
2013-02-10,,5.708,,27.5,41.792,14.292,10.875,15.667,
2013-02-11,,4.0,,11.083,14.625,3.542,6.958,13.0,
2013-02-12,,3.833,,12.5,18.5,6.0,6.833,11.667,
2013-02-13,,6.458,,24.5,32.833,8.333,9.625,12.708,
2013-02-14,,5.059,,22.059,29.765,7.706,11.105,12.353,
2013-02-15,,3.783,,17.304,24.174,6.87,2.87,5.217,
2013-02-16,,5.833,,22.083,41.0,18.917,9.917,12.417,
2013-02-17,,7.417,,33.708,60.75,27.042,28.083,31.083,
2013-02-18,,5.292,,17.875,25.375,7.5,10.792,15.208,
2013-02-19,,4.333,,17.917,25.958,8.042,9.25,16.0,
2013-02-20,,5.864,,23.545,29.909,6.364,15.625,20.571,
2013-02-21,,5.125,,19.833,27.0,7.167,14.375,18.667,
2013-02-22,,5.833,,22.625,32.125,9.5,10.042,16.0,
2013-02-23,,5.042,,17.542,22.833,5.292,11.875,18.5,
2013-02-24,,5.208,,24.667,36.417,11.75,13.208,20.667,
2013-02-25,,8.375,,35.667,58.5,22.833,28.125,40.25,
2013-02-26,,8.458,,36.083,59.917,23.833,40.833,48.083,
2013-02-27,,8.583,,34.917,65.625,30.708,39.917,62.833,
2013-02-28,,6.0,,31.364,49.5,18.136,24.913,39.125,
2013-03-01,,6.25,,23.042,31.583,8.542,30.375,40.375,
2013-03-02,,5.833,,13.958,18.25,4.292,13.542,21.042,
2013-03-03,,4.958,,17.875,26.958,9.083,8.917,15.167,
2013-03-04,,5.583,,19.625,26.167,6.542,14.875,19.083,
2013-03-05,,8.0,,35.333,65.625,30.292,18.667,33.833,
2013-03-06,,4.417,,17.125,24.542,7.417,8.083,11.417,
2013-03-07,,5.591,,22.455,34.773,12.318,11.417,15.625,
2013-03-08,,6.708,,27.958,41.417,13.458,13.5,18.833,
2013-03-09,,5.583,,19.125,24.708,5.583,12.625,18.667,
2013-03-10,,5.792,,21.708,35.958,14.25,9.0,14.417,
2013-03-11,,5.7,,28.5,52.3,23.8,4.6,11.7,
2013-03-14,,4.0,,34.0,76.0,42.0,-4.0,3.0,
2013-04-01,,5.042,,20.5,25.792,5.292,14.292,20.5,
2013-04-02,,9.0,,41.417,74.667,33.25,15.917,26.25,
2013-04-03,,6.667,,27.042,40.542,13.5,3.667,7.125,
2013-04-04,,6.75,,27.292,54.292,27.0,8.667,17.042,
2013-04-05,,5.0,,21.727,31.5,9.773,17.333,26.792,
2013-04-06,,3.5,,9.583,13.708,4.125,9.708,22.917,
2013-04-07,,3.833,,4.875,6.875,2.0,8.0,25.417,
2013-04-08,,6.042,,27.667,38.042,10.375,8.167,13.625,
2013-04-09,,4.708,,21.042,35.958,14.917,14.542,21.708,
2013-04-10,,5.167,,18.542,22.833,4.292,17.333,25.375,
2013-04-11,,4.864,,14.727,19.091,4.364,12.261,17.417,
2013-04-12,,5.958,,22.875,29.75,6.875,16.583,23.792,
2013-04-13,,5.125,,17.375,22.458,5.083,9.583,14.292,
2013-04-14,,4.083,,7.0,8.542,1.542,17.417,22.333,
2013-04-15,,4.0,,16.375,23.208,6.833,22.875,30.833,
2013-04-16,,5.0,,18.583,23.417,4.833,15.208,25.042,
2013-04-17,,3.792,,11.125,14.875,3.75,27.292,42.667,
2013-04-18,,3.696,,11.727,17.864,6.136,13.227,23.542,
2013-04-19,,5.25,,18.5,22.333,3.833,12.458,17.083,
2013-04-20,,5.292,,17.833,21.708,3.875,16.833,22.708,
2013-04-21,,3.792,,10.333,12.875,2.542,5.5,11.458,
2013-04-22,,4.75,,22.0,29.833,7.833,14.458,17.875,
2013-04-23,,6.083,,25.208,33.708,8.5,18.708,23.333,
2013-04-24,,3.375,,10.833,14.833,4.0,14.125,26.708,
2013-04-25,,4.682,,19.273,24.455,5.182,15.625,22.75,
2013-04-26,,5.208,,20.042,26.125,6.083,19.0,25.25,
2013-04-27,,5.625,,17.5,22.917,5.417,10.958,16.375,
2013-04-28,,4.667,,16.042,19.458,3.417,12.75,17.708,
2013-04-29,,5.208,,20.333,25.125,4.792,19.583,25.917,
2013-04-30,,4.333,,8.667,11.208,2.542,18.708,28.25,
2013-05-01,,4.625,,15.5,19.458,3.958,18.917,32.75,
2013-05-02,,5.318,,18.409,25.409,7.0,6.348,11.318,
2013-05-03,,5.0,,15.625,20.125,4.5,7.792,13.292,
2013-05-04,,5.708,,15.417,18.667,3.25,12.208,16.208,
2013-05-05,,5.417,,13.792,17.0,3.208,14.875,18.042,
2013-05-06,,4.417,,9.625,11.417,1.792,20.417,27.125,
2013-05-07,,4.375,,15.5,23.375,7.875,8.667,12.458,
2013-05-08,,4.167,,20.125,27.792,7.667,7.333,13.583,
2013-05-09,,4.542,,21.333,30.5,9.167,11.375,17.583,
2013-05-10,,5.909,,29.0,37.864,8.864,22.318,29.542,
2013-05-11,,2.792,,9.292,12.875,3.583,6.792,17.333,
2013-05-12,,4.167,,13.417,16.625,3.208,7.667,14.083,
2013-05-13,,3.833,,13.083,19.292,6.208,9.0,18.417,
2013-05-14,,3.792,,19.167,25.167,6.0,13.042,16.292,
2013-05-15,,2.75,,18.5,28.042,9.542,12.042,20.25,
2013-05-16,,4.583,,21.125,28.292,7.167,17.958,30.625,
2013-05-17,,6.091,,19.409,25.182,5.773,15.625,25.958,
2013-05-18,,3.792,,11.917,15.583,3.667,12.125,20.25,
2013-05-19,,3.167,,8.542,10.833,2.292,7.833,15.458,
2013-05-20,,6.25,,34.083,55.792,21.708,9.5,17.667,
2013-05-21,,6.375,,28.708,40.667,11.958,14.167,28.0,
2013-05-22,,5.083,,17.75,23.917,6.167,21.458,30.0,
2013-05-23,,5.043,,31.522,41.957,10.435,25.409,35.125,
2013-05-24,,4.208,,26.208,42.208,16.0,13.875,20.583,
2013-05-25,,4.833,,14.458,18.917,4.458,13.167,23.708,
2013-05-26,,4.417,,10.083,13.708,3.625,11.75,19.292,
2013-05-27,,4.083,,15.917,22.625,6.708,9.625,17.875,
2013-05-28,,4.208,,14.375,22.917,8.542,6.875,15.667,
2013-05-29,,3.625,,11.667,18.208,6.542,9.375,21.583,
2013-05-30,,3.227,,7.273,12.409,5.136,7.792,25.043,
2013-05-31,,3.958,,17.833,21.292,3.458,14.042,25.667,
2013-06-01,,4.542,,16.292,19.375,3.083,15.958,26.167,
2013-06-02,,3.167,,8.958,10.5,1.542,12.083,18.167,
2013-06-03,,5.708,,18.458,23.083,4.625,15.417,21.125,
2013-06-04,,4.542,,19.0,27.083,8.083,16.625,25.833,
2013-06-05,,3.708,,12.708,19.0,6.292,12.708,20.75,
2013-06-06,,4.609,,17.727,27.364,9.636,11.136,14.458,
2013-06-07,,4.375,,14.417,18.333,3.917,6.125,15.208,
2013-06-08,,3.25,,16.458,21.458,5.0,12.25,19.333,
2013-06-09,,3.042,,14.708,18.667,3.958,18.792,32.208,
2013-06-10,,3.917,,16.542,24.333,7.792,13.375,19.167,
2013-06-11,,3.75,,19.75,25.458,5.708,10.625,20.25,
2013-06-12,,4.542,,24.833,38.167,13.333,12.417,27.708,
2013-06-13,,3.182,,15.955,26.045,10.091,4.708,15.75,
2013-06-14,,4.75,,25.208,52.583,27.375,9.125,19.458,
2013-06-15,,3.792,,13.75,37.708,23.958,9.458,19.917,
2013-06-16,,2.375,,12.458,15.625,3.167,5.167,12.667,
2013-06-17,,4.167,,16.5,22.208,5.708,13.458,22.458,
2013-06-18,,2.792,,12.0,17.875,5.875,21.042,37.333,
2013-06-19,,2.083,,7.958,12.792,4.833,15.667,35.167,
2013-06-20,,3.0,,14.083,18.125,4.042,5.125,20.375,
2013-06-21,,5.609,,22.957,33.348,10.391,10.708,30.696,
2013-06-22,,5.0,,25.667,35.542,9.875,11.292,19.292,
2013-06-23,,5.667,,20.75,24.875,4.125,22.5,40.0,
2013-06-24,,6.542,,27.583,39.083,11.5,24.875,40.542,
2013-06-25,,5.5,,23.542,31.875,8.333,22.917,33.375,
2013-06-26,,4.667,,21.833,31.25,9.417,15.792,28.583,
2013-06-27,,3.571,,18.619,23.714,5.095,6.136,14.524,
2013-06-28,,5.167,,19.042,30.375,11.333,14.167,25.25,
2013-06-29,,3.958,,17.917,27.25,9.333,12.417,22.667,
2013-06-30,,3.375,,9.75,14.125,4.375,8.25,16.875,
2013-07-01,,3.917,,14.333,25.458,11.125,6.667,16.5,
2013-07-02,,2.792,,14.583,24.542,9.958,6.083,15.25,
2013-07-03,,3.042,,10.708,19.458,8.75,6.667,16.333,
2013-07-04,,1.913,,8.522,14.0,5.478,6.542,23.167,
2013-07-05,,1.583,,5.25,10.167,4.917,10.292,38.792,
2013-07-06,,2.417,,4.875,10.167,5.292,11.25,36.833,
2013-07-07,,1.792,,6.125,10.208,4.083,12.208,33.083,
2013-07-08,,5.542,,26.292,43.583,17.292,24.583,42.042,
2013-07-09,,5.25,,26.0,35.375,9.375,29.875,50.0,
2013-07-10,,3.208,,13.875,19.625,5.75,33.958,54.917,
2013-07-11,,2.773,,12.636,17.773,5.136,35.227,56.583,
2013-07-12,,5.083,,27.375,40.958,13.583,35.417,56.5,
2013-07-13,,7.5,,33.417,44.292,10.875,45.542,67.25,
2013-07-14,,5.083,,21.042,24.417,3.375,41.708,66.5,
2013-07-15,,4.208,,18.667,22.375,3.708,27.0,44.667,
2013-07-16,,5.125,,20.417,24.333,3.917,11.333,21.625,
2013-07-17,,3.708,,16.75,24.625,7.875,11.292,18.625,
2013-07-18,,3.083,,17.375,22.083,4.708,20.0,32.75,
2013-07-19,,3.522,,15.826,19.652,3.826,8.958,22.583,
2013-07-20,,3.833,,16.5,20.083,3.583,8.667,18.75,
2013-07-21,,6.583,,20.083,25.208,5.125,15.167,23.417,
2013-07-22,,4.75,,16.042,23.875,7.833,17.125,31.375,
2013-07-23,,3.833,,26.458,36.0,9.542,29.167,48.792,
2013-07-24,,4.208,,18.625,30.208,11.583,13.375,24.083,
2013-07-25,,4.625,,18.5,27.833,9.333,15.708,26.583,
2013-07-26,,4.174,,15.348,24.652,9.304,18.522,37.261,
2013-07-27,,3.875,,15.333,20.417,5.083,16.5,38.958,
2013-07-28,,4.083,,18.208,20.667,2.458,15.625,29.458,
2013-07-29,,5.208,,16.083,22.458,6.375,20.875,32.042,
2013-07-30,,6.083,,22.625,30.875,8.25,28.583,48.875,
2013-07-31,,4.583,,20.375,28.333,7.958,25.167,44.875,
2013-08-01,,4.208,,21.667,31.292,9.625,28.667,50.25,
2013-08-02,,4.217,,14.348,20.783,6.435,13.292,31.625,
2013-08-03,,5.125,,13.958,23.125,9.167,11.75,23.667,
2013-08-04,,3.292,,8.375,12.875,4.5,7.417,17.125,
2013-08-05,,4.083,,11.583,17.292,5.708,11.333,28.083,
2013-08-06,,2.958,,13.667,21.625,7.958,13.208,25.042,
2013-08-07,,4.625,,23.375,31.042,7.667,19.75,32.792,
2013-08-08,,4.364,,19.5,25.045,5.545,29.682,43.833,
2013-08-09,,3.5,,12.292,15.458,3.167,34.667,64.542,
2013-08-10,,5.25,,20.042,23.208,3.167,48.083,83.75,
2013-08-11,,5.75,,16.042,19.458,3.417,49.583,80.042,
2013-08-12,,6.583,,21.75,26.125,4.375,47.792,74.083,
2013-08-13,,4.083,,18.583,23.167,4.583,36.458,61.375,
2013-08-14,,4.375,,12.958,16.708,3.75,26.75,43.833,
2013-08-15,,4.042,,10.792,15.208,4.417,21.875,39.917,
2013-08-16,,4.0,,8.889,12.056,3.167,19.0,41.458,
2013-08-17,,3.667,,7.917,11.458,3.542,11.417,27.458,
2013-08-18,,2.625,,5.833,8.375,2.542,6.5,20.333,
2013-08-19,,3.0,,7.25,13.625,6.375,8.083,27.25,
2013-08-20,,2.292,,5.708,11.708,6.0,5.0,21.042,
2013-08-21,,2.792,,15.375,26.125,10.75,8.25,22.458,
2013-08-22,,4.625,,20.583,27.792,7.208,22.125,43.167,
2013-08-23,,4.818,,21.909,32.227,10.318,19.913,43.591,
2013-08-24,,4.292,,23.75,31.833,8.083,13.333,27.208,
2013-08-25,,5.167,,21.875,26.708,4.833,16.958,30.25,
2013-08-26,,6.292,,25.333,35.208,9.875,15.667,25.5,
2013-08-27,,4.167,,15.042,19.042,4.0,9.125,20.458,
2013-08-28,,4.75,,25.542,33.583,8.042,15.0,26.375,
2013-08-29,,4.542,,17.25,22.75,5.5,17.667,34.417,
2013-08-30,,2.957,,8.261,13.696,5.435,18.667,44.391,
2013-08-31,,2.625,,6.917,11.708,4.792,12.833,42.917,
2013-09-01,,2.5,,8.208,11.167,2.958,11.875,38.417,
2013-09-02,,3.292,,13.292,23.25,9.958,6.292,22.292,
2013-09-03,,3.583,,9.625,23.167,13.542,5.25,16.708,
2013-09-04,,3.458,,12.333,22.542,10.208,6.625,28.417,
2013-09-05,,1.682,,9.476,17.381,7.905,6.174,28.087,
2013-09-06,,4.458,,17.208,26.875,9.667,9.875,29.417,
2013-09-07,,4.375,,15.083,17.708,2.625,18.042,33.625,
2013-09-08,,2.917,,10.25,14.917,4.667,7.25,22.417,
2013-09-09,,3.875,,17.542,21.958,4.417,7.208,12.458,
2013-09-10,,5.667,,23.042,30.333,7.292,13.208,23.917,
2013-09-11,,5.625,,26.958,38.25,11.292,10.667,23.417,
2013-09-12,,5.375,,23.375,33.042,9.667,15.458,23.875,
2013-09-13,,5.636,,20.455,28.545,8.091,20.826,42.292,
2013-09-14,,4.417,,19.625,30.542,10.917,11.708,33.167,
2013-09-15,,2.958,,7.125,14.208,7.083,8.167,32.708,
2013-09-16,,2.25,,5.708,8.333,2.625,9.958,34.708,
2013-09-17,,3.75,,18.667,23.833,5.167,9.167,15.583,
2013-09-18,,3.917,,24.875,36.292,11.417,11.667,21.167,
2013-09-19,,5.609,,37.043,68.13,31.087,19.208,30.091,
2013-09-20,,5.917,,28.375,43.542,15.167,17.0,27.917,
2013-09-21,,4.167,,16.708,24.25,7.542,13.708,25.542,
2013-09-22,,5.208,,17.833,22.167,4.333,22.875,37.75,
2013-09-23,,2.333,,7.083,9.417,2.333,8.958,21.0,
2013-09-24,,5.417,,26.292,38.875,12.583,13.25,23.292,
2013-09-25,,5.583,,27.25,42.5,15.25,8.083,18.417,
2013-09-26,,2.208,,12.0,15.625,3.625,6.0,17.667,
2013-09-27,,2.913,,15.318,21.273,5.955,6.783,15.125,
2013-09-28,,4.5,,22.667,30.667,8.0,9.583,15.708,
2013-09-29,,4.625,,19.25,24.833,5.583,10.708,19.0,
2013-09-30,,3.417,,17.333,23.458,6.125,10.708,19.458,
2013-10-01,,4.667,,29.083,45.208,16.125,13.625,23.75,
2013-10-02,,4.417,,19.417,30.958,11.542,11.333,23.125,
2013-10-03,,3.542,,20.875,31.333,10.458,14.667,28.875,
2013-10-04,,3.273,,13.5,18.318,4.818,10.042,16.167,
2013-10-05,,3.875,,16.5,23.917,7.417,6.875,14.167,
2013-10-06,,3.333,,14.083,17.625,3.542,9.917,19.0,
2013-10-07,,4.417,,20.375,27.792,7.417,13.792,25.5,
2013-10-08,,4.0,,12.875,26.292,13.417,7.375,19.958,
2013-10-09,,1.625,,6.375,10.542,4.167,7.208,19.417,
2013-10-10,,4.13,,19.381,32.19,12.81,12.043,24.417,
2013-10-11,,3.583,,12.833,20.792,7.958,8.708,23.958,
2013-10-12,,3.458,,9.542,13.417,3.875,12.125,21.583,
2013-10-13,,4.167,,15.25,19.375,4.125,7.125,13.75,
2013-10-14,,5.5,,22.792,29.333,6.542,13.083,21.625,
2013-10-15,,6.583,,32.583,51.583,19.0,19.0,32.833,
2013-10-16,,3.667,,13.417,19.083,5.667,3.087,12.75,
2013-10-17,,3.833,,13.917,20.292,6.375,5.542,13.833,
2013-10-18,,4.409,,16.227,21.955,5.727,8.167,14.429,
2013-10-19,,4.708,,18.167,26.042,7.875,13.042,19.917,
2013-10-20,,3.833,,11.167,15.75,4.583,4.458,8.917,
2013-10-21,,3.625,,19.333,29.208,9.875,6.792,18.958,
2013-10-22,,3.125,,15.875,22.75,6.875,5.5,14.75,
2013-10-23,,3.333,,15.542,21.708,6.167,5.667,12.625,
2013-10-24,,5.125,,23.667,37.917,14.25,9.292,23.708,
2013-10-25,,7.364,,29.273,69.318,40.045,13.042,27.167,
2013-10-26,,5.083,,13.75,17.792,4.042,6.292,18.792,
2013-10-27,,5.542,,16.583,22.625,6.042,8.875,14.75,
2013-10-28,,5.667,,24.667,35.125,10.458,14.042,23.167,
2013-10-29,,8.417,,42.292,83.917,41.625,20.333,31.875,
2013-10-30,,6.583,,30.542,43.917,13.375,14.917,27.833,
2013-10-31,,8.045,,34.0,44.682,10.682,27.0,31.875,
2013-11-01,,8.458,,36.708,56.75,20.042,26.292,34.375,
2013-11-02,,9.417,,41.625,66.333,24.708,26.292,38.583,
2013-11-03,,10.25,,38.292,55.292,17.0,39.875,66.458,
2013-11-04,,7.708,,25.458,33.708,8.25,27.208,46.042,
2013-11-05,,8.042,,27.542,44.0,16.458,19.833,25.042,
2013-11-06,,6.458,,31.125,64.083,32.958,16.667,24.625,
2013-11-07,,6.542,,26.5,46.333,19.833,14.083,23.083,
2013-11-08,,7.545,,34.545,59.773,25.227,18.0,21.875,
2013-11-09,,6.958,,28.625,48.042,19.417,13.083,25.333,
2013-11-10,,4.833,,14.75,20.375,5.625,13.958,32.0,
2013-11-11,,4.208,,13.0,19.0,6.0,6.5,17.167,
2013-11-12,,6.333,,26.0,50.958,24.958,8.875,18.0,
2013-11-13,,4.958,,22.208,37.083,14.875,5.333,16.5,
2013-11-14,,10.364,,35.5,68.773,33.273,15.417,33.125,
2013-11-15,,9.333,,41.958,85.417,43.458,19.292,39.917,
2013-11-16,,8.458,,30.333,52.167,21.833,18.333,31.5,
2013-11-17,,7.083,,20.25,34.0,13.75,19.917,36.792,
2013-11-18,,5.292,,17.625,31.792,14.167,16.458,36.583,
2013-11-19,,3.125,,10.792,16.875,6.083,6.25,19.125,
2013-11-20,,4.167,,11.667,17.125,5.458,10.125,19.583,
2013-11-21,,8.125,,29.792,62.208,32.417,12.417,29.083,
2013-11-22,,10.591,,37.182,85.545,48.364,13.913,20.545,
2013-11-23,,6.167,,22.667,32.583,9.917,8.042,12.333,
2013-11-24,,9.125,,38.0,60.042,22.042,22.0,31.708,
2013-11-25,,7.042,,28.542,51.958,23.417,17.25,24.292,
2013-11-26,,6.25,,22.375,37.958,15.583,10.292,17.417,
2013-11-27,,3.909,,14.864,22.455,7.591,6.583,13.952,
2013-11-28,,3.917,,10.833,16.083,5.25,8.667,14.542,
2013-11-29,,5.375,,19.542,36.458,16.917,8.042,13.0,
2013-11-30,,7.625,,31.25,66.458,35.208,9.083,16.75,
2013-12-01,,10.75,,38.667,81.833,43.167,19.375,27.667,
2013-12-02,,10.875,,39.875,83.125,43.25,24.875,29.833,
2013-12-03,,11.5,,48.667,101.542,52.875,24.417,34.417,
2013-12-04,,8.167,,39.875,71.542,31.667,18.917,39.7,
2013-12-05,,8.773,,36.318,62.682,26.364,21.261,,
2013-12-06,,7.625,,34.292,60.5,26.208,21.417,32.25,
2013-12-07,,6.833,,28.667,43.875,15.208,11.25,15.792,
2013-12-08,,4.208,,14.542,17.833,3.292,7.542,10.5,
2013-12-09,,9.125,,37.833,74.375,36.542,15.958,24.458,
2013-12-10,,10.208,,39.042,96.333,57.292,20.083,32.5,
2013-12-11,,6.087,,23.5,45.864,22.364,9.0,14.708,
2013-12-12,,4.792,,17.25,28.0,10.75,8.583,13.958,
2013-12-13,,4.25,,15.167,25.5,10.333,8.583,11.5,
2013-12-14,,4.25,,16.0,27.542,11.542,7.5,12.0,
2013-12-15,,4.542,,12.458,17.583,5.125,6.583,10.167,
2013-12-16,,5.375,,22.708,40.333,17.625,5.708,11.042,
2013-12-17,,5.75,,24.333,39.083,14.75,9.75,12.833,
2013-12-18,,6.5,,28.208,47.292,19.083,12.583,15.75,
2013-12-19,,5.227,,22.048,37.762,15.714,5.0,13.273,
2013-12-20,,7.375,,25.375,50.75,25.375,14.429,11.292,
2013-12-21,,8.75,,32.792,72.583,39.792,13.875,18.708,
2013-12-22,,4.792,,16.917,24.583,7.667,3.333,5.542,
2013-12-23,,6.292,,29.75,45.625,15.875,10.125,12.667,
2013-12-24,,4.958,,22.375,35.875,13.5,7.833,11.375,
2013-12-25,,5.542,,22.583,38.167,15.583,9.542,8.917,
2013-12-26,,9.375,,44.667,107.458,62.792,26.583,37.75,
2013-12-27,,6.818,,25.545,39.409,13.864,14.042,22.667,
2013-12-28,,6.583,,24.375,41.458,17.083,8.375,9.417,
2013-12-29,,6.792,,26.833,49.333,22.5,7.083,11.792,
2013-12-30,,8.458,,29.75,62.0,32.25,12.208,16.167,
2013-12-31,,7.875,,25.333,46.625,21.292,15.292,15.75,
