date,SPM_mean
2011-01-01,22.833
2011-01-02,16.375
2011-01-03,18.917
2011-01-04,31.125
2011-01-05,16.545
2011-02-06,43.929
2011-02-07,24.917
2011-02-08,17.583
2011-02-09,16.375
2011-02-10,25.333
2011-02-11,24.833
2011-02-12,22.5
2011-02-13,25.083
2011-02-14,24.833
2011-02-15,32.583
2011-02-16,20.583
2011-02-17,20.75
2011-02-18,19.458
2011-02-19,19.667
2011-02-20,23.667
2011-02-21,28.417
2011-02-22,47.833
2011-02-23,38.042
2011-02-24,47.417
2011-02-25,43.083
2011-02-26,22.0
2011-02-27,22.708
2011-02-28,21.708
2011-03-01,28.292
2011-03-02,36.875
2011-03-03,30.708
2011-03-04,42.042
2011-03-05,25.458
2011-03-06,24.25
2011-03-07,46.75
2011-03-08,40.261
2011-03-09,36.167
2011-03-10,22.5
2011-03-11,17.833
2011-03-12,22.833
2011-03-13,20.875
2011-03-14,26.0
2011-03-15,29.0
2011-03-16,30.417
2011-03-17,30.375
2011-03-18,23.833
2011-03-19,21.083
2011-03-20,19.0
2011-03-21,21.5
2011-03-22,27.167
2011-03-23,31.167
2011-03-24,22.083
2011-03-25,25.167
2011-03-26,22.375
2011-03-27,29.042
2011-03-28,38.583
2011-03-29,34.542
2011-03-30,41.625
2011-03-31,31.833
2011-05-02,28.5
2011-05-03,23.042
2011-05-04,21.75
2011-05-05,19.958
2011-05-06,28.625
2011-05-07,26.417
2011-05-08,33.833
2011-05-09,35.542
2011-05-10,36.875
2011-05-11,20.417
2011-05-12,20.958
2011-05-13,34.958
2011-05-14,26.625
2011-05-15,28.333
2011-05-16,32.667
2011-05-17,35.167
2011-05-18,30.833
2011-05-19,36.75
2011-05-20,54.0
2011-05-21,49.625
2011-05-22,22.0
2011-05-23,22.167
2011-05-24,20.292
2011-05-25,36.083
2011-05-26,31.708
2011-05-27,28.167
2011-05-28,24.667
2011-05-29,23.458
2011-05-30,21.125
2011-05-31,23.542
2011-06-01,28.375
2011-06-02,18.667
2011-06-03,50.391
2011-06-04,59.375
2011-06-05,60.417
2011-06-06,44.25
2011-06-07,47.625
2011-06-08,51.375
2011-06-09,45.292
2011-06-10,42.125
2011-06-11,26.565
2011-06-12,29.0
2011-06-13,33.042
2011-06-14,39.708
2011-06-15,29.0
2011-06-16,26.958
2011-06-17,22.583
2011-06-18,20.125
2011-06-19,24.042
2011-06-20,25.792
2011-06-21,38.042
2011-06-22,44.667
2011-06-23,55.75
2011-06-24,66.875
2011-06-25,63.167
2011-06-26,50.667
2011-06-27,44.625
2011-06-28,56.542
2011-06-29,64.625
2011-06-30,65.917
2011-07-01,59.708
2011-07-02,51.167
2011-07-03,65.792
2011-07-04,65.042
2011-07-05,63.375
2011-07-06,54.917
2011-07-07,30.917
2011-07-08,59.043
2011-07-09,72.87
2011-07-10,72.304
2011-07-11,74.864
2011-07-12,79.542
2011-07-13,83.875
2011-07-14,81.583
2011-07-15,90.5
2011-07-16,89.688
2011-07-22,71.214
2011-07-23,74.042
2011-07-24,80.474
2011-07-28,84.1
2011-07-29,79.958
2011-07-30,76.208
2011-07-31,77.583
2011-08-01,73.583
2011-08-02,79.583
2011-08-03,80.5
2011-08-04,75.375
2011-08-05,50.958
2011-08-06,56.333
2011-08-07,57.958
2011-08-08,66.458
2011-08-09,69.333
2011-08-10,81.417
2011-08-11,61.333
2011-09-01,44.769
2011-09-02,50.208
2011-09-03,60.708
2011-09-04,43.75
2011-09-05,34.875
2011-09-06,37.812
2011-09-07,45.143
2011-09-08,51.625
2011-09-09,56.5
2011-09-10,62.417
2011-09-11,43.875
2011-09-12,48.292
2011-09-15,48.556
2011-09-16,43.625
2011-09-17,36.75
2011-09-18,47.583
2011-09-19,40.652
2011-09-20,34.542
2011-09-21,38.5
2011-09-26,58.364
2011-09-27,45.792
2011-09-28,44.958
2011-09-29,57.417
2011-09-30,57.5
2011-10-01,29.75
2011-10-02,25.958
2011-10-03,24.708
2011-10-04,29.955
2011-10-05,37.083
2011-10-06,27.083
2011-10-07,48.167
2011-10-08,49.792
2011-10-09,54.125
2011-10-10,54.583
2011-10-11,70.333
2011-10-13,58.636
2011-10-14,60.458
2011-10-15,30.958
2011-10-16,37.458
2011-10-17,44.958
2011-10-18,35.125
2011-10-19,36.042
2011-10-20,51.958
2011-10-21,54.208
2011-10-22,32.208
2011-10-23,26.333
2011-10-24,30.958
2011-10-25,30.833
2011-10-26,25.75
2011-10-27,34.958
2011-10-28,46.417
2011-10-29,47.458
2011-10-30,44.458
2011-10-31,30.708
2011-11-01,37.042
2011-11-02,44.708
2011-11-03,53.417
2011-11-04,57.167
2011-11-05,67.875
2011-11-06,28.292
2011-11-07,26.043
2011-11-08,28.917
2011-11-09,26.542
2011-11-10,30.167
2011-11-11,35.75
2011-11-12,31.083
2011-11-13,38.0
2011-11-14,58.208
2011-11-15,27.542
2011-11-16,20.042
2011-11-17,23.792
2011-11-18,49.208
2011-11-19,32.917
2011-11-20,25.542
2011-11-21,22.625
2011-11-22,24.792
2011-11-23,33.417
2011-11-24,26.167
2011-11-25,22.0
2011-11-26,27.792
2011-11-27,36.792
2011-11-28,66.667
2011-11-29,60.083
2011-11-30,50.0
2011-12-01,20.652
2011-12-02,25.875
2011-12-03,26.292
2011-12-04,14.217
2011-12-05,23.208
2011-12-06,25.875
2011-12-07,32.583
2011-12-08,40.083
2011-12-09,17.667
2011-12-10,27.625
2011-12-11,22.167
2011-12-12,34.083
2011-12-13,27.25
2011-12-14,28.917
2011-12-15,36.875
2011-12-16,17.6
2011-12-28,16.417
2011-12-29,27.667
2011-12-30,20.75
2011-12-31,20.333
2012-01-01,16.083
2012-01-02,24.167
2012-01-03,13.833
2012-01-04,9.75
2012-01-05,13.042
2012-01-06,18.208
2012-01-07,25.042
2012-01-08,29.75
2012-01-09,23.292
2012-01-10,16.625
2012-01-11,16.917
2012-01-12,22.75
2012-01-13,33.708
2012-01-14,20.292
2012-01-15,18.292
2012-01-16,21.917
2012-01-17,24.292
2012-01-18,13.542
2012-01-19,21.583
2012-01-20,31.792
2012-01-21,28.304
2012-01-22,17.125
2012-01-23,18.75
2012-01-24,26.909
2012-01-25,22.625
2012-01-26,16.333
2012-01-27,13.083
2012-01-28,16.708
2012-01-29,20.792
2012-01-30,40.417
2012-01-31,35.25
2012-02-01,52.625
2012-02-02,48.833
2012-02-03,21.375
2012-02-04,28.542
2012-02-05,24.375
2012-02-06,23.292
2012-02-07,25.083
2012-02-08,12.417
2012-02-09,17.167
2012-02-10,22.792
2012-02-11,22.958
2012-02-12,30.292
2012-02-13,23.042
2012-02-14,21.083
2012-02-15,17.625
2012-02-16,15.708
2012-02-17,15.583
2012-02-18,23.0
2012-02-19,22.667
2012-02-20,18.833
2012-02-21,20.583
2012-02-22,24.583
2012-02-23,25.083
2012-02-24,18.542
2012-02-25,14.583
2012-02-26,28.833
2012-02-27,38.083
2012-02-28,31.0
2012-03-01,35.333
2012-03-02,30.708
2012-03-03,18.292
2012-03-04,18.565
2012-03-05,30.292
2012-03-06,40.667
2012-03-07,58.333
2012-03-08,66.542
2012-03-09,74.792
2012-03-10,42.375
2012-03-11,18.417
2012-03-12,28.292
2012-03-13,37.458
2012-03-14,25.0
2012-03-15,24.167
2012-03-16,49.542
2012-03-17,53.417
2012-03-18,77.292
2012-03-19,41.0
2012-03-20,39.792
2012-03-21,17.625
2012-03-22,24.042
2012-03-23,30.625
2012-03-24,32.875
2012-03-25,29.417
2012-03-26,22.619
2012-04-01,27.833
2012-04-02,31.583
2012-04-03,34.458
2012-04-04,26.125
2012-04-05,39.125
2012-04-06,32.273
2012-04-07,24.208
2012-04-08,28.25
2012-04-09,48.75
2012-04-10,56.083
2012-04-11,45.333
2012-04-12,29.458
2012-04-13,37.25
2012-04-14,28.292
2012-04-15,35.208
2012-04-16,43.375
2012-04-17,39.625
2012-04-18,37.208
2012-04-19,39.167
2012-04-20,42.542
2012-04-21,44.083
2012-04-22,31.0
2012-04-23,32.0
2012-04-24,90.167
2012-04-25,94.167
2012-04-26,53.0
2012-04-27,24.083
2012-04-28,40.917
2012-04-29,48.542
2012-04-30,47.792
2012-05-01,28.292
2012-05-02,27.292
2012-05-03,23.417
2012-05-04,12.333
2012-05-05,38.25
2012-05-06,45.792
2012-05-07,40.458
2012-05-08,55.091
2012-05-09,67.4
2012-05-14,29.6
2012-05-15,22.917
2012-05-16,46.833
2012-05-17,62.667
2012-05-18,36.333
2012-05-19,37.75
2012-05-20,44.625
2012-05-21,41.708
2012-05-22,37.75
2012-05-23,37.958
2012-05-24,38.792
2012-05-25,53.417
2012-05-26,44.958
2012-05-27,46.25
2012-05-28,50.958
2012-05-29,61.792
2012-05-30,31.875
2012-05-31,46.917
2012-06-01,49.75
2012-06-02,51.083
2012-06-03,39.958
2012-06-04,40.875
2012-06-05,38.833
2012-06-06,37.458
2012-06-07,45.083
2012-06-08,48.708
2012-06-09,23.5
2012-06-10,30.25
2012-06-11,27.917
2012-06-12,27.25
2012-06-13,32.25
2012-06-14,40.125
2012-06-15,41.083
2012-06-16,28.458
2012-06-17,24.417
2012-06-18,38.583
2012-06-19,32.333
2012-06-20,23.167
2012-06-21,28.458
2012-06-22,26.652
2012-06-23,21.917
2012-06-24,37.167
2012-06-25,39.696
2012-06-26,38.875
2012-06-27,42.292
2012-06-28,39.958
2012-06-29,47.5
2012-06-30,59.0
2012-07-01,43.125
2012-07-02,35.708
2012-07-03,33.167
2012-07-04,42.667
2012-07-05,37.417
2012-07-06,28.833
2012-07-07,24.5
2012-07-08,35.542
2012-07-09,44.042
2012-07-10,49.583
2012-07-11,39.348
2012-07-12,35.042
2012-07-13,58.167
2012-07-14,55.125
2012-07-15,50.542
2012-07-16,39.583
2012-07-17,50.708
2012-07-18,64.292
2012-07-19,49.625
2012-07-20,47.458
2012-07-21,35.208
2012-07-22,49.333
2012-07-23,51.375
2012-07-24,59.0
2012-07-25,63.958
2012-07-26,68.167
2012-07-27,83.833
2012-07-28,81.435
2012-07-29,85.667
2012-07-30,47.913
2012-07-31,47.792
2012-08-01,46.792
2012-08-02,49.708
2012-08-03,50.542
2012-08-04,54.75
2012-08-05,48.125
2012-08-06,41.75
2012-08-07,49.375
2012-08-08,36.292
2012-08-09,47.958
2012-08-10,59.458
2012-08-11,47.833
2012-08-12,53.708
2012-08-13,45.708
2012-08-14,36.5
2012-08-15,39.875
2012-08-16,50.167
2012-08-17,54.833
2012-08-18,45.083
2012-08-19,39.667
2012-08-20,50.292
2012-08-21,48.125
2012-08-22,43.292
2012-08-23,48.208
2012-08-24,49.583
2012-08-25,53.875
2012-08-26,51.167
2012-08-27,45.375
2012-08-28,47.417
2012-08-29,45.625
2012-08-30,55.042
2012-08-31,52.375
2012-09-01,45.167
2012-09-02,48.0
2012-09-04,75.615
2012-09-05,71.458
2012-09-06,67.75
2012-10-05,30.25
2012-10-06,46.333
2012-10-07,33.625
2012-10-08,29.042
2012-10-09,35.125
2012-10-10,35.542
2012-10-11,41.208
2012-10-12,29.957
2012-10-13,29.0
2012-10-14,41.125
2012-10-15,42.833
2012-10-16,47.125
2012-10-17,42.125
2012-10-18,27.042
2012-10-19,29.208
2012-10-20,41.667
2012-10-21,39.75
2012-10-22,48.542
2012-10-23,28.826
2012-10-24,25.522
2012-10-25,29.75
2012-10-26,35.208
2012-10-27,46.833
2012-10-28,26.708
2012-10-29,26.0
2012-10-30,31.042
2012-10-31,24.667
2012-11-01,25.125
2012-11-02,25.042
2012-11-03,26.125
2012-11-04,22.833
2012-11-05,45.609
2012-11-06,41.458
2012-11-07,40.375
2012-11-08,40.958
2012-11-09,41.208
2012-11-10,25.333
2012-11-11,20.5
2012-11-12,35.333
2012-11-13,42.0
2012-11-14,22.542
2012-11-15,13.5
2012-11-16,26.25
2012-11-17,23.792
2012-11-18,18.042
2012-11-19,27.958
2012-11-20,27.958
2012-11-21,20.833
2012-11-22,34.792
2012-11-23,24.125
2012-11-24,15.0
2012-11-28,24.846
2012-11-29,35.5
2012-11-30,36.5
2012-12-01,14.958
2012-12-02,22.542
2012-12-03,27.833
2012-12-04,26.042
2012-12-05,18.542
2012-12-06,18.667
2012-12-07,22.208
2012-12-08,21.042
2012-12-09,17.167
2012-12-10,9.458
2012-12-11,22.429
2012-12-12,11.571
2012-12-13,16.833
2012-12-14,18.955
2012-12-15,22.368
2012-12-16,18.25
2012-12-17,29.625
2012-12-18,24.875
2012-12-19,14.125
2012-12-20,17.625
2012-12-21,22.667
2012-12-22,23.25
2012-12-23,22.917
2012-12-24,15.708
2012-12-25,23.833
2012-12-26,10.333
2012-12-27,17.125
2012-12-28,23.292
2012-12-29,20.375
2012-12-30,24.208
2012-12-31,12.542
2013-01-01,42.625
2013-01-02,27.042
2013-01-03,26.5
2013-01-04,26.875
2013-01-05,13.417
2013-01-06,17.542
2013-01-07,29.167
2013-01-08,28.476
2013-01-09,13.792
2013-01-10,17.792
2013-01-11,22.5
2013-01-12,25.667
2013-01-13,19.708
2013-01-14,19.542
2013-01-15,16.958
2013-01-16,20.708
2013-01-17,21.667
2013-01-18,31.583
2013-01-19,16.375
2013-01-20,26.417
2013-01-21,34.75
2013-01-22,27.292
2013-01-23,28.417
2013-01-24,26.733
2013-02-05,14.692
2013-02-06,18.208
2013-02-07,17.208
2013-02-08,21.0
2013-02-09,15.708
2013-02-10,20.542
2013-02-11,17.25
2013-02-12,18.708
2013-02-13,16.792
2013-02-14,24.875
2013-02-15,12.208
2013-02-16,27.75
2013-02-17,40.833
2013-02-18,21.458
2013-02-19,20.0
2013-02-20,28.0
2013-02-21,23.25
2013-02-22,21.917
2013-02-23,21.5
2013-03-03,24.208
2013-03-04,33.917
2013-03-05,32.583
2013-03-06,23.792
2013-03-07,19.417
2013-03-08,22.167
2013-03-09,27.5
2013-03-10,18.5
2013-03-11,22.042
2013-03-12,36.458
2013-03-13,42.833
2013-03-14,18.75
2013-03-15,27.25
2013-03-16,60.75
2013-03-17,70.708
2013-03-18,97.25
2013-03-19,35.917
2013-03-20,31.208
2013-03-21,16.375
2013-03-22,16.75
2013-03-23,32.375
2013-03-24,51.875
2013-03-25,50.875
2013-03-26,43.125
2013-03-27,34.458
2013-03-28,45.792
2013-03-29,49.5
2013-03-30,17.875
2013-03-31,29.083
2013-04-04,32.75
2013-04-05,39.542
2013-04-06,26.792
2013-04-07,15.708
2013-04-08,19.667
2013-04-09,29.542
2013-04-10,25.0
2013-04-11,22.833
2013-04-12,25.625
2013-04-13,25.292
2013-04-14,43.125
2013-04-15,32.125
2013-04-16,38.042
2013-04-17,66.625
2013-04-18,42.333
2013-04-19,28.867
2013-05-08,18.615
2013-05-09,28.875
2013-05-10,49.958
2013-05-11,24.625
2013-05-12,42.917
2013-05-13,47.542
2013-05-14,57.625
2013-05-15,43.833
2013-05-16,48.083
2013-05-17,36.333
2013-05-18,43.167
2013-05-19,27.0
2013-06-05,55.462
2013-06-06,51.292
2013-06-07,52.042
2013-06-08,46.5
2013-06-09,41.833
2013-06-10,44.304
2013-06-11,53.125
2013-06-12,50.348
2013-06-13,54.417
2013-06-14,51.667
2013-06-15,43.75
2013-06-16,40.375
2013-06-17,55.792
2013-06-18,59.25
2013-06-19,49.042
2013-06-20,32.292
2013-06-21,36.625
2013-06-22,37.375
2013-06-23,45.542
2013-06-24,48.292
2013-06-25,51.792
2013-06-26,41.417
2013-06-27,37.417
2013-06-28,45.25
2013-06-29,49.375
2013-06-30,42.708
2013-07-01,42.0
2013-07-02,38.739
2013-07-03,37.417
2013-07-04,50.0
2013-07-05,60.292
2013-07-06,59.042
2013-07-07,57.636
2013-07-08,69.958
2013-07-09,78.417
2013-07-10,79.417
2013-07-11,76.833
2013-07-12,87.542
2013-07-13,72.625
2013-07-14,45.875
2013-07-15,45.917
2013-07-16,50.208
2013-07-17,58.435
2013-07-18,50.708
2013-07-19,39.083
2013-07-20,58.917
2013-07-21,69.542
2013-07-22,68.417
2013-07-23,54.708
2013-07-24,47.542
2013-07-25,65.542
2013-07-26,69.125
2013-07-27,76.0
2013-07-28,79.625
2013-07-29,48.5
2013-07-30,66.792
2013-07-31,76.913
2013-08-01,63.0
2013-08-02,58.083
2013-08-03,45.792
2013-08-04,53.292
2013-08-05,51.333
2013-08-06,55.667
2013-08-07,77.5
2013-08-08,79.208
2013-08-09,99.708
2013-08-10,101.267
2013-09-03,38.308
2013-09-04,38.5
2013-09-12,69.917
2013-09-13,83.208
2013-09-14,63.833
2013-09-15,35.875
2013-09-16,31.417
2013-09-17,33.542
2013-09-18,43.083
2013-09-19,52.708
2013-09-20,52.958
2013-09-21,52.042
2013-09-22,55.0
2013-09-23,58.0
2013-09-24,54.875
2013-09-25,51.174
2013-09-26,29.833
2013-09-27,31.667
2013-09-28,40.333
2013-09-29,42.333
2013-09-30,45.667
2013-10-01,47.87
2013-10-02,40.75
2013-10-03,43.458
2013-10-04,47.917
2013-10-05,57.826
2013-10-06,46.625
2013-10-07,41.917
2013-10-08,38.167
2013-10-09,40.958
2013-10-10,46.625
2013-10-11,46.75
2013-10-12,42.292
2013-10-13,28.042
2013-10-14,39.167
2013-10-15,47.167
2013-10-16,21.522
2013-10-17,25.739
2013-10-18,35.792
2013-10-19,38.208
2013-10-20,28.125
2013-10-21,28.708
2013-10-22,36.0
2013-10-23,36.083
2013-10-24,32.375
2013-10-25,26.625
2013-10-26,28.542
2013-10-27,30.375
2013-10-28,39.792
2013-10-29,48.042
2013-10-30,43.917
2013-10-31,51.542
2013-11-01,46.417
2013-11-02,59.792
2013-11-03,57.375
2013-11-04,39.333
2013-11-05,43.739
2013-11-06,50.5
2013-11-07,46.778
2013-11-20,25.538
2013-11-21,27.792
2013-11-22,23.542
2013-11-23,25.625
2013-11-24,31.375
2013-11-25,37.833
2013-11-26,24.333
2013-11-27,23.125
2013-11-28,23.167
2013-11-29,21.833
2013-11-30,21.417
2013-12-01,24.208
2013-12-02,29.667
2013-12-03,33.783
2013-12-04,30.333
2013-12-05,36.167
2013-12-06,48.25
2013-12-07,20.958
2013-12-08,18.625
2013-12-09,33.708
2013-12-10,24.875
2013-12-11,22.792
2013-12-12,17.667
2013-12-13,19.583
2013-12-14,19.375
2013-12-15,16.417
2013-12-16,20.125
2013-12-17,26.958
2013-12-18,25.333
2013-12-19,25.208
2013-12-20,20.667
2013-12-21,12.25
2013-12-22,15.917
2013-12-23,20.208
2013-12-24,22.167
2013-12-25,34.875
2013-12-26,32.167
2013-12-27,18.583
2013-12-28,14.0
2013-12-29,20.667
2013-12-30,28.083
2013-12-31,39.625
2014-01-01,18.292
2014-01-02,19.792
2014-01-03,14.75
2014-01-04,22.667
2014-01-05,42.292
2014-01-06,44.167
2014-01-07,18.083
2014-01-08,24.739
2014-01-09,22.75
2014-01-10,15.458
2014-01-11,23.375
2014-01-12,19.5
2014-01-13,19.625
2014-01-14,27.583
2014-01-15,26.917
2014-01-16,32.75
2014-01-17,28.042
2014-01-18,19.458
2014-01-19,22.125
2014-01-20,35.083
2014-01-21,38.042
2014-01-22,39.75
2014-01-23,21.25
2014-01-24,22.333
2014-01-25,33.708
2014-01-26,45.042
2014-01-27,28.5
2014-01-28,17.292
2014-01-29,23.333
2014-01-30,24.125
2014-01-31,19.0
2014-02-01,20.714
2014-02-02,17.278
2014-02-03,19.833
2014-02-04,26.348
2014-02-05,22.478
2014-02-06,20.208
2014-02-07,30.75
2014-02-08,30.375
2014-02-09,17.435
2014-02-10,30.625
2014-02-11,40.75
2014-02-12,52.583
2014-02-13,17.708
2014-02-14,22.542
2014-02-15,36.042
2014-02-16,18.167
2014-02-17,25.583
2014-02-18,27.917
2014-02-19,18.375
2014-02-20,20.292
2014-02-21,25.083
2014-02-22,36.958
2014-02-23,43.5
2014-02-24,56.2
2014-02-25,46.875
2014-02-26,40.167
2014-02-27,25.958
2014-02-28,40.917
2014-03-01,28.292
2014-03-02,31.25
2014-03-03,33.435
2014-03-04,23.5
2014-03-05,22.542
2014-03-06,25.875
2014-03-07,33.042
2014-03-08,26.458
2014-03-09,31.667
2014-03-10,24.167
2014-03-11,21.917
2014-03-12,29.125
2014-03-13,31.542
2014-03-14,38.125
2014-03-15,34.833
2014-03-16,45.458
2014-03-17,45.292
2014-03-18,53.917
2014-03-19,40.542
2014-03-20,43.125
2014-03-21,49.792
2014-03-22,56.792
2014-03-23,29.458
2014-03-24,22.167
2014-03-25,20.417
2014-03-26,27.417
2014-03-27,28.167
2014-03-28,37.625
2014-03-29,53.333
2014-03-30,69.25
2014-03-31,66.667
2014-04-01,31.0
2014-04-02,31.917
2014-04-03,30.87
2014-04-04,19.792
2014-04-05,17.75
2014-04-06,18.333
2014-04-07,22.708
2014-04-08,44.348
2014-04-09,50.792
2014-04-10,45.667
2014-04-11,30.75
2014-04-12,27.333
2014-04-13,28.5
2014-04-14,33.458
2014-04-15,32.542
2014-04-16,60.75
2014-04-17,75.75
2014-04-18,61.25
2014-04-19,32.458
2014-04-20,33.917
2014-04-21,18.542
2014-04-22,37.542
2014-04-23,34.583
2014-04-24,41.333
2014-04-25,50.833
2014-04-26,40.217
2014-04-27,38.958
2014-04-28,36.25
2014-04-29,35.708
2014-04-30,31.125
2014-05-01,40.167
2014-05-02,44.417
2014-05-03,46.917
2014-05-04,36.583
2014-05-05,33.667
2014-05-06,30.208
2014-05-07,37.917
2014-05-08,38.591
2014-05-09,35.792
2014-05-10,37.042
2014-05-11,36.542
2014-05-12,32.167
2014-05-13,36.625
2014-05-14,51.13
2014-05-15,36.5
2014-05-16,40.667
2014-05-17,27.625
2014-05-18,22.583
2014-05-19,36.0
2014-05-20,57.958
2014-05-21,34.083
2014-05-22,41.625
2014-05-23,28.417
2014-05-24,40.0
2014-05-25,49.167
2014-05-26,38.292
2014-05-27,43.167
2014-05-28,57.625
2014-05-29,69.0
2014-05-30,85.458
2014-05-31,96.875
2014-06-01,75.083
2014-06-02,93.333
2014-06-03,79.708
2014-06-04,60.174
2014-06-05,44.125
2014-06-06,44.0
2014-06-07,48.167
2014-06-08,37.792
2014-06-09,51.292
2014-06-10,55.958
2014-06-11,47.167
2014-06-12,38.333
2014-06-13,38.167
2014-06-14,38.565
2014-06-15,57.542
2014-06-16,53.783
2014-06-17,65.208
2014-06-18,55.417
2014-06-19,68.75
2014-06-20,70.542
2014-06-21,52.208
2014-06-22,43.917
2014-06-23,37.87
2014-06-24,44.792
2014-06-25,52.833
2014-06-26,53.043
2014-06-27,45.542
2014-06-28,41.13
2014-06-29,54.375
2014-06-30,62.167
2014-07-01,53.056
2014-07-02,70.667
2014-07-03,58.792
2014-07-04,45.667
2014-07-05,37.792
2014-07-06,40.545
2014-07-07,34.458
2014-07-08,51.235
2014-07-09,49.833
2014-07-10,42.667
2014-07-11,56.818
2014-07-12,71.458
2014-07-13,64.25
2014-07-14,56.958
2014-07-15,62.458
2014-07-16,80.25
2014-07-17,59.917
2014-07-18,56.167
2014-07-19,50.667
2014-07-20,51.042
2014-07-21,73.875
2014-07-22,77.208
2014-07-23,89.739
2014-07-24,71.125
2014-07-25,59.125
2014-07-26,71.267
2014-07-27,63.625
2014-07-28,30.5
2014-08-12,48.75
2014-08-13,60.667
2014-08-14,62.042
2014-08-15,53.208
2014-08-16,51.583
2014-08-17,42.417
2014-08-18,50.217
2014-08-19,56.667
2014-08-20,64.333
2014-08-21,53.211
2014-08-22,55.917
2014-08-23,47.833
2014-08-24,46.458
2014-08-25,51.917
2014-08-26,48.042
2014-08-27,43.833
2014-08-28,38.25
2014-08-29,46.625
2014-08-30,50.125
2014-08-31,43.375
2014-09-01,36.458
2014-09-02,48.125
2014-09-03,43.042
2014-09-04,39.708
2014-09-05,41.958
2014-09-06,60.583
2014-09-07,45.292
2014-09-08,52.042
2014-09-09,57.696
2014-09-10,58.833
2014-09-11,48.042
2014-09-12,36.208
2014-09-13,34.125
2014-09-14,34.792
2014-09-15,46.5
2014-09-16,50.125
2014-09-17,38.625
2014-09-18,36.375
2014-09-19,33.667
2014-09-20,40.542
2014-09-21,42.542
2014-09-22,45.708
2014-09-23,48.042
2014-09-24,49.583
2014-09-25,33.25
2014-09-26,37.25
2014-09-27,44.375
2014-09-28,42.818
2014-09-29,47.208
2014-09-30,52.958
2014-10-01,47.625
2014-10-02,64.708
2014-10-03,51.458
2014-10-04,41.0
2014-10-05,42.875
2014-10-06,30.5
2014-10-07,30.091
2014-10-08,41.958
2014-10-09,48.958
2014-10-10,42.917
2014-10-11,51.958
2014-10-12,48.417
2014-10-13,35.0
2014-10-14,25.458
2014-10-15,29.25
2014-10-16,38.708
2014-10-17,38.542
2014-10-18,33.292
2014-10-19,41.833
2014-10-20,43.091
2014-10-21,41.667
2014-10-22,32.375
2014-10-23,30.333
2014-10-24,36.292
2014-10-25,47.458
2014-10-26,44.5
2014-10-27,34.167
2014-10-28,30.75
2014-10-29,30.708
2014-10-30,47.417
2014-10-31,62.292
2014-11-05,39.25
2014-11-06,31.833
2014-11-07,39.542
2014-11-08,42.417
2014-11-09,62.25
2014-11-10,39.25
2014-11-11,37.708
2014-11-12,44.25
2014-11-13,25.25
2014-11-14,24.5
2014-11-15,24.625
2014-11-16,26.375
2014-11-17,33.792
2014-11-18,29.583
2014-11-19,30.5
2014-11-20,33.0
2014-11-21,37.208
2014-11-22,34.792
2014-11-23,29.792
2014-11-24,50.083
2014-11-25,48.917
2014-11-26,28.917
2014-11-27,32.583
2014-11-28,42.083
2014-11-29,39.125
2014-11-30,36.083
2014-12-01,31.583
2014-12-02,18.333
2014-12-03,18.708
2014-12-04,26.667
2014-12-05,19.167
2014-12-06,20.0
2014-12-07,14.917
2014-12-08,22.5
2014-12-09,21.833
2014-12-10,39.167
2014-12-11,26.75
2014-12-24,38.385
2014-12-25,22.167
2014-12-26,17.292
2014-12-27,18.958
2014-12-28,25.174
2014-12-29,28.417
2014-12-30,48.208
2014-12-31,46.292
2015-01-01,15.208
2015-01-02,20.583
2015-01-03,34.125
2015-01-04,42.208
2015-01-05,40.667
2015-01-06,26.636
2015-01-07,20.042
2015-01-08,20.292
2015-01-09,16.875
2015-01-10,17.542
2015-01-11,16.917
2015-01-12,17.833
2015-01-13,16.792
2015-01-14,19.167
2015-01-15,17.083
2015-01-16,20.5
2015-01-17,19.0
2015-01-18,14.0
2015-01-19,13.458
2015-01-20,14.042
2015-01-21,17.125
2015-01-22,15.292
2015-01-23,20.167
2015-01-24,14.708
2015-01-25,11.409
2015-01-26,21.667
2015-01-27,32.792
2015-01-28,35.375
2015-01-29,29.833
2015-01-30,16.25
2015-01-31,20.167
2015-02-01,28.5
2015-02-02,22.75
2015-02-03,17.125
2015-02-04,18.458
2015-02-05,31.0
2015-02-06,24.25
2015-02-07,15.125
2015-02-08,18.13
2015-02-09,28.318
2015-02-10,22.375
2015-02-11,21.417
2015-02-12,40.417
2015-02-13,36.0
2015-02-14,21.5
2015-02-15,20.792
2015-02-16,16.667
2015-02-17,20.167
2015-02-18,22.458
2015-02-19,28.375
2015-02-20,28.625
2015-02-21,24.458
2015-02-22,17.708
2015-02-23,21.958
2015-02-24,28.688
2015-03-02,26.3
2015-03-03,44.75
2015-03-04,51.875
2015-03-05,70.0
2015-03-06,68.083
2015-03-07,64.125
2015-03-08,61.5
2015-03-09,40.333
2015-03-10,25.792
2015-03-11,27.042
2015-03-12,19.625
2015-03-13,23.917
2015-03-14,31.375
2015-03-15,31.708
2015-03-16,30.708
2015-03-17,36.5
2015-03-18,49.625
2015-03-19,49.625
2015-03-20,44.375
2015-03-21,23.542
2015-03-22,24.583
2015-03-23,42.667
2015-03-24,26.0
2015-03-25,18.667
2015-03-26,20.0
2015-03-27,28.208
2015-03-28,33.625
2015-03-29,41.0
2015-03-30,56.875
2015-03-31,51.417
2015-04-01,57.042
2015-04-02,32.292
2015-04-03,39.167
2015-04-04,35.833
2015-04-05,35.542
2015-04-06,32.375
2015-04-07,27.292
2015-04-08,31.889
2015-04-10,58.778
2015-04-11,36.458
2015-04-12,32.792
2015-04-13,35.375
2015-04-14,28.167
2015-04-15,38.167
2015-04-16,61.042
2015-04-17,54.75
2015-04-18,45.708
2015-04-19,40.208
2015-04-20,46.583
2015-04-21,29.458
2015-04-22,38.458
2015-04-23,47.25
2015-04-24,51.125
2015-04-25,58.75
2015-04-26,53.417
2015-04-27,64.417
2015-04-28,72.417
2015-04-29,44.25
2015-04-30,42.792
2015-05-01,44.083
2015-05-02,45.375
2015-05-03,41.625
2015-05-04,35.375
2015-05-05,42.167
2015-05-06,52.25
2015-05-07,52.174
2015-05-08,47.375
2015-05-09,44.25
2015-05-10,44.958
2015-05-11,31.75
2015-05-12,45.625
2015-05-13,53.625
2015-05-14,57.792
2015-05-15,67.958
2015-05-16,56.417
2015-05-17,48.375
2015-05-18,62.0
2015-05-19,37.667
2015-05-20,52.292
2015-05-21,39.125
2015-05-22,42.917
2015-05-23,55.208
2015-05-24,53.542
2015-05-25,49.292
2015-05-26,53.833
2015-05-27,59.292
2015-05-28,60.417
2015-05-29,72.083
2015-05-30,68.333
2015-05-31,56.625
2015-06-01,57.333
2015-06-02,57.357
2015-06-03,26.727
2015-06-04,39.0
2015-06-05,27.208
2015-06-06,27.708
2015-06-07,35.083
2015-06-08,34.667
2015-06-09,22.375
2015-06-10,39.375
2015-06-11,47.75
2015-06-12,49.833
2015-06-13,81.208
2015-06-14,61.958
2015-06-15,61.542
2015-06-16,60.917
2015-06-17,58.458
2015-06-18,35.417
2015-06-19,31.542
2015-06-20,44.083
2015-06-21,30.762
2015-06-22,39.958
2015-06-23,58.583
2015-06-24,59.875
2015-06-25,54.583
2015-06-26,33.542
2015-06-27,29.542
2015-06-28,27.875
2015-06-29,32.417
2015-06-30,34.667
2015-07-01,24.542
2015-07-02,47.75
2015-07-03,50.208
2015-07-04,55.75
2015-07-05,44.458
2015-07-06,37.25
2015-07-07,39.542
2015-07-08,38.0
2015-07-09,43.667
2015-07-10,52.667
2015-07-11,63.958
2015-07-12,62.833
2015-07-13,55.208
2015-07-14,51.5
2015-07-15,51.696
2015-07-16,43.458
2015-07-17,59.25
2015-07-18,46.542
2015-07-19,51.583
2015-07-20,58.25
2015-07-21,40.917
2015-07-22,31.792
2015-07-23,30.0
2015-07-24,47.625
2015-07-25,44.083
2015-07-26,53.042
2015-07-27,62.208
2015-07-28,60.333
2015-07-29,76.292
2015-07-30,81.667
2015-07-31,82.625
2015-08-01,86.542
2015-08-02,110.125
2015-08-03,110.417
2015-08-04,101.5
2015-08-05,76.0
2015-08-06,60.5
2015-08-07,76.385
2015-08-08,80.375
2015-08-09,83.0
2015-08-10,75.792
2015-08-11,66.75
2015-08-12,61.958
2015-08-13,52.261
2015-08-14,56.625
2015-08-15,59.167
2015-08-16,62.25
2015-08-17,48.083
2015-08-18,53.208
2015-08-19,54.5
2015-08-20,56.375
2015-08-21,52.25
2015-08-22,62.542
2015-08-23,48.583
2015-08-24,51.542
2015-08-25,45.208
2015-08-26,39.0
2015-08-27,40.917
2015-08-28,40.0
2015-08-29,36.417
2015-08-30,39.792
2015-08-31,39.208
2015-09-01,39.667
2015-09-02,38.333
2015-09-03,47.957
2015-09-04,46.083
2015-09-05,44.083
2015-09-06,38.833
2015-09-07,33.5
2015-09-08,37.167
2015-09-09,32.167
2015-09-10,31.417
2015-09-11,38.708
2015-09-12,45.875
2015-09-13,40.875
2015-09-14,31.25
2015-09-15,44.708
2015-09-16,46.667
2015-09-17,44.5
2015-09-18,34.375
2015-09-19,38.5
2015-09-20,36.583
2015-09-21,32.583
2015-09-22,48.542
2015-09-23,47.375
2015-09-24,45.261
2015-09-25,33.292
2015-09-26,38.333
2015-09-27,45.125
2015-09-28,40.917
2015-09-29,43.083
2015-09-30,31.667
2015-10-01,38.875
2015-10-02,38.792
2015-10-03,37.208
2015-10-04,44.0
2015-10-05,30.833
2015-10-06,35.0
2015-10-07,34.125
2015-10-08,44.083
2015-10-09,57.0
2015-10-10,64.444
2015-10-14,30.083
2015-10-15,29.833
2015-10-16,40.958
2015-10-17,36.042
2015-10-18,31.5
2015-10-19,37.25
2015-10-20,46.458
2015-10-21,58.0
2015-10-22,52.625
2015-10-23,42.292
2015-10-24,51.292
2015-10-25,22.667
2015-10-26,32.708
2015-10-27,40.542
2015-10-28,31.042
2015-10-29,29.042
2015-10-30,40.083
2015-10-31,26.125
2015-11-01,25.333
2015-11-02,24.625
2015-11-03,24.792
2015-11-04,30.5
2015-11-05,40.25
2015-11-06,35.292
2015-11-07,42.792
2015-11-08,34.417
2015-11-09,23.583
2015-11-10,27.167
2015-11-11,22.667
2015-11-12,25.696
2015-11-13,34.958
2015-11-14,29.833
2015-11-15,18.833
2015-11-16,34.417
2015-11-17,41.125
2015-11-18,28.667
2015-11-19,23.708
2015-11-20,29.208
2015-11-21,31.125
2015-11-22,38.583
2015-11-23,44.417
2015-11-24,34.917
2015-11-25,22.25
2015-11-26,22.25
2015-11-27,17.083
2015-11-28,20.583
2015-11-29,19.917
2015-11-30,32.208
2015-12-01,35.478
2015-12-02,36.458
2015-12-03,31.75
2015-12-04,21.125
2015-12-05,24.125
2015-12-06,21.75
2015-12-07,20.375
2015-12-08,23.625
2015-12-09,34.333
2015-12-10,42.375
2015-12-11,18.375
2015-12-12,27.167
2015-12-13,30.458
2015-12-14,30.375
2015-12-15,38.167
2015-12-16,36.727
2015-12-21,21.583
2015-12-22,30.25
2015-12-23,39.167
2015-12-24,29.708
2015-12-25,26.458
2015-12-26,24.458
2015-12-27,16.917
2015-12-28,13.125
2015-12-29,14.542
2015-12-30,13.958
2015-12-31,13.458
2016-01-01,19.5
2016-01-02,24.917
2016-01-03,29.125
2016-01-04,28.682
2016-01-05,17.625
2016-01-06,10.333
2016-01-07,14.591
2016-01-08,21.958
2016-01-09,14.333
2016-01-10,15.348
2016-01-11,8.875
2016-01-12,16.304
2016-01-13,15.167
2016-01-14,6.917
2016-01-15,7.0
2016-01-16,10.25
2016-01-17,9.167
2016-01-18,11.882
2016-01-19,21.792
2016-01-20,25.667
2016-01-21,17.542
2016-01-22,14.478
2016-01-23,8.833
2016-01-24,6.773
2016-01-25,11.929
2016-01-26,14.286
2016-01-27,21.0
2016-01-28,17.391
2016-01-29,16.0
2016-01-30,19.792
2016-01-31,11.292
2016-02-01,14.458
2016-02-02,7.591
2016-02-03,15.435
2016-02-04,20.762
2016-02-05,13.75
2016-02-06,21.217
2016-02-07,13.167
2016-02-08,11.391
2016-02-09,14.375
2016-02-10,10.792
2016-02-11,7.708
2016-02-12,7.958
2016-02-13,11.292
2016-02-14,16.167
2016-02-15,17.826
2016-02-16,28.583
2016-02-17,40.708
2016-02-18,16.174
2016-02-19,10.208
2016-02-20,19.292
2016-02-21,11.913
2016-02-22,19.273
2016-02-23,15.087
2016-02-24,13.478
2016-02-25,15.182
2016-02-26,18.75
2016-02-27,15.913
2016-02-28,16.696
2016-03-01,25.917
2016-03-02,23.13
2016-03-03,16.75
2016-03-04,17.833
2016-03-05,22.652
2016-03-06,27.208
2016-03-07,13.542
2016-03-08,16.435
2016-03-09,22.895
2016-03-10,19.958
2016-03-11,16.524
2016-03-12,20.25
2016-03-13,23.167
2016-03-14,28.125
2016-03-15,10.583
2016-03-16,14.458
2016-03-17,15.913
2016-03-18,22.0
2016-03-19,39.958
2016-03-20,51.292
2016-03-21,23.333
2016-03-22,23.208
2016-03-23,21.5
2016-03-24,14.458
2016-03-25,16.318
2016-03-26,24.667
2016-03-27,14.917
2016-03-28,19.5
2016-03-29,30.75
2016-03-30,38.667
2016-03-31,30.417
2016-04-01,60.917
2016-04-02,60.583
2016-04-03,55.458
2016-04-04,41.917
2016-04-05,26.208
2016-04-06,39.13
2016-04-07,47.542
2016-04-08,39.583
2016-04-09,49.167
2016-04-10,60.25
2016-04-11,38.167
2016-04-12,37.792
2016-04-13,56.208
2016-04-14,51.083
2016-04-15,37.417
2016-04-16,41.0
2016-04-17,57.208
2016-04-18,39.625
2016-04-19,39.792
2016-04-20,47.75
2016-04-21,61.25
2016-04-22,47.333
2016-04-23,69.167
2016-04-24,90.458
2016-04-25,82.667
2016-04-26,71.583
2016-04-27,75.25
2016-04-28,51.625
2016-04-29,36.875
2016-04-30,42.583
2016-05-01,53.375
2016-05-02,67.75
2016-05-03,65.333
2016-05-04,37.917
2016-05-05,37.0
2016-05-11,20.214
2016-05-12,31.625
2016-05-13,44.792
2016-05-14,40.583
2016-05-15,46.125
2016-05-16,48.875
2016-05-17,29.417
2016-05-18,38.5
2016-05-19,40.375
2016-05-20,47.042
2016-05-21,49.5
2016-05-22,52.375
2016-05-23,52.125
2016-05-24,51.25
2016-05-25,50.792
2016-05-26,51.5
2016-05-27,46.708
2016-05-28,55.0
2016-05-29,59.708
2016-05-30,33.708
2016-05-31,45.417
2016-06-01,40.208
2016-06-02,29.875
2016-06-03,34.167
2016-06-04,37.167
2016-06-05,34.167
2016-06-06,40.217
2016-06-07,41.625
2016-06-08,45.25
2016-06-09,45.417
2016-06-10,41.542
2016-06-11,41.565
2016-06-12,47.125
2016-06-13,31.458
2016-06-14,41.333
2016-06-15,41.583
2016-06-16,38.75
2016-06-17,59.292
2016-06-18,56.25
2016-06-19,57.583
2016-06-20,56.583
2016-06-21,53.75
2016-06-22,58.333
2016-06-23,42.417
2016-06-24,47.087
2016-06-25,35.542
2016-06-26,39.667
2016-06-27,33.625
2016-06-28,31.667
2016-06-29,44.417
2016-06-30,52.208
2016-07-01,56.87
2016-07-02,44.042
2016-07-03,48.458
2016-07-04,43.667
2016-07-05,49.458
2016-07-06,58.5
2016-07-07,50.696
2016-07-08,60.542
2016-07-09,37.542
2016-07-10,48.208
2016-07-11,53.333
2016-07-12,52.75
2016-07-13,60.583
2016-07-14,59.708
2016-07-15,39.833
2016-07-16,46.542
2016-07-17,59.875
2016-07-18,50.958
2016-07-19,55.333
2016-07-20,53.333
2016-07-21,53.458
2016-07-22,52.875
2016-07-23,48.417
2016-07-24,59.875
2016-07-25,56.625
2016-07-26,53.0
2016-07-27,47.375
2016-07-28,54.208
2016-07-29,51.417
2016-07-30,54.083
2016-07-31,57.542
2016-08-01,61.043
2016-08-02,59.458
2016-08-03,61.708
2016-08-04,64.958
2016-08-05,71.292
2016-08-06,75.0
2016-08-07,84.35
2016-08-08,80.043
2016-08-09,60.5
2016-08-10,46.542
2016-08-11,52.333
2016-08-12,66.333
2016-08-13,60.25
2016-08-14,61.833
2016-08-15,57.958
2016-08-16,57.375
2016-08-17,57.083
2016-08-18,69.417
2016-08-19,69.0
2016-08-20,60.125
2016-08-21,53.25
2016-08-22,59.333
2016-08-25,52.0
2016-08-26,78.0
2016-08-27,61.833
2016-09-08,23.615
2016-09-09,36.792
2016-09-10,30.667
2016-09-12,54.786
2016-09-13,44.65
2016-09-15,43.917
2016-09-16,65.75
2016-09-17,78.5
2016-10-05,55.917
2016-10-06,43.652
2016-10-07,34.143
2016-10-08,30.429
2016-10-11,22.923
2016-10-12,29.783
2016-10-13,26.273
2016-10-14,30.955
2016-10-15,32.0
2016-10-16,34.957
2016-10-17,24.391
2016-10-18,30.826
2016-10-19,34.667
2016-10-20,44.167
2016-10-21,30.696
2016-10-22,42.208
2016-10-23,27.708
2016-10-24,20.125
2016-10-25,27.333
2016-10-26,29.875
2016-10-27,26.0
2016-10-28,27.417
2016-10-29,21.0
2016-10-30,19.667
2016-10-31,28.042
2016-11-01,20.667
2016-11-02,21.708
2016-11-03,24.167
2016-11-04,27.958
2016-11-05,36.375
2016-11-06,35.667
2016-11-07,33.125
2016-11-08,42.75
2016-11-09,14.583
2016-11-10,19.667
2016-11-11,27.958
2016-11-12,29.75
2016-11-13,31.917
2016-11-14,38.708
2016-11-15,22.583
2016-11-16,16.75
2016-11-17,27.737
2016-11-18,29.958
2016-11-19,37.333
2016-11-20,25.292
2016-11-21,33.5
2016-11-22,32.042
2016-11-23,14.292
2016-11-24,15.958
2016-11-25,17.083
2016-11-26,25.333
2016-11-27,19.5
2016-11-28,20.875
2016-11-29,16.708
2016-11-30,28.167
2016-12-01,32.792
2016-12-02,21.125
2016-12-03,24.417
2016-12-04,36.417
2016-12-05,31.542
2016-12-06,22.087
2016-12-07,21.417
2016-12-08,16.375
2016-12-09,27.833
2016-12-10,18.375
2016-12-11,12.125
2016-12-12,20.625
2016-12-13,21.875
2016-12-14,13.917
2016-12-15,14.917
2016-12-16,12.625
2016-12-17,20.917
2016-12-18,25.417
2016-12-19,32.042
2016-12-20,37.458
2016-12-21,38.875
2016-12-22,49.167
2016-12-23,13.792
2016-12-24,13.917
2016-12-25,12.458
2016-12-26,26.875
2016-12-27,16.875
2016-12-28,11.75
2016-12-29,12.708
2016-12-30,9.542
2016-12-31,13.625
2017-01-01,9.458
2017-01-02,7.958
2017-01-03,5.667
2017-01-04,7.917
2017-01-05,12.083
2017-01-06,13.208
2017-01-07,11.5
2017-01-08,11.667
2017-01-09,13.0
2017-01-10,17.25
2017-01-11,7.583
2017-01-12,11.625
2017-01-13,9.792
2017-01-14,8.667
2017-01-15,14.0
2017-01-16,23.292
2017-01-17,25.708
2017-01-18,18.167
2017-01-19,30.333
2017-01-20,22.042
2017-01-21,19.792
2017-01-22,13.458
2017-01-23,16.292
2017-01-24,6.25
2017-01-25,6.375
2017-01-26,8.083
2017-01-27,8.923
2017-01-29,11.929
2017-01-30,6.958
2017-01-31,14.542
2017-02-01,20.625
2017-02-02,17.667
2017-02-03,20.708
2017-02-04,12.458
2017-02-05,7.875
2017-02-06,8.792
2017-02-07,6.708
2017-02-08,9.583
2017-02-09,21.75
2017-02-10,26.625
2017-02-11,11.625
2017-02-12,11.25
2017-02-13,12.292
2017-02-14,17.75
2017-02-15,24.417
2017-02-16,19.417
2017-02-17,16.5
2017-02-18,8.083
2017-02-19,16.0
2017-02-20,29.625
2017-02-21,19.667
2017-02-22,12.583
2017-02-23,19.875
2017-02-24,30.25
2017-02-25,27.042
2017-02-26,24.917
2017-02-27,18.417
2017-02-28,40.208
2017-03-01,16.5
2017-03-02,19.792
2017-03-03,22.083
2017-03-04,27.292
2017-03-05,19.5
2017-03-06,12.083
2017-03-07,20.625
2017-03-08,21.333
2017-03-09,5.167
2017-03-10,9.708
2017-03-11,16.792
2017-03-12,18.583
2017-03-13,23.708
2017-03-14,31.458
2017-03-15,29.25
2017-03-16,13.958
2017-03-17,12.125
2017-03-18,15.333
2017-03-19,21.708
2017-03-20,8.625
2017-03-21,13.375
2017-03-22,6.292
2017-03-23,10.167
2017-03-24,14.833
2017-03-25,42.667
2017-03-26,46.083
2017-03-27,33.042
2017-03-28,37.667
2017-03-29,42.917
2017-03-30,19.708
2017-03-31,21.458
2017-04-01,20.375
2017-04-02,19.375
2017-04-03,25.167
2017-04-04,31.208
2017-04-05,42.783
2017-04-06,39.0
2017-04-07,24.583
2017-04-08,23.208
2017-04-09,23.5
2017-04-10,26.042
2017-04-11,22.625
2017-04-12,19.417
2017-04-13,24.417
2017-04-14,35.292
2017-04-15,46.5
2017-04-16,37.75
2017-04-17,33.375
2017-04-18,21.583
2017-04-19,27.625
2017-04-20,30.333
2017-04-21,36.625
2017-04-22,29.583
2017-04-23,19.75
2017-04-24,24.042
2017-04-25,26.125
2017-04-26,27.292
2017-04-27,22.875
2017-04-28,24.792
2017-04-29,28.875
2017-04-30,34.208
2017-05-01,33.261
2017-05-02,23.792
2017-05-03,22.125
2017-05-04,24.167
2017-05-05,31.875
2017-05-06,39.167
2017-05-07,50.708
2017-05-08,43.375
2017-05-09,39.833
2017-05-10,35.292
2017-05-11,37.542
2017-05-12,55.5
2017-05-13,43.833
2017-05-14,36.0
2017-05-15,35.042
2017-05-16,26.375
2017-05-17,22.417
2017-05-18,24.75
2017-05-19,34.875
2017-05-20,46.458
2017-05-21,57.667
2017-05-22,51.708
2017-05-23,40.083
2017-05-24,38.708
2017-05-25,35.708
2017-05-26,32.333
2017-05-27,22.083
2017-05-28,23.833
2017-05-29,37.5
2017-05-30,57.708
2017-05-31,59.458
2017-06-01,43.958
2017-06-02,25.167
2017-06-03,22.0
2017-06-07,30.154
2017-06-08,25.333
2017-06-09,34.083
2017-06-10,40.125
2017-06-11,30.333
2017-06-12,26.5
2017-06-13,27.5
2017-06-14,26.75
2017-06-15,37.125
2017-06-16,32.042
2017-06-17,34.458
2017-06-18,44.458
2017-06-19,43.958
2017-06-20,50.333
2017-06-21,26.333
2017-06-22,32.792
2017-06-23,52.958
2017-06-24,53.792
2017-06-25,31.917
2017-06-26,38.958
2017-06-27,45.292
2017-06-28,49.417
2017-06-29,53.083
2017-06-30,43.917
2017-07-01,51.708
2017-07-02,48.0
2017-07-03,57.5
2017-07-04,51.25
2017-07-05,36.083
2017-07-06,43.292
2017-07-07,44.792
2017-07-08,49.333
2017-07-09,56.167
2017-07-10,49.042
2017-07-11,52.5
2017-07-12,51.0
2017-07-13,62.333
2017-07-14,44.917
2017-07-15,53.792
2017-07-16,62.625
2017-07-17,51.417
2017-07-18,53.267
2017-07-19,57.714
2017-07-20,51.333
2017-07-21,47.208
2017-07-22,50.75
2017-07-23,43.708
2017-07-24,54.583
2017-07-25,54.875
2017-07-26,49.917
2017-07-27,42.5
2017-07-28,62.292
2017-07-29,61.542
2017-07-30,45.458
2017-07-31,62.208
2017-08-01,58.917
2017-08-02,49.875
2017-08-03,39.917
2017-08-04,48.417
2017-08-05,46.375
2017-08-06,53.833
2017-08-07,28.318
2017-08-08,10.583
2017-08-09,18.875
2017-08-10,26.042
2017-08-11,24.292
2017-08-12,13.792
2017-08-13,9.458
2017-08-14,10.542
2017-08-15,8.292
2017-08-16,11.25
2017-08-17,16.042
2017-08-18,15.042
2017-08-19,14.167
2017-08-20,20.458
2017-08-21,31.0
2017-08-22,28.708
2017-08-23,17.5
2017-08-24,23.042
2017-08-25,24.0
2017-08-26,15.708
2017-08-27,21.625
2017-08-28,34.792
2017-08-29,35.417
2017-08-30,12.542
2017-08-31,13.833
2017-09-01,12.083
2017-09-02,16.083
2017-09-03,12.792
2017-09-04,15.875
2017-09-05,26.833
2017-09-06,15.083
2017-09-07,17.542
2017-09-08,13.875
2017-09-09,16.042
2017-09-10,16.625
2017-09-11,17.333
2017-09-12,9.708
2017-09-13,15.792
2017-09-14,17.417
2017-09-15,15.167
2017-09-16,20.583
2017-09-17,10.0
2017-09-18,10.417
2017-09-19,19.25
2017-09-20,31.75
2017-09-21,15.5
2017-09-22,25.625
2017-09-23,17.25
2017-09-24,16.75
2017-09-25,23.833
2017-09-26,26.417
2017-09-27,21.708
2017-09-28,9.583
2017-09-29,15.292
2017-09-30,14.833
2017-10-01,17.75
2017-10-02,17.375
2017-10-03,7.789
2017-10-04,10.458
2017-10-05,14.708
2017-10-06,13.458
2017-10-07,7.458
2017-10-08,10.625
2017-10-09,19.875
2017-10-10,23.167
2017-10-11,25.292
2017-10-12,14.792
2017-10-13,9.083
2017-10-14,11.083
2017-10-15,9.625
2017-10-16,3.292
2017-10-17,9.583
2017-10-18,17.542
2017-10-19,10.25
2017-10-20,7.042
2017-10-21,9.292
2017-10-22,4.625
2017-10-23,7.667
2017-10-24,18.417
2017-10-25,12.25
2017-10-26,22.917
2017-10-27,24.417
2017-10-28,22.958
2017-10-29,7.625
2017-10-30,16.125
2017-10-31,15.708
2017-11-01,16.458
2017-11-02,22.087
2017-11-03,22.25
2017-11-04,18.333
2017-11-05,26.708
2017-11-06,32.917
2017-11-07,34.083
2017-11-08,43.458
2017-11-09,22.792
2017-11-10,24.25
2017-11-11,21.667
2017-11-12,11.333
2017-11-13,19.708
2017-11-14,24.5
2017-11-15,23.375
2017-11-16,7.833
2017-11-17,11.958
2017-11-18,13.417
2017-11-19,6.667
2017-11-20,8.0
2017-11-21,12.25
2017-11-22,18.75
2017-11-23,17.375
2017-11-24,9.0
2017-11-25,11.375
2017-11-26,14.333
2017-11-27,19.542
2017-11-28,34.333
2017-11-29,34.125
2017-11-30,22.167
2017-12-01,8.833
2017-12-02,8.875
2017-12-03,11.75
2017-12-04,23.292
2017-12-05,13.667
2017-12-06,7.292
2017-12-07,17.875
2017-12-08,14.958
2017-12-09,10.375
2017-12-10,13.708
2017-12-11,16.75
2017-12-12,5.625
2017-12-13,5.875
2017-12-14,8.667
2017-12-15,15.458
2017-12-16,17.25
2017-12-17,5.083
2017-12-18,9.292
2017-12-19,15.125
2017-12-20,16.792
2017-12-21,13.042
2017-12-22,20.833
2017-12-23,28.292
2017-12-24,34.667
2017-12-25,11.25
2017-12-26,7.375
2017-12-27,4.875
2017-12-28,6.083
2017-12-29,9.25
2017-12-30,9.417
2017-12-31,15.375
2018-01-01,12.042
2018-01-02,5.208
2018-01-03,5.292
2018-01-04,10.625
2018-01-05,14.125
2018-01-06,8.167
2018-01-07,14.0
2018-01-08,16.0
2018-01-09,7.333
2018-01-10,15.958
2018-01-11,13.875
2018-01-12,12.708
2018-01-13,9.625
2018-01-14,9.417
2018-01-15,19.583
2018-01-16,19.792
2018-01-17,12.417
2018-01-18,9.083
2018-01-19,13.917
2018-01-20,13.333
2018-01-21,8.208
2018-01-22,9.333
2018-01-23,20.042
2018-01-24,9.958
2018-01-25,13.125
2018-01-26,8.25
2018-01-27,9.292
2018-01-28,15.875
2018-01-29,14.25
2018-01-30,22.167
2018-01-31,18.708
2018-02-01,8.542
2018-02-02,13.375
2018-02-03,18.0
2018-02-04,16.167
2018-02-05,20.208
2018-02-06,22.5
2018-02-07,19.688
2018-02-08,7.846
2018-02-09,11.375
2018-02-10,7.417
2018-02-11,9.625
2018-02-12,8.458
2018-02-13,14.667
2018-02-14,11.125
2018-02-15,13.917
2018-02-16,13.375
2018-02-17,18.0
2018-02-18,18.708
2018-02-19,17.833
2018-02-20,8.708
2018-02-21,17.267
2018-02-25,13.786
2018-02-26,20.708
2018-02-27,19.958
2018-02-28,22.708
2018-03-01,18.458
2018-03-02,23.208
2018-03-03,23.667
2018-03-04,11.0
2018-03-05,25.708
2018-03-06,23.375
2018-03-07,13.708
2018-03-08,10.958
2018-03-09,14.0
2018-03-10,13.542
2018-03-11,5.792
2018-03-12,16.375
2018-03-13,12.333
2018-03-14,11.917
2018-03-15,18.792
2018-03-16,13.375
2018-03-17,8.958
2018-03-18,14.333
2018-03-19,14.375
2018-03-20,15.917
2018-03-21,21.792
2018-03-22,19.833
2018-03-23,13.042
2018-03-24,12.25
2018-03-25,15.778
2018-03-26,26.0
2018-03-27,21.958
2018-03-28,16.375
2018-03-29,14.042
2018-03-30,18.042
2018-03-31,7.708
2018-04-01,24.083
2018-04-02,46.292
2018-04-03,43.0
2018-04-04,28.042
2018-04-05,14.708
2018-04-06,24.917
2018-04-07,24.542
2018-04-08,15.333
2018-04-09,20.542
2018-04-10,35.083
2018-04-11,39.391
2018-04-12,22.875
2018-04-13,17.417
2018-04-14,18.917
2018-04-15,5.875
2018-04-16,38.875
2018-04-17,46.208
2018-04-18,18.125
2018-04-19,28.5
2018-04-20,30.208
2018-04-21,39.292
2018-04-22,33.583
2018-04-23,31.708
2018-04-24,17.25
2018-04-25,7.083
2018-04-26,10.042
2018-04-27,18.833
2018-04-28,30.0
2018-04-29,22.5
2018-04-30,27.5
2018-05-01,31.0
2018-05-02,26.625
2018-05-03,9.708
2018-05-04,15.208
2018-05-05,17.125
2018-05-06,19.792
2018-05-07,8.042
2018-05-08,13.458
2018-05-09,11.304
2018-05-10,11.375
2018-05-11,13.375
2018-05-12,21.5
2018-05-13,10.25
2018-05-14,11.167
2018-05-15,17.958
2018-05-16,29.583
2018-05-17,44.292
2018-05-18,56.167
2018-05-19,5.333
2018-05-20,9.458
2018-05-21,13.333
2018-05-22,14.417
2018-05-23,13.875
2018-05-24,12.167
2018-05-25,25.375
2018-05-26,26.583
2018-05-27,27.417
2018-05-28,25.458
2018-05-29,19.083
2018-05-30,19.083
2018-05-31,15.875
2018-06-01,17.417
2018-06-02,17.917
2018-06-03,15.917
2018-06-04,15.625
2018-06-05,19.375
2018-06-06,14.208
2018-06-07,13.125
2018-06-08,21.333
2018-06-09,22.875
2018-06-10,25.667
2018-06-11,16.208
2018-06-12,6.125
2018-06-13,9.5
2018-06-14,15.25
2018-06-15,16.0
2018-06-16,9.208
2018-06-17,12.833
2018-06-18,10.125
2018-06-19,14.25
2018-06-20,7.125
2018-06-21,18.5
2018-06-22,18.917
2018-06-23,19.125
2018-06-24,14.958
2018-06-25,36.375
2018-06-26,34.417
2018-06-27,19.875
2018-06-28,27.417
2018-06-29,13.0
2018-06-30,11.625
2018-07-01,17.5
2018-07-02,14.958
2018-07-03,10.583
2018-07-04,10.125
2018-07-05,9.0
2018-07-06,7.625
2018-07-07,7.333
2018-07-08,7.417
2018-07-09,9.0
2018-07-10,12.667
2018-07-11,17.667
2018-07-12,16.375
2018-07-13,18.083
2018-07-14,25.333
2018-07-15,26.917
2018-07-16,37.875
2018-07-17,44.333
2018-07-18,37.167
2018-07-19,39.75
2018-07-20,11.5
2018-07-21,12.417
2018-07-22,10.125
2018-07-23,16.5
2018-07-24,20.75
2018-07-25,28.875
2018-07-26,22.083
2018-07-27,16.75
2018-07-28,20.0
2018-07-29,9.625
2018-07-30,12.417
2018-07-31,11.875
2018-08-01,12.792
2018-08-02,18.833
2018-08-03,18.125
2018-08-04,17.417
2018-08-05,19.75
2018-08-06,19.625
2018-08-07,9.583
2018-08-08,12.125
2018-08-09,9.625
2018-08-10,8.458
2018-08-11,11.917
2018-08-12,14.208
2018-08-13,9.917
2018-08-14,11.458
2018-08-15,6.458
2018-08-16,6.958
2018-08-17,8.083
2018-08-18,11.458
2018-08-19,12.292
2018-08-20,14.875
2018-08-21,13.0
2018-08-22,9.708
2018-08-23,7.917
2018-08-24,12.417
2018-08-25,12.333
2018-08-26,12.167
2018-08-27,14.125
2018-08-28,18.333
2018-08-29,12.917
2018-08-30,20.25
2018-08-31,13.167
2018-09-01,5.5
2018-09-02,9.875
2018-09-03,8.708
2018-09-04,7.333
2018-09-05,14.824
2018-09-06,24.625
2018-09-07,19.875
2018-09-08,7.75
2018-09-09,11.333
2018-09-10,5.542
2018-09-11,8.833
2018-09-12,10.333
2018-09-13,14.625
2018-09-14,9.292
2018-09-15,6.917
2018-09-16,8.542
2018-09-17,12.208
2018-09-18,16.25
2018-09-19,12.375
2018-09-20,12.042
2018-09-21,4.833
2018-09-22,8.167
2018-09-23,11.375
2018-09-24,16.792
2018-09-25,21.727
2018-09-26,7.4
2018-09-27,7.667
2018-09-28,12.958
2018-09-29,10.167
2018-09-30,4.375
2018-10-01,9.714
2018-10-02,15.458
2018-10-03,13.0
2018-10-04,20.292
2018-10-05,23.208
2018-10-06,12.083
2018-10-07,7.917
2018-10-08,10.042
2018-10-09,14.875
2018-10-10,23.833
2018-10-11,12.792
2018-10-12,7.875
2018-10-13,10.958
2018-10-14,11.375
2018-10-15,17.792
2018-10-16,19.625
2018-10-17,12.75
2018-10-18,17.667
2018-10-19,20.167
2018-10-20,11.875
2018-10-21,10.792
2018-10-22,18.708
2018-10-23,23.208
2018-10-24,18.583
2018-10-25,19.042
2018-10-26,22.417
2018-10-27,13.042
2018-10-28,12.375
2018-10-29,15.042
2018-10-30,12.5
2018-10-31,7.417
2018-11-01,10.667
2018-11-02,10.667
2018-11-03,11.542
2018-11-04,11.75
2018-11-05,13.917
2018-11-06,10.375
2018-11-07,13.833
2018-11-08,24.125
2018-11-09,23.958
2018-11-10,13.542
2018-11-11,26.417
2018-11-12,26.083
2018-11-13,10.375
2018-11-14,9.583
2018-11-15,9.583
2018-11-16,17.0
2018-11-17,13.917
2018-11-18,13.958
2018-11-19,10.333
2018-11-20,11.542
2018-11-21,18.667
2018-11-22,11.75
2018-11-23,5.458
2018-11-24,7.583
2018-11-25,12.708
2018-11-26,21.875
2018-11-27,23.958
2018-11-28,22.167
2018-11-29,18.458
2018-11-30,19.167
2018-12-01,23.5
2018-12-02,18.542
2018-12-03,20.5
2018-12-04,25.042
2018-12-05,11.0
2018-12-06,16.667
2018-12-07,8.292
2018-12-08,3.333
2018-12-09,4.208
2018-12-10,8.0
2018-12-11,14.875
2018-12-12,9.208
2018-12-13,10.417
2018-12-14,9.042
2018-12-15,10.25
2018-12-16,12.0
2018-12-17,8.208
2018-12-18,8.75
2018-12-19,14.417
2018-12-20,28.958
2018-12-21,27.958
2018-12-22,22.292
2018-12-23,12.542
2018-12-24,7.292
2018-12-25,10.833
2018-12-26,11.556
2018-12-27,10.958
2018-12-28,5.792
2018-12-29,5.417
2018-12-30,7.125
2018-12-31,7.667
