date,HUM_max,HUM_mean,HUM_min,NO2_mean,NOX_mean,NO_mean,SO2_mean,SPM_mean,TEMP_max,TEMP_mean,TEMP_min
2011-01-01,,,,13.708,16.417,2.708,4.792,24.167,,,
2011-01-02,,,,9.25,11.667,2.417,4.818,19.333,,,
2011-01-03,,,,7.75,9.292,1.542,4.5,8.083,,,
2011-01-04,,,,9.167,11.042,1.875,5.833,16.25,,,
2011-01-05,,,,5.696,6.957,1.261,4.208,9.375,,,
2011-01-06,,,,18.042,26.792,8.75,5.091,22.583,,,
2011-01-07,,,,12.792,14.958,2.167,5.292,12.042,,,
2011-01-08,,,,14.792,23.042,8.25,5.125,10.375,,,
2011-01-09,,,,11.333,14.125,2.792,4.773,14.958,,,
2011-01-10,,,,14.905,18.19,3.286,5.417,11.917,,,
2011-01-11,,,,9.167,12.167,3.0,5.375,12.75,,,
2011-01-12,,,,15.875,25.208,9.333,5.417,11.708,,,
2011-01-13,,,,19.348,26.652,7.304,4.958,20.333,,,
2011-01-14,,,,13.875,18.292,4.417,6.875,12.875,,,
2011-01-15,,,,13.75,16.208,2.458,6.667,18.167,,,
2011-01-16,,,,6.375,8.25,1.875,4.955,13.375,,,
2011-01-17,,,,6.522,8.261,1.739,4.583,12.958,,,
2011-01-18,,,,20.583,26.25,5.667,5.583,19.917,,,
2011-01-19,,,,10.667,12.875,2.208,5.792,27.417,,,
2011-01-20,,,,2.696,4.087,1.391,4.417,20.667,,,
2011-01-21,,,,5.458,6.917,1.458,4.458,17.083,,,
2011-01-22,,,,4.5,5.542,1.042,4.333,20.958,,,
2011-01-23,,,,10.125,15.0,4.875,4.545,13.542,,,
2011-01-24,,,,13.292,18.75,5.458,5.625,11.667,,,
2011-01-25,,,,13.667,20.042,6.375,4.917,17.333,,,
2011-01-26,,,,10.125,12.583,2.458,5.167,13.458,,,
2011-01-27,,,,12.87,18.348,5.478,5.417,15.167,,,
2011-01-28,,,,12.083,14.208,2.125,6.167,17.708,,,
2011-01-29,,,,9.125,10.792,1.667,8.208,11.167,,,
2011-01-30,,,,13.333,18.167,4.833,4.455,10.458,,,
2011-01-31,,,,17.167,21.833,4.667,5.083,16.458,,,
2011-02-01,,,,10.958,13.708,2.75,6.375,19.875,,,
2011-02-02,,,,5.958,7.667,1.708,5.125,10.917,,,
2011-02-03,,,,16.217,23.913,7.696,4.826,12.708,,,
2011-02-04,,,,23.25,35.375,12.125,5.542,25.917,,,
2011-02-05,,,,9.208,10.833,1.625,5.958,14.125,,,
2011-02-06,,,,16.417,20.375,3.958,4.143,27.417,,,
2011-02-07,,,,8.5,9.583,1.083,3.75,43.125,,,
2011-02-08,,,,7.333,8.333,1.0,4.417,11.667,,,
2011-02-09,,,,11.083,15.0,3.917,4.583,10.875,,,
2011-02-10,,,,13.783,17.435,3.652,4.5,15.833,,,
2011-02-11,,,,11.75,13.625,1.875,5.333,15.958,,,
2011-02-12,,,,8.958,10.083,1.125,4.792,14.833,,,
2011-02-13,,,,15.917,19.917,4.0,4.87,16.458,,,
2011-02-14,,,,7.625,8.583,0.958,4.333,18.333,,,
2011-02-15,,,,12.208,14.875,2.667,5.083,31.833,,,
2011-02-16,,,,6.625,7.792,1.167,4.542,13.417,,,
2011-02-17,,,,8.13,10.652,2.522,5.375,15.833,,,
2011-02-18,,,,6.0,7.167,1.167,4.625,11.417,,,
2011-02-19,,,,13.792,17.917,4.125,5.667,12.917,,,
2011-02-20,,,,23.292,32.042,8.75,6.478,18.227,,,
2011-02-21,,,,16.125,19.75,3.625,5.542,20.167,,,
2011-02-22,,,,6.625,7.458,0.833,6.292,23.0,,,
2011-02-23,,,,18.958,22.292,3.333,4.818,36.083,,,
2011-02-24,,,,15.304,17.087,1.783,6.417,38.875,,,
2011-02-25,,,,5.667,5.792,0.125,4.583,24.042,,,
2011-02-26,,,,4.0,4.25,0.25,4.625,13.208,,,
2011-02-27,,,,7.708,8.917,1.208,5.125,14.542,,,
2011-02-28,,,,6.708,7.708,1.0,4.25,11.125,,,
2011-03-01,,,,8.0,8.792,0.792,3.708,18.292,,,
2011-03-02,,,,6.043,6.609,0.565,4.042,18.375,,,
2011-03-03,,,,3.708,4.167,0.458,4.375,22.917,,,
2011-03-04,,,,3.375,3.75,0.375,4.125,16.708,,,
2011-03-05,,,,10.042,10.917,0.875,3.708,24.333,,,
2011-03-06,,,,14.458,16.708,2.25,4.208,25.182,,,
2011-03-07,,,,9.458,10.333,0.875,4.417,24.667,,,
2011-03-08,,,,4.667,5.125,0.458,4.417,23.542,,,
2011-03-09,,,,4.261,4.739,0.478,3.708,27.333,,,
2011-03-10,,,,2.583,3.0,0.417,3.667,18.0,,,
2011-03-11,,,,4.458,5.0,0.542,4.0,14.792,,,
2011-03-12,,,,5.833,6.583,0.75,4.125,10.917,,,
2011-03-13,,,,8.792,10.792,2.0,4.708,12.292,,,
2011-03-14,,,,13.042,18.458,5.417,4.042,11.583,,,
2011-03-15,,,,11.042,13.5,2.458,4.833,21.542,,,
2011-03-16,,,,10.13,11.174,1.043,3.833,22.083,,,
2011-03-17,,,,1.375,1.375,0.0,3.917,33.167,,,
2011-03-18,,,,9.75,10.5,0.75,4.125,30.25,,,
2011-03-19,,,,6.083,6.833,0.75,4.167,16.5,,,
2011-03-20,,,,5.375,5.833,0.458,4.083,15.667,,,
2011-03-21,,,,6.458,7.25,0.792,4.5,15.083,,,
2011-03-22,,,,26.708,31.208,4.5,5.455,32.208,,,
2011-03-23,,,,12.043,12.87,0.826,5.042,37.042,,,
2011-03-24,,,,8.958,9.792,0.833,4.0,16.208,,,
2011-03-25,,,,9.458,10.667,1.208,4.667,16.625,,,
2011-03-26,,,,13.625,15.208,1.583,4.833,12.875,,,
2011-03-27,,,,9.875,11.25,1.375,5.083,17.167,,,
2011-03-28,,,,11.625,12.833,1.208,5.833,27.75,,,
2011-03-29,,,,5.083,5.5,0.417,4.5,20.042,,,
2011-03-30,,,,2.174,2.174,0.0,4.125,23.333,,,
2011-03-31,,,,2.083,2.083,0.0,3.833,34.042,,,
2011-04-01,,,,5.458,6.292,0.833,3.708,22.5,,,
2011-04-02,,,,6.708,7.375,0.667,4.208,38.25,,,
2011-04-03,,,,3.417,4.292,0.875,3.375,21.583,,,
2011-04-04,,,,3.625,4.667,1.042,3.208,21.042,,,
2011-04-05,,,,6.417,7.333,0.917,3.292,20.208,,,
2011-04-06,,,,12.875,14.792,1.917,3.917,35.833,,,
2011-04-07,,,,2.591,3.045,0.455,3.476,26.333,,,
2011-04-08,,,,1.833,2.25,0.417,3.833,32.417,,,
2011-04-09,,,,2.375,2.833,0.458,3.542,38.292,,,
2011-04-10,,,,4.083,4.75,0.667,3.375,23.458,,,
2011-04-11,,,,6.217,7.609,1.391,3.522,31.75,,,
2011-04-12,,,,5.208,6.25,1.042,3.625,24.333,,,
2011-04-13,,,,5.417,6.375,0.958,3.833,35.042,,,
2011-04-14,,,,9.833,10.708,0.875,4.333,41.875,,,
2011-04-15,,,,3.208,3.875,0.667,4.167,41.667,,,
2011-04-16,,,,2.208,2.875,0.667,3.583,33.583,,,
2011-04-17,,,,2.542,3.375,0.833,3.667,20.833,,,
2011-04-18,,,,8.0,9.174,1.174,3.609,22.458,,,
2011-04-19,,,,4.542,5.583,1.042,3.708,25.625,,,
2011-04-20,,,,4.625,6.125,1.5,3.667,12.292,,,
2011-04-21,,,,5.292,6.708,1.417,3.5,16.458,,,
2011-04-22,,,,4.0,5.25,1.25,3.625,30.25,,,
2011-04-23,,,,1.042,2.042,1.0,3.625,33.417,,,
2011-04-24,,,,2.417,3.417,1.0,3.292,24.042,,,
2011-04-25,,,,7.13,7.652,0.522,3.522,21.958,,,
2011-04-26,,,,7.25,8.167,0.917,3.958,27.417,,,
2011-04-27,,,,2.208,2.583,0.375,4.458,57.25,,,
2011-04-28,,,,2.833,3.208,0.375,3.542,38.958,,,
2011-04-29,,,,5.125,6.208,1.083,3.417,20.208,,,
2011-04-30,,,,3.917,4.458,0.542,3.667,27.0,,,
2011-05-01,,,,1.625,1.833,0.208,3.542,41.042,,,
2011-05-02,,,,8.565,9.826,1.261,3.696,71.875,,,
2011-05-03,,,,4.833,5.625,0.792,4.0,50.5,,,
2011-05-04,,,,3.0,3.75,0.75,3.458,30.125,,,
2011-05-05,,,,7.417,8.833,1.417,3.958,27.833,,,
2011-05-06,,,,5.333,6.417,1.083,3.333,26.083,,,
2011-05-07,,,,5.0,5.833,0.833,3.5,28.083,,,
2011-05-08,,,,5.542,6.375,0.833,3.667,34.75,,,
2011-05-09,,,,8.304,8.87,0.565,4.0,26.75,,,
2011-05-10,,,,7.958,8.792,0.833,3.708,48.417,,,
2011-05-11,,,,8.667,9.042,0.375,3.75,18.417,,,
2011-05-12,,,,8.792,9.583,0.792,3.292,14.292,,,
2011-05-13,,,,7.917,8.833,0.917,3.542,25.478,,,
2011-05-14,,,,5.708,6.042,0.333,3.792,91.042,,,
2011-05-15,,,,5.125,5.5,0.375,3.625,26.417,,,
2011-05-16,,,,4.609,5.087,0.478,3.739,33.833,,,
2011-05-17,,,,3.292,3.75,0.458,3.667,22.125,,,
2011-05-18,,,,7.167,7.833,0.667,4.0,31.958,,,
2011-05-19,,,,5.5,6.0,0.5,4.625,39.875,,,
2011-05-20,,,,2.625,3.042,0.417,3.708,39.208,,,
2011-05-21,,,,1.875,2.375,0.5,4.0,24.583,,,
2011-05-22,,,,2.375,2.792,0.417,3.417,22.125,,,
2011-05-23,,,,5.0,5.609,0.609,3.696,13.917,,,
2011-05-24,,,,5.542,6.375,0.833,3.792,16.5,,,
2011-05-25,,,,6.5,7.25,0.75,3.958,18.542,,,
2011-05-26,,,,8.292,9.167,0.875,4.0,16.375,,,
2011-05-27,,,,4.167,4.5,0.333,3.875,19.417,,,
2011-05-28,,,,5.0,5.417,0.417,3.5,11.917,,,
2011-05-29,,,,3.375,3.708,0.333,3.917,9.5,,,
2011-05-30,,,,1.696,2.652,0.957,4.174,18.833,,,
2011-05-31,,,,1.75,3.042,1.292,4.0,33.375,,,
2011-06-01,,,,4.417,5.875,1.458,3.875,35.75,,,
2011-06-02,,,,4.0,5.083,1.083,3.708,22.75,,,
2011-06-03,,,,6.542,7.75,1.208,4.042,21.0,,,
2011-06-04,,,,4.917,6.25,1.333,4.167,24.792,,,
2011-06-05,,,,1.958,2.958,1.0,3.708,26.042,,,
2011-06-06,,,,6.087,6.609,0.522,4.913,33.875,,,
2011-06-07,,,,3.667,3.667,0.0,4.375,33.625,,,
2011-06-08,,,,7.458,7.833,0.375,4.875,19.417,,,
2011-06-09,,,,4.458,4.958,0.5,3.708,18.125,,,
2011-06-10,,,,4.417,4.917,0.5,4.208,11.75,,,
2011-06-11,,,,6.125,6.333,0.208,4.167,32.75,,,
2011-06-12,,,,6.583,6.917,0.333,4.542,34.458,,,
2011-06-13,,,,5.696,5.87,0.174,3.826,20.667,,,
2011-06-14,,,,10.652,11.13,0.478,4.522,19.826,,,
2011-06-15,,,,4.545,5.091,0.545,3.9,12.261,,,
2011-06-16,,,,2.0,2.333,0.333,1.083,15.167,,,
2011-06-17,,,,5.609,6.174,0.565,1.087,19.0,,,
2011-06-18,,,,5.583,5.792,0.208,1.167,12.0,,,
2011-06-19,,,,4.792,5.375,0.583,1.125,10.167,,,
2011-06-20,,,,5.958,6.5,0.542,1.917,11.792,,,
2011-06-21,,,,3.208,3.833,0.625,1.125,17.5,,,
2011-06-22,,,,9.875,12.917,3.042,1.667,29.125,,,
2011-06-23,,,,4.5,5.708,1.208,1.304,29.083,,,
2011-06-24,,,,1.87,2.739,0.87,1.261,23.583,,,
2011-06-25,,,,4.625,5.5,0.875,1.625,15.75,,,
2011-06-26,,,,3.667,4.208,0.542,1.333,11.792,,,
2011-06-27,,,,6.333,8.167,1.833,1.667,17.125,,,
2011-06-28,,,,8.958,10.708,1.75,2.625,31.125,,,
2011-06-29,,,,8.25,9.042,0.792,2.042,19.739,,,
2011-06-30,,,,6.667,8.708,2.042,1.5,14.8,,,
2011-07-01,,,,12.217,13.913,1.696,2.522,16.917,,,
2011-07-02,,,,6.208,7.458,1.25,2.125,8.792,,,
2011-07-03,,,,4.083,4.458,0.375,1.792,12.5,,,
2011-07-04,,,,2.167,2.458,0.292,1.75,24.417,,,
2011-07-05,,,,3.5,3.917,0.417,1.5,20.792,,,
2011-07-06,,,,9.042,10.208,1.167,2.625,12.875,,,
2011-07-07,,,,4.083,4.542,0.458,1.708,14.375,,,
2011-07-08,,,,5.174,5.304,0.13,1.609,11.417,,,
2011-07-09,,,,3.417,3.417,0.0,1.75,8.833,,,
2011-07-10,,,,4.25,4.5,0.25,1.75,6.292,,,
2011-07-11,,,,3.208,3.583,0.375,1.875,6.625,,,
2011-07-12,,,,3.208,3.333,0.125,1.875,6.875,,,
2011-07-13,,,,3.542,3.542,0.0,2.333,6.958,,,
2011-07-14,,,,5.083,5.083,0.0,2.583,7.333,,,
2011-07-15,,,,5.783,9.043,3.261,2.478,9.458,,,
2011-07-16,,,,4.417,5.458,1.042,2.125,13.5,,,
2011-07-17,,,,3.417,6.458,3.042,2.042,15.167,,,
2011-07-18,,,,0.708,1.5,0.792,1.667,30.542,,,
2011-07-19,,,,1.583,3.292,1.708,1.292,22.375,,,
2011-07-20,,,,1.292,2.083,0.792,1.333,26.875,,,
2011-07-21,,,,0.917,1.667,0.75,1.625,15.25,,,
2011-07-22,,,,2.435,3.13,0.696,1.522,9.375,,,
2011-07-23,,,,2.208,2.875,0.667,1.75,14.125,,,
2011-07-24,,,,4.25,4.833,0.583,1.792,12.667,,,
2011-07-25,,,,6.042,6.917,0.875,2.583,10.25,,,
2011-07-26,,,,3.667,4.042,0.375,1.667,11.958,,,
2011-07-27,,,,4.708,5.625,0.917,1.5,10.542,,,
2011-07-28,,,,10.667,11.875,1.208,1.957,12.739,,,
2011-07-29,,,,6.8,7.1,0.3,1.739,9.458,,,
2011-07-30,,,,7.083,7.5,0.417,2.292,13.042,,,
2011-07-31,,,,2.833,3.083,0.25,1.917,14.083,,,
2011-08-01,,,,4.458,5.083,0.625,2.042,14.0,,,
2011-08-02,,,,6.917,7.833,0.917,2.208,12.583,,,
2011-08-03,,,,8.5,10.75,2.25,2.5,11.583,,,
2011-08-04,,,,4.625,7.042,2.417,2.0,14.5,,,
2011-08-05,,,,3.391,4.435,1.043,1.826,9.167,,,
2011-08-06,,,,4.125,5.417,1.292,2.167,11.833,,,
2011-08-07,,,,3.917,5.375,1.458,2.583,13.375,,,
2011-08-08,,,,3.875,5.083,1.208,2.708,17.583,,,
2011-08-09,,,,4.542,5.833,1.292,2.458,14.0,,,
2011-08-10,,,,2.042,2.542,0.5,1.833,17.5,,,
2011-08-11,,,,3.708,4.167,0.458,2.208,21.917,,,
2011-08-12,,,,4.913,5.391,0.478,2.478,23.833,,,
2011-08-13,,,,3.583,4.292,0.708,2.292,19.0,,,
2011-08-14,,,,3.042,4.208,1.167,2.917,18.583,,,
2011-08-15,,,,0.875,1.458,0.583,1.958,19.875,,,
2011-08-16,,,,2.292,2.875,0.583,2.292,22.0,,,
2011-08-17,,,,3.583,4.208,0.625,2.625,26.833,,,
2011-08-18,,,,2.042,2.792,0.75,1.917,29.583,,,
2011-08-19,,,,3.609,3.696,0.087,1.826,18.375,,,
2011-08-20,,,,3.75,3.917,0.167,2.125,9.583,,,
2011-08-21,,,,2.083,2.083,0.0,1.75,9.625,,,
2011-08-22,,,,4.958,5.042,0.083,1.875,11.083,,,
2011-08-23,,,,4.75,5.333,0.583,2.25,11.917,,,
2011-08-24,,,,3.227,4.455,1.227,2.227,11.958,,,
2011-08-25,,,,2.87,4.391,1.522,2.083,16.042,,,
2011-08-26,,,,4.375,5.958,1.583,2.75,14.458,,,
2011-08-27,,,,2.833,3.167,0.333,1.958,9.625,,,
2011-08-28,,,,2.792,3.083,0.292,2.208,9.292,,,
2011-08-29,,,,3.25,3.667,0.417,2.25,12.25,,,
2011-08-30,,,,2.708,3.333,0.625,1.958,11.792,,,
2011-08-31,,,,3.667,5.208,1.542,2.292,14.417,,,
2011-09-01,,,,1.652,3.0,1.348,1.917,20.833,,,
2011-09-02,,,,0.833,2.125,1.292,1.833,26.708,,,
2011-09-03,,,,1.5,3.0,1.5,1.708,31.792,,,
2011-09-04,,,,1.25,2.167,0.917,1.792,21.042,,,
2011-09-05,,,,7.458,9.208,1.75,2.5,18.083,,,
2011-09-06,,,,6.0,6.958,0.958,3.167,12.0,,,
2011-09-07,,,,6.458,6.958,0.5,3.208,13.458,,,
2011-09-08,,,,3.913,4.043,0.13,2.739,13.625,,,
2011-09-09,,,,1.958,2.583,0.625,2.333,9.333,,,
2011-09-10,,,,2.625,4.167,1.542,2.458,9.542,,,
2011-09-11,,,,3.75,4.125,0.375,2.458,12.958,,,
2011-09-12,,,,4.125,5.5,1.375,2.542,10.625,,,
2011-09-13,,,,1.208,1.875,0.667,2.913,9.583,,,
2011-09-14,,,,1.542,2.375,0.833,3.542,7.875,,,
2011-09-15,,,,4.261,9.826,5.565,2.5,7.083,,,
2011-09-16,,,,3.292,3.708,0.417,2.25,8.625,,,
2011-09-17,,,,2.583,3.083,0.5,2.292,12.917,,,
2011-09-18,,,,2.833,3.208,0.375,2.583,14.417,,,
2011-09-19,,,,3.333,4.042,0.708,2.348,15.227,,,
2011-09-20,,,,3.708,3.958,0.25,2.13,10.625,,,
2011-09-21,,,,1.625,2.208,0.583,2.125,30.583,,,
2011-09-22,,,,1.714,2.905,1.19,2.545,14.25,,,
2011-09-23,,,,3.792,4.958,1.167,2.417,9.042,,,
2011-09-24,,,,4.917,6.333,1.417,2.458,7.625,,,
2011-09-25,,,,3.208,4.25,1.042,2.458,5.917,,,
2011-09-26,,,,3.5,4.667,1.167,2.458,6.792,,,
2011-09-27,,,,3.25,4.5,1.25,2.25,10.375,,,
2011-09-28,,,,2.5,3.5,1.0,2.542,12.417,,,
2011-09-29,,,,5.609,7.478,1.87,2.458,11.375,,,
2011-09-30,,,,4.25,5.333,1.083,2.25,18.417,,,
2011-10-01,,,,3.917,4.917,1.0,2.583,10.208,,,
2011-10-02,,,,2.542,3.542,1.0,2.542,7.208,,,
2011-10-03,,,,6.833,8.625,1.792,2.708,7.5,,,
2011-10-04,,,,5.25,6.5,1.25,2.667,6.75,,,
2011-10-05,,,,3.542,4.542,1.0,2.333,8.783,,,
2011-10-06,,,,6.043,7.087,1.043,2.25,10.0,,,
2011-10-07,,,,5.375,6.542,1.167,3.042,7.792,,,
2011-10-08,,,,9.208,10.333,1.125,3.333,13.208,,,
2011-10-09,,,,6.25,7.25,1.0,3.167,13.667,,,
2011-10-10,,,,4.833,5.958,1.125,3.417,15.25,,,
2011-10-11,,,,9.875,11.625,1.75,3.625,19.583,,,
2011-10-12,,,,8.0,9.542,1.542,3.042,14.958,,,
2011-10-13,,,,6.261,8.609,2.348,3.167,15.208,,,
2011-10-14,,,,5.958,7.917,1.958,4.292,17.125,,,
2011-10-15,,,,1.125,2.833,1.708,2.917,18.917,,,
2011-10-16,,,,1.667,3.333,1.667,3.042,17.083,,,
2011-10-17,,,,6.667,8.792,2.125,3.583,16.833,,,
2011-10-18,,,,3.958,5.958,2.0,3.125,8.917,,,
2011-10-19,,,,2.708,4.75,2.042,3.083,9.833,,,
2011-10-20,,,,3.13,4.174,1.043,2.609,12.417,,,
2011-10-21,,,,4.125,5.125,1.0,2.667,9.75,,,
2011-10-22,,,,5.167,6.208,1.042,2.708,9.542,,,
2011-10-23,,,,4.0,5.417,1.417,3.042,13.792,,,
2011-10-24,,,,7.375,9.375,2.0,2.957,13.458,,,
2011-10-25,,,,4.958,6.167,1.208,3.435,12.458,,,
2011-10-26,,,,4.292,5.458,1.167,2.917,6.667,,,
2011-10-27,,,,5.913,6.609,0.696,3.0,8.75,,,
2011-10-28,,,,5.292,5.875,0.583,2.917,7.083,,,
2011-10-29,,,,4.542,5.083,0.542,3.042,8.375,,,
2011-10-30,,,,2.583,2.708,0.125,2.833,9.917,,,
2011-10-31,,,,6.458,7.375,0.917,3.304,10.708,,,
2011-11-01,,,,5.917,6.458,0.542,3.25,8.792,,,
2011-11-02,,,,9.208,10.125,0.917,2.875,10.208,,,
2011-11-03,,,,15.739,17.304,1.565,3.5,14.417,,,
2011-11-04,,,,10.458,11.542,1.083,3.208,16.875,,,
2011-11-05,,,,12.708,14.583,1.875,3.625,16.273,,,
2011-11-06,,,,6.042,6.458,0.417,3.125,7.5,,,
2011-11-07,,,,4.708,5.375,0.667,3.0,6.375,,,
2011-11-08,,,,4.583,5.583,1.0,3.167,5.25,,,
2011-11-09,,,,5.833,6.875,1.042,3.125,4.458,,,
2011-11-10,,,,6.217,7.522,1.304,3.083,4.417,,,
2011-11-11,,,,6.292,7.292,1.0,3.083,4.708,,,
2011-11-12,,,,6.0,6.958,0.958,2.875,4.375,,,
2011-11-13,,,,12.542,14.875,2.333,3.625,5.458,,,
2011-11-14,,,,8.167,9.333,1.167,3.739,6.0,,,
2011-11-15,,,,8.917,10.333,1.417,3.792,4.75,,,
2011-11-16,,,,8.625,10.208,1.583,3.833,10.762,,,
2011-11-17,,,,15.913,21.565,5.652,3.708,11.708,,,
2011-11-18,,,,12.75,15.458,2.708,3.333,27.083,,,
2011-11-19,,,,1.125,2.125,1.0,3.0,45.667,,,
2011-11-20,,,,2.2,3.0,0.8,3.0,42.4,,,
2011-11-21,,,,5.375,6.5,1.125,4.125,,,,
2011-11-22,,,,12.875,20.917,8.042,4.042,,,,
2011-11-23,,,,11.0,13.125,2.125,3.917,,,,
2011-11-24,,,,7.478,8.652,1.174,4.292,,,,
2011-11-25,,,,9.375,11.167,1.792,3.583,,,,
2011-11-26,,,,11.083,12.583,1.5,4.417,,,,
2011-11-27,,,,14.125,15.958,1.833,4.958,,,,
2011-11-28,,,,25.667,37.417,11.75,4.478,,,,
2011-11-29,,,,30.833,44.5,13.667,5.167,,,,
2011-11-30,,,,11.333,14.333,3.0,4.375,,,,
2011-12-01,,,,3.043,4.522,1.478,3.833,,,,
2011-12-02,,,,2.375,3.667,1.292,3.833,,,,
2011-12-03,,,,6.333,8.208,1.875,4.125,,,,
2011-12-04,,,,6.292,8.167,1.875,4.167,,,,
2011-12-05,,,,9.917,12.5,2.583,4.435,,,,
2011-12-06,,,,4.958,6.375,1.417,4.208,16.0,,,
2011-12-07,,,,11.625,14.333,2.708,4.375,15.417,,,
2011-12-08,,,,6.696,7.913,1.217,4.875,15.25,,,
2011-12-09,,,,8.792,10.333,1.542,4.667,11.417,,,
2011-12-10,,,,10.625,20.75,10.125,4.292,8.667,,,
2011-12-11,,,,14.667,21.25,6.583,4.667,14.625,,,
2011-12-12,,,,20.875,38.625,17.75,4.565,21.417,,,
2011-12-13,,,,9.958,11.708,1.75,4.542,19.333,,,
2011-12-14,,,,11.458,13.708,2.25,4.417,,,,
2011-12-15,,,,21.696,33.13,11.435,5.0,38.357,,,
2011-12-16,,,,6.167,7.75,1.583,4.667,12.333,,,
2011-12-17,,,,9.792,12.125,2.333,4.5,8.583,,,
2011-12-18,,,,9.708,11.917,2.208,4.833,13.667,,,
2011-12-19,,,,12.25,21.708,9.458,5.609,11.542,,,
2011-12-20,,,,16.542,24.75,8.208,6.292,14.25,,,
2011-12-21,,,,16.042,19.875,3.833,4.833,13.625,,,
2011-12-22,,,,22.391,34.783,12.391,4.792,43.958,,,
2011-12-23,,,,16.542,21.208,4.667,6.25,20.583,,,
2011-12-24,,,,12.583,19.333,6.75,4.833,9.833,,,
2011-12-25,,,,10.292,11.917,1.625,5.25,12.583,,,
2011-12-26,,,,7.542,9.208,1.667,4.565,7.625,,,
2011-12-27,,,,8.375,10.333,1.958,4.292,7.348,,,
2011-12-28,,,,7.875,9.833,1.958,4.917,8.917,,,
2011-12-29,,,,12.783,16.957,4.174,5.125,20.833,,,
2011-12-30,,,,9.0,10.625,1.625,5.167,11.792,,,
2011-12-31,,,,13.792,17.083,3.292,6.0,17.042,,,
2012-01-01,,,,8.917,10.542,1.625,5.091,9.583,,,
2012-01-02,,,,2.333,2.333,0.0,6.333,27.708,,,
2012-01-03,,,,4.917,5.375,0.458,6.0,11.5,,,
2012-01-04,,,,3.667,4.25,0.583,2.609,6.875,,,
2012-01-05,,,,10.125,11.75,1.625,0.0,9.667,,,
2012-01-06,,,,12.375,15.958,3.583,0.0,16.708,,,
2012-01-07,,,,14.261,16.087,1.826,1.458,12.042,,,
2012-01-08,,,,13.0,15.042,2.042,5.455,16.625,,,
2012-01-09,,,,6.167,6.708,0.542,4.875,11.75,,,
2012-01-10,,,,12.625,18.0,5.375,6.125,13.25,,,
2012-01-11,,,,20.375,27.25,6.875,7.042,12.667,,,
2012-01-12,,,,25.167,33.75,8.583,5.667,26.417,,,
2012-01-13,,,,21.25,28.667,7.417,5.542,27.25,,,
2012-01-14,,,,3.522,3.609,0.087,5.375,18.667,,,
2012-01-15,,,,9.583,10.792,1.208,6.045,14.042,,,
2012-01-16,,,,13.75,16.25,2.5,4.958,16.417,,,
2012-01-17,,,,14.875,18.0,3.125,5.792,23.348,,,
2012-01-18,,,,7.625,8.833,1.208,4.625,10.292,,,
2012-01-19,,,,13.917,17.667,3.75,4.958,15.417,,,
2012-01-20,,,,9.583,10.917,1.333,5.75,13.375,,,
2012-01-21,,,,13.391,16.609,3.217,5.25,13.0,,,
2012-01-22,,,,10.792,13.583,2.792,4.739,19.417,,,
2012-01-23,,,,3.75,4.417,0.667,4.875,11.542,,,
2012-01-24,,,,8.542,9.333,0.792,4.792,12.958,,,
2012-01-25,,,,12.042,15.417,3.375,5.708,22.833,,,
2012-01-26,,,,6.208,7.0,0.792,5.083,10.583,,,
2012-01-27,,,,11.75,15.208,3.458,5.125,11.792,,,
2012-01-28,,,,12.739,18.652,5.913,3.333,12.708,,,
2012-01-29,,,,15.542,22.417,6.875,0.0,11.083,,,
2012-01-30,,,,10.542,12.0,1.458,0.958,14.385,,,
2012-01-31,,,,12.667,16.75,4.083,0.167,11.0,,,
2012-02-01,,,,12.917,20.792,7.875,0.333,15.75,,,
2012-02-02,,,,3.125,3.375,0.25,0.0,43.542,,,
2012-02-03,,,,5.917,6.375,0.458,0.583,10.458,,,
2012-02-04,,,,11.043,12.304,1.261,0.348,23.75,,,
2012-02-05,,,,10.917,12.083,1.167,1.417,16.0,,,
2012-02-06,,,,3.625,4.042,0.417,0.542,11.042,,,
2012-02-07,,,,8.208,9.542,1.333,0.25,17.583,,,
2012-02-08,,,,7.167,8.083,0.917,0.409,10.292,,,
2012-02-09,,,,12.583,14.542,1.958,0.417,11.167,,,
2012-02-10,,,,12.917,14.208,1.292,0.583,18.958,,,
2012-02-11,,,,8.87,9.435,0.565,1.391,18.458,,,
2012-02-12,,,,7.625,8.667,1.042,0.0,15.458,,,
2012-02-13,,,,8.75,10.167,1.417,0.167,18.333,,,
2012-02-14,,,,16.783,19.609,2.826,0.043,14.826,,,
2012-02-15,,,,14.375,17.875,3.5,0.0,20.125,,,
2012-02-16,,,,8.0,9.05,1.05,0.708,11.75,,,
2012-02-17,,,,7.583,8.625,1.042,0.625,10.958,,,
2012-02-18,,,,17.0,19.478,2.478,0.0,27.208,,,
2012-02-19,,,,14.542,15.917,1.375,0.458,21.417,,,
2012-02-20,,,,11.792,13.125,1.333,2.0,14.75,,,
2012-02-21,,,,11.542,12.792,1.25,3.292,11.333,,,
2012-02-22,,,,9.875,11.208,1.333,0.458,12.667,,,
2012-02-23,,,,10.0,10.875,0.875,0.042,12.875,,,
2012-02-24,,,,4.5,5.0,0.5,0.0,16.833,,,
2012-02-25,,,,9.0,10.333,1.333,0.048,10.136,,,
2012-02-26,,,,9.292,10.0,0.708,0.042,12.875,,,
2012-02-27,,,,13.292,14.708,1.417,0.0,21.458,,,
2012-02-28,,,,13.167,17.208,4.042,0.0,28.625,,,
2012-03-01,,,,2.792,2.875,0.083,0.0,34.625,,,
2012-03-02,,,,4.875,5.167,0.292,0.292,21.292,,,
2012-03-03,,,,4.292,4.625,0.333,0.167,11.042,,,
2012-03-04,,,,5.087,5.826,0.739,0.0,11.208,,,
2012-03-05,,,,8.833,9.708,0.875,0.375,15.583,,,
2012-03-06,,,,21.5,25.5,4.0,0.917,29.958,,,
2012-03-07,,,,8.5,8.875,0.375,0.792,36.208,,,
2012-03-08,,,,6.333,6.5,0.167,0.917,46.792,,,
2012-03-09,,,,10.042,10.542,0.5,0.583,46.833,,,
2012-03-10,,,,5.333,5.333,0.0,0.292,46.0,,,
2012-03-11,,,,12.13,13.435,1.304,2.286,12.792,,,
2012-03-12,,,,10.792,12.167,1.375,0.333,17.125,,,
2012-03-13,,,,1.417,1.417,0.0,0.062,35.87,,,
2012-03-14,,,,3.375,3.875,0.5,0.792,20.875,,,
2012-03-15,,,,3.958,4.333,0.375,1.0,14.75,,,
2012-03-16,,,,8.292,9.208,0.917,1.25,26.25,,,
2012-03-17,,,,4.708,4.917,0.208,2.19,32.125,,,
2012-03-18,,,,1.565,1.565,0.0,,56.708,,,
2012-03-19,,,,5.875,6.5,0.625,,43.125,,,
2012-03-20,,,,6.875,7.375,0.5,,43.833,,,
2012-03-21,,,,4.417,4.75,0.333,,12.708,,,
2012-03-22,,,,5.167,5.583,0.417,0.4,20.833,,,
2012-03-23,,,,8.25,8.917,0.667,0.65,22.458,,,
2012-03-24,,,,2.792,2.792,0.0,0.5,23.625,,,
2012-03-25,,,,6.217,6.739,0.522,0.043,24.25,,,
2012-03-26,,,,4.667,5.0,0.333,0.042,14.75,,,
2012-03-27,,,,7.5,7.708,0.208,0.0,27.333,,,
2012-03-28,,,,12.958,14.708,1.75,0.083,33.5,,,
2012-03-29,,,,9.208,10.25,1.042,0.083,31.958,,,
2012-03-30,,,,4.208,4.667,0.458,0.0,19.708,,,
2012-03-31,,,,2.875,2.917,0.042,0.0,18.261,,,
2012-04-01,,,,3.625,3.792,0.167,4.375,20.458,,,
2012-04-02,,,,5.917,6.75,0.833,4.167,14.292,,,
2012-04-03,,,,2.375,2.375,0.0,3.957,41.042,,,
2012-04-04,,,,9.042,9.792,0.75,4.25,18.583,,,
2012-04-05,,,,4.583,4.708,0.125,4.542,31.833,,,
2012-04-06,,,,5.818,6.364,0.545,4.364,19.87,,,
2012-04-07,,,,6.25,6.917,0.667,4.083,18.792,,,
2012-04-08,,,,6.167,6.792,0.625,5.417,17.083,,,
2012-04-09,,,,5.75,5.917,0.167,4.292,35.583,,,
2012-04-10,,,,9.125,9.667,0.542,4.174,52.583,,,
2012-04-11,,,,3.625,3.667,0.042,3.958,48.667,,,
2012-04-12,,,,5.625,6.333,0.708,4.208,21.75,,,
2012-04-13,,,,7.435,8.043,0.609,4.708,27.083,,,
2012-04-14,,,,4.875,5.042,0.167,3.833,30.417,,,
2012-04-15,,,,2.375,2.458,0.083,3.833,21.208,,,
2012-04-16,,,,7.625,8.208,0.583,4.083,20.875,,,
2012-04-17,,,,10.083,10.417,0.333,4.217,22.708,,,
2012-04-18,,,,6.167,7.042,0.875,4.292,21.542,,,
2012-04-19,,,,3.875,4.417,0.542,3.75,15.792,,,
2012-04-20,,,,4.435,5.13,0.696,4.0,11.375,,,
2012-04-21,,,,4.292,4.833,0.542,3.792,12.0,,,
2012-04-22,,,,2.083,2.25,0.167,3.792,14.208,,,
2012-04-23,,,,2.417,2.417,0.0,3.833,23.125,,,
2012-04-24,,,,6.833,7.708,0.875,4.435,28.833,,,
2012-04-25,,,,7.75,8.667,0.917,4.333,30.417,,,
2012-04-26,,,,4.917,5.083,0.167,4.125,31.391,,,
2012-04-27,,,,4.913,5.043,0.13,3.708,27.5,,,
2012-04-28,,,,4.833,5.292,0.458,4.208,17.708,,,
2012-04-29,,,,6.917,7.5,0.583,6.375,24.542,,,
2012-04-30,,,,5.958,6.917,0.958,4.792,20.208,,,
2012-05-01,,,,2.75,2.792,0.042,4.696,29.958,,,
2012-05-02,,,,1.792,1.792,0.0,4.375,27.375,,,
2012-05-03,,,,2.417,2.542,0.125,4.125,44.083,,,
2012-05-04,,,,6.696,7.13,0.435,5.333,40.208,,,
2012-05-05,,,,4.292,4.458,0.167,5.375,22.375,,,
2012-05-06,,,,5.125,5.167,0.042,5.375,34.083,,,
2012-05-07,,,,6.0,6.375,0.375,5.458,24.75,,,
2012-05-08,,,,10.0,10.875,0.875,6.348,35.708,,,
2012-05-09,,,,13.458,13.917,0.458,6.667,47.75,,,
2012-05-10,,,,5.708,6.0,0.292,4.75,30.792,,,
2012-05-11,,,,6.478,7.087,0.609,4.833,15.0,,,
2012-05-12,,,,7.625,8.042,0.417,4.667,18.667,,,
2012-05-13,,,,4.667,5.042,0.375,5.792,16.167,,,
2012-05-14,,,,5.917,6.125,0.208,5.583,19.792,,,
2012-05-15,,,,2.458,2.458,0.0,5.043,24.417,,,
2012-05-16,,,,5.875,6.5,0.625,6.042,19.833,,,
2012-05-17,,,,4.75,4.792,0.042,6.667,39.917,,,
2012-05-18,,,,6.913,7.304,0.391,5.625,28.875,,,
2012-05-19,,,,5.292,5.625,0.333,5.708,30.458,,,
2012-05-20,,,,4.083,4.083,0.0,6.125,25.042,,,
2012-05-21,,,,7.625,8.167,0.542,5.75,29.667,,,
2012-05-22,,,,2.958,3.292,0.333,4.227,21.583,,,
2012-05-23,,,,4.208,4.667,0.458,4.417,22.167,,,
2012-05-24,,,,7.625,8.292,0.667,5.875,26.75,,,
2012-05-25,,,,8.826,9.348,0.522,6.375,29.542,,,
2012-05-26,,,,6.583,7.0,0.417,5.875,28.875,,,
2012-05-27,,,,6.917,7.375,0.458,6.917,28.708,,,
2012-05-28,,,,4.042,4.292,0.25,6.125,23.333,,,
2012-05-29,,,,4.0,4.208,0.208,6.087,28.375,,,
2012-05-30,,,,5.625,6.167,0.542,5.917,18.458,,,
2012-05-31,,,,5.292,5.708,0.417,5.5,18.75,,,
2012-06-01,,,,4.435,4.826,0.391,5.708,19.083,,,
2012-06-02,,,,8.25,9.167,0.917,6.75,26.583,,,
2012-06-03,,,,3.042,3.125,0.083,4.875,29.042,,,
2012-06-04,,,,5.167,6.583,1.417,5.583,23.5,,,
2012-06-05,,,,3.5,3.708,0.208,5.783,17.042,,,
2012-06-06,,,,4.208,4.542,0.333,5.125,20.875,,,
2012-06-07,,,,3.958,4.417,0.458,5.667,21.375,,,
2012-06-08,,,,3.565,3.87,0.304,6.292,32.0,,,
2012-06-09,,,,2.458,2.542,0.083,5.708,22.292,,,
2012-06-10,,,,4.042,4.5,0.458,6.167,15.875,,,
2012-06-11,,,,3.875,4.458,0.583,5.583,13.792,,,
2012-06-12,,,,4.583,5.25,0.667,5.348,22.542,,,
2012-06-13,,,,3.083,3.792,0.708,4.833,27.391,,,
2012-06-14,,,,3.125,4.125,1.0,5.5,25.125,,,
2012-06-15,,,,5.957,7.217,1.261,5.833,18.958,,,
2012-06-16,,,,7.208,8.167,0.958,5.75,19.042,,,
2012-06-17,,,,8.25,9.375,1.125,5.958,29.708,,,
2012-06-18,,,,9.958,10.792,0.833,7.125,21.792,,,
2012-06-19,,,,4.292,4.583,0.292,6.87,38.833,,,
2012-06-20,,,,2.458,2.875,0.417,7.083,65.083,,,
2012-06-21,,,,4.083,4.458,0.375,6.542,24.75,,,
2012-06-22,,,,7.348,8.174,0.826,6.708,27.5,,,
2012-06-23,,,,8.625,9.542,0.917,7.125,16.75,,,
2012-06-24,,,,7.542,8.458,0.917,7.5,15.125,,,
2012-06-25,,,,3.583,4.75,1.167,5.833,15.333,,,
2012-06-26,,,,3.208,4.167,0.958,5.0,21.958,,,
2012-06-27,,,,4.583,5.792,1.208,5.333,13.792,,,
2012-06-28,,,,7.5,9.167,1.667,6.417,15.792,,,
2012-06-29,,,,8.087,10.174,2.087,6.667,14.042,,,
2012-06-30,,,,3.25,4.083,0.833,5.833,16.958,,,
2012-07-01,,,,5.125,5.75,0.625,5.958,21.542,,,
2012-07-02,,,,7.125,8.667,1.542,5.75,18.625,,,
2012-07-03,,,,7.25,9.0,1.75,6.087,18.5,,,
2012-07-04,,,,3.875,4.583,0.708,6.5,19.609,,,
2012-07-05,,,,11.083,12.167,1.083,7.292,34.417,,,
2012-07-06,,,,8.652,9.522,0.87,7.333,42.042,,,
2012-07-07,,,,4.208,4.875,0.667,7.375,34.75,,,
2012-07-08,,,,2.25,2.833,0.583,6.208,19.958,,,
2012-07-09,,,,4.75,5.833,1.083,7.0,16.333,,,
2012-07-10,,,,5.958,6.667,0.708,8.0,22.0,,,
2012-07-11,,,,6.375,8.083,1.708,8.348,22.708,,,
2012-07-12,,,,2.208,3.792,1.583,8.208,37.75,,,
2012-07-13,,,,3.609,5.174,1.565,7.625,36.458,,,
2012-07-14,,,,4.667,6.167,1.5,7.792,38.917,,,
2012-07-15,,,,3.333,4.417,1.083,7.792,25.25,,,
2012-07-16,,,,3.75,5.75,2.0,7.417,23.333,,,
2012-07-17,,,,4.167,6.75,2.583,6.522,30.5,,,
2012-07-18,,,,5.625,7.0,1.375,6.458,27.25,,,
2012-07-19,,,,8.042,10.042,2.0,7.333,30.708,,,
2012-07-20,,,,4.435,6.174,1.739,6.208,14.792,,,
2012-07-21,,,,3.375,3.958,0.583,5.792,14.667,,,
2012-07-22,,,,4.25,4.833,0.583,6.458,17.917,,,
2012-07-23,,,,10.708,14.542,3.833,6.958,27.583,,,
2012-07-24,,,,9.542,12.5,2.958,6.826,23.708,,,
2012-07-25,,,,9.5,10.792,1.292,7.25,38.842,,,
2012-07-26,,,,6.292,6.875,0.583,7.125,35.913,,,
2012-07-27,,,,6.609,7.174,0.565,7.25,38.917,,,
2012-07-28,,,,5.875,8.375,2.5,7.125,18.042,,,
2012-07-29,,,,4.375,5.792,1.417,7.458,18.292,,,
2012-07-30,,,,3.792,5.375,1.583,6.875,20.833,,,
2012-07-31,,,,4.583,6.792,2.208,6.87,25.958,,,
2012-08-01,,,,4.667,8.0,3.333,6.667,29.167,,,
2012-08-02,,,,5.375,7.667,2.292,7.375,25.167,,,
2012-08-03,,,,7.304,12.522,5.217,7.458,15.2,,,
2012-08-04,,,,7.792,11.833,4.042,7.208,,,,
2012-08-05,,,,4.583,6.25,1.667,7.208,,,,
2012-08-06,,,,8.333,11.25,2.917,7.542,15.0,,,
2012-08-07,,,,8.458,9.542,1.083,7.957,19.167,,,
2012-08-08,,,,5.591,6.318,0.727,8.043,23.261,,,
2012-08-09,,,,3.667,4.417,0.75,7.375,20.708,,,
2012-08-10,,,,4.0,4.87,0.87,8.125,22.417,,,
2012-08-11,,,,4.625,4.875,0.25,7.667,28.042,,,
2012-08-12,,,,5.5,6.125,0.625,7.5,19.25,,,
2012-08-13,,,,2.875,3.167,0.292,7.5,25.542,,,
2012-08-14,,,,3.667,4.208,0.542,7.261,27.333,,,
2012-08-15,,,,4.083,5.542,1.458,7.125,24.0,,,
2012-08-16,,,,3.375,4.458,1.083,7.417,,,,
2012-08-17,,,,5.652,9.478,3.826,7.833,18.1,,,
2012-08-18,,,,4.708,7.458,2.75,7.458,15.292,,,
2012-08-19,,,,4.667,7.208,2.542,7.458,15.458,,,
2012-08-20,,,,7.042,10.208,3.167,7.417,15.958,,,
2012-08-21,,,,6.083,8.958,2.875,7.87,18.333,,,
2012-08-22,,,,3.042,4.375,1.333,7.35,19.5,,,
2012-08-23,,,,3.375,5.042,1.667,7.25,14.208,,,
2012-08-24,,,,2.957,4.174,1.217,6.5,14.75,,,
2012-08-25,,,,2.875,3.792,0.917,6.958,14.125,,,
2012-08-26,,,,2.583,3.75,1.167,7.042,19.958,,,
2012-08-27,,,,2.208,2.958,0.75,6.958,18.125,,,
2012-08-28,,,,2.708,3.167,0.458,7.391,15.545,,,
2012-08-29,,,,3.583,4.458,0.875,7.292,14.125,,,
2012-08-30,,,,4.542,5.917,1.375,7.375,17.917,,,
2012-08-31,,,,3.87,5.087,1.217,7.458,13.292,,,
2012-09-01,,,,6.208,8.583,2.375,7.458,14.333,,,
2012-09-02,,,,6.083,6.583,0.5,7.125,17.333,,,
2012-09-03,,,,6.333,7.5,1.167,6.75,17.25,,,
2012-09-04,,,,3.542,4.042,0.5,7.174,16.833,,,
2012-09-05,,,,7.792,8.625,0.833,7.458,20.261,,,
2012-09-06,,,,6.583,7.667,1.083,7.667,17.375,,,
2012-09-07,,,,7.0,8.304,1.304,7.417,14.8,,,
2012-09-08,,,,6.25,7.292,1.042,7.75,,,,
2012-09-09,,,,5.042,7.75,2.708,7.458,,,,
2012-09-10,,,,4.333,6.0,1.667,6.958,5.474,,,
2012-09-11,,,,5.5,7.333,1.833,7.174,6.667,,,
2012-09-12,,,,4.0,4.846,0.846,7.538,19.538,,,
2012-09-13,,,,6.208,7.375,1.167,8.042,21.208,,,
2012-09-14,,,,5.435,5.696,0.261,8.208,15.792,,,
2012-09-15,,,,5.792,6.833,1.042,7.167,16.292,,,
2012-09-16,,,,4.208,4.792,0.583,7.458,18.542,,,
2012-09-17,,,,1.625,2.042,0.417,7.792,30.208,,,
2012-09-18,,,,2.417,3.25,0.833,7.217,25.958,,,
2012-09-19,,,,2.167,2.833,0.667,6.792,25.792,,,
2012-09-20,,,,4.917,5.5,0.583,6.636,33.833,,,
2012-09-21,,,,6.304,6.87,0.565,5.667,28.167,,,
2012-09-22,,,,3.208,3.583,0.375,5.65,14.917,,,
2012-09-23,,,,2.167,2.167,0.0,,16.875,,,
2012-09-24,,,,3.958,4.417,0.458,7.625,13.208,,,
2012-09-25,,,,2.917,3.458,0.542,7.739,16.917,,,
2012-09-26,,,,2.25,2.75,0.5,7.792,13.708,,,
2012-09-27,,,,1.667,2.208,0.542,7.5,16.875,,,
2012-09-28,,,,2.565,3.0,0.435,7.542,34.042,,,
2012-09-29,,,,3.875,4.208,0.333,8.333,21.875,,,
2012-09-30,,,,1.375,1.375,0.0,8.708,29.917,,,
2012-10-01,,,,1.292,1.292,0.0,8.25,28.292,,,
2012-10-02,,,,5.458,6.0,0.542,8.739,21.0,,,
2012-10-03,,,,5.0,5.542,0.542,8.208,27.565,,,
2012-10-04,,,,4.042,4.25,0.208,8.292,29.458,,,
2012-10-05,,,,7.739,8.783,1.043,8.5,17.0,,,
2012-10-06,,,,5.958,6.792,0.833,9.083,23.667,,,
2012-10-07,,,,2.375,2.417,0.042,8.083,18.667,,,
2012-10-08,,,,2.458,2.917,0.458,7.583,17.208,,,
2012-10-09,,,,3.292,4.083,0.792,7.826,15.042,,,
2012-10-10,,,,3.792,4.667,0.875,7.5,15.333,,,
2012-10-11,,,,4.042,4.583,0.542,7.417,17.417,,,
2012-10-12,,,,7.565,8.391,0.826,6.95,18.417,,,
2012-10-13,,,,8.75,9.375,0.625,4.708,14.125,,,
2012-10-14,,,,5.042,5.292,0.25,4.5,13.875,,,
2012-10-15,,,,6.75,7.542,0.792,4.875,21.875,,,
2012-10-16,,,,6.958,7.958,1.0,5.0,16.542,,,
2012-10-17,,,,8.458,9.5,1.042,4.458,24.542,,,
2012-10-18,,,,7.417,8.583,1.167,4.583,19.208,,,
2012-10-19,,,,4.087,4.826,0.739,4.542,14.375,,,
2012-10-20,,,,6.042,6.708,0.667,4.458,12.375,,,
2012-10-21,,,,12.417,13.667,1.25,4.708,25.125,,,
2012-10-22,,,,7.833,8.417,0.583,5.375,31.0,,,
2012-10-23,,,,2.75,2.75,0.0,4.783,27.417,,,
2012-10-24,,,,7.958,8.792,0.833,4.917,10.75,,,
2012-10-25,,,,7.333,8.125,0.792,4.458,13.25,,,
2012-10-26,,,,8.391,9.522,1.13,5.0,24.5,,,
2012-10-27,,,,3.875,4.5,0.625,4.292,18.042,,,
2012-10-28,,,,1.875,1.875,0.0,4.5,16.875,,,
2012-10-29,,,,4.625,5.125,0.5,4.375,15.542,,,
2012-10-30,,,,12.417,15.083,2.667,4.696,16.958,,,
2012-10-31,,,,12.0,13.917,1.917,4.833,15.792,,,
2012-11-01,,,,7.917,9.625,1.708,5.208,19.208,,,
2012-11-02,,,,8.043,9.13,1.087,4.5,12.0,,,
2012-11-03,,,,11.167,12.417,1.25,5.583,13.542,,,
2012-11-04,,,,10.417,11.75,1.333,4.917,12.625,,,
2012-11-05,,,,10.042,15.958,5.917,5.0,11.667,,,
2012-11-06,,,,4.875,5.042,0.167,4.565,18.542,,,
2012-11-07,,,,14.042,15.792,1.75,4.875,22.75,,,
2012-11-08,,,,14.125,15.458,1.333,4.792,17.625,,,
2012-11-09,,,,19.435,25.043,5.609,5.5,20.667,,,
2012-11-10,,,,4.417,5.042,0.625,4.667,16.0,,,
2012-11-11,,,,2.042,2.292,0.25,4.792,10.042,,,
2012-11-12,,,,7.583,12.917,5.333,4.708,20.458,,,
2012-11-13,,,,4.792,5.208,0.417,5.0,21.625,,,
2012-11-14,,,,10.286,11.762,1.476,5.125,16.708,,,
2012-11-15,,,,8.917,10.083,1.167,4.667,11.0,,,
2012-11-16,,,,6.826,7.696,0.87,4.625,9.917,,,
2012-11-17,,,,2.75,2.792,0.042,4.667,23.708,,,
2012-11-18,,,,6.5,7.083,0.583,5.0,11.458,,,
2012-11-19,,,,8.958,10.042,1.083,4.333,14.417,,,
2012-11-20,,,,10.708,12.75,2.042,4.652,15.667,,,
2012-11-21,,,,16.083,20.083,4.0,6.292,10.292,,,
2012-11-22,,,,17.25,30.5,13.25,5.261,17.375,,,
2012-11-23,,,,11.696,15.391,3.696,5.208,27.125,,,
2012-11-24,,,,3.917,4.417,0.5,4.917,10.958,,,
2012-11-25,,,,9.333,10.958,1.625,4.75,10.75,,,
2012-11-26,,,,8.583,9.917,1.333,4.417,29.083,,,
2012-11-27,,,,10.19,11.286,1.095,5.4,10.286,,,
2012-11-28,,,,12.0,13.875,1.875,4.458,15.087,,,
2012-11-29,,,,18.045,23.909,5.864,5.333,25.458,,,
2012-11-30,,,,5.833,6.792,0.958,4.833,18.708,,,
2012-12-01,,,,5.042,5.542,0.5,5.083,14.125,,,
2012-12-02,,,,8.75,9.792,1.042,5.167,10.5,,,
2012-12-03,,,,4.957,5.783,0.826,4.833,13.292,,,
2012-12-04,,,,12.048,13.81,1.762,5.0,15.75,,,
2012-12-05,,,,11.333,12.958,1.625,4.875,12.458,,,
2012-12-06,,,,6.375,7.083,0.708,5.292,13.792,,,
2012-12-07,,,,19.0,26.625,7.625,5.375,13.458,,,
2012-12-08,,,,5.5,6.083,0.583,5.292,17.125,,,
2012-12-09,,,,4.75,5.375,0.625,5.917,12.542,,,
2012-12-10,,,,6.174,7.261,1.087,4.875,8.458,,,
2012-12-11,,,,15.708,22.458,6.75,5.227,13.208,,,
2012-12-12,,,,16.0,23.417,7.417,5.75,13.13,,,
2012-12-13,,,,18.083,27.083,9.0,5.458,17.042,,,
2012-12-14,,,,17.208,22.583,5.375,5.5,20.667,,,
2012-12-15,,,,14.417,16.083,1.667,5.208,30.333,,,
2012-12-16,,,,12.208,14.25,2.042,5.167,26.167,,,
2012-12-17,,,,12.478,13.87,1.391,5.5,22.75,,,
2012-12-18,,,,11.0,14.167,3.167,5.318,29.167,,,
2012-12-19,,,,9.208,11.125,1.917,6.045,8.042,,,
2012-12-20,,,,11.833,14.5,2.667,5.25,9.458,,,
2012-12-21,,,,19.875,26.792,6.917,5.125,14.125,,,
2012-12-22,,,,14.292,18.917,4.625,4.667,21.042,,,
2012-12-23,,,,9.375,10.167,0.792,4.833,15.75,,,
2012-12-24,,,,9.0,9.957,0.957,5.667,12.333,,,
2012-12-25,,,,15.458,17.833,2.375,5.955,14.5,,,
2012-12-26,,,,9.917,11.5,1.583,6.542,9.583,,,
2012-12-27,,,,17.667,22.833,5.167,8.042,12.542,,,
2012-12-28,,,,29.0,43.792,14.792,6.667,33.417,,,
2012-12-29,,,,4.958,5.375,0.417,5.417,11.25,,,
2012-12-30,,,,8.458,9.625,1.167,5.667,21.792,,,
2012-12-31,,,,7.0,7.957,0.957,6.125,10.208,,,
2013-01-01,,,,7.083,7.542,0.458,1.292,31.542,,,
2013-01-02,,,,5.708,6.667,0.958,0.583,13.917,,,
2013-01-03,,,,9.652,10.957,1.304,0.708,15.417,,,
2013-01-04,,,,7.875,9.375,1.5,0.875,21.0,,,
2013-01-05,,,,4.0,4.583,0.583,0.458,11.25,,,
2013-01-06,,,,8.875,10.167,1.292,0.875,10.875,,,
2013-01-07,,,,16.208,19.167,2.958,1.0,17.542,,,
2013-01-08,,,,13.292,18.917,5.625,0.417,25.5,,,
2013-01-09,,,,5.792,6.417,0.625,0.333,11.625,,,
2013-01-10,,,,9.13,11.13,2.0,1.542,9.833,,,
2013-01-11,,,,19.333,26.417,7.083,0.625,14.25,,,
2013-01-12,,,,14.833,17.167,2.333,2.208,21.167,,,
2013-01-13,,,,10.708,11.792,1.083,1.792,14.792,,,
2013-01-14,,,,13.708,17.542,3.833,0.913,10.792,,,
2013-01-15,,,,6.125,7.208,1.083,0.042,11.917,,,
2013-01-16,,,,12.583,14.75,2.167,0.792,11.417,,,
2013-01-17,,,,22.087,30.087,8.0,1.75,20.625,,,
2013-01-18,,,,14.833,18.583,3.75,0.542,14.917,,,
2013-01-19,,,,6.417,7.333,0.917,1.292,12.833,,,
2013-01-20,,,,12.958,17.792,4.833,1.125,12.583,,,
2013-01-21,,,,12.5,15.875,3.375,1.13,23.0,,,
2013-01-22,,,,15.542,18.542,3.0,2.875,25.667,,,
2013-01-23,,,,15.375,20.042,4.667,2.208,13.25,,,
2013-01-24,,,,12.609,17.043,4.435,0.417,21.125,,,
2013-01-25,,,,23.75,31.083,7.333,2.583,36.958,,,
2013-01-26,,,,4.25,4.75,0.5,0.458,18.958,,,
2013-01-27,,,,14.167,17.208,3.042,1.083,11.875,,,
2013-01-28,,,,8.5,10.583,2.083,1.609,18.875,,,
2013-01-29,,,,12.542,14.833,2.292,2.583,13.0,,,
2013-01-30,,,,2.792,2.792,0.0,0.5,24.667,,,
2013-01-31,,,,10.348,12.261,1.913,0.125,19.708,,,
2013-02-01,,,,13.167,15.25,2.083,0.125,17.083,,,
2013-02-02,,,,15.333,18.333,3.0,0.042,47.083,,,
2013-02-03,,,,7.625,9.167,1.542,0.125,54.0,,,
2013-02-04,,,,2.833,3.458,0.625,0.043,14.375,,,
2013-02-05,,,,6.375,7.708,1.333,0.542,9.708,,,
2013-02-06,,,,10.208,11.917,1.708,2.375,10.833,,,
2013-02-07,,,,7.957,9.261,1.304,0.75,11.125,,,
2013-02-08,,,,1.917,2.292,0.375,0.0,22.167,,,
2013-02-09,,,,5.75,6.583,0.833,1.583,15.333,,,
2013-02-10,,,,11.708,13.083,1.375,0.417,11.75,,,
2013-02-11,,,,3.583,4.167,0.583,0.043,13.083,,,
2013-02-12,,,,2.833,3.542,0.708,0.0,19.125,,,
2013-02-13,,,,9.833,10.833,1.0,0.083,11.75,,,
2013-02-14,,,,2.857,3.524,0.667,0.0,15.625,,,
2013-02-15,,,,3.583,4.417,0.833,0.0,34.875,,,
2013-02-16,,,,3.375,3.875,0.5,0.042,12.458,,,
2013-02-17,,,,6.625,7.333,0.708,1.458,26.792,,,
2013-02-18,,,,10.083,11.875,1.792,1.739,15.167,,,
2013-02-19,,,,13.042,14.958,1.917,1.208,12.417,,,
2013-02-20,,,,5.542,6.375,0.833,0.458,16.083,,,
2013-02-21,,,,8.478,9.739,1.261,1.0,19.542,,,
2013-02-22,,,,11.417,12.833,1.417,0.5,12.083,,,
2013-02-23,,,,5.292,6.0,0.708,0.167,12.417,,,
2013-02-24,,,,8.875,10.25,1.375,0.0,12.458,,,
2013-02-25,,,,12.583,14.75,2.167,2.565,21.708,,,
2013-02-26,,,,13.542,15.083,1.542,1.708,46.773,,,
2013-02-27,,,,3.75,3.917,0.167,0.333,34.917,,,
2013-02-28,,,,8.913,10.174,1.261,1.042,38.0,,,
2013-03-01,,,,6.708,6.917,0.208,0.708,26.708,,,
2013-03-02,,,,2.125,2.125,0.0,0.0,16.375,,,
2013-03-03,,,,4.0,4.583,0.583,0.083,15.792,,,
2013-03-04,,,,5.417,5.917,0.5,1.13,19.667,,,
2013-03-05,,,,3.625,3.792,0.167,0.333,26.292,,,
2013-03-06,,,,5.625,6.083,0.458,0.667,9.708,,,
2013-03-07,,,,10.174,11.087,0.913,3.167,14.792,,,
2013-03-08,,,,7.833,8.583,0.75,1.25,15.292,,,
2013-03-09,,,,7.917,8.875,0.958,0.833,12.667,,,
2013-03-10,,,,7.583,9.25,1.667,1.583,14.333,,,
2013-03-11,,,,6.417,7.417,1.0,0.348,7.913,,,
2013-03-12,,,,12.708,15.75,3.042,2.5,27.917,,,
2013-03-13,,,,4.458,4.5,0.042,0.167,66.167,,,
2013-03-14,,,,4.727,5.273,0.545,0.087,10.917,,,
2013-03-15,,,,4.625,5.208,0.583,1.375,4.958,,,
2013-03-16,,,,6.458,7.0,0.542,1.958,23.958,,,
2013-03-17,,,,5.458,5.75,0.292,1.75,28.875,,,
2013-03-18,,,,3.167,3.208,0.042,0.435,41.458,,,
2013-03-19,,,,4.375,4.875,0.5,0.042,14.583,,,
2013-03-20,,,,7.0,7.458,0.458,0.0,30.958,,,
2013-03-21,,,,3.957,4.522,0.565,0.167,4.292,,,
2013-03-22,,,,4.333,5.083,0.75,0.208,4.375,,,
2013-03-23,,,,6.708,7.375,0.667,0.833,10.625,,,
2013-03-24,,,,9.917,11.042,1.125,0.875,16.708,,,
2013-03-25,,,,5.542,5.875,0.333,2.261,35.5,,,
2013-03-26,,,,11.375,13.292,1.917,1.25,41.833,,,
2013-03-27,,,,4.25,4.417,0.167,0.958,32.375,,,
2013-03-28,,,,9.913,11.087,1.174,1.667,32.583,,,
2013-03-29,,,,2.542,2.583,0.042,0.75,29.042,,,
2013-03-30,,,,1.708,1.792,0.083,0.0,41.708,,,
2013-03-31,,,,4.917,5.417,0.5,0.167,8.667,,,
2013-04-01,,,,4.435,4.913,0.478,0.0,17.167,,,
2013-04-02,,,,2.917,2.917,0.0,0.0,25.917,,,
2013-04-03,,,,2.952,3.095,0.143,0.19,35.524,,,
2013-04-04,,,,7.364,8.0,0.636,0.0,31.091,,,
2013-04-05,,,,8.375,9.292,0.917,0.042,37.542,,,
2013-04-06,,,,1.292,1.417,0.125,0.0,35.417,,,
2013-04-07,,,,1.708,1.958,0.25,0.0,47.917,,,
2013-04-08,,,,6.957,7.304,0.348,0.0,13.792,,,
2013-04-09,,,,8.792,10.542,1.75,0.458,27.208,,,
2013-04-10,,,,5.292,5.75,0.458,0.0,26.208,,,
2013-04-11,,,,4.208,4.5,0.292,0.0,17.583,,,
2013-04-12,,,,7.958,8.458,0.5,0.136,19.042,,,
2013-04-13,,,,3.625,3.875,0.25,0.0,13.375,,,
2013-04-14,,,,1.833,1.833,0.0,0.083,37.833,,,
2013-04-15,,,,4.043,4.478,0.435,0.125,34.208,,,
2013-04-16,,,,4.958,5.333,0.375,0.083,25.208,,,
2013-04-17,,,,2.375,2.375,0.0,0.0,57.0,,,
2013-04-18,,,,3.958,4.292,0.333,0.083,27.708,,,
2013-04-19,,,,4.125,4.542,0.417,0.0,22.917,,,
2013-04-20,,,,6.167,6.667,0.5,0.0,21.167,,,
2013-04-21,,,,2.208,2.208,0.0,0.0,14.833,,,
2013-04-22,,,,8.391,9.043,0.652,0.542,25.5,,,
2013-04-23,,,,6.917,7.25,0.333,0.375,28.708,,,
2013-04-24,,,,2.625,2.625,0.0,0.042,40.125,,,
2013-04-25,,,,7.5,8.0,0.5,0.167,34.917,,,
2013-04-26,,,,4.375,4.5,0.125,0.522,30.167,,,
2013-04-27,,,,4.083,4.208,0.125,0.083,22.625,,,
2013-04-28,,,,4.458,4.542,0.083,0.375,26.417,,,
2013-04-29,,,,6.348,6.565,0.217,0.708,33.125,,,
2013-04-30,,,,1.292,1.292,0.0,0.0,46.208,,,
2013-05-01,,,,3.75,4.25,0.5,0.0,30.125,,,
2013-05-02,,,,6.625,7.292,0.667,0.375,12.417,,,
2013-05-03,,,,3.667,3.958,0.292,0.167,15.5,,,
2013-05-04,,,,2.917,3.25,0.333,0.042,17.292,,,
2013-05-05,,,,4.0,4.333,0.333,0.375,24.792,,,
2013-05-06,,,,5.0,5.13,0.13,0.667,32.591,,,
2013-05-07,,,,3.667,4.042,0.375,0.083,19.667,,,
2013-05-08,,,,8.0,8.625,0.625,0.708,14.75,,,
2013-05-09,,,,8.917,10.042,1.125,1.667,25.227,,,
2013-05-10,,,,10.417,11.542,1.125,1.417,27.583,,,
2013-05-11,,,,4.0,4.042,0.042,0.25,31.417,,,
2013-05-12,,,,4.042,4.417,0.375,0.042,21.375,,,
2013-05-13,,,,5.043,5.696,0.652,0.292,25.417,,,
2013-05-14,,,,5.375,5.708,0.333,0.85,24.167,,,
2013-05-15,,,,5.958,6.5,0.542,0.174,36.375,,,
2013-05-16,,,,7.5,9.5,2.0,0.542,23.25,,,
2013-05-17,,,,4.958,5.75,0.792,0.208,20.25,,,
2013-05-18,,,,4.75,5.083,0.333,0.375,21.417,,,
2013-05-19,,,,3.208,3.417,0.208,0.25,20.917,,,
2013-05-20,,,,4.348,4.391,0.043,0.0,21.542,,,
2013-05-21,,,,6.75,7.75,1.0,0.167,16.333,,,
2013-05-22,,,,5.583,6.167,0.583,0.043,24.292,,,
2013-05-23,,,,8.042,8.875,0.833,0.0,28.625,,,
2013-05-24,,,,9.958,11.125,1.167,0.565,26.913,,,
2013-05-25,,,,4.25,4.75,0.5,0.0,12.542,,,
2013-05-26,,,,4.542,4.667,0.125,0.0,18.792,,,
2013-05-27,,,,4.087,4.261,0.174,0.0,15.542,,,
2013-05-28,,,,2.542,2.583,0.042,0.0,16.417,,,
2013-05-29,,,,2.167,2.25,0.083,0.0,23.75,,,
2013-05-30,,,,1.958,1.958,0.0,0.0,33.75,,,
2013-05-31,,,,5.583,6.167,0.583,0.0,28.083,,,
2013-06-01,,,,4.083,4.5,0.417,0.0,16.75,,,
2013-06-02,,,,2.125,2.333,0.208,0.0,20.792,,,
2013-06-03,,,,5.522,6.174,0.652,0.042,17.667,,,
2013-06-04,,,,8.583,10.917,2.333,1.083,25.833,,,
2013-06-05,,,,4.542,4.958,0.417,0.13,19.833,,,
2013-06-06,,,,4.0,4.208,0.208,0.0,15.917,,,
2013-06-07,,,,5.708,6.417,0.708,0.478,15.542,,,
2013-06-08,,,,6.25,6.875,0.625,0.875,15.958,,,
2013-06-09,,,,6.417,7.083,0.667,1.625,27.625,,,
2013-06-10,,,,3.565,3.783,0.217,0.55,24.583,,,
2013-06-11,,,,12.625,13.75,1.125,0.783,20.208,,,
2013-06-12,,,,8.708,9.833,1.125,0.0,19.833,,,
2013-06-13,,,,4.708,6.125,1.417,0.0,15.833,,,
2013-06-14,,,,9.042,13.667,4.625,0.125,19.5,,,
2013-06-15,,,,5.167,8.458,3.292,0.042,15.917,,,
2013-06-16,,,,4.875,5.375,0.5,0.0,16.417,,,
2013-06-17,,,,5.87,6.87,1.0,0.0,17.375,,,
2013-06-18,,,,3.5,4.042,0.542,0.0,37.125,,,
2013-06-19,,,,4.0,4.375,0.375,0.042,50.292,,,
2013-06-20,,,,5.333,5.5,0.167,0.0,17.292,,,
2013-06-21,,,,11.417,12.333,0.917,0.458,22.25,,,
2013-06-22,,,,9.458,10.042,0.583,1.167,30.917,,,
2013-06-23,,,,8.542,9.167,0.625,0.458,26.792,,,
2013-06-24,,,,10.13,11.957,1.826,0.792,26.292,,,
2013-06-25,,,,6.875,8.208,1.333,0.478,23.333,,,
2013-06-26,,,,5.458,5.75,0.292,0.333,24.417,,,
2013-06-27,,,,3.333,3.792,0.458,0.042,23.5,,,
2013-06-28,,,,6.417,7.25,0.833,0.292,21.25,,,
2013-06-29,,,,6.625,7.75,1.125,0.167,25.083,,,
2013-06-30,,,,4.875,5.708,0.833,0.5,20.042,,,
2013-07-01,,,,3.826,4.217,0.391,0.292,15.583,,,
2013-07-02,,,,4.917,5.792,0.875,0.174,14.583,,,
2013-07-03,,,,3.333,3.5,0.167,1.125,18.208,,,
2013-07-04,,,,3.556,3.889,0.333,0.292,32.083,,,
2013-07-05,,,,1.385,2.0,0.615,0.083,43.083,,,
2013-07-06,,,,1.292,1.958,0.667,0.0,45.083,,,
2013-07-07,,,,4.0,5.125,1.125,0.125,37.417,,,
2013-07-08,,,,10.375,13.333,2.958,0.792,31.292,,,
2013-07-09,,,,7.125,7.792,0.667,0.87,44.708,,,
2013-07-10,,,,4.792,5.417,0.625,0.792,48.917,,,
2013-07-11,,,,5.125,5.958,0.833,1.0,58.542,,,
2013-07-12,,,,8.174,9.391,1.217,1.0,47.708,,,
2013-07-13,,,,5.667,6.0,0.333,0.708,53.708,,,
2013-07-14,,,,7.042,7.917,0.875,1.917,56.167,,,
2013-07-15,,,,3.792,4.083,0.292,0.292,37.625,,,
2013-07-16,,,,3.958,4.5,0.542,0.0,16.625,,,
2013-07-17,,,,5.375,6.25,0.875,0.042,20.417,,,
2013-07-18,,,,4.375,4.625,0.25,0.333,38.667,,,
2013-07-19,,,,2.913,3.478,0.565,0.083,23.458,,,
2013-07-20,,,,3.0,3.458,0.458,0.0,19.708,,,
2013-07-21,,,,2.875,3.417,0.542,0.0,17.042,,,
2013-07-22,,,,4.417,5.0,0.583,0.208,24.667,,,
2013-07-23,,,,5.292,5.958,0.667,0.261,28.167,,,
2013-07-24,,,,5.375,5.958,0.583,0.792,16.333,,,
2013-07-25,,,,6.25,7.667,1.417,0.75,18.167,,,
2013-07-26,,,,4.913,5.696,0.783,0.667,31.083,,,
2013-07-27,,,,3.292,3.333,0.042,0.5,33.75,,,
2013-07-28,,,,4.0,4.0,0.0,0.833,26.125,,,
2013-07-29,,,,6.542,6.75,0.208,0.333,32.0,,,
2013-07-30,,,,4.417,4.75,0.333,0.0,31.458,,,
2013-07-31,,,,4.667,5.417,0.75,0.0,26.042,,,
2013-08-01,,,,6.208,6.917,0.708,0.542,21.792,,,
2013-08-02,,,,2.478,3.565,1.087,0.25,17.565,,,
2013-08-03,,,,3.375,3.917,0.542,0.833,19.25,,,
2013-08-04,,,,3.208,3.417,0.208,0.75,15.75,,,
2013-08-05,,,,3.208,3.583,0.375,0.167,18.292,,,
2013-08-06,,,,4.125,4.542,0.417,0.043,24.167,,,
2013-08-07,,,,5.875,7.042,1.167,0.375,30.583,,,
2013-08-08,,,,7.708,7.958,0.25,2.167,38.917,,,
2013-08-09,,,,3.0,3.174,0.174,0.583,51.792,,,
2013-08-10,,,,4.042,4.333,0.292,0.667,61.583,,,
2013-08-11,,,,5.625,6.042,0.417,1.708,78.458,,,
2013-08-12,,,,4.583,4.792,0.208,1.208,76.167,,,
2013-08-13,,,,4.292,4.667,0.375,0.391,49.875,,,
2013-08-14,,,,2.5,2.542,0.042,0.042,35.125,,,
2013-08-15,,,,2.542,2.708,0.167,0.0,36.083,,,
2013-08-16,,,,2.609,2.783,0.174,0.13,31.875,,,
2013-08-17,,,,1.833,2.125,0.292,0.042,18.333,,,
2013-08-18,,,,2.167,2.333,0.167,0.0,17.125,,,
2013-08-19,,,,2.417,2.792,0.375,0.0,25.042,,,
2013-08-20,,,,3.625,4.5,0.875,1.087,23.167,,,
2013-08-21,,,,5.125,6.458,1.333,0.208,19.458,,,
2013-08-22,,,,5.75,6.458,0.708,0.292,22.292,,,
2013-08-23,,,,5.391,6.043,0.652,0.375,30.25,,,
2013-08-24,,,,7.25,7.792,0.542,0.083,32.833,,,
2013-08-25,,,,4.833,4.833,0.0,0.042,20.667,,,
2013-08-26,,,,6.333,6.875,0.542,0.292,19.75,,,
2013-08-27,,,,3.542,3.75,0.208,0.043,13.375,,,
2013-08-28,,,,6.583,6.792,0.208,2.458,24.458,,,
2013-08-29,,,,5.458,5.75,0.292,0.958,35.417,,,
2013-08-30,,,,2.478,2.739,0.261,0.417,47.167,,,
2013-08-31,,,,5.958,6.708,0.75,0.5,45.0,,,
2013-09-01,,,,2.208,2.333,0.125,0.167,41.583,,,
2013-09-02,,,,4.167,4.667,0.5,0.625,23.458,,,
2013-09-03,,,,4.208,7.208,3.0,0.87,15.167,,,
2013-09-04,,,,2.75,3.083,0.333,0.208,31.958,,,
2013-09-05,,,,3.667,4.333,0.667,0.417,29.167,,,
2013-09-06,,,,4.087,4.783,0.696,0.0,23.083,,,
2013-09-07,,,,3.5,3.833,0.333,0.167,22.25,,,
2013-09-08,,,,3.25,3.792,0.542,0.375,19.458,,,
2013-09-09,,,,4.25,4.792,0.542,0.167,14.208,,,
2013-09-10,,,,3.958,4.5,0.542,0.043,17.833,,,
2013-09-11,,,,5.0,5.417,0.417,0.0,18.583,,,
2013-09-12,,,,5.955,6.455,0.5,0.409,18.458,,,
2013-09-13,,,,8.0,9.13,1.13,0.542,22.083,,,
2013-09-14,,,,5.208,5.583,0.375,0.25,20.333,,,
2013-09-15,,,,1.458,1.625,0.167,0.0,42.292,,,
2013-09-16,,,,1.625,2.083,0.458,0.0,50.208,,,
2013-09-17,,,,4.583,5.083,0.5,0.13,18.25,,,
2013-09-18,,,,7.042,7.542,0.5,0.458,18.417,,,
2013-09-19,,,,7.042,7.75,0.708,0.292,18.417,,,
2013-09-20,,,,5.261,6.304,1.043,0.125,22.0,,,
2013-09-21,,,,3.75,4.167,0.417,0.042,22.708,,,
2013-09-22,,,,3.375,3.667,0.292,0.542,28.042,,,
2013-09-23,,,,1.417,1.833,0.417,0.0,23.458,,,
2013-09-24,,,,4.125,4.667,0.542,0.0,33.458,,,
2013-09-25,,,,4.5,5.083,0.583,0.0,30.75,,,
2013-09-26,,,,1.667,2.125,0.458,0.0,23.875,,,
2013-09-27,,,,4.13,4.652,0.522,0.0,13.958,,,
2013-09-28,,,,4.25,4.667,0.417,0.0,15.167,,,
2013-09-29,,,,4.0,4.167,0.167,0.083,16.292,,,
2013-09-30,,,,3.083,3.333,0.25,0.0,18.375,,,
2013-10-01,,,,4.75,5.292,0.542,0.0,23.25,,,
2013-10-02,,,,4.583,5.25,0.667,0.042,26.208,,,
2013-10-03,,,,5.875,6.75,0.875,0.417,32.708,,,
2013-10-04,,,,2.391,2.609,0.217,0.0,24.292,,,
2013-10-05,,,,2.208,2.25,0.042,0.0,27.333,,,
2013-10-06,,,,3.125,3.333,0.208,0.0,22.5,,,
2013-10-07,,,,4.708,5.583,0.875,0.0,16.833,,,
2013-10-08,,,,4.417,5.708,1.292,0.0,17.042,,,
2013-10-09,,,,1.042,1.417,0.375,0.167,29.375,,,
2013-10-10,,,,6.917,9.125,2.208,0.5,23.542,,,
2013-10-11,,,,3.217,3.435,0.217,0.25,24.043,,,
2013-10-12,,,,2.083,2.083,0.0,0.333,33.833,,,
2013-10-13,,,,7.333,7.667,0.333,0.792,14.375,,,
2013-10-14,,,,3.25,3.333,0.083,0.083,17.125,,,
2013-10-15,,,,4.542,4.583,0.042,0.087,21.667,,,
2013-10-16,,,,2.042,2.042,0.0,0.0,37.417,,,
2013-10-17,,,,3.292,3.833,0.542,0.0,16.208,,,
2013-10-18,,,,3.913,4.435,0.522,0.125,15.917,,,
2013-10-19,,,,3.375,3.458,0.083,0.0,22.417,,,
2013-10-20,,,,3.833,3.833,0.0,0.0,26.417,,,
2013-10-21,,,,4.833,5.417,0.583,0.0,18.125,,,
2013-10-22,,,,2.833,3.292,0.458,0.0,15.75,,,
2013-10-23,,,,2.833,3.292,0.458,0.0,15.5,,,
2013-10-24,,,,3.5,3.792,0.292,0.0,23.5,,,
2013-10-25,,,,3.174,3.391,0.217,0.0,28.875,,,
2013-10-26,,,,5.75,6.042,0.292,0.292,22.625,,,
2013-10-27,,,,6.167,6.542,0.375,0.292,19.5,,,
2013-10-28,,,,9.125,10.333,1.208,0.667,19.208,,,
2013-10-29,,,,16.333,19.375,3.042,0.043,25.292,,,
2013-10-30,,,,8.75,9.542,0.792,0.083,18.708,,,
2013-10-31,,,,14.292,15.542,1.25,0.417,28.708,,,
2013-11-01,,,,12.87,14.652,1.783,0.5,30.958,,,
2013-11-02,,,,7.125,7.792,0.667,0.167,27.458,,,
2013-11-03,,,,9.0,9.583,0.583,0.208,63.458,,,
2013-11-04,,,,8.833,9.167,0.333,0.458,47.625,,,
2013-11-05,,,,11.875,14.208,2.333,0.435,25.708,,,
2013-11-06,,,,7.958,12.083,4.125,0.333,22.292,,,
2013-11-07,,,,10.458,11.667,1.208,0.042,29.75,,,
2013-11-08,,,,15.174,20.348,5.174,0.458,27.125,,,
2013-11-09,,,,4.875,5.458,0.583,0.0,18.542,,,
2013-11-10,,,,2.333,2.333,0.0,0.083,30.625,,,
2013-11-11,,,,4.917,5.458,0.542,1.125,15.167,,,
2013-11-12,,,,11.333,13.167,1.833,1.435,13.375,,,
2013-11-13,,,,9.875,11.708,1.833,1.542,15.167,,,
2013-11-14,,,,11.292,13.0,1.708,1.0,15.5,,,
2013-11-15,,,,13.304,15.739,2.435,0.25,27.042,,,
2013-11-16,,,,7.917,8.792,0.875,1.583,25.75,,,
2013-11-17,,,,5.417,6.125,0.708,1.0,33.333,,,
2013-11-18,,,,3.875,4.125,0.25,1.042,27.875,,,
2013-11-19,,,,6.625,7.792,1.167,0.957,16.583,,,
2013-11-20,,,,9.375,10.917,1.542,1.417,22.167,,,
2013-11-21,,,,17.417,20.042,2.625,0.292,20.292,,,
2013-11-22,,,,18.652,23.826,5.174,0.0,22.417,,,
2013-11-23,,,,13.167,16.208,3.042,0.625,16.125,,,
2013-11-24,,,,10.083,11.25,1.167,0.833,24.917,,,
2013-11-25,,,,7.75,8.583,0.833,0.167,28.5,,,
2013-11-26,,,,10.0,11.958,1.958,0.696,29.792,,,
2013-11-27,,,,7.208,10.083,2.875,0.333,15.708,,,
2013-11-28,,,,4.917,5.333,0.417,0.667,21.958,,,
2013-11-29,,,,9.826,11.609,1.783,0.958,16.417,,,
2013-11-30,,,,14.75,19.458,4.708,0.042,16.958,,,
2013-12-01,,,,13.75,15.583,1.833,0.833,20.667,,,
2013-12-02,,,,15.542,19.083,3.542,0.25,29.958,,,
2013-12-03,,,,16.417,19.458,3.042,1.043,29.958,,,
2013-12-04,,,,10.417,12.75,2.333,0.167,15.875,,,
2013-12-05,,,,14.583,18.708,4.125,0.5,20.292,,,
2013-12-06,,,,27.435,39.652,12.217,2.167,43.25,,,
2013-12-07,,,,6.75,7.667,0.917,1.0,15.625,,,
2013-12-08,,,,5.833,6.167,0.333,0.917,13.0,,,
2013-12-09,,,,17.583,21.875,4.292,0.875,30.208,,,
2013-12-10,,,,11.125,14.542,3.417,0.174,36.208,,,
2013-12-11,,,,7.625,8.667,1.042,1.0,17.333,,,
2013-12-12,,,,13.042,14.958,1.917,1.542,21.792,,,
2013-12-13,,,,9.043,12.609,3.565,0.833,20.542,,,
2013-12-14,,,,5.917,6.625,0.708,0.542,13.208,,,
2013-12-15,,,,5.083,5.917,0.833,0.208,11.667,,,
2013-12-16,,,,6.375,7.583,1.208,0.042,13.958,,,
2013-12-17,,,,7.667,9.458,1.792,0.435,11.462,,,
2013-12-18,,,,5.625,6.833,1.208,0.125,,,,
2013-12-19,,,,3.292,4.292,1.0,0.0,,,,
2013-12-20,,,,6.913,7.87,0.957,0.042,8.111,,,
2013-12-21,,,,13.875,18.333,4.458,0.625,19.292,,,
2013-12-22,,,,6.458,7.5,1.042,0.0,11.417,,,
2013-12-23,,,,13.417,16.792,3.375,0.625,17.917,,,
2013-12-24,,,,8.917,9.958,1.042,0.478,13.583,,,
2013-12-25,,,,17.667,27.083,9.417,2.875,18.833,,,
2013-12-26,,,,22.917,31.542,8.625,0.375,34.125,,,
2013-12-27,,,,15.087,16.391,1.304,1.667,27.917,,,
2013-12-28,,,,6.125,7.042,0.917,0.292,9.875,,,
2013-12-29,,,,8.833,11.167,2.333,0.042,10.958,,,
2013-12-30,,,,11.958,14.75,2.792,1.333,18.0,,,
2013-12-31,,,,15.833,17.833,2.0,0.391,22.625,,,
2014-01-01,89.0,60.708,44.0,5.783,6.391,0.609,2.13,6.875,9.0,4.375,0.7
2014-01-02,79.0,54.0,32.0,8.833,10.208,1.375,0.083,5.917,6.9,2.612,-1.9
2014-01-03,84.0,56.667,33.0,5.375,6.167,0.792,0.208,4.292,8.2,3.525,-0.4
2014-01-04,81.0,70.792,51.0,11.667,14.708,3.042,0.583,13.333,9.2,4.067,0.7
2014-01-05,95.0,79.208,59.0,16.125,20.333,4.208,0.625,22.375,11.2,5.604,1.9
2014-01-06,98.0,80.292,69.0,5.083,6.833,1.75,1.667,36.042,16.5,12.058,4.0
2014-01-07,71.0,50.375,37.0,7.208,10.0,2.792,0.792,3.208,9.3,6.454,3.4
2014-01-08,66.0,52.792,41.0,6.739,8.913,2.174,0.13,6.417,9.9,4.992,1.3
2014-01-09,65.0,51.458,37.0,7.917,10.292,2.375,0.083,5.833,9.7,4.971,1.4
2014-01-10,71.0,51.125,31.0,5.917,8.0,2.083,0.0,4.333,10.2,5.075,1.1
2014-01-11,89.0,61.083,41.0,6.875,9.042,2.167,0.542,9.167,10.0,5.904,1.3
2014-01-12,93.0,61.625,36.0,5.375,7.75,2.375,0.208,4.417,8.5,4.037,0.9
2014-01-13,87.0,67.375,40.0,14.5,20.75,6.25,0.458,6.375,10.1,4.017,-0.6
2014-01-14,88.0,72.375,51.0,23.375,34.625,11.25,1.75,24.375,10.7,6.012,-0.4
2014-01-15,98.0,95.833,89.0,18.217,33.043,14.826,0.391,44.208,11.4,8.096,5.1
2014-01-16,97.0,82.583,62.0,7.75,10.792,3.042,0.708,12.87,11.6,8.279,3.8
2014-01-17,88.0,61.917,37.0,5.708,9.125,3.417,0.75,10.042,12.0,7.983,0.6
2014-01-18,66.0,52.708,34.0,6.292,7.583,1.292,0.125,3.542,9.9,4.367,0.0
2014-01-19,85.0,66.625,44.0,16.75,22.833,6.083,1.083,13.625,11.4,6.346,2.9
2014-01-20,87.0,64.25,38.0,9.583,12.25,2.667,1.417,14.75,10.6,5.971,1.1
2014-01-21,98.0,83.458,65.0,14.0,30.083,16.083,0.583,26.458,10.8,7.758,5.9
2014-01-22,98.0,97.167,93.0,8.348,14.609,6.261,0.087,20.792,10.9,9.179,7.4
2014-01-23,98.0,78.125,45.0,9.5,13.0,3.5,0.5,7.542,12.2,7.025,1.5
2014-01-24,97.0,76.167,56.0,14.667,24.292,9.625,0.458,6.917,8.3,4.55,0.2
2014-01-25,98.0,81.917,65.0,10.75,13.833,3.083,0.75,17.333,10.6,7.104,1.9
2014-01-26,98.0,93.542,76.0,17.417,25.75,8.333,1.0,39.0,12.8,10.296,8.1
2014-01-27,98.0,93.208,76.0,13.792,19.625,5.833,0.708,27.625,13.6,10.808,6.3
2014-01-28,97.0,79.208,61.0,8.75,18.667,9.917,1.208,7.792,7.0,4.704,0.7
2014-01-29,85.0,69.333,58.0,14.217,22.87,8.652,0.522,5.208,6.2,3.533,-0.5
2014-01-30,98.0,92.375,68.0,13.417,20.167,6.75,0.042,21.292,10.2,7.446,4.5
2014-01-31,98.0,68.167,36.0,6.417,10.458,4.042,0.0,6.625,10.2,5.392,2.1
2014-02-01,72.0,54.583,37.0,3.542,6.25,2.708,0.083,2.958,8.4,3.312,0.1
2014-02-02,73.0,59.042,42.0,9.458,16.917,7.458,1.042,8.708,7.6,3.4,-0.4
2014-02-03,87.0,66.417,50.0,14.917,22.208,7.292,1.0,9.542,7.2,3.575,0.1
2014-02-04,80.0,65.375,56.0,7.792,13.583,5.792,0.292,5.833,7.4,5.621,1.3
2014-02-05,97.0,89.292,68.0,5.043,6.565,1.522,0.0,8.25,6.0,4.5,3.3
2014-02-06,97.0,84.458,66.0,8.792,11.708,2.917,0.708,13.208,8.4,5.458,2.0
2014-02-07,98.0,81.75,63.0,10.542,15.958,5.417,0.25,12.25,8.3,5.192,-0.5
2014-02-08,98.0,97.833,96.0,9.833,12.833,3.0,0.333,29.083,10.3,6.083,3.9
2014-02-09,98.0,78.292,42.0,10.958,14.25,3.292,1.5,14.25,4.6,2.329,-0.2
2014-02-10,91.0,68.375,42.0,14.625,19.667,5.042,0.458,11.167,8.4,3.246,-1.8
2014-02-11,97.0,84.917,61.0,17.292,24.583,7.292,0.5,18.958,10.5,4.688,-0.8
2014-02-12,98.0,90.25,77.0,19.478,25.739,6.261,1.174,39.042,11.0,6.317,1.3
2014-02-13,98.0,59.292,29.0,14.778,17.333,2.556,0.227,19.957,10.1,5.046,1.1
2014-02-14,66.0,42.542,27.0,,,,0.25,6.875,9.4,4.425,0.7
2014-02-15,81.0,56.75,27.0,,,,0.75,10.25,11.1,4.796,-0.4
2014-02-16,69.0,56.417,34.0,,,,1.042,10.208,9.5,5.404,-0.6
2014-02-17,97.0,79.833,65.0,3.417,4.5,1.083,0.25,10.333,7.4,6.6,5.6
2014-02-18,98.0,97.208,91.0,3.087,3.696,0.609,0.0,24.917,8.2,6.575,4.5
2014-02-19,96.0,88.542,82.0,2.875,3.458,0.583,0.261,13.208,8.5,6.229,4.7
2014-02-20,89.0,80.0,67.0,3.5,4.167,0.667,0.208,12.042,7.3,5.796,5.1
2014-02-21,86.0,74.25,64.0,6.167,6.833,0.667,0.333,7.917,7.3,5.571,3.0
2014-02-22,98.0,92.0,76.0,5.0,5.083,0.083,0.417,30.042,12.6,9.638,6.5
2014-02-23,98.0,97.417,95.0,4.708,5.125,0.417,0.25,36.0,16.1,11.904,8.4
2014-02-24,98.0,87.958,64.0,11.625,12.792,1.167,0.792,40.792,11.5,9.033,7.6
2014-02-25,93.0,79.458,65.0,8.565,9.957,1.391,0.625,47.583,9.5,8.533,7.8
2014-02-26,98.0,96.083,83.0,10.25,11.167,0.917,0.261,30.13,12.1,8.558,7.2
2014-02-27,98.0,71.0,40.0,7.375,8.5,1.125,0.583,12.208,12.9,8.362,5.1
2014-02-28,74.0,59.542,48.0,6.958,7.792,0.833,0.708,9.125,8.7,6.575,3.1
2014-03-01,98.0,87.417,72.0,3.583,3.625,0.042,0.042,35.125,14.9,10.475,5.7
2014-03-02,97.0,62.0,32.0,6.125,6.458,0.333,0.417,8.083,13.2,9.512,7.0
2014-03-03,98.0,85.667,73.0,5.208,6.0,0.792,0.458,19.917,7.8,6.717,5.2
2014-03-04,98.0,91.458,81.0,7.609,8.826,1.217,0.208,43.375,14.7,11.0,6.9
2014-03-05,96.0,64.292,46.0,5.75,6.375,0.625,0.565,7.292,11.1,8.792,7.1
2014-03-06,95.0,79.625,71.0,3.958,4.75,0.792,0.0,7.917,8.8,7.854,6.6
2014-03-07,97.0,89.5,79.0,3.167,3.542,0.375,0.0,14.625,8.4,7.629,7.2
2014-03-08,98.0,97.958,97.0,3.208,3.5,0.292,0.0,36.542,8.7,7.954,7.1
2014-03-09,98.0,98.0,98.0,4.042,4.5,0.458,0.042,39.208,14.5,9.821,8.2
2014-03-10,98.0,71.917,43.0,4.917,5.458,0.542,0.083,1.708,13.3,8.383,2.4
2014-03-11,71.0,56.417,45.0,5.696,6.435,0.739,0.458,7.333,11.2,5.875,-0.2
2014-03-12,82.0,55.833,36.0,5.375,5.708,0.333,1.174,13.833,13.5,8.875,4.3
2014-03-13,83.0,56.375,38.0,6.542,7.0,0.458,0.875,10.304,12.7,8.754,2.3
2014-03-14,88.0,72.708,59.0,7.958,8.75,0.792,1.167,18.458,10.5,8.417,6.3
2014-03-15,97.0,77.583,64.0,6.833,7.083,0.25,0.625,24.875,13.1,9.65,6.3
2014-03-16,98.0,92.542,82.0,13.167,15.75,2.583,0.958,38.625,14.3,11.546,7.2
2014-03-17,98.0,91.667,75.0,8.917,10.042,1.125,1.375,24.583,18.6,13.388,8.7
2014-03-18,98.0,95.875,85.0,14.609,18.609,4.0,1.042,28.522,15.2,13.417,10.6
2014-03-19,98.0,97.875,97.0,7.083,7.542,0.458,0.13,32.458,16.3,11.912,9.6
2014-03-20,98.0,97.458,95.0,4.208,4.667,0.458,0.0,17.0,10.5,9.454,8.2
2014-03-21,98.0,82.583,64.0,6.292,6.875,0.583,0.458,15.625,10.6,8.733,4.8
2014-03-22,97.0,84.958,69.0,5.333,5.667,0.333,0.667,24.167,16.8,11.892,4.9
2014-03-23,98.0,80.25,51.0,5.25,6.042,0.792,0.583,20.375,13.1,9.188,3.7
2014-03-24,98.0,56.833,30.0,4.417,4.917,0.5,0.0,4.708,14.5,7.954,2.4
2014-03-25,75.0,55.625,34.0,5.826,6.565,0.739,0.417,4.708,12.2,7.75,1.9
2014-03-26,80.0,60.542,41.0,6.0,6.583,0.583,0.826,8.042,11.5,7.975,2.2
2014-03-27,89.0,69.625,39.0,8.792,9.917,1.125,1.5,16.917,16.4,11.425,3.3
2014-03-28,97.0,81.125,55.0,9.042,10.292,1.25,1.583,28.542,17.4,13.267,7.5
2014-03-29,98.0,90.417,77.0,2.083,2.25,0.167,0.292,18.875,18.8,14.762,11.8
2014-03-30,98.0,81.667,53.0,11.125,11.583,0.458,1.542,29.583,17.8,13.567,8.7
2014-03-31,97.0,86.542,70.0,5.625,5.875,0.25,1.833,30.792,19.3,15.238,9.5
2014-04-01,70.0,48.208,34.0,5.75,6.125,0.375,0.087,13.25,14.1,12.017,9.0
2014-04-02,85.0,64.042,44.0,5.625,6.333,0.708,0.083,12.417,17.5,13.962,7.5
2014-04-03,97.0,91.583,80.0,3.708,3.917,0.208,0.042,28.25,16.3,15.067,13.4
2014-04-04,98.0,82.75,46.0,3.652,4.0,0.348,0.042,18.583,19.5,15.846,11.3
2014-04-05,68.0,50.083,34.0,4.042,4.292,0.25,0.292,3.708,14.2,11.133,9.0
2014-04-06,97.0,86.375,63.0,4.167,4.625,0.458,0.292,9.958,10.3,7.212,3.6
2014-04-07,85.0,62.458,29.0,4.792,5.417,0.625,0.583,7.792,15.4,10.071,2.1
2014-04-08,93.0,75.875,60.0,11.333,12.875,1.542,1.261,21.625,17.9,13.371,7.0
2014-04-09,97.0,67.875,52.0,8.542,9.5,0.958,0.542,22.875,16.2,14.925,12.8
2014-04-10,98.0,73.125,42.0,7.417,7.958,0.542,1.333,39.833,21.1,15.262,10.2
2014-04-11,60.0,43.5,22.0,6.174,6.478,0.304,0.625,15.913,15.9,11.833,7.6
2014-04-12,66.0,49.125,34.0,7.042,7.458,0.417,0.625,15.875,16.6,12.346,6.0
2014-04-13,69.0,50.208,34.0,5.417,5.667,0.25,0.167,12.5,15.7,12.458,6.7
2014-04-14,88.0,69.0,47.0,5.0,5.292,0.292,0.0,11.667,16.8,12.888,9.4
2014-04-15,91.0,68.125,49.0,6.667,7.333,0.667,0.348,19.292,19.9,14.733,7.6
2014-04-16,94.0,70.917,46.0,8.167,8.625,0.458,0.75,34.917,20.7,16.075,11.7
2014-04-17,96.0,72.375,50.0,7.833,8.458,0.625,0.333,32.583,19.0,16.662,12.6
2014-04-18,97.0,82.875,66.0,5.696,5.913,0.217,0.25,29.875,15.9,12.858,11.1
2014-04-19,95.0,70.792,54.0,2.25,2.708,0.458,0.042,12.625,14.3,11.483,9.1
2014-04-20,72.0,66.917,62.0,2.042,2.208,0.167,0.0,7.583,13.9,11.592,9.2
2014-04-21,98.0,80.583,64.0,1.708,1.708,0.0,0.0,15.917,18.1,15.204,13.9
2014-04-22,98.0,87.958,78.0,7.083,7.833,0.75,0.174,16.958,17.1,15.067,13.6
2014-04-23,95.0,62.75,43.0,6.583,7.083,0.5,0.667,17.375,18.6,15.325,12.1
2014-04-24,91.0,68.958,50.0,6.958,7.583,0.625,0.458,15.667,17.4,14.396,10.9
2014-04-25,94.0,73.417,54.0,5.739,6.261,0.522,1.0,18.875,20.9,16.017,9.3
2014-04-26,96.0,69.792,50.0,3.75,3.833,0.083,0.583,16.292,21.6,16.742,11.0
2014-04-27,86.0,67.5,53.0,2.292,2.333,0.042,0.5,10.958,21.0,17.217,12.0
2014-04-28,78.0,66.375,48.0,2.083,2.167,0.083,1.0,15.458,21.3,17.675,15.2
2014-04-29,86.0,77.167,63.0,3.0,3.125,0.125,0.783,19.583,21.2,17.879,16.2
2014-04-30,96.0,85.833,73.0,2.125,2.125,0.0,0.125,29.042,18.6,17.108,14.4
2014-05-01,98.0,92.375,83.0,4.333,4.667,0.333,0.042,31.042,20.1,17.579,15.5
2014-05-02,97.0,83.583,54.0,6.783,7.348,0.565,0.833,13.042,23.1,18.454,14.9
2014-05-03,98.0,81.542,65.0,5.958,6.292,0.333,2.625,32.375,23.8,19.446,15.8
2014-05-04,65.0,47.208,32.0,2.583,2.583,0.0,0.667,16.042,19.1,17.0,13.8
2014-05-05,95.0,84.167,68.0,1.875,1.875,0.0,0.833,33.833,19.2,17.45,16.1
2014-05-06,96.0,81.542,61.0,4.0,4.083,0.083,0.13,19.0,17.9,15.271,13.3
2014-05-07,95.0,69.625,49.0,4.833,5.167,0.333,0.083,13.042,19.7,15.758,9.9
2014-05-08,93.0,75.542,62.0,3.167,3.25,0.083,0.0,15.75,21.5,18.171,14.5
2014-05-09,96.0,79.833,63.0,3.826,3.913,0.087,0.091,16.522,22.4,17.188,11.2
2014-05-10,84.0,67.667,51.0,6.042,6.417,0.375,0.458,9.667,20.6,16.121,12.1
2014-05-11,87.0,66.083,45.0,5.125,5.25,0.125,0.25,12.0,20.6,16.446,11.6
2014-05-12,95.0,75.667,61.0,3.25,3.417,0.167,0.167,15.042,22.2,18.358,12.2
2014-05-13,98.0,96.917,93.0,4.917,5.042,0.125,0.0,27.5,19.1,17.267,15.7
2014-05-14,98.0,91.792,79.0,8.042,9.583,1.542,0.667,38.25,22.8,19.179,13.8
2014-05-15,98.0,96.458,87.0,7.583,7.833,0.25,0.292,27.75,19.4,17.096,15.5
2014-05-16,98.0,74.958,40.0,8.652,9.478,0.826,0.833,24.5,22.7,18.721,14.1
2014-05-17,83.0,63.083,45.0,4.167,4.458,0.292,0.333,5.625,22.4,18.712,13.4
2014-05-18,94.0,79.375,64.0,3.458,3.583,0.125,0.083,9.25,23.3,18.958,15.4
2014-05-19,97.0,84.25,61.0,7.0,8.125,1.125,0.917,18.125,23.4,19.525,14.6
2014-05-20,98.0,89.042,71.0,5.625,6.125,0.5,0.696,34.917,23.6,19.171,15.5
2014-05-21,98.0,94.208,81.0,3.292,3.542,0.25,0.458,23.042,19.5,17.1,14.9
2014-05-22,93.0,80.167,70.0,4.208,4.875,0.667,0.667,5.667,19.0,16.625,14.0
2014-05-23,89.0,74.0,63.0,3.391,3.696,0.304,0.25,9.375,17.6,15.904,14.0
2014-05-24,96.0,82.792,69.0,4.083,4.5,0.417,0.458,13.833,22.5,19.104,14.1
2014-05-25,95.0,86.375,75.0,2.458,2.542,0.083,0.5,26.042,23.1,20.262,17.9
2014-05-26,97.0,88.458,77.0,1.833,1.917,0.083,0.417,26.583,22.2,19.862,18.2
2014-05-27,98.0,94.667,82.0,3.75,4.208,0.458,0.0,17.958,24.4,19.254,17.1
2014-05-28,98.0,88.917,76.0,7.0,7.875,0.875,0.917,24.25,24.3,20.688,17.0
2014-05-29,98.0,87.458,75.0,3.833,4.333,0.5,1.042,39.625,25.1,21.117,17.0
2014-05-30,98.0,87.167,69.0,6.13,6.826,0.696,2.0,54.125,25.2,21.162,17.1
2014-05-31,97.0,88.208,74.0,3.5,3.958,0.458,0.708,56.708,25.6,21.55,18.5
2014-06-01,98.0,87.125,68.0,3.292,3.667,0.375,0.833,47.417,26.4,21.85,18.1
2014-06-02,98.0,96.083,90.0,4.917,5.333,0.417,0.125,32.208,20.7,18.825,17.9
2014-06-03,98.0,94.333,87.0,6.875,7.833,0.958,0.478,43.292,23.0,20.35,18.3
2014-06-04,96.0,83.0,67.0,3.708,4.208,0.5,0.167,35.375,25.8,22.296,20.3
2014-06-05,98.0,88.042,78.0,5.292,6.0,0.708,0.167,12.75,21.8,20.529,19.1
2014-06-06,98.0,97.583,94.0,5.13,5.609,0.478,0.0,21.739,19.5,19.083,18.6
2014-06-07,98.0,97.917,97.0,4.125,4.25,0.125,0.0,28.208,20.0,18.579,17.8
2014-06-08,98.0,94.75,85.0,4.0,4.792,0.792,0.333,18.875,23.7,21.504,20.0
2014-06-09,98.0,91.833,78.0,5.875,7.25,1.375,0.208,17.417,25.0,21.942,18.6
2014-06-10,98.0,95.958,87.0,5.167,6.708,1.542,0.043,5.292,23.0,19.712,18.1
2014-06-11,98.0,97.667,95.0,8.25,13.375,5.125,0.542,14.417,22.1,20.321,18.1
2014-06-12,98.0,97.125,94.0,4.667,5.833,1.167,0.042,21.708,23.8,21.558,20.2
2014-06-13,98.0,86.833,74.0,4.174,4.652,0.478,0.125,22.792,24.9,21.896,18.4
2014-06-14,96.0,82.333,60.0,6.583,7.083,0.5,0.875,18.5,25.8,21.696,17.9
2014-06-15,97.0,82.417,46.0,3.792,4.167,0.375,0.458,13.0,27.7,22.358,18.1
2014-06-16,97.0,85.375,63.0,4.958,5.208,0.25,1.708,42.583,26.6,23.121,19.2
2014-06-17,97.0,90.042,79.0,3.292,3.5,0.208,1.696,44.375,25.9,23.446,21.5
2014-06-18,97.0,91.0,80.0,5.643,6.0,0.357,0.818,34.708,23.0,21.579,19.6
2014-06-19,97.0,81.875,54.0,3.714,4.214,0.5,0.571,22.0,26.8,22.479,18.9
2014-06-20,95.0,87.667,79.0,2.75,2.875,0.125,0.292,14.958,24.6,22.608,20.8
2014-06-21,97.0,90.125,78.0,3.667,3.875,0.208,0.667,14.0,26.4,23.104,21.2
2014-06-22,98.0,97.792,97.0,5.917,6.333,0.417,0.458,19.5,21.8,20.033,18.9
2014-06-23,98.0,90.917,74.0,6.542,7.542,1.0,0.25,28.208,23.2,20.917,18.6
2014-06-24,98.0,95.083,87.0,6.083,6.333,0.25,0.625,18.167,24.4,20.65,18.6
2014-06-25,98.0,90.583,79.0,6.5,7.125,0.625,0.208,13.167,25.6,21.95,19.0
2014-06-26,98.0,90.5,79.0,5.609,6.261,0.652,0.261,10.958,25.0,22.246,19.1
2014-06-27,98.0,93.208,87.0,9.167,12.375,3.208,0.458,8.208,24.7,22.871,20.6
2014-06-28,98.0,93.833,88.0,4.417,5.042,0.625,0.042,8.75,24.2,22.838,21.8
2014-06-29,98.0,95.917,87.0,3.375,3.958,0.583,0.0,7.667,23.8,21.842,20.4
2014-06-30,96.0,90.0,81.0,4.208,5.083,0.875,0.125,9.833,23.7,22.129,20.1
2014-07-01,98.0,93.208,85.0,5.792,7.125,1.333,0.167,13.333,24.6,22.921,21.2
2014-07-02,97.0,84.917,66.0,5.083,6.125,1.042,0.208,10.292,25.9,23.571,20.4
2014-07-03,98.0,91.333,80.0,5.87,6.696,0.826,0.652,19.083,27.6,23.921,21.1
2014-07-04,98.0,97.417,95.0,4.833,5.333,0.5,0.0,9.087,22.3,21.25,20.3
2014-07-05,98.0,97.083,94.0,3.333,3.625,0.292,0.0,14.625,23.2,21.538,20.4
2014-07-06,98.0,91.292,75.0,4.042,4.667,0.625,0.208,11.25,26.7,22.862,19.5
2014-07-07,98.0,97.792,96.0,4.583,4.875,0.292,0.208,15.292,23.1,22.058,21.0
2014-07-08,98.0,88.708,73.0,5.917,7.0,1.083,0.208,11.542,26.7,23.521,21.2
2014-07-09,98.0,94.25,84.0,5.125,6.042,0.917,0.292,15.417,24.4,23.162,21.2
2014-07-10,98.0,97.25,94.0,3.696,4.826,1.13,0.174,27.083,26.8,24.358,22.7
2014-07-11,98.0,92.0,75.0,3.083,3.375,0.292,0.083,24.833,31.1,25.904,23.4
2014-07-12,95.0,79.167,60.0,5.25,5.917,0.667,0.25,18.292,29.6,26.196,23.0
2014-07-13,98.0,92.042,78.0,4.708,5.042,0.333,0.583,32.792,26.1,24.575,22.3
2014-07-14,98.0,91.458,78.0,6.708,8.25,1.542,0.417,34.0,29.6,25.404,22.9
2014-07-15,98.0,86.917,64.0,6.417,6.958,0.542,0.417,16.833,27.5,24.312,21.7
2014-07-16,98.0,95.0,85.0,6.25,7.333,1.083,0.25,30.917,27.8,23.921,21.3
2014-07-17,98.0,95.0,88.0,5.261,5.696,0.435,0.435,20.625,25.0,22.592,21.3
2014-07-18,98.0,96.667,92.0,7.0,8.208,1.208,0.583,17.5,24.2,22.562,21.4
2014-07-19,98.0,95.667,86.0,6.083,6.875,0.792,0.375,13.125,25.5,22.704,21.2
2014-07-20,98.0,96.333,89.0,3.333,3.958,0.625,0.375,10.5,24.9,22.379,21.2
2014-07-21,98.0,94.167,85.0,4.083,4.792,0.708,0.375,10.833,23.7,22.158,20.7
2014-07-22,98.0,92.167,82.0,4.833,6.042,1.208,0.792,22.458,29.3,25.154,21.1
2014-07-23,98.0,91.417,75.0,5.083,6.542,1.458,1.25,41.167,29.4,25.808,23.0
2014-07-24,98.0,91.875,75.0,6.087,7.217,1.13,1.174,39.5,30.2,26.238,23.9
2014-07-25,98.0,88.333,71.0,5.708,6.583,0.875,0.542,39.5,30.6,27.233,23.6
2014-07-26,98.0,91.667,80.0,6.042,9.958,3.917,0.625,40.292,30.4,27.579,25.3
2014-07-27,98.0,88.333,80.0,3.833,4.292,0.458,0.5,34.542,29.1,26.45,24.4
2014-07-28,95.0,77.917,58.0,4.542,4.667,0.125,0.208,13.292,28.6,25.125,22.4
2014-07-29,96.0,80.417,62.0,6.667,7.375,0.708,0.333,18.833,29.9,25.738,21.5
2014-07-30,97.0,84.958,69.0,5.583,6.167,0.583,0.375,23.833,30.4,26.267,22.8
2014-07-31,98.0,91.333,78.0,4.913,5.565,0.652,0.609,18.75,31.3,27.217,24.8
2014-08-01,98.0,91.0,81.0,4.833,6.5,1.667,0.833,17.87,30.1,27.208,25.1
2014-08-02,98.0,84.583,67.0,5.458,7.667,2.208,0.667,23.542,33.1,28.029,24.6
2014-08-03,95.0,80.833,61.0,5.917,6.917,1.0,0.583,22.417,32.3,27.604,23.7
2014-08-04,97.0,88.625,74.0,2.833,3.958,1.125,0.042,18.583,29.8,26.292,24.1
2014-08-05,97.0,89.875,76.0,1.583,2.625,1.042,0.0,22.833,29.4,25.954,23.3
2014-08-06,98.0,91.583,81.0,2.667,3.875,1.208,0.042,25.542,27.7,25.054,23.0
2014-08-07,98.0,90.0,76.0,3.957,4.783,0.826,0.13,20.667,29.3,25.296,22.7
2014-08-08,97.0,92.542,79.0,6.875,8.917,2.042,0.625,17.708,29.4,26.075,23.6
2014-08-09,98.0,97.75,95.0,4.0,5.333,1.333,0.0,19.833,25.0,22.421,21.4
2014-08-10,98.0,95.833,89.0,1.083,2.375,1.292,0.0,36.417,28.6,25.533,21.6
2014-08-11,98.0,93.125,85.0,1.083,2.083,1.0,0.0,45.875,28.5,25.858,23.9
2014-08-12,98.0,95.542,81.0,3.25,4.417,1.167,0.167,24.625,29.1,24.288,21.3
2014-08-13,98.0,93.375,78.0,5.417,6.583,1.167,0.708,30.0,28.1,24.392,20.5
2014-08-14,98.0,96.5,91.0,4.609,5.348,0.739,0.087,26.333,27.8,25.696,24.3
2014-08-15,98.0,93.708,84.0,1.87,2.478,0.609,0.043,19.833,28.5,26.008,24.3
2014-08-16,98.0,97.25,96.0,2.792,3.0,0.208,0.042,22.292,24.5,22.75,21.2
2014-08-17,98.0,95.5,90.0,4.833,5.708,0.875,0.417,13.542,27.3,24.788,21.6
2014-08-18,98.0,92.75,82.0,4.458,5.75,1.292,0.417,15.208,29.9,26.479,23.8
2014-08-19,98.0,92.375,81.0,3.625,5.458,1.833,0.167,14.792,28.7,25.892,23.7
2014-08-20,98.0,89.417,79.0,6.042,8.5,2.458,0.417,22.167,30.3,26.808,23.7
2014-08-21,98.0,89.583,78.0,4.87,6.391,1.522,0.087,19.75,31.0,26.796,23.7
2014-08-22,98.0,90.958,78.0,5.0,6.5,1.5,0.333,19.125,30.3,26.592,24.1
2014-08-23,98.0,94.208,88.0,3.958,5.0,1.042,0.292,12.5,26.9,24.954,23.4
2014-08-24,98.0,89.208,79.0,3.792,4.833,1.042,0.375,10.083,29.6,25.962,23.4
2014-08-25,96.0,91.208,83.0,5.5,6.417,0.917,0.417,14.75,26.6,24.488,23.5
2014-08-26,98.0,94.958,89.0,8.792,9.917,1.125,1.25,27.333,24.7,23.442,22.0
2014-08-27,98.0,91.208,82.0,3.125,4.333,1.208,0.125,12.417,24.4,22.788,21.3
2014-08-28,98.0,98.0,98.0,2.826,3.217,0.391,0.0,12.125,21.6,21.05,20.4
2014-08-29,98.0,96.583,94.0,4.958,5.792,0.833,0.417,10.435,23.7,22.525,21.4
2014-08-30,98.0,97.583,96.0,2.917,3.542,0.625,0.042,11.208,21.7,20.717,19.0
2014-08-31,98.0,96.542,94.0,3.0,3.75,0.75,0.333,9.667,23.2,22.075,20.8
2014-09-01,98.0,97.25,94.0,4.208,5.458,1.25,0.083,11.042,23.1,22.021,20.1
2014-09-02,98.0,93.167,81.0,3.417,4.833,1.417,0.333,12.167,25.9,22.696,20.4
2014-09-03,97.0,88.292,76.0,3.458,4.875,1.417,0.042,11.875,24.4,22.758,21.5
2014-09-04,94.0,80.417,67.0,4.0,4.304,0.304,0.087,9.375,27.9,25.033,21.5
2014-09-05,97.0,90.625,82.0,3.167,3.417,0.25,0.083,13.0,28.8,26.158,24.1
2014-09-06,98.0,91.667,77.0,5.042,6.083,1.042,0.292,13.833,26.4,25.296,23.9
2014-09-07,98.0,97.083,95.0,3.125,3.125,0.0,0.25,14.375,23.8,21.204,19.4
2014-09-08,98.0,96.167,92.0,3.958,4.542,0.583,0.167,12.875,22.7,21.546,19.3
2014-09-09,98.0,91.75,81.0,2.583,3.5,0.917,0.0,13.417,24.3,22.242,20.5
2014-09-10,96.0,91.292,79.0,4.333,5.5,1.167,0.417,15.583,25.2,22.712,21.1
2014-09-11,98.0,96.542,90.0,7.783,8.348,0.565,0.043,17.875,22.8,21.038,19.1
2014-09-12,98.0,83.583,59.0,6.773,7.545,0.773,0.227,11.542,24.1,21.683,19.6
2014-09-13,93.0,82.125,72.0,5.917,6.75,0.833,0.583,5.292,24.6,22.554,20.9
2014-09-14,98.0,86.417,76.0,3.875,4.708,0.833,0.458,6.0,24.7,22.267,20.0
2014-09-15,98.0,91.083,78.0,4.792,5.875,1.083,0.125,8.875,24.4,21.896,19.2
2014-09-16,97.0,87.625,71.0,4.083,5.167,1.083,0.667,12.583,27.8,24.15,21.8
2014-09-17,94.0,81.083,67.0,3.875,5.25,1.375,0.083,9.625,24.5,22.504,20.7
2014-09-18,92.0,78.958,67.0,5.522,6.087,0.565,0.652,11.208,22.1,20.933,18.4
2014-09-19,94.0,79.292,67.0,9.167,10.333,1.167,0.5,12.417,23.1,20.017,16.0
2014-09-20,91.0,77.875,64.0,4.75,5.375,0.625,0.125,7.25,21.0,20.533,19.4
2014-09-21,96.0,77.667,63.0,3.792,4.583,0.792,0.208,7.208,23.6,20.788,18.0
2014-09-22,98.0,83.542,70.0,6.25,7.583,1.333,0.708,10.875,24.5,20.975,17.4
2014-09-23,95.0,74.583,60.0,6.25,7.375,1.125,0.458,10.292,23.4,20.538,17.0
2014-09-24,93.0,76.292,65.0,5.542,6.708,1.167,0.083,11.667,25.7,22.862,18.3
2014-09-25,98.0,90.875,77.0,1.609,1.652,0.043,0.0,24.87,25.1,23.254,20.8
2014-09-26,97.0,79.0,61.0,3.333,3.917,0.583,0.083,6.792,24.0,21.6,19.7
2014-09-27,93.0,80.792,74.0,2.0,2.458,0.458,0.0,15.625,21.6,20.446,19.6
2014-09-28,97.0,90.583,83.0,1.375,1.833,0.458,0.0,28.958,22.7,21.079,20.3
2014-09-29,95.0,84.333,78.0,2.667,3.458,0.792,0.0,23.875,23.1,20.967,17.6
2014-09-30,98.0,88.417,69.0,8.75,10.042,1.292,0.375,23.417,26.0,21.446,16.5
2014-10-01,98.0,96.083,89.0,7.5,8.542,1.042,0.042,18.75,22.2,20.554,19.4
2014-10-02,98.0,96.5,92.0,5.739,6.261,0.522,0.0,13.833,22.0,20.538,19.3
2014-10-03,98.0,94.208,87.0,3.083,4.25,1.167,0.5,17.458,27.4,24.146,21.3
2014-10-04,98.0,87.875,79.0,6.458,7.542,1.083,0.583,14.542,24.6,22.321,20.6
2014-10-05,98.0,94.833,81.0,2.0,3.0,1.0,0.042,21.625,21.4,19.788,18.5
2014-10-06,98.0,91.292,79.0,2.583,3.792,1.208,0.0,16.409,24.8,22.104,18.9
2014-10-07,86.0,76.917,70.0,3.25,4.625,1.375,0.042,6.417,21.1,19.425,18.4
2014-10-08,98.0,81.792,68.0,6.5,8.375,1.875,0.25,8.167,22.1,19.429,16.5
2014-10-09,98.0,77.375,61.0,5.174,6.304,1.13,0.0,9.708,24.1,20.717,16.2
2014-10-10,97.0,82.292,59.0,6.458,7.583,1.125,0.167,12.958,25.2,21.229,17.0
2014-10-11,96.0,76.5,68.0,3.5,4.167,0.667,0.0,13.375,20.5,18.921,18.2
2014-10-12,90.0,72.125,59.0,2.333,3.083,0.75,0.0,8.208,19.8,18.158,16.1
2014-10-13,98.0,91.458,77.0,1.917,2.75,0.833,0.0,20.208,23.5,19.888,15.4
2014-10-14,98.0,78.208,57.0,2.458,3.833,1.375,0.125,17.917,27.6,22.771,18.8
2014-10-15,90.0,76.667,66.0,2.833,4.208,1.375,0.0,6.958,18.5,16.479,15.1
2014-10-16,98.0,94.167,87.0,5.182,6.0,0.818,0.0,11.625,18.4,16.329,13.2
2014-10-17,98.0,82.375,62.0,10.958,13.0,2.042,0.833,16.042,21.5,17.021,12.7
2014-10-18,95.0,68.917,55.0,5.875,6.792,0.917,0.25,10.417,19.6,16.821,13.8
2014-10-19,98.0,81.375,65.0,7.958,9.333,1.375,0.792,17.375,21.4,17.354,12.7
2014-10-20,91.0,65.833,40.0,5.167,7.375,2.208,0.417,9.292,24.8,20.796,14.3
2014-10-21,97.0,88.667,73.0,3.208,4.292,1.083,0.0,16.833,22.4,20.75,18.2
2014-10-22,98.0,96.75,93.0,2.333,3.625,1.292,0.0,12.333,22.3,17.7,15.1
2014-10-23,94.0,85.208,72.0,2.522,2.826,0.304,0.0,13.25,17.4,16.433,15.5
2014-10-24,97.0,75.542,63.0,8.458,10.167,1.708,0.042,8.522,20.3,17.104,12.7
2014-10-25,98.0,85.208,62.0,7.917,11.792,3.875,0.5,18.25,22.3,18.162,11.6
2014-10-26,97.0,88.458,73.0,3.583,4.583,1.0,0.25,9.625,23.8,21.479,19.2
2014-10-27,98.0,91.25,69.0,6.792,8.417,1.625,0.417,15.333,22.2,19.421,15.5
2014-10-28,81.0,57.583,35.0,6.458,8.083,1.625,0.083,5.875,19.5,14.712,10.7
2014-10-29,83.0,65.708,44.0,15.5,18.542,3.042,1.667,13.458,18.1,13.571,9.4
2014-10-30,97.0,78.792,63.0,9.696,12.348,2.652,0.13,15.333,21.8,16.996,10.2
2014-10-31,97.0,86.0,76.0,11.792,16.083,4.292,0.042,25.542,21.7,19.325,17.3
2014-11-01,98.0,97.708,96.0,16.667,21.083,4.417,0.0,38.458,19.3,18.296,17.3
2014-11-02,98.0,94.833,86.0,3.375,4.625,1.25,0.125,16.25,21.5,19.879,16.8
2014-11-03,94.0,65.833,50.0,4.25,5.458,1.208,0.167,5.75,21.8,18.533,14.1
2014-11-04,80.0,65.792,58.0,7.375,9.458,2.083,0.25,3.583,18.3,15.462,10.1
2014-11-05,96.0,72.167,61.0,5.5,7.708,2.208,0.042,10.0,19.1,18.1,17.4
2014-11-06,98.0,95.75,91.0,4.13,4.609,0.478,0.0,15.958,20.4,18.079,14.8
2014-11-07,80.0,66.083,57.0,4.955,5.591,0.636,0.409,13.25,19.3,17.492,14.9
2014-11-08,98.0,80.75,61.0,6.625,7.625,1.0,0.25,10.5,18.0,16.817,15.7
2014-11-09,98.0,95.958,87.0,9.333,11.125,1.792,0.417,26.083,20.8,17.183,14.5
2014-11-10,98.0,79.167,56.0,6.542,8.667,2.125,0.417,22.792,20.2,17.783,15.4
2014-11-11,95.0,78.292,69.0,3.458,4.75,1.292,0.708,16.375,19.4,17.875,16.6
2014-11-12,98.0,97.208,89.0,14.792,19.083,4.292,0.0,28.708,19.0,15.788,11.8
2014-11-13,98.0,68.167,48.0,9.696,11.13,1.435,0.565,14.375,19.9,14.733,9.7
2014-11-14,78.0,54.417,42.0,5.583,6.375,0.792,0.5,4.042,17.1,12.688,8.7
2014-11-15,82.0,62.0,35.0,9.083,10.375,1.292,0.5,6.125,18.0,11.879,7.1
2014-11-16,84.0,70.958,48.0,11.5,13.208,1.708,0.583,8.292,15.9,10.604,6.6
2014-11-17,92.0,77.333,67.0,15.833,18.958,3.125,1.5,24.0,17.5,13.312,8.8
2014-11-18,92.0,69.667,47.0,10.208,12.5,2.292,0.875,13.583,15.7,12.408,9.3
2014-11-19,79.0,65.875,44.0,11.375,14.208,2.833,0.708,7.0,14.0,10.071,7.1
2014-11-20,98.0,87.292,65.0,11.217,13.391,2.174,0.087,14.208,15.6,10.992,7.2
2014-11-21,98.0,89.958,77.0,9.958,11.917,1.958,0.087,14.522,16.9,13.108,8.8
2014-11-22,98.0,90.125,77.0,15.125,18.542,3.417,0.583,17.083,17.9,13.967,10.5
2014-11-23,97.0,81.583,70.0,6.958,8.792,1.833,0.625,16.25,18.2,14.229,9.4
2014-11-24,98.0,82.833,67.0,6.25,8.375,2.125,0.375,17.75,17.9,15.254,11.6
2014-11-25,98.0,97.042,95.0,8.958,13.625,4.667,0.0,26.208,14.8,13.004,10.1
2014-11-26,98.0,97.875,97.0,2.167,4.583,2.417,0.0,20.125,16.5,14.825,13.0
2014-11-27,98.0,84.958,77.0,3.957,4.609,0.652,0.0,9.667,15.9,14.383,11.1
2014-11-28,98.0,85.333,62.0,7.208,12.333,5.125,0.083,12.875,18.9,15.142,9.6
2014-11-29,98.0,96.25,90.0,9.583,11.375,1.792,0.125,18.75,18.8,15.812,11.3
2014-11-30,96.0,81.083,69.0,4.292,5.625,1.333,0.0,11.708,17.1,16.112,15.2
2014-12-01,98.0,95.625,87.0,5.417,7.125,1.708,0.0,25.958,20.1,17.421,14.3
2014-12-02,81.0,63.75,46.0,7.458,10.417,2.958,1.25,7.25,15.0,11.992,8.2
2014-12-03,69.0,56.208,39.0,6.625,9.333,2.708,1.5,8.75,12.9,9.908,7.0
2014-12-04,98.0,80.0,58.0,7.304,8.087,0.783,0.087,,14.2,11.85,9.0
2014-12-05,98.0,80.5,58.0,12.083,14.5,2.417,0.083,7.929,13.1,8.821,6.2
2014-12-06,94.0,74.917,47.0,10.292,13.708,3.417,0.083,5.708,9.4,5.096,2.2
2014-12-07,79.0,66.5,48.0,9.542,12.125,2.583,0.208,4.125,9.4,5.729,1.6
2014-12-08,97.0,85.292,66.0,12.667,19.833,7.167,0.292,10.083,12.4,8.004,5.0
2014-12-09,96.0,78.208,61.0,12.792,17.042,4.25,0.917,15.208,12.5,8.083,4.6
2014-12-10,89.0,75.0,57.0,12.875,17.0,4.125,0.375,12.208,11.0,7.042,1.0
2014-12-11,98.0,95.917,89.0,9.304,10.696,1.391,0.0,38.5,16.9,12.825,7.2
2014-12-12,98.0,77.917,66.0,8.958,10.708,1.75,0.708,8.75,11.2,10.346,7.4
2014-12-13,98.0,80.625,55.0,8.542,10.875,2.333,0.292,8.708,12.2,7.071,3.6
2014-12-14,95.0,75.042,49.0,9.5,12.875,3.375,1.208,5.667,8.3,4.05,1.4
2014-12-15,84.0,63.208,43.0,8.125,11.042,2.917,0.083,5.167,9.1,5.567,-0.2
2014-12-16,98.0,92.667,58.0,12.708,17.542,4.833,0.042,21.292,14.2,7.438,4.9
2014-12-17,97.0,67.375,46.0,6.875,10.208,3.333,1.208,9.833,9.2,6.054,2.5
2014-12-18,82.0,57.292,36.0,5.696,6.913,1.217,0.261,4.0,7.9,3.504,0.3
2014-12-19,92.0,73.042,48.0,15.167,24.792,9.625,0.917,5.174,8.7,3.721,-0.4
2014-12-20,98.0,91.625,72.0,9.0,11.625,2.625,0.042,30.25,16.6,11.238,6.5
2014-12-21,98.0,85.5,68.0,9.083,12.458,3.375,0.333,13.667,12.9,9.654,5.5
2014-12-22,92.0,56.25,31.0,8.167,11.583,3.417,0.792,5.667,11.4,7.854,5.3
2014-12-23,82.0,61.375,39.0,9.333,12.833,3.5,0.25,5.5,11.0,6.292,2.4
2014-12-24,92.0,73.25,51.0,20.5,27.792,7.292,0.833,15.667,13.6,6.675,1.7
2014-12-25,91.0,62.958,41.0,16.957,20.261,3.304,2.429,12.913,10.9,6.838,3.4
2014-12-26,78.0,54.458,35.0,7.583,9.042,1.458,0.292,3.75,9.0,4.825,0.8
2014-12-27,77.0,61.583,41.0,12.0,14.583,2.583,0.667,9.333,6.9,3.258,-0.9
2014-12-28,91.0,77.167,60.0,14.667,18.083,3.417,1.0,23.417,10.0,4.892,-0.8
2014-12-29,98.0,95.958,76.0,11.5,15.042,3.542,0.083,34.958,9.8,7.121,4.5
2014-12-30,98.0,88.583,66.0,14.417,20.625,6.208,0.458,25.5,11.4,6.35,2.6
2014-12-31,97.0,73.167,50.0,7.667,10.583,2.917,1.042,19.292,11.9,8.262,2.3
2015-04-01,98.0,96.292,91.0,4.87,5.13,0.261,0.958,45.0,17.5,12.671,7.1
2015-04-02,96.0,78.083,59.0,2.833,3.25,0.417,0.0,8.833,13.2,10.383,6.8
2015-04-03,98.0,93.583,82.0,1.375,1.375,0.0,0.083,48.625,18.1,16.054,13.3
2015-04-04,98.0,90.958,80.0,3.875,4.292,0.417,0.042,22.25,16.7,10.925,9.0
2015-04-05,98.0,97.167,93.0,9.667,10.583,0.917,0.042,24.75,10.6,9.438,8.1
2015-04-06,98.0,95.792,84.0,9.25,10.875,1.625,0.333,46.667,18.7,13.358,10.0
2015-04-07,98.0,96.083,87.0,3.208,3.75,0.542,0.0,15.833,9.5,8.596,8.0
2015-04-08,98.0,89.75,75.0,2.391,2.957,0.565,0.0,14.042,8.6,5.404,3.0
2015-04-09,97.0,86.0,78.0,3.0,3.5,0.5,0.348,13.875,8.9,7.554,5.7
2015-04-10,98.0,97.583,96.0,6.083,6.542,0.458,0.25,21.609,9.1,8.038,6.6
2015-04-11,99.0,96.625,92.0,3.625,4.0,0.375,0.0,16.917,12.6,10.879,8.8
2015-04-12,97.0,87.167,79.0,5.667,6.292,0.625,0.25,11.667,14.2,12.3,9.3
2015-04-13,98.0,96.542,86.0,5.708,6.25,0.542,0.042,23.625,13.9,12.833,10.5
2015-04-14,99.0,98.042,98.0,4.792,5.292,0.5,0.0,11.292,13.3,12.279,10.8
2015-04-15,98.0,89.792,73.0,4.652,4.652,0.0,0.542,15.958,18.7,14.192,9.4
2015-04-16,98.0,81.875,65.0,6.0,6.042,0.042,1.391,34.5,19.2,14.858,9.6
2015-04-17,97.0,88.417,78.0,3.5,3.625,0.125,0.833,38.875,19.3,15.138,10.0
2015-04-18,94.0,72.333,52.0,3.875,4.125,0.25,0.542,31.417,17.0,13.883,8.2
2015-04-19,98.0,89.792,61.0,7.542,7.958,0.417,1.083,33.042,17.7,14.338,9.7
2015-04-20,98.0,96.625,91.0,2.5,2.583,0.083,0.583,52.625,20.2,17.917,15.1
2015-04-21,98.0,89.542,67.0,4.083,4.625,0.542,0.0,17.25,18.3,15.512,13.9
2015-04-22,98.0,85.292,72.0,8.957,9.652,0.696,0.583,23.125,16.6,14.667,12.1
2015-04-23,98.0,90.917,66.0,10.417,11.333,0.917,0.609,25.667,17.8,15.404,12.2
2015-04-24,98.0,81.333,65.0,4.667,4.708,0.042,0.208,14.375,21.6,18.042,13.9
2015-04-25,97.0,81.292,51.0,5.542,5.958,0.417,0.167,33.542,17.2,15.392,11.9
2015-04-26,97.0,82.5,56.0,4.375,4.583,0.208,0.25,25.917,22.0,16.788,10.2
2015-04-27,98.0,90.875,81.0,2.333,2.333,0.0,0.708,39.208,22.2,18.592,15.9
2015-04-28,98.0,89.208,77.0,2.375,2.375,0.0,0.292,36.708,22.6,18.925,16.4
2015-04-29,97.0,85.458,66.0,5.652,5.826,0.174,0.5,18.875,22.9,18.671,14.9
2015-04-30,98.0,94.542,80.0,8.875,9.833,0.958,0.348,17.542,20.1,16.721,13.8
2015-05-01,98.0,88.875,69.0,7.083,8.0,0.917,0.375,12.917,21.9,18.108,13.9
2015-05-02,98.0,93.125,83.0,8.917,11.25,2.333,0.583,12.125,21.7,18.112,14.2
2015-05-03,98.0,92.083,72.0,3.792,4.167,0.375,0.417,10.417,22.8,18.9,15.1
2015-05-04,98.0,93.292,84.0,1.625,1.708,0.083,0.083,14.083,23.4,20.312,18.3
2015-05-05,98.0,74.833,55.0,3.833,4.125,0.292,0.0,18.292,19.4,16.554,12.8
2015-05-06,97.0,79.042,51.0,3.957,4.304,0.348,0.333,16.958,22.1,17.3,11.2
2015-05-07,98.0,85.667,71.0,4.292,4.333,0.042,1.087,20.125,21.7,18.888,17.0
2015-05-08,98.0,91.083,74.0,5.375,6.083,0.708,0.667,26.783,22.6,18.412,15.1
2015-05-09,98.0,94.708,89.0,4.667,4.667,0.0,1.0,16.125,20.1,18.175,16.3
2015-05-10,98.0,70.792,39.0,3.875,4.0,0.125,0.458,24.208,24.4,17.896,13.6
2015-05-11,79.0,56.458,34.0,2.917,3.083,0.167,0.083,7.333,20.3,16.788,13.2
2015-05-12,98.0,88.625,79.0,1.167,1.167,0.0,0.0,36.417,21.6,19.3,16.7
2015-05-13,98.0,79.583,66.0,2.652,2.652,0.0,0.458,32.25,23.3,20.138,18.1
2015-05-14,96.0,80.292,63.0,6.542,6.833,0.292,1.478,44.792,23.7,19.833,17.1
2015-05-15,98.0,91.292,81.0,5.833,6.167,0.333,0.75,34.875,20.4,18.738,16.1
2015-05-16,98.0,97.75,95.0,7.917,8.417,0.5,0.333,28.792,20.4,18.254,16.5
2015-05-17,98.0,85.042,58.0,4.708,4.917,0.208,0.75,25.542,24.2,19.817,16.9
2015-05-18,98.0,85.333,68.0,4.708,5.125,0.417,0.333,21.792,24.9,20.95,15.8
2015-05-19,98.0,97.792,97.0,4.125,4.5,0.375,0.0,26.792,21.4,19.829,17.9
2015-05-20,98.0,97.625,96.0,6.913,7.391,0.478,0.208,17.667,19.5,17.842,15.9
2015-05-21,98.0,86.375,68.0,4.792,5.125,0.333,0.435,14.792,20.2,17.046,13.7
2015-05-22,98.0,86.042,73.0,4.0,4.042,0.042,1.042,24.042,22.9,19.071,14.4
2015-05-23,97.0,88.458,74.0,3.875,3.958,0.083,1.125,18.917,23.5,20.229,17.8
2015-05-24,98.0,88.25,68.0,3.5,3.5,0.0,0.583,13.208,23.4,19.75,17.3
2015-05-25,98.0,95.167,82.0,5.708,6.125,0.417,0.625,19.875,20.3,18.071,16.2
2015-05-26,98.0,87.375,54.0,4.458,4.833,0.375,0.583,19.5,23.2,19.196,16.1
2015-05-27,98.0,83.417,57.0,9.522,10.609,1.087,1.625,26.583,24.6,20.829,16.2
2015-05-28,98.0,90.125,83.0,4.5,4.917,0.417,0.565,25.083,23.1,20.721,17.5
2015-05-29,98.0,95.958,89.0,11.083,12.458,1.375,0.458,22.375,21.2,19.962,18.3
2015-05-30,98.0,93.5,79.0,2.958,3.292,0.333,0.167,19.417,22.6,20.475,17.9
2015-05-31,98.0,85.583,66.0,4.208,4.333,0.125,1.167,31.583,25.8,22.9,20.1
2015-06-01,96.0,82.083,61.0,6.375,7.042,0.667,0.583,11.208,22.8,20.758,19.1
2015-06-02,98.0,92.667,81.0,4.167,4.333,0.167,0.5,14.917,24.8,21.867,19.2
2015-06-03,98.0,98.0,98.0,6.348,6.696,0.348,0.125,23.708,22.2,21.033,20.3
2015-06-04,98.0,71.042,52.0,6.636,7.182,0.545,0.556,13.125,25.6,21.15,17.4
2015-06-05,98.0,84.708,64.0,7.429,8.214,0.786,0.786,7.348,21.1,18.512,14.6
2015-06-06,98.0,94.792,87.0,4.25,4.417,0.167,0.083,12.042,18.4,16.717,14.5
2015-06-07,98.0,86.125,75.0,3.417,3.75,0.333,0.625,13.25,22.9,19.267,14.2
2015-06-08,97.0,82.042,68.0,3.167,3.375,0.208,0.083,10.667,24.4,21.308,18.1
2015-06-09,98.0,97.708,96.0,7.917,8.583,0.667,0.167,24.333,21.3,20.1,18.4
2015-06-10,98.0,86.625,71.0,7.083,8.792,1.708,0.708,19.542,26.3,22.125,17.8
2015-06-11,98.0,93.25,79.0,6.042,6.542,0.5,0.625,16.0,25.6,22.204,18.8
2015-06-12,98.0,98.0,98.0,5.261,5.391,0.13,0.522,21.625,20.8,19.621,18.7
2015-06-13,99.0,94.833,79.0,3.75,4.042,0.292,0.333,12.208,25.9,21.871,18.7
2015-06-14,98.0,94.958,84.0,4.042,4.042,0.0,0.833,31.375,23.6,21.538,20.2
2015-06-15,98.0,91.958,75.0,5.0,5.167,0.167,1.542,41.958,26.4,22.5,19.2
2015-06-16,98.0,95.5,88.0,5.667,6.042,0.375,1.125,27.75,24.9,22.092,20.5
2015-06-17,98.0,96.583,92.0,6.458,7.167,0.708,0.5,25.042,23.4,21.0,19.2
2015-06-18,99.0,91.333,84.0,5.667,6.208,0.542,0.208,20.417,23.4,21.354,19.5
2015-06-19,98.0,97.167,91.0,4.818,5.227,0.409,0.217,15.083,21.1,19.3,17.2
2015-06-20,98.0,89.75,73.0,2.833,3.167,0.333,0.417,10.917,22.6,20.579,18.0
2015-06-21,98.0,90.0,74.0,6.583,6.917,0.333,0.792,11.542,24.7,21.429,17.9
2015-06-22,98.0,90.333,75.0,6.667,7.583,0.917,0.417,12.042,24.4,21.896,18.7
2015-06-23,98.0,88.792,69.0,5.375,6.583,1.208,0.75,11.583,27.4,23.129,20.0
2015-06-24,98.0,90.458,78.0,6.167,6.542,0.375,0.75,16.958,25.9,23.1,19.8
2015-06-25,98.0,88.167,75.0,6.25,7.125,0.875,0.583,12.458,26.8,23.675,21.5
2015-06-26,98.0,93.625,80.0,5.652,6.0,0.348,0.174,8.75,25.6,22.708,20.7
2015-06-27,98.0,97.667,96.0,5.458,6.0,0.542,0.083,16.042,25.0,22.617,21.1
2015-06-28,98.0,91.042,78.0,2.583,3.125,0.542,0.208,7.583,24.8,20.654,17.8
2015-06-29,94.0,86.542,72.0,2.417,2.833,0.417,0.083,9.208,22.5,19.958,17.5
2015-06-30,98.0,89.0,76.0,3.333,3.5,0.167,0.125,8.167,24.7,22.004,19.5
2015-07-01,98.0,98.0,98.0,4.917,5.042,0.125,0.167,37.708,24.1,21.788,19.6
2015-07-02,98.0,97.583,91.0,7.174,7.739,0.565,0.348,24.913,24.3,21.625,21.0
2015-07-03,98.0,98.0,98.0,5.826,6.13,0.304,0.304,20.5,23.3,21.467,20.7
2015-07-04,99.0,97.292,91.0,4.625,5.125,0.5,0.417,20.083,23.8,21.738,20.3
2015-07-05,99.0,98.083,98.0,4.292,4.292,0.0,0.292,9.625,20.4,19.746,19.0
2015-07-06,98.0,98.0,98.0,5.583,6.0,0.417,0.375,11.042,20.4,19.862,19.3
2015-07-07,98.0,97.833,97.0,6.083,6.417,0.333,0.5,17.875,22.4,20.842,19.5
2015-07-08,98.0,96.792,90.0,9.125,10.25,1.125,1.958,38.708,26.2,22.342,19.6
2015-07-09,99.0,98.167,98.0,4.792,5.458,0.667,0.125,12.125,20.5,19.933,19.5
2015-07-10,98.0,93.083,65.0,4.913,5.609,0.696,0.652,9.875,25.7,22.012,19.5
2015-07-11,98.0,93.875,82.0,3.833,4.292,0.458,1.208,17.583,27.9,24.467,21.3
2015-07-12,99.0,95.208,86.0,5.083,5.75,0.667,0.875,17.625,28.3,24.825,21.9
2015-07-13,99.0,96.583,91.0,3.208,4.25,1.042,0.25,22.5,27.6,25.046,23.1
2015-07-14,98.0,95.792,89.0,2.875,3.958,1.083,0.125,25.083,28.0,24.979,23.1
2015-07-15,99.0,96.167,89.0,3.75,5.0,1.25,0.708,37.542,27.4,24.671,22.4
2015-07-16,98.0,96.542,88.0,2.833,4.0,1.167,0.0,61.458,28.8,25.329,23.3
2015-07-17,98.0,97.083,93.0,1.783,2.478,0.696,0.0,59.5,27.5,24.675,22.8
2015-07-18,98.0,96.792,91.0,3.042,3.458,0.417,0.292,36.167,27.3,24.154,22.4
2015-07-19,98.0,89.875,74.0,3.0,3.583,0.583,0.0,27.042,28.7,25.192,22.0
2015-07-20,98.0,92.875,81.0,5.667,6.958,1.292,0.708,26.042,29.2,25.458,23.1
2015-07-21,98.0,91.417,77.0,5.875,7.083,1.208,0.708,20.458,29.0,25.15,22.5
2015-07-22,98.0,92.542,82.0,3.833,4.958,1.125,0.083,16.875,27.9,24.55,22.1
2015-07-23,98.0,95.875,88.0,3.125,3.542,0.417,0.0,24.625,26.0,23.371,22.1
2015-07-24,98.0,93.792,82.0,8.783,10.13,1.348,1.783,37.125,30.0,25.754,22.5
2015-07-25,98.0,90.625,80.0,8.792,10.458,1.667,1.25,33.208,29.4,26.129,22.9
2015-07-26,98.0,88.75,67.0,9.625,10.417,0.792,2.625,42.167,32.9,27.488,24.0
2015-07-27,98.0,93.667,84.0,4.042,4.667,0.625,0.583,34.542,30.3,26.367,23.9
2015-07-28,98.0,97.083,90.0,6.792,7.708,0.917,0.917,35.417,27.9,25.325,23.4
2015-07-29,99.0,96.792,92.0,4.167,4.625,0.458,0.417,35.583,27.1,25.4,23.8
2015-07-30,99.0,93.625,83.0,4.917,5.583,0.667,0.417,33.042,28.8,26.154,23.6
2015-07-31,99.0,92.25,79.0,5.043,5.783,0.739,0.609,31.565,30.9,27.133,24.0
2015-08-01,99.0,95.167,85.0,5.375,5.708,0.333,1.042,43.375,31.7,27.4,25.0
2015-08-02,99.0,96.208,87.0,4.583,5.0,0.417,0.625,41.333,30.3,27.021,24.9
2015-08-03,99.0,95.0,84.0,5.583,7.042,1.458,0.833,33.208,30.9,27.158,24.7
2015-08-04,98.0,93.25,82.0,5.625,7.208,1.583,1.042,23.458,30.9,27.467,25.3
2015-08-05,98.0,93.792,83.0,4.167,6.458,2.292,0.458,16.125,30.9,27.458,25.4
2015-08-06,98.0,90.583,77.0,2.875,3.958,1.083,0.0,19.0,31.3,27.596,25.0
2015-08-07,98.0,90.042,73.0,7.957,9.13,1.174,1.565,37.375,31.8,27.783,24.8
2015-08-08,98.0,96.167,90.0,4.542,5.125,0.583,0.417,29.042,27.3,24.896,23.7
2015-08-09,98.0,95.667,87.0,3.792,4.375,0.583,0.208,23.292,28.6,25.654,23.6
2015-08-10,99.0,97.292,95.0,4.167,5.5,1.333,0.125,23.917,28.9,26.692,24.8
2015-08-11,99.0,97.667,94.0,3.083,4.583,1.5,0.042,21.167,29.2,26.829,25.3
2015-08-12,99.0,96.042,88.0,4.083,5.292,1.208,0.25,16.0,29.1,26.667,25.1
2015-08-13,98.0,94.667,79.0,3.875,4.0,0.125,0.708,30.125,29.5,27.142,25.7
2015-08-14,98.0,97.125,90.0,2.957,3.391,0.435,0.0,19.833,29.5,25.992,23.6
2015-08-15,98.0,93.333,82.0,2.75,3.042,0.292,0.125,9.667,28.8,26.083,23.6
2015-08-16,98.0,96.75,89.0,4.833,5.375,0.542,0.375,12.917,28.4,26.017,24.8
2015-08-17,98.0,97.792,96.0,4.083,4.625,0.542,0.083,16.333,26.8,25.475,24.4
2015-08-18,98.0,95.75,89.0,1.625,2.125,0.5,0.0,21.792,29.8,27.242,25.8
2015-08-19,98.0,90.167,74.0,6.208,7.083,0.875,0.458,12.208,27.8,26.171,24.7
2015-08-20,98.0,97.917,97.0,4.75,4.875,0.125,0.083,19.958,25.8,25.179,24.3
2015-08-21,98.0,97.708,96.0,4.087,4.565,0.478,0.13,50.042,27.5,25.754,23.9
2015-08-22,98.0,93.0,84.0,2.208,2.917,0.708,0.042,97.625,30.6,27.612,25.4
2015-08-23,98.0,97.958,97.0,1.917,1.958,0.042,0.0,33.833,25.6,24.462,23.2
2015-08-24,98.0,92.75,87.0,1.25,1.708,0.458,0.0,17.917,24.4,22.892,21.6
2015-08-25,97.0,84.75,77.0,2.042,2.583,0.542,0.0,11.333,23.7,22.029,20.5
2015-08-26,99.0,96.417,86.0,4.625,4.792,0.167,0.0,36.375,25.8,23.175,21.6
2015-08-27,98.0,98.0,98.0,3.083,3.417,0.333,0.125,18.87,23.1,22.146,21.5
2015-08-28,99.0,98.75,98.0,2.391,2.826,0.435,0.0,22.0,21.8,21.083,20.6
2015-08-29,99.0,98.417,98.0,2.25,2.667,0.417,0.0,23.75,23.3,21.817,20.8
2015-08-30,99.0,98.333,98.0,2.542,2.625,0.083,0.0,17.75,22.5,21.667,21.1
2015-08-31,99.0,98.083,97.0,4.458,4.958,0.5,0.208,11.042,25.0,22.654,21.6
2015-09-01,99.0,97.125,93.0,8.042,9.542,1.5,0.333,12.333,26.4,24.379,21.8
2015-09-02,98.0,97.417,93.0,1.917,2.25,0.333,0.0,32.542,28.7,25.979,24.3
2015-09-03,98.0,95.292,86.0,7.042,9.458,2.417,0.958,25.708,29.6,25.462,23.2
2015-09-04,98.0,93.208,79.0,2.739,2.826,0.087,0.043,19.292,29.0,25.438,22.8
2015-09-05,98.0,93.792,88.0,5.833,6.125,0.292,0.5,16.042,26.7,24.254,22.9
2015-09-06,98.0,96.167,76.0,3.333,3.417,0.083,0.458,19.542,28.4,24.392,22.1
2015-09-07,99.0,97.917,93.0,4.125,4.375,0.25,0.208,22.292,26.6,23.121,21.0
2015-09-08,99.0,98.833,98.0,2.583,2.708,0.125,0.0,22.75,23.1,22.033,21.4
2015-09-09,99.0,95.0,90.0,1.5,1.5,0.0,0.0,36.292,27.7,25.667,23.1
2015-09-10,99.0,97.125,93.0,2.455,2.727,0.273,0.0,30.125,28.2,24.371,22.2
2015-09-11,99.0,97.833,94.0,5.522,6.304,0.783,0.261,17.833,23.8,21.85,20.5
2015-09-12,99.0,93.333,87.0,3.833,4.542,0.708,0.292,19.792,27.4,24.121,19.7
2015-09-13,97.0,90.125,80.0,1.167,1.167,0.0,0.333,20.083,28.3,25.45,23.9
2015-09-14,98.0,90.625,82.0,3.333,3.708,0.375,0.083,10.625,24.6,22.742,21.3
2015-09-15,94.0,86.542,78.0,2.625,3.0,0.375,0.0,8.458,25.2,22.383,21.2
2015-09-16,97.0,83.0,72.0,3.625,4.083,0.458,0.0,7.75,24.5,21.867,19.5
2015-09-17,99.0,97.417,89.0,3.458,3.583,0.125,0.0,19.083,24.1,21.288,18.8
2015-09-18,99.0,98.917,98.0,5.783,6.0,0.217,0.0,14.375,23.4,21.729,19.4
2015-09-19,99.0,97.0,91.0,6.333,7.0,0.667,0.25,13.667,24.9,22.938,21.3
2015-09-20,98.0,91.333,78.0,3.458,3.833,0.375,0.208,10.833,24.5,22.321,20.4
2015-09-21,98.0,94.208,87.0,2.917,3.292,0.375,0.167,11.792,24.2,21.971,20.5
2015-09-22,99.0,86.917,71.0,4.083,4.667,0.583,0.417,12.833,24.7,21.496,18.3
2015-09-23,98.0,90.375,76.0,5.0,5.292,0.292,0.542,14.75,25.0,21.2,17.6
2015-09-24,98.0,87.333,73.0,4.333,4.75,0.417,0.0,14.208,23.8,22.254,20.0
2015-09-25,99.0,91.625,78.0,3.043,3.522,0.478,0.0,13.478,23.1,21.412,19.9
2015-09-26,99.0,98.292,98.0,3.125,3.417,0.292,0.0,15.125,22.5,21.358,19.8
2015-09-27,99.0,98.708,98.0,4.625,5.083,0.458,0.0,12.375,21.9,20.879,19.1
2015-09-28,99.0,93.667,79.0,4.583,5.583,1.0,0.333,17.958,26.3,22.667,19.2
2015-09-29,98.0,76.542,60.0,6.375,6.958,0.583,0.667,11.5,24.2,21.433,19.3
2015-09-30,83.0,63.125,50.0,4.042,4.458,0.417,0.542,5.792,22.5,20.179,15.9
2015-10-01,98.0,86.583,70.0,2.208,2.25,0.042,0.167,22.0,25.0,22.108,18.5
2015-10-02,98.0,88.833,74.0,4.304,4.913,0.609,0.087,28.042,25.6,23.433,21.5
2015-10-03,98.0,87.708,69.0,7.167,7.625,0.458,0.75,21.792,25.5,22.271,19.0
2015-10-04,98.0,80.25,63.0,3.25,3.292,0.042,0.417,13.75,24.9,21.354,18.9
2015-10-05,76.0,67.792,62.0,3.208,3.625,0.417,0.083,7.125,19.9,18.829,18.1
2015-10-06,77.0,71.083,57.0,2.375,2.75,0.375,0.125,7.208,21.2,18.908,17.8
2015-10-07,93.0,77.708,67.0,1.958,2.125,0.167,0.25,13.75,18.3,17.117,15.6
2015-10-08,81.0,55.333,36.0,4.167,4.458,0.292,0.125,10.042,24.7,18.525,12.3
2015-10-09,96.0,67.792,43.0,4.522,4.87,0.348,0.783,22.042,25.2,19.854,12.3
2015-10-10,98.0,95.083,86.0,7.542,7.917,0.375,0.5,46.5,22.0,19.15,15.7
2015-10-11,98.0,92.5,81.0,1.292,1.292,0.0,0.042,12.042,21.6,20.533,19.0
2015-10-12,98.0,88.708,71.0,6.208,6.417,0.208,0.833,23.958,23.6,19.708,15.6
2015-10-13,98.0,84.042,54.0,8.917,9.75,0.833,0.667,17.583,23.8,19.304,13.9
2015-10-14,90.0,77.778,67.0,5.889,6.667,0.778,0.778,5.778,19.7,18.144,15.4
