date,CH4_mean,CO_mean,NMHC_mean,NO2_mean,NOX_mean,NO_mean,THC_mean
2015-01-01,200.542,1.792,5.208,7.042,8.458,1.417,205.75
2015-01-02,204.292,3.167,7.125,9.75,11.083,1.333,211.417
2015-01-03,202.565,3.75,6.304,13.458,15.375,1.917,208.87
2015-01-04,199.958,3.083,9.75,15.875,19.708,3.833,209.708
2015-01-05,198.792,2.125,3.708,8.583,11.458,2.875,202.5
2015-01-06,198.958,2.792,3.25,9.091,11.727,2.636,202.208
2015-01-07,199.083,3.261,5.458,11.0,14.25,3.25,204.542
2015-01-08,198.292,3.958,4.75,9.0,12.125,3.125,203.042
2015-01-09,198.708,4.25,4.792,12.167,15.0,2.833,203.5
2015-01-10,198.708,4.458,4.042,9.625,11.0,1.375,202.75
2015-01-11,198.087,4.458,2.348,10.875,13.542,2.667,200.435
2015-01-12,197.333,4.542,4.083,13.042,18.375,5.333,201.417
2015-01-13,197.625,6.0,9.125,25.708,38.458,12.75,206.75
2015-01-14,197.583,5.042,5.708,15.636,20.5,4.864,203.292
2015-01-15,197.75,4.292,4.667,18.292,25.083,6.792,202.417
2015-01-16,197.333,1.625,3.125,13.708,18.167,4.458,200.458
2015-01-17,198.208,2.25,5.458,20.167,30.167,10.0,203.667
2015-01-18,196.708,1.625,4.25,11.333,16.208,4.875,200.958
2015-01-19,195.87,3.333,9.913,22.208,36.208,14.0,205.783
2015-01-20,197.2,4.136,8.95,28.056,38.111,10.056,206.15
2015-01-21,197.75,5.792,1.375,20.091,26.227,6.136,199.125
2015-01-22,198.417,5.583,0.042,16.958,24.042,7.083,198.458
2015-01-23,198.458,4.417,0.458,20.667,26.208,5.542,198.917
2015-01-24,198.875,6.042,2.75,27.0,35.333,8.333,201.625
2015-01-25,198.333,5.917,0.167,19.125,26.042,6.917,198.5
2015-01-26,199.25,5.958,3.125,29.875,42.208,12.333,202.375
2015-01-27,195.913,4.583,0.261,18.583,23.625,5.042,196.174
2015-01-28,197.375,5.042,0.0,15.667,18.958,3.292,197.375
2015-01-29,199.583,6.083,0.25,15.409,18.455,3.045,199.833
2015-01-30,199.25,6.083,0.0,14.708,18.0,3.292,199.25
2015-01-31,197.0,6.0,0.0,6.833,8.208,1.375,197.0
2015-02-01,196.81,5.5,5.81,13.125,17.125,4.0,202.619
2015-02-02,194.667,2.75,14.042,14.375,19.042,4.667,208.708
2015-02-03,195.0,2.542,15.25,17.917,23.208,5.292,210.25
2015-02-04,214.565,2.625,18.0,20.417,25.167,4.75,232.565
2015-02-05,215.333,2.5,9.048,10.125,12.375,2.25,224.381
2015-02-06,214.739,3.083,4.957,10.227,12.364,2.136,219.696
2015-02-07,215.542,3.0,4.208,9.083,11.958,2.875,219.75
2015-02-08,215.375,4.917,11.458,22.25,33.75,11.5,226.833
2015-02-09,218.417,5.083,12.417,20.5,30.167,9.667,230.833
2015-02-10,216.348,4.208,3.739,10.0,12.5,2.5,220.087
2015-02-11,218.542,4.292,4.0,16.083,20.625,4.542,222.542
2015-02-12,218.833,8.167,15.667,30.083,50.625,20.542,234.5
2015-02-13,214.583,8.708,23.292,31.0,53.792,22.792,237.875
2015-02-14,208.391,6.583,11.13,9.545,18.864,9.318,219.522
2015-02-15,209.5,5.542,0.083,4.625,6.792,2.167,209.583
2015-02-16,211.0,6.375,0.333,8.458,11.792,3.333,211.333
2015-02-17,211.619,4.35,2.143,8.417,11.833,3.417,213.762
2015-02-18,210.75,2.375,5.875,14.583,20.125,5.542,216.625
2015-02-19,209.292,2.375,5.583,13.125,16.625,3.5,214.875
2015-02-20,209.958,2.958,4.417,12.958,17.417,4.458,214.375
2015-02-21,207.292,1.875,1.5,2.583,3.167,0.583,208.792
2015-02-22,212.0,1.5,4.609,14.091,18.136,4.045,216.609
2015-02-23,211.5,1.583,9.292,18.625,22.25,3.625,220.792
2015-02-24,209.167,1.0,4.917,10.417,14.25,3.833,214.083
2015-02-25,206.826,1.292,4.957,13.042,16.958,3.917,211.783
2015-02-26,208.227,2.818,6.0,15.083,19.208,4.125,214.227
2015-02-27,210.375,3.375,6.25,9.792,11.75,1.958,216.625
2015-02-28,211.083,2.708,5.0,11.042,12.667,1.625,216.083
2015-03-01,205.045,2.522,3.955,5.917,7.667,1.75,209.0
2015-03-02,207.417,3.75,5.25,13.542,17.75,4.208,212.667
2015-03-03,211.042,4.833,9.875,21.417,28.583,7.167,220.917
2015-03-04,210.792,4.458,6.667,18.292,24.583,6.292,217.458
2015-03-05,212.625,4.417,6.875,18.458,24.792,6.333,219.5
2015-03-06,210.958,3.375,13.25,23.875,31.292,7.417,224.208
2015-03-07,207.083,1.5,3.542,10.333,12.417,2.083,210.625
2015-03-08,204.783,2.0,4.13,12.091,17.318,5.227,208.913
2015-03-09,206.333,1.5,0.125,8.708,10.375,1.667,206.458
2015-03-10,207.708,2.25,0.958,12.792,15.333,2.542,208.667
2015-03-11,206.25,3.167,2.15,9.667,11.792,2.125,208.4
2015-03-12,205.208,2.625,0.167,10.333,12.542,2.208,205.375
2015-03-13,206.542,2.833,1.125,14.167,16.375,2.208,207.667
2015-03-14,205.875,3.792,5.917,24.583,31.583,7.0,211.792
2015-03-15,204.167,3.458,0.542,9.25,10.292,1.042,204.708
2015-03-16,214.13,4.625,0.0,8.091,9.591,1.5,214.13
2015-03-17,214.458,6.625,0.083,10.792,11.708,0.917,214.542
2015-03-18,214.727,6.727,6.545,17.958,21.083,3.125,221.273
2015-03-19,211.208,3.208,10.292,14.958,18.5,3.542,221.5
2015-03-20,213.833,1.083,1.917,3.917,4.042,0.125,215.75
2015-03-21,215.875,1.667,1.083,7.0,8.083,1.083,216.958
2015-03-22,215.5,2.917,4.167,16.125,18.583,2.458,219.667
2015-03-23,214.042,2.5,2.333,9.958,11.75,1.792,216.375
2015-03-24,194.739,2.958,1.435,12.636,16.045,3.409,196.174
2015-03-25,195.125,2.833,1.75,11.917,14.708,2.792,196.875
2015-03-26,194.75,2.625,0.75,8.5,10.042,1.542,195.5
2015-03-27,194.958,3.083,1.625,8.0,9.292,1.292,196.583
2015-03-28,195.304,2.826,5.522,11.583,13.667,2.083,200.826
2015-03-29,196.208,2.083,16.125,15.5,18.0,2.5,212.333
2015-03-30,196.792,2.625,18.25,18.125,21.708,3.583,215.042
2015-03-31,196.583,2.125,11.625,11.583,13.542,1.958,208.208
2015-12-25,,1.25,,9.5,11.0,1.5,
2015-12-26,199.13,1.625,13.565,9.792,12.167,2.375,212.696
2015-12-27,199.833,1.042,6.25,5.333,6.333,1.0,206.083
2015-12-28,199.458,1.333,6.375,9.75,13.208,3.458,205.833
2015-12-29,199.913,1.818,5.913,11.368,14.895,3.526,205.826
2015-12-30,200.25,3.042,7.333,15.333,20.667,5.333,207.583
2015-12-31,200.833,3.042,6.458,12.625,15.458,2.833,207.292
2016-01-01,208.833,2.667,0.125,8.125,8.917,0.792,208.958
2016-01-02,209.125,2.625,1.375,10.083,10.875,0.792,210.5
2016-01-03,209.583,3.333,1.417,11.375,12.708,1.333,211.0
2016-01-04,207.273,5.05,7.591,17.318,21.227,3.909,214.864
2016-01-05,217.043,1.0,8.957,7.833,9.542,1.708,226.0
2016-01-06,218.333,3.25,10.333,14.125,18.625,4.5,228.667
2016-01-07,216.375,2.958,9.542,10.458,12.0,1.542,225.917
2016-01-08,216.958,1.958,9.0,9.75,10.833,1.083,225.958
2016-01-09,217.375,3.208,15.958,19.833,24.833,5.0,233.333
2016-01-10,216.333,0.958,9.167,12.583,15.25,2.667,225.5
2016-01-11,215.875,1.292,7.25,11.875,19.042,7.167,223.125
2016-01-12,214.5,1.667,8.682,7.545,9.5,1.955,223.182
2016-01-13,213.043,1.5,13.652,19.458,26.0,6.542,226.696
2016-01-14,213.75,3.25,13.208,22.875,30.5,7.625,226.958
2016-01-15,213.5,1.083,11.75,16.833,20.875,4.042,225.25
2016-01-16,212.167,1.958,12.583,20.75,32.208,11.458,224.75
2016-01-17,213.25,2.375,10.292,17.917,24.875,6.958,223.542
2016-01-18,213.667,4.917,14.417,24.083,32.417,8.333,228.083
2016-01-19,212.208,3.208,11.417,17.167,21.083,3.917,223.625
2016-01-20,213.524,2.95,16.19,17.533,24.4,6.867,229.714
2016-01-21,210.391,2.75,14.522,19.455,25.364,5.909,224.913
2016-01-22,212.125,1.417,14.25,22.958,29.5,6.542,226.375
2016-01-23,209.458,0.958,8.458,11.333,13.958,2.625,217.917
2016-01-24,211.0,2.042,9.25,19.917,25.75,5.833,220.25
2016-01-25,213.042,3.75,9.583,24.333,31.917,7.583,222.625
2016-01-26,212.292,3.25,13.208,30.75,44.875,14.125,225.5
2016-01-27,208.667,,9.5,10.083,12.833,2.75,218.167
2016-01-28,211.167,,5.875,7.917,9.875,1.958,217.042
2016-01-29,210.913,,10.217,12.0,14.818,2.818,221.13
2016-01-30,209.042,,9.917,9.75,11.292,1.542,218.958
2016-01-31,208.375,,9.333,13.625,18.333,4.708,217.708
2016-02-01,208.125,,10.125,13.292,17.167,3.875,218.25
2016-02-02,209.409,,8.318,7.727,10.273,2.545,217.727
2016-02-03,208.826,,9.478,12.727,16.545,3.818,218.304
2016-02-04,206.5,,10.125,13.25,15.583,2.333,216.625
2016-02-05,207.542,,14.25,19.875,23.125,3.25,221.792
2016-02-06,204.5,,12.125,11.375,13.333,1.958,216.625
2016-02-07,205.958,,9.042,11.125,13.625,2.5,215.0
2016-02-08,207.667,,9.542,14.625,19.083,4.458,217.208
2016-02-09,207.083,,14.375,17.875,26.0,8.125,221.458
2016-02-10,205.25,,12.167,10.292,12.542,2.25,217.417
2016-02-11,206.348,,10.783,13.591,16.591,3.0,217.13
2016-02-12,206.25,,9.25,8.125,9.25,1.125,215.5
2016-02-13,206.958,,9.25,10.833,13.208,2.375,216.208
2016-02-14,207.625,,8.917,13.0,15.875,2.875,216.542
2016-02-15,207.708,,7.917,12.083,14.833,2.75,215.625
2016-02-16,204.8,,7.4,9.958,11.917,1.958,212.2
2016-02-17,196.478,,6.0,11.042,12.458,1.417,202.478
2016-02-18,199.5,,3.042,6.458,7.792,1.333,202.542
2016-02-19,199.458,,4.083,11.318,13.455,2.136,203.542
2016-02-20,200.625,,12.292,26.75,38.042,11.292,212.917
2016-02-21,197.917,,3.542,12.042,15.125,3.083,201.458
2016-02-22,199.958,,3.0,15.25,19.958,4.708,202.958
2016-02-23,199.458,,8.917,23.083,32.125,9.042,208.375
2016-02-24,201.375,,0.375,8.875,11.333,2.458,201.75
2016-02-25,198.087,,1.565,21.167,39.667,18.5,199.652
2016-02-26,198.792,,0.25,9.5,11.167,1.667,199.042
2016-02-27,198.708,,1.333,18.864,30.864,12.0,200.042
2016-02-28,200.292,,21.708,22.75,28.583,5.833,222.0
2016-03-01,200.136,,13.409,26.208,35.375,9.167,213.545
2016-03-02,198.5,,20.083,28.375,38.5,10.125,218.583
2016-03-03,195.917,,10.5,9.708,11.0,1.292,206.417
2016-03-04,196.583,,10.417,10.042,12.042,2.0,207.0
2016-03-05,200.304,,9.522,7.542,8.167,0.625,209.826
2016-03-06,198.125,,10.792,11.833,13.75,1.917,208.917
2016-03-07,196.917,,11.25,14.636,18.591,3.955,208.167
2016-03-08,196.25,,12.792,16.5,22.208,5.708,209.042
2016-03-09,196.125,,13.292,15.292,22.583,7.292,209.417
2016-03-10,198.458,,12.25,15.792,21.0,5.208,210.708
2016-03-11,199.25,,13.0,21.958,27.208,5.25,212.25
2016-03-12,201.5,,15.167,21.542,28.542,7.0,216.667
2016-03-13,200.826,,16.478,23.083,32.667,9.583,217.304
2016-03-14,198.391,,16.957,19.292,29.708,10.417,215.348
2016-03-15,197.042,,8.583,10.955,13.864,2.909,205.625
2016-03-16,198.292,,12.417,16.958,21.333,4.375,210.708
2016-03-17,196.87,,11.087,14.375,18.208,3.833,207.957
2016-03-18,198.208,,13.5,16.458,19.75,3.292,211.708
2016-03-19,197.792,,12.5,11.042,13.542,2.5,210.292
2016-03-20,197.542,,13.042,8.833,10.375,1.542,210.583
2016-03-21,198.739,,16.87,21.083,25.333,4.25,215.609
2016-03-22,195.042,,8.458,8.125,9.333,1.208,203.5
2016-03-23,196.583,,9.083,10.091,11.864,1.773,205.667
2016-03-24,195.708,,10.042,13.042,16.083,3.042,205.75
2016-03-25,195.333,,8.833,9.833,11.583,1.75,204.167
2016-03-26,197.083,,9.042,9.542,10.583,1.042,206.125
2016-03-27,194.826,,9.087,8.75,10.292,1.542,203.913
2016-03-28,196.375,,12.75,18.292,21.292,3.0,209.125
2016-03-29,197.609,,10.696,12.833,14.208,1.375,208.304
2016-03-30,196.958,,9.583,12.125,13.542,1.417,206.542
2016-03-31,197.0,,9.333,11.727,13.364,1.636,206.333
2016-04-01,195.739,1.5,9.435,10.0,12.227,2.227,205.174
2016-04-02,193.375,1.0,9.083,6.25,7.208,0.958,202.458
2016-04-03,193.625,1.0,7.542,7.708,8.458,0.75,201.167
2016-04-04,192.75,1.167,6.25,7.5,9.208,1.708,199.0
2016-04-05,193.583,1.0,4.375,7.458,9.0,1.542,197.958
2016-04-06,195.783,2.136,7.609,8.708,10.125,1.417,203.391
2016-04-07,196.125,3.5,15.292,18.458,23.625,5.167,211.417
2016-04-08,192.708,2.792,8.333,9.625,10.75,1.125,201.042
2016-04-09,194.957,2.958,6.0,7.591,8.909,1.318,200.957
2016-04-10,197.375,2.708,3.5,7.875,8.75,0.875,200.875
2016-04-11,197.792,2.875,3.167,10.833,13.208,2.375,200.958
2016-04-12,198.833,3.333,3.292,10.333,12.125,1.792,202.125
2016-04-13,196.625,3.167,4.833,14.542,16.958,2.417,201.458
2016-04-14,194.333,2.917,2.75,11.333,12.875,1.542,197.083
2016-04-15,195.5,3.167,0.042,3.75,4.542,0.792,195.542
2016-04-16,199.125,5.292,2.792,8.875,9.583,0.708,201.917
2016-04-17,194.261,5.0,0.826,7.636,8.5,0.864,195.087
2016-04-18,194.75,5.0,0.0,6.375,7.167,0.792,194.75
2016-04-19,196.333,3.167,0.0,5.792,6.667,0.875,196.333
2016-04-20,195.542,1.458,0.0,6.792,7.708,0.917,195.542
2016-04-21,195.542,1.417,0.125,12.75,13.875,1.125,195.667
2016-04-22,194.045,1.5,6.273,8.875,9.792,0.917,200.318
2016-04-23,193.125,1.583,14.208,9.583,11.292,1.708,207.333
2016-04-24,192.833,0.958,11.25,4.5,4.875,0.375,204.083
2016-04-25,195.435,1.0,11.696,9.091,10.591,1.5,207.13
2016-04-26,194.667,1.042,12.125,8.583,10.208,1.625,206.792
2016-04-27,194.333,1.0,9.833,6.125,7.5,1.375,204.167
2016-04-28,193.708,1.125,14.167,9.125,10.958,1.833,207.875
2016-04-29,191.417,1.0,8.75,3.792,4.542,0.75,200.167
2016-04-30,192.917,1.208,6.667,3.958,4.75,0.792,199.583
2016-05-01,194.0,1.375,8.833,8.792,10.25,1.458,202.833
2016-05-02,193.917,1.783,8.125,8.0,9.292,1.292,202.042
2016-05-03,196.174,3.208,8.174,10.364,11.455,1.091,204.348
2016-05-04,192.917,3.208,10.667,9.708,10.292,0.583,203.583
2016-05-05,193.25,2.583,6.708,2.625,2.75,0.125,199.958
2016-05-06,194.625,2.917,8.458,11.333,13.958,2.625,203.083
2016-05-07,193.708,2.792,7.292,6.833,7.333,0.5,201.0
2016-05-08,195.292,3.208,4.958,3.708,3.708,0.0,200.25
2016-05-09,197.0,3.75,6.875,14.292,15.583,1.292,203.875
2016-05-10,194.875,2.792,4.292,5.0,5.208,0.208,199.167
2016-05-11,193.286,3.318,6.952,5.952,6.762,0.81,200.238
2016-05-12,192.875,3.708,5.75,6.417,7.833,1.417,198.625
2016-05-13,193.917,3.667,7.75,9.542,12.042,2.5,201.667
2016-05-14,195.458,4.0,6.583,6.333,7.583,1.25,202.042
2016-05-15,197.0,4.542,4.5,8.75,9.958,1.208,201.5
2016-05-16,194.875,4.708,3.792,9.875,11.583,1.708,198.667
2016-05-17,196.375,5.375,5.125,12.5,14.042,1.542,201.5
2016-05-18,197.458,4.348,7.5,13.708,15.167,1.458,204.958
2016-05-19,195.174,2.0,4.13,6.0,6.909,0.909,199.304
2016-05-20,193.667,1.833,2.75,4.0,5.458,1.458,196.417
2016-05-21,191.917,1.25,1.542,3.458,5.708,2.25,193.458
2016-05-22,192.458,1.708,3.458,4.458,5.083,0.625,195.917
2016-05-23,193.789,2.4,7.526,10.118,10.529,0.412,201.316
2016-05-24,193.5,1.292,4.917,13.167,13.833,0.667,198.417
2016-05-25,188.435,1.042,10.565,10.773,13.091,2.318,199.0
2016-05-26,188.125,1.375,17.833,8.25,8.625,0.375,205.958
2016-05-27,197.609,1.5,18.043,9.708,10.25,0.542,215.652
2016-05-28,199.083,1.625,16.708,9.583,10.083,0.5,215.792
2016-05-29,196.75,1.167,14.0,8.875,9.167,0.292,210.75
2016-05-30,195.333,1.0,14.458,8.708,9.125,0.417,209.792
2016-05-31,195.042,1.75,14.958,10.208,10.75,0.542,210.0
2016-06-01,195.318,1.773,12.727,9.0,10.0,1.0,208.045
2016-06-02,196.458,1.208,7.5,6.318,6.818,0.5,203.958
2016-06-03,197.958,1.292,9.708,14.417,15.875,1.458,207.667
2016-06-04,194.957,1.792,14.217,25.208,26.5,1.292,209.174
2016-06-05,190.375,1.042,8.583,14.875,15.458,0.583,198.958
2016-06-06,191.375,1.417,9.125,18.208,20.583,2.375,200.5
2016-06-07,192.5,2.0,10.75,21.125,25.292,4.167,203.25
2016-06-08,193.667,2.75,12.167,25.958,27.958,2.0,205.833
2016-06-09,191.125,3.208,13.0,32.125,34.583,2.458,204.125
2016-06-10,190.167,3.0,8.458,1.045,1.727,0.682,198.625
2016-06-11,191.667,3.083,5.458,0.125,0.667,0.542,197.125
2016-06-12,195.652,2.833,3.13,0.0,0.0,0.0,198.783
2016-06-13,195.708,3.167,5.333,4.5,6.792,2.292,201.042
2016-06-14,193.333,3.042,6.875,6.667,7.125,0.458,200.208
2016-06-15,194.292,2.958,5.75,3.208,4.083,0.875,200.042
2016-06-16,192.958,3.292,7.333,6.792,8.833,2.042,200.292
2016-06-17,189.667,3.5,7.083,6.583,8.5,1.917,196.75
2016-06-18,193.667,3.375,0.5,3.864,4.545,0.682,194.167
2016-06-19,195.333,3.292,1.25,3.333,4.167,0.833,196.583
2016-06-20,196.238,4.045,4.714,14.545,16.318,1.773,200.952
2016-06-21,193.042,4.792,11.042,4.227,4.591,0.364,204.083
2016-06-22,189.292,4.083,9.917,1.417,2.0,0.583,199.208
2016-06-23,189.292,4.333,8.792,1.625,1.917,0.292,198.083
2016-06-24,189.75,4.833,10.5,11.125,12.208,1.083,200.25
2016-06-25,189.292,5.792,11.292,7.792,8.375,0.583,200.583
2016-06-26,188.375,6.583,4.625,0.0,0.125,0.125,193.0
2016-06-27,189.913,4.682,5.391,3.0,3.773,0.773,195.304
2016-06-28,194.783,1.833,8.348,9.167,11.625,2.458,203.13
2016-06-29,194.042,1.958,7.625,7.364,8.955,1.591,201.667
2016-06-30,196.458,,5.208,9.875,11.417,1.542,201.667
2016-07-01,200.875,,2.792,11.208,12.667,1.458,203.667
2016-07-02,199.375,,4.875,8.458,10.042,1.583,204.25
2016-07-03,197.125,,0.708,1.792,1.792,0.0,197.833
2016-07-04,192.417,,1.625,3.375,4.167,0.792,194.042
2016-07-05,195.667,0.958,2.875,3.333,3.958,0.625,198.542
2016-07-06,192.087,0.958,1.652,6.458,8.417,1.958,193.739
2016-07-07,190.375,1.0,0.333,3.273,4.091,0.818,190.708
2016-07-08,193.542,1.125,1.708,5.583,6.75,1.167,195.25
2016-07-09,192.167,1.542,1.333,7.25,9.125,1.875,193.5
2016-07-10,190.458,1.0,0.333,3.0,3.25,0.25,190.792
2016-07-11,191.087,0.957,7.043,4.083,5.625,1.542,198.13
2016-07-12,189.958,1.0,15.458,5.292,7.042,1.75,205.417
2016-07-13,189.833,1.292,17.625,6.0,7.792,1.792,207.458
2016-07-14,195.522,1.125,17.826,4.875,5.542,0.667,213.348
2016-07-15,193.125,0.958,19.25,4.182,5.273,1.091,212.375
2016-07-16,196.708,1.0,16.542,5.917,8.75,2.833,213.25
2016-07-17,195.583,1.0,15.542,7.083,9.125,2.042,211.125
2016-07-18,193.458,1.0,16.917,6.125,7.417,1.292,210.375
2016-07-19,195.958,1.0,16.333,5.042,6.833,1.792,212.292
2016-07-20,198.696,0.909,12.696,3.167,4.042,0.875,211.391
2016-07-21,192.174,0.0,14.565,4.917,6.417,1.5,206.739
2016-07-22,190.625,0.0,15.25,4.625,6.792,2.167,205.875
2016-07-23,189.875,0.0,14.583,3.227,4.318,1.091,204.458
2016-07-24,189.75,0.0,14.083,2.375,3.125,0.75,203.833
2016-07-25,189.583,0.0,15.375,3.5,4.875,1.375,204.958
2016-07-26,186.5,0.0,15.333,4.583,5.833,1.25,201.833
2016-07-27,191.957,0.773,13.913,7.792,10.333,2.542,205.87
2016-07-28,189.833,2.375,21.0,11.417,17.917,6.5,210.833
2016-07-29,198.957,1.625,21.435,10.667,15.25,4.583,220.391
2016-07-30,198.625,1.625,18.75,11.125,13.542,2.417,217.375
2016-07-31,198.708,1.333,16.542,6.0,7.682,1.682,215.25
2016-08-01,190.583,1.952,14.833,4.136,6.273,2.136,205.417
2016-08-02,187.792,2.667,14.958,8.909,20.864,11.955,202.75
2016-08-03,196.667,3.083,14.375,6.792,9.333,2.542,211.042
2016-08-04,197.565,4.5,16.565,7.0,9.75,2.75,214.13
2016-08-05,203.125,6.083,17.75,8.708,12.042,3.333,220.875
2016-08-06,196.13,5.292,14.13,7.208,8.583,1.375,210.261
2016-08-07,194.625,3.375,13.458,9.208,12.125,2.917,208.083
2016-08-08,187.667,1.875,13.208,6.542,7.792,1.25,200.875
2016-08-09,182.0,1.75,10.958,3.333,4.792,1.458,192.958
2016-08-10,193.042,2.75,9.917,5.909,8.273,2.364,202.958
2016-08-11,190.875,2.167,11.042,5.208,6.792,1.583,201.917
2016-08-12,193.083,2.417,13.042,6.792,8.792,2.0,206.125
2016-08-13,191.333,2.667,11.333,4.375,5.417,1.042,202.667
2016-08-14,198.13,2.792,10.826,4.375,4.958,0.583,208.957
2016-08-15,193.167,3.333,11.25,5.5,6.833,1.333,204.417
2016-08-16,193.417,3.667,10.958,5.917,7.083,1.167,204.375
2016-08-17,195.708,3.0,10.792,7.25,9.667,2.417,206.5
2016-08-18,190.583,2.625,11.25,6.0,6.909,0.909,201.833
2016-08-19,190.958,2.333,8.667,5.042,6.333,1.292,199.625
2016-08-20,188.167,2.25,7.667,5.708,8.125,2.417,195.833
2016-08-21,191.917,2.333,4.333,2.0,2.75,0.75,196.25
2016-08-22,187.826,3.167,6.348,6.292,9.875,3.583,194.174
2016-08-23,189.333,3.625,8.375,7.375,10.792,3.417,197.708
2016-08-24,199.375,4.042,5.875,6.75,8.458,1.708,205.25
2016-08-25,198.292,4.208,7.208,9.083,10.542,1.458,205.5
2016-08-26,190.167,4.0,11.917,14.591,21.182,6.591,202.083
2016-08-27,192.0,1.542,6.0,5.667,7.333,1.667,198.0
2016-08-28,195.042,0.0,4.0,6.25,6.458,0.208,199.042
2016-08-29,184.045,1.81,6.364,1.773,2.364,0.591,190.409
2016-08-30,195.304,4.417,6.609,1.417,2.375,0.958,201.913
2016-08-31,203.458,5.25,9.292,7.958,9.625,1.667,212.75
2016-09-01,198.958,3.455,10.833,9.958,11.833,1.875,209.792
2016-09-02,206.292,1.125,7.375,7.25,9.542,2.292,213.667
2016-09-03,210.875,1.083,6.542,5.909,7.545,1.636,217.417
2016-09-04,206.542,0.875,5.0,3.875,5.5,1.625,211.542
2016-09-05,195.917,0.25,6.958,4.875,6.875,2.0,202.875
2016-09-06,203.25,0.667,6.75,8.375,15.042,6.667,210.0
2016-09-07,196.333,1.773,6.19,8.583,13.5,4.917,202.524
2016-09-08,195.208,1.0,4.292,4.375,5.583,1.208,199.5
2016-09-09,193.167,1.0,3.583,5.25,6.833,1.583,196.75
2016-09-10,192.292,1.0,4.375,7.208,11.0,3.792,196.667
2016-09-11,194.167,1.0,4.833,8.091,9.045,0.955,199.0
2016-09-12,195.833,1.0,7.542,12.333,14.583,2.25,203.375
2016-09-13,196.375,1.0,7.542,11.167,13.667,2.5,203.917
2016-09-14,195.792,1.0,7.125,12.542,14.708,2.167,202.917
2016-09-15,194.391,1.042,7.957,13.375,15.667,2.292,202.348
2016-09-16,193.542,1.375,9.25,13.083,15.875,2.792,202.792
2016-09-17,188.083,2.125,11.083,15.167,18.833,3.667,199.167
2016-09-18,187.583,1.333,6.542,8.375,9.167,0.792,194.125
2016-09-19,190.792,1.542,5.625,6.591,9.091,2.5,196.417
2016-09-20,194.208,1.75,7.208,11.542,14.167,2.625,201.417
2016-09-21,193.542,1.417,9.167,10.042,12.542,2.5,202.708
2016-09-22,191.167,1.25,9.625,17.125,20.5,3.375,200.792
2016-09-23,198.435,1.458,9.478,20.25,23.833,3.583,207.913
2016-09-24,200.125,1.5,8.792,14.375,17.083,2.708,208.917
2016-09-25,200.375,1.375,7.083,14.417,15.833,1.417,207.458
2016-09-26,200.522,2.0,8.13,13.25,15.833,2.583,208.652
2016-09-27,202.583,3.25,7.417,13.773,18.045,4.273,210.0
2016-09-28,197.625,3.0,3.833,7.417,8.792,1.375,201.458
2016-09-29,201.0,3.625,5.583,20.375,23.292,2.917,206.583
2016-09-30,198.292,2.75,7.5,23.458,27.0,3.542,205.792
2016-10-01,195.957,2.458,5.652,23.0,26.208,3.208,201.609
2016-10-02,196.375,2.875,6.667,23.0,24.5,1.5,203.042
2016-10-03,194.957,4.261,6.391,19.5,21.875,2.375,201.348
2016-10-04,196.958,5.792,1.875,12.708,14.375,1.667,198.833
2016-10-05,198.875,6.667,6.917,12.727,16.136,3.409,205.792
2016-10-06,197.042,6.0,2.333,2.739,3.696,0.957,199.375
2016-10-07,197.333,5.792,1.375,4.542,6.583,2.042,198.708
2016-10-08,197.125,6.958,11.375,18.208,24.917,6.708,208.5
2016-10-09,197.348,6.0,2.783,2.458,3.083,0.625,200.13
2016-10-10,197.292,6.0,2.292,5.833,7.5,1.667,199.583
2016-10-11,196.5,6.292,2.75,13.208,30.833,17.625,199.25
2016-10-12,198.083,7.125,4.458,16.0,34.0,18.0,202.542
2016-10-13,197.042,4.35,2.75,10.545,13.955,3.409,199.792
2016-10-14,198.583,3.0,5.917,14.167,19.208,5.042,204.5
2016-10-15,199.042,3.292,8.417,14.792,21.333,6.542,207.458
2016-10-16,199.417,3.25,6.0,12.458,14.417,1.958,205.417
2016-10-17,196.304,2.75,7.652,16.25,20.125,3.875,203.957
2016-10-18,195.292,2.125,3.583,9.833,11.417,1.583,198.875
2016-10-19,195.292,2.625,5.25,11.042,14.75,3.708,200.542
2016-10-20,195.375,2.75,3.542,4.417,5.792,1.375,198.917
2016-10-21,196.75,2.833,0.833,8.227,10.136,1.909,197.583
2016-10-22,196.292,3.75,3.667,14.458,17.917,3.458,199.958
2016-10-23,196.292,5.0,1.208,7.958,8.833,0.875,197.5
2016-10-24,197.083,6.0,1.167,11.125,13.292,2.167,198.25
2016-10-25,195.435,6.917,4.174,18.417,22.292,3.875,199.609
2016-10-26,193.333,4.5,7.905,10.375,12.042,1.667,201.238
2016-10-27,195.042,3.542,10.708,7.625,9.083,1.458,205.75
2016-10-28,194.708,4.208,13.5,13.792,16.417,2.625,208.208
2016-10-29,195.583,3.667,12.792,8.182,9.273,1.091,208.375
2016-10-30,196.667,3.417,9.875,11.083,12.292,1.208,206.542
2016-10-31,196.292,3.833,13.583,16.625,20.417,3.792,209.875
2016-11-01,196.125,4.409,14.458,14.708,18.25,3.542,210.583
2016-11-02,195.826,5.625,12.739,11.375,16.042,4.667,208.565
2016-11-03,196.667,5.417,12.958,8.875,12.542,3.667,209.625
2016-11-04,195.25,7.333,9.5,8.458,10.875,2.417,204.75
2016-11-05,197.042,,16.292,7.929,9.286,1.357,213.333
2016-11-06,195.292,,5.583,4.333,4.333,0.0,200.875
2016-11-07,196.792,,9.167,14.429,20.214,5.786,205.958
2016-11-08,195.762,,13.81,11.143,15.643,4.5,209.571
2016-11-09,194.542,5.083,6.583,4.667,5.25,0.583,201.125
2016-11-10,196.304,5.583,7.609,11.143,13.571,2.429,203.913
2016-11-11,198.167,8.458,18.833,20.714,31.071,10.357,217.0
2016-11-12,194.042,6.542,9.0,14.357,20.143,5.786,203.042
2016-11-13,197.458,7.375,12.292,14.5,20.571,6.071,209.75
2016-11-14,196.792,6.833,16.167,19.286,35.5,16.214,212.958
2016-11-15,194.958,5.958,6.958,5.571,6.143,0.571,201.917
2016-11-16,196.542,6.0,4.625,6.286,7.071,0.786,201.167
2016-11-17,197.708,6.792,6.667,9.75,11.583,1.833,204.375
2016-11-18,195.609,7.917,6.13,6.857,8.214,1.357,201.739
2016-11-19,195.125,,18.458,18.5,26.929,8.429,213.583
2016-11-20,193.917,,8.25,9.214,10.714,1.5,202.167
2016-11-21,196.455,,7.0,13.0,16.786,3.786,203.455
2016-11-22,196.5,4.542,10.583,13.0,17.571,4.571,207.083
2016-11-23,196.125,2.875,3.333,4.571,4.857,0.286,199.458
2016-11-24,196.542,5.708,8.625,12.714,15.357,2.643,205.167
2016-11-25,197.042,6.167,9.0,10.75,13.25,2.5,206.042
2016-11-26,198.043,7.542,11.87,18.429,27.571,9.143,209.913
2016-11-27,197.333,7.167,9.458,17.286,21.071,3.786,206.792
2016-11-28,198.625,7.958,7.958,11.286,13.214,1.929,206.583
2016-11-29,198.708,7.417,5.208,7.857,9.357,1.5,203.917
2016-11-30,198.917,9.667,11.083,19.0,31.5,12.5,210.0
2016-12-01,197.783,8.667,15.304,22.583,47.792,25.208,213.087
2016-12-02,196.917,3.333,1.0,3.167,4.375,1.208,197.917
2016-12-03,200.583,5.75,13.125,14.182,23.364,9.182,213.708
2016-12-04,196.87,5.75,28.087,15.5,24.333,8.833,224.957
2016-12-05,194.625,6.708,13.542,16.583,21.292,4.708,208.167
2016-12-06,196.792,6.042,5.417,8.875,10.833,1.958,202.208
2016-12-07,197.708,6.292,6.667,14.083,18.5,4.417,204.375
2016-12-08,198.375,5.333,8.083,26.875,56.792,29.917,206.458
2016-12-09,197.875,3.75,12.208,30.083,63.917,33.833,210.083
2016-12-10,196.667,2.667,2.208,7.083,8.458,1.375,198.875
2016-12-11,197.292,2.667,0.875,8.955,10.545,1.591,198.167
2016-12-12,199.391,5.667,8.913,26.083,40.875,14.792,208.304
2016-12-13,199.167,7.0,12.708,34.391,65.826,31.435,211.875
2016-12-14,199.542,6.917,7.583,19.417,25.25,5.833,207.125
2016-12-15,197.583,4.238,4.542,19.958,43.625,23.667,202.125
2016-12-16,197.958,3.417,2.458,22.875,50.333,27.458,200.417
2016-12-17,196.458,2.708,0.083,10.75,13.625,2.875,196.542
2016-12-18,198.875,3.375,0.333,8.458,9.5,1.042,199.208
2016-12-19,198.917,5.875,6.458,23.773,34.0,10.227,205.375
2016-12-20,204.957,8.708,13.957,30.792,43.625,12.833,218.913
2016-12-21,204.667,8.25,13.417,28.917,40.083,11.167,218.083
2016-12-22,201.458,6.333,23.0,32.958,52.167,19.208,224.458
2016-12-23,194.458,1.917,5.417,9.042,12.125,3.083,199.875
2016-12-24,196.083,1.125,0.125,6.833,8.208,1.375,196.208
2016-12-25,197.5,1.0,0.0,8.5,9.958,1.458,197.5
2016-12-26,195.25,1.708,1.375,12.333,16.208,3.875,196.625
2016-12-27,196.333,2.583,3.917,18.0,23.864,5.864,200.25
2016-12-28,207.913,3.045,0.609,11.0,14.417,3.417,208.522
2016-12-29,207.375,3.875,0.667,10.375,12.208,1.833,208.042
2016-12-30,208.292,3.958,0.292,8.792,11.375,2.583,208.583
2016-12-31,206.75,3.875,0.042,6.625,7.375,0.75,206.792
2017-01-01,196.875,1.583,5.208,10.125,12.083,1.958,202.083
2017-01-02,196.958,2.583,2.0,3.5,4.458,0.958,198.958
2017-01-03,199.13,4.167,5.391,12.208,16.083,3.875,204.522
2017-01-04,196.0,4.292,2.333,10.542,13.083,2.542,198.333
2017-01-05,196.25,3.958,4.917,17.542,22.0,4.458,201.167
2017-01-06,195.375,2.958,3.375,11.583,14.042,2.458,198.75
2017-01-07,197.75,2.417,1.375,8.091,10.0,1.909,199.125
2017-01-08,196.917,4.042,8.458,22.25,30.125,7.875,205.375
2017-01-09,195.708,4.083,8.625,14.708,19.208,4.5,204.333
2017-01-10,197.625,2.958,3.125,7.875,10.042,2.167,200.75
2017-01-11,197.143,3.167,1.429,9.75,12.75,3.0,198.571
2017-01-12,197.923,3.739,15.462,11.304,14.783,3.478,213.385
2017-01-13,197.292,3.792,15.833,18.583,23.917,5.333,213.125
2017-01-14,197.0,4.667,15.0,15.0,17.625,2.625,212.0
2017-01-15,195.125,4.625,14.792,8.636,11.227,2.591,209.917
2017-01-16,198.542,4.708,18.708,15.333,20.917,5.583,217.25
2017-01-17,196.625,3.917,16.625,11.625,17.375,5.75,213.25
2017-01-18,198.0,4.833,20.792,18.417,26.542,8.125,218.792
2017-01-19,199.739,3.167,14.783,7.083,9.333,2.25,214.522
2017-01-20,198.583,3.542,15.458,10.5,13.75,3.25,214.042
2017-01-21,198.625,2.625,13.167,4.667,5.458,0.792,211.792
2017-01-22,199.292,2.708,16.708,16.542,21.917,5.375,216.0
2017-01-23,199.0,3.217,17.875,13.619,18.19,4.571,216.875
2017-01-24,197.458,1.833,15.0,7.0,9.625,2.625,212.458
2017-01-25,198.375,2.583,16.708,11.917,19.292,7.375,215.083
2017-01-26,197.542,3.5,15.917,11.25,16.042,4.792,213.458
2017-01-27,198.043,4.083,15.478,12.25,17.0,4.75,213.522
2017-01-28,197.042,4.583,15.833,13.375,16.875,3.5,212.875
2017-01-29,196.875,1.75,14.708,11.208,14.917,3.708,211.583
2017-01-30,197.125,3.167,14.167,11.625,15.708,4.083,211.292
2017-01-31,197.75,3.625,15.458,17.818,24.318,6.5,213.208
2017-02-01,200.5,3.042,17.417,20.708,29.458,8.75,217.917
2017-02-02,200.792,3.542,17.5,22.208,37.917,15.708,218.292
2017-02-03,196.542,4.417,13.0,4.708,5.417,0.708,209.542
2017-02-04,198.522,6.0,16.739,12.167,15.375,3.208,215.261
2017-02-05,198.609,5.652,15.609,9.783,12.652,2.87,214.217
2017-02-06,199.042,4.75,16.167,11.417,14.667,3.25,215.208
2017-02-07,198.333,2.5,16.917,16.333,25.625,9.292,215.25
2017-02-08,198.542,1.875,14.042,12.455,16.818,4.364,212.583
2017-02-09,200.083,3.5,17.0,17.958,23.167,5.208,217.083
2017-02-10,199.375,3.75,16.083,11.167,12.833,1.667,215.458
2017-02-11,200.417,5.25,15.542,5.708,6.583,0.875,215.958
2017-02-12,199.391,2.708,13.435,4.875,6.208,1.333,212.826
2017-02-13,198.0,1.375,13.625,9.167,12.583,3.417,211.625
2017-02-14,199.333,2.625,17.917,20.208,26.625,6.417,217.25
2017-02-15,197.667,1.75,12.958,6.292,8.542,2.25,210.625
2017-02-16,199.292,1.458,16.167,20.727,29.818,9.091,215.458
2017-02-17,199.958,1.625,17.5,15.458,25.125,9.667,217.458
2017-02-18,198.417,2.25,12.083,7.458,9.083,1.625,210.5
2017-02-19,199.208,2.042,14.333,16.5,22.792,6.292,213.542
2017-02-20,198.217,1.333,14.783,19.708,25.583,5.875,213.0
2017-02-21,198.522,1.0,14.0,16.043,20.435,4.391,212.522
2017-02-22,199.458,4.143,16.458,24.875,33.333,8.458,215.917
2017-02-23,200.625,2.708,18.625,25.208,35.583,10.375,219.25
2017-02-24,199.625,1.25,13.125,15.864,20.136,4.273,212.75
2017-02-25,200.833,1.958,11.167,11.583,14.292,2.708,212.0
2017-02-26,200.375,2.542,12.25,16.417,19.917,3.5,212.625
2017-02-27,199.0,1.208,13.583,20.542,25.25,4.708,212.583
2017-02-28,199.435,2.333,16.913,20.125,25.667,5.542,216.348
2017-03-01,195.833,3.208,18.375,18.792,24.458,5.667,214.208
2017-03-02,196.458,2.583,13.542,6.792,9.25,2.458,210.0
2017-03-03,197.875,4.5,14.042,15.583,19.125,3.542,211.917
2017-03-04,200.0,4.042,16.833,12.136,13.909,1.773,216.833
2017-03-05,198.0,2.875,12.375,8.083,9.458,1.375,210.375
2017-03-06,199.458,3.125,10.917,10.583,13.583,3.0,210.375
2017-03-07,200.818,2.174,11.955,17.381,21.238,3.857,212.773
2017-03-08,199.739,2.292,18.783,29.667,39.958,10.292,218.522
2017-03-09,196.458,3.5,18.417,23.417,32.667,9.25,214.875
2017-03-10,195.833,2.333,10.583,9.833,11.167,1.333,206.417
2017-03-11,197.542,3.208,11.667,9.25,10.333,1.083,209.208
2017-03-12,196.0,2.167,11.167,9.773,11.909,2.136,207.167
2017-03-13,199.375,2.125,16.25,17.333,20.458,3.125,215.625
2017-03-14,195.792,2.208,15.25,12.458,14.083,1.625,211.042
2017-03-15,192.625,3.083,13.25,5.5,6.625,1.125,205.875
2017-03-16,199.522,1.792,11.217,4.917,6.333,1.417,210.739
2017-03-17,202.542,1.875,9.167,5.958,7.375,1.417,211.708
2017-03-18,201.375,2.542,9.083,3.792,4.458,0.667,210.458
2017-03-19,200.333,2.417,10.458,6.208,7.583,1.375,210.792
2017-03-20,203.478,4.333,10.696,9.762,11.571,1.81,214.174
2017-03-21,203.333,8.417,11.042,9.333,10.833,1.5,214.375
2017-03-22,200.417,8.333,12.0,6.583,7.417,0.833,212.417
2017-03-23,200.125,8.833,10.917,9.625,12.167,2.542,211.042
2017-03-24,197.826,8.542,8.348,5.583,6.792,1.208,206.174
2017-03-25,197.917,9.542,8.292,3.583,3.958,0.375,206.208
2017-03-26,198.5,10.667,7.214,7.417,8.25,0.833,205.714
2017-03-27,,9.957,,18.792,21.833,3.042,
2017-03-28,,9.5,,8.0,8.682,0.682,
2017-03-29,195.571,11.583,18.143,7.625,8.25,0.625,213.714
2017-03-30,197.208,11.208,17.292,8.5,9.958,1.458,214.5
2017-03-31,198.083,11.292,17.375,9.5,10.292,0.792,215.458
2017-04-01,197.125,,10.417,10.833,13.25,2.417,207.542
2017-04-02,197.042,,8.25,8.667,9.75,1.083,205.292
2017-04-03,198.609,,8.391,10.458,11.875,1.417,207.0
2017-04-04,197.583,,9.5,11.958,13.542,1.583,207.083
2017-04-05,198.435,,10.826,13.5,15.667,2.167,209.261
2017-04-06,194.826,,9.826,13.208,14.417,1.208,204.652
2017-04-07,192.125,,6.583,6.375,7.333,0.958,198.708
2017-04-08,193.5,,8.542,10.273,12.227,1.955,202.042
2017-04-09,193.167,,5.042,4.333,4.583,0.25,198.208
2017-04-10,197.042,,7.0,10.333,11.583,1.25,204.042
2017-04-11,196.708,,10.833,17.125,21.625,4.5,207.542
2017-04-12,193.0,,6.792,6.542,7.375,0.833,199.792
2017-04-13,195.583,,4.708,5.667,6.667,1.0,200.292
2017-04-14,195.696,,5.565,5.458,6.417,0.958,201.261
2017-04-15,194.042,,6.083,6.208,6.958,0.75,200.125
2017-04-16,193.708,,5.542,5.045,5.273,0.227,199.25
2017-04-17,195.833,,7.25,9.75,10.458,0.708,203.083
2017-04-18,191.458,,6.042,4.542,5.208,0.667,197.5
2017-04-19,191.875,,6.875,8.042,8.958,0.917,198.75
2017-04-20,193.913,,4.783,8.957,12.609,3.652,198.696
2017-04-21,194.458,,6.792,12.708,19.583,6.875,201.25
2017-04-22,195.913,,6.13,12.25,18.708,6.458,202.043
2017-04-23,196.417,,3.958,10.667,16.042,5.375,200.375
2017-04-24,197.792,,5.583,13.091,20.864,7.773,203.375
2017-04-25,197.167,,8.25,12.875,19.208,6.333,205.417
2017-04-26,195.917,,7.583,16.208,19.667,3.458,203.5
2017-04-27,196.125,,6.375,12.5,16.042,3.542,202.5
2017-04-28,195.792,,5.042,11.083,15.5,4.417,200.833
2017-04-29,196.125,,7.875,13.958,19.542,5.583,204.0
2017-04-30,196.609,,6.478,8.792,12.875,4.083,203.087
2017-05-01,197.583,,4.125,8.125,11.25,3.125,201.708
2017-05-02,197.5,,3.818,12.857,19.619,6.762,201.318
2017-05-03,199.75,,6.417,13.25,21.25,8.0,206.167
2017-05-04,198.708,,7.417,15.5,25.292,9.792,206.125
2017-05-05,197.292,,8.75,16.25,23.917,7.667,206.042
2017-05-06,197.208,,9.5,17.792,24.75,6.958,206.708
2017-05-07,196.333,,4.083,10.5,15.083,4.583,200.417
2017-05-08,194.217,,3.435,11.583,18.792,7.208,197.652
2017-05-09,196.292,,3.583,12.792,24.583,11.792,199.875
2017-05-10,195.458,,6.25,16.773,30.591,13.818,201.708
2017-05-11,193.458,,4.667,14.625,21.5,6.875,198.125
2017-05-12,194.542,,4.625,13.958,18.75,4.792,199.167
2017-05-13,194.708,,3.083,12.125,20.083,7.958,197.792
2017-05-14,193.792,,0.625,9.458,15.083,5.625,194.417
2017-05-15,193.75,,2.0,13.125,24.083,10.958,195.75
2017-05-16,196.087,,2.087,13.958,23.875,9.917,198.174
2017-05-17,196.25,,2.375,13.042,20.542,7.5,198.625
2017-05-18,196.913,,1.217,13.19,22.857,9.667,198.13
2017-05-19,197.0,,3.167,15.833,30.958,15.125,200.167
2017-05-20,198.0,,4.333,18.917,34.375,15.458,202.333
2017-05-21,198.833,,2.0,19.25,45.0,25.75,200.833
2017-05-22,199.292,,1.625,20.542,40.667,20.125,200.917
2017-05-23,197.917,,0.542,17.292,36.958,19.667,198.458
2017-05-24,197.13,,1.0,15.292,36.708,21.417,198.13
2017-05-25,196.833,,1.375,14.625,36.25,21.625,198.208
2017-05-26,194.125,,1.625,12.818,32.545,19.727,195.75
2017-05-27,194.833,,0.542,13.792,40.458,26.667,195.375
2017-05-28,195.667,,1.375,15.333,44.917,29.583,197.042
2017-05-29,195.417,,1.667,17.917,51.583,33.667,197.083
2017-05-30,198.625,,3.625,23.042,72.542,49.5,202.25
2017-05-31,200.917,,2.833,22.208,57.25,35.042,203.75
2017-06-01,198.261,,0.739,19.125,55.375,36.25,199.0
2017-06-02,196.565,,3.478,11.0,37.478,26.478,200.043
2017-06-03,198.375,,4.458,4.545,5.864,1.318,202.833
2017-06-04,198.167,,0.292,3.042,3.583,0.542,198.458
2017-06-05,199.292,,1.458,7.208,8.625,1.417,200.75
2017-06-06,199.458,,1.167,5.833,7.292,1.458,200.625
2017-06-07,201.208,,2.5,7.5,9.083,1.583,203.708
2017-06-08,200.583,,3.583,7.833,9.208,1.375,204.167
2017-06-09,196.348,,2.957,4.542,5.292,0.75,199.304
2017-06-10,196.583,,3.458,5.083,5.583,0.5,200.042
2017-06-11,194.792,,0.583,3.227,3.5,0.273,195.375
2017-06-12,196.625,,0.958,5.125,6.083,0.958,197.583
2017-06-13,195.875,,0.25,4.292,5.375,1.083,196.125
2017-06-14,195.652,,0.739,4.609,5.739,1.13,196.391
2017-06-15,196.417,,1.542,6.458,7.375,0.917,197.958
2017-06-16,196.667,,2.0,5.75,6.708,0.958,198.667
2017-06-17,196.913,,1.261,4.583,5.542,0.958,198.174
2017-06-18,197.375,,0.5,4.375,4.917,0.542,197.875
2017-06-19,196.917,,0.333,6.409,9.409,3.0,197.25
2017-06-20,197.292,,0.875,6.708,8.542,1.833,198.167
2017-06-21,196.958,,1.5,7.333,8.292,0.958,198.458
2017-06-22,195.375,,0.75,4.708,5.083,0.375,196.125
2017-06-23,197.5,,2.25,6.375,7.208,0.833,199.75
2017-06-24,198.083,,2.083,5.042,5.792,0.75,200.167
2017-06-25,199.174,,0.826,5.75,6.208,0.458,200.0
2017-06-26,195.208,,0.0,4.083,5.167,1.083,195.208
2017-06-27,196.083,,0.125,5.045,7.318,2.273,196.208
2017-06-28,197.875,,0.333,5.75,7.667,1.917,198.208
2017-06-29,199.273,,4.727,4.368,5.421,1.053,204.0
2017-06-30,201.478,,6.957,6.952,7.333,0.381,208.435
2017-07-01,204.417,,7.292,10.708,11.167,0.458,211.708
2017-07-02,200.208,,5.542,8.542,8.625,0.083,205.75
2017-07-03,201.739,,6.174,15.708,16.542,0.833,207.913
2017-07-04,200.958,,5.042,11.167,11.542,0.375,206.0
2017-07-05,199.625,,3.708,5.955,7.773,1.818,203.333
2017-07-06,200.667,,4.458,4.75,6.083,1.333,205.125
2017-07-07,204.792,,4.917,5.333,7.333,2.0,209.708
2017-07-08,205.542,,5.0,3.833,5.083,1.25,210.542
2017-07-09,201.458,,4.875,3.333,4.292,0.958,206.333
2017-07-10,196.917,,6.417,7.0,9.917,2.917,203.333
2017-07-11,197.391,,8.609,6.542,8.667,2.125,206.0
2017-07-12,193.958,,6.542,3.208,4.25,1.042,200.5
2017-07-13,196.565,,5.696,8.048,10.286,2.238,202.261
2017-07-14,200.25,,7.25,7.208,8.5,1.292,207.5
2017-07-15,198.333,,8.583,6.042,6.875,0.833,206.917
2017-07-16,193.917,,5.25,4.208,4.75,0.542,199.167
2017-07-17,197.125,,4.458,2.667,3.083,0.417,201.583
2017-07-18,198.292,,2.458,3.167,4.042,0.875,200.75
2017-07-19,197.696,,2.348,2.625,3.292,0.667,200.043
2017-07-20,201.0,,3.875,8.083,10.583,2.5,204.875
2017-07-21,197.5,,8.083,7.818,10.136,2.318,205.583
2017-07-22,195.042,,4.833,12.5,26.0,13.5,199.875
2017-07-23,197.375,,3.125,4.583,5.083,0.5,200.5
2017-07-24,197.458,,4.625,6.25,7.667,1.417,202.083
2017-07-25,197.75,,5.542,6.125,7.917,1.792,203.292
2017-07-26,198.958,,6.625,5.125,6.333,1.208,205.583
2017-07-27,200.565,,4.957,6.083,7.958,1.875,205.522
2017-07-28,198.478,,2.435,4.391,5.435,1.043,200.913
2017-07-29,198.042,,2.0,3.545,4.227,0.682,200.042
2017-07-30,193.667,,1.708,1.292,1.667,0.375,195.375
2017-07-31,190.542,,1.667,3.417,5.708,2.292,192.208
2017-08-01,191.333,,1.292,3.083,3.958,0.875,192.625
2017-08-02,193.292,,3.625,5.583,7.292,1.708,196.917
2017-08-03,194.875,,2.583,4.875,6.167,1.292,197.458
2017-08-04,195.522,,2.0,4.667,6.167,1.5,197.522
2017-08-05,195.417,,2.458,7.875,12.333,4.458,197.875
2017-08-06,194.667,,2.167,5.545,6.636,1.091,196.833
2017-08-07,194.833,,6.083,4.458,5.5,1.042,200.917
2017-08-08,190.625,,2.0,3.25,4.917,1.667,192.625
2017-08-09,188.739,,1.739,2.696,3.087,0.391,190.478
2017-08-10,189.333,,1.125,3.375,4.125,0.75,190.458
2017-08-11,189.792,,0.625,2.292,2.833,0.542,190.417
2017-08-12,191.435,,0.391,1.667,1.75,0.083,191.826
2017-08-13,192.458,,0.708,2.333,2.458,0.125,193.167
2017-08-14,192.875,,0.958,2.773,3.5,0.727,193.833
2017-08-15,192.667,,0.75,2.167,2.792,0.625,193.417
2017-08-16,191.958,,0.333,1.833,2.292,0.458,192.292
2017-08-17,192.042,,2.5,4.625,5.542,0.917,194.542
2017-08-18,193.208,,2.125,5.292,6.542,1.25,195.333
2017-08-19,192.625,,1.125,4.0,5.208,1.208,193.75
2017-08-20,192.826,,0.696,3.0,3.958,0.958,193.522
2017-08-21,193.625,,0.583,6.292,7.875,1.583,194.208
2017-08-22,196.208,,4.0,6.682,9.409,2.727,200.208
2017-08-23,192.208,,2.875,5.5,7.333,1.833,195.083
2017-08-24,193.619,,11.905,10.19,12.667,2.476,205.524
2017-08-25,195.375,,4.833,6.208,7.167,0.958,200.208
2017-08-26,197.208,,5.583,8.042,9.875,1.833,202.792
2017-08-27,196.667,,1.0,3.792,4.208,0.417,197.667
2017-08-28,202.348,,5.87,10.0,11.917,1.917,208.217
2017-08-29,200.875,,7.917,11.708,13.583,1.875,208.792
2017-08-30,195.625,,2.125,5.5,6.273,0.773,197.75
2017-08-31,196.0,,3.542,8.708,11.125,2.417,199.542
2017-09-01,197.0,,2.708,5.792,7.25,1.458,199.708
2017-09-02,196.75,,1.625,3.583,3.792,0.208,198.375
2017-09-03,197.167,,0.958,3.667,4.292,0.625,198.125
2017-09-04,197.833,,2.125,6.083,7.875,1.792,199.958
2017-09-05,197.826,,2.565,7.167,8.417,1.25,200.391
2017-09-06,198.348,,4.565,10.696,12.652,1.957,202.913
2017-09-07,197.75,,4.708,7.136,8.727,1.591,202.458
2017-09-08,195.5,,3.375,13.833,15.792,1.958,198.875
2017-09-09,196.25,,6.625,40.458,42.083,1.625,202.875
2017-09-10,196.375,,5.708,38.417,39.75,1.333,202.083
2017-09-11,197.417,,7.125,43.667,47.792,4.125,204.542
2017-09-12,193.375,,10.417,51.333,53.667,2.333,203.792
2017-09-13,196.739,,6.217,40.458,42.417,1.958,202.957
2017-09-14,199.417,,5.042,31.208,33.5,2.292,204.458
2017-09-15,197.042,,2.875,26.348,28.0,1.652,199.917
2017-09-16,197.875,,5.667,35.625,37.792,2.167,203.542
2017-09-17,197.5,,4.792,35.292,36.833,1.542,202.292
2017-09-18,193.458,,1.375,17.0,17.875,0.875,194.833
2017-09-19,195.125,,4.417,33.333,35.208,1.875,199.542
2017-09-20,199.625,,12.625,47.5,49.542,2.042,212.25
2017-09-21,197.591,,5.682,30.591,32.682,2.091,203.273
2017-09-22,198.0,,5.375,33.333,36.167,2.833,203.375
2017-09-23,199.125,,8.083,44.261,49.13,4.87,207.208
2017-09-24,199.125,,5.833,38.417,39.875,1.458,204.958
2017-09-25,199.917,,6.792,38.167,41.125,2.958,206.708
2017-09-26,200.708,,6.25,38.333,40.792,2.458,206.958
2017-09-27,197.708,,7.333,36.292,38.625,2.333,205.042
2017-09-28,198.042,,7.792,27.917,30.583,2.667,205.833
2017-09-29,198.13,,7.652,29.25,32.792,3.542,205.783
2017-09-30,198.542,,5.708,30.917,33.375,2.458,204.25
2017-10-01,198.208,,2.208,12.818,13.682,0.864,200.417
2017-10-02,197.375,,6.958,19.958,21.5,1.542,204.333
2017-10-03,196.25,,1.833,5.875,6.917,1.042,198.083
2017-10-04,197.478,,0.087,8.714,10.571,1.857,197.565
2017-10-05,197.286,,0.071,15.042,16.958,1.917,197.357
2017-10-06,198.952,,6.714,25.125,30.958,5.833,205.667
2017-10-07,197.043,,10.391,33.333,41.958,8.625,207.435
2017-10-08,195.333,,3.708,27.542,29.458,1.917,199.042
2017-10-09,195.417,,4.458,10.773,13.455,2.682,199.875
2017-10-10,196.083,,4.042,9.542,12.042,2.5,200.125
2017-10-11,195.333,,2.458,5.708,7.625,1.917,197.792
2017-10-12,195.667,,2.667,3.25,4.542,1.292,198.333
2017-10-13,195.917,,1.083,1.75,3.708,1.958,197.0
2017-10-14,196.875,,1.875,3.5,8.292,4.792,198.75
2017-10-15,197.913,,0.652,0.875,2.292,1.417,198.565
2017-10-16,198.958,,1.542,2.708,6.083,3.375,200.5
2017-10-17,197.042,,0.667,9.273,11.636,2.364,197.708
2017-10-18,198.143,,11.524,8.895,11.0,2.105,209.667
2017-10-19,197.333,,20.583,12.083,16.917,4.833,217.917
2017-10-20,196.208,,18.875,9.917,14.958,5.042,215.083
2017-10-21,195.208,,14.917,5.708,6.667,0.958,210.125
2017-10-22,195.458,,15.875,5.417,5.958,0.542,211.333
2017-10-23,194.391,,15.87,5.583,6.125,0.542,210.261
2017-10-24,198.542,,19.583,13.708,17.292,3.583,218.125
2017-10-25,197.75,,18.083,12.182,15.818,3.636,215.833
2017-10-26,197.958,,16.083,11.542,13.75,2.208,214.042
2017-10-27,199.458,,18.958,13.958,18.083,4.125,218.417
2017-10-28,201.042,,20.5,17.625,24.0,6.375,221.542
2017-10-29,200.042,,23.458,16.833,21.083,4.25,223.5
2017-10-30,195.708,,11.708,5.542,6.5,0.958,207.417
2017-10-31,197.273,,10.455,6.875,8.0,1.125,207.727
2017-11-01,196.143,,6.571,7.136,9.045,1.909,202.714
2017-11-02,199.292,,14.0,14.208,17.833,3.625,213.292
2017-11-03,199.792,,16.375,15.125,20.375,5.25,216.167
2017-11-04,197.583,,9.042,6.333,7.125,0.792,206.625
2017-11-05,197.833,,5.542,8.292,9.292,1.0,203.375
2017-11-06,197.125,,6.208,8.417,10.208,1.792,203.333
2017-11-07,197.208,,6.333,9.958,11.375,1.417,203.542
2017-11-08,196.174,,5.261,7.042,8.167,1.125,201.435
2017-11-09,197.708,,4.833,6.958,8.167,1.208,202.542
2017-11-10,197.875,,8.292,12.625,15.792,3.167,206.167
2017-11-11,195.958,,7.25,4.792,5.667,0.875,203.208
2017-11-12,197.333,,4.5,6.292,7.167,0.875,201.833
2017-11-13,197.133,,5.6,15.542,20.458,4.917,202.733
2017-11-14,,,,10.292,12.083,1.792,
2017-11-15,199.5,,9.333,10.087,13.0,2.913,208.833
2017-11-16,196.913,,7.348,11.542,14.542,3.0,204.261
2017-11-17,196.583,,12.708,19.083,27.292,8.208,209.292
2017-11-18,196.708,,12.042,14.708,17.75,3.042,208.75
2017-11-19,196.208,,6.667,5.958,7.083,1.125,202.875
2017-11-20,197.208,,9.0,15.542,20.708,5.167,206.208
2017-11-21,197.25,,9.042,18.958,24.75,5.792,206.292
2017-11-22,197.5,,18.917,24.75,41.292,16.542,216.417
2017-11-23,195.375,,11.708,16.75,20.75,4.0,207.083
2017-11-24,198.609,,7.609,12.917,17.25,4.333,206.217
2017-11-25,199.208,,7.25,12.958,15.958,3.0,206.458
2017-11-26,198.333,,9.0,10.042,11.75,1.708,207.333
2017-11-27,198.286,,9.143,15.818,19.955,4.136,207.429
2017-11-28,199.417,,22.125,28.091,43.545,15.455,221.542
2017-11-29,197.583,,7.458,8.958,11.625,2.667,205.042
2017-11-30,199.333,,5.333,7.333,9.625,2.292,204.667
2017-12-01,199.083,4.565,4.75,10.25,14.292,4.042,203.833
2017-12-02,197.783,2.375,3.913,9.333,12.292,2.958,201.696
2017-12-03,198.958,4.333,9.583,16.0,22.833,6.833,208.542
2017-12-04,198.792,6.708,7.708,14.0,18.542,4.542,206.5
2017-12-05,196.917,3.875,7.0,9.667,12.167,2.5,203.917
2017-12-06,197.25,3.458,4.292,10.409,13.364,2.955,201.542
2017-12-07,198.292,5.833,8.083,18.417,27.75,9.333,206.375
2017-12-08,196.833,6.083,7.417,14.542,18.958,4.417,204.25
2017-12-09,196.708,2.652,5.333,10.25,13.25,3.0,202.042
2017-12-10,202.0,3.417,10.739,16.708,24.625,7.917,212.739
2017-12-11,196.708,3.708,9.583,14.042,18.167,4.125,206.292
2017-12-12,196.917,3.833,3.958,5.5,7.792,2.292,200.875
2017-12-13,196.958,4.208,4.5,10.5,13.917,3.417,201.458
2017-12-14,197.0,4.478,7.182,22.7,36.85,14.15,204.182
2017-12-15,197.333,4.042,8.25,22.542,33.375,10.833,205.583
2017-12-16,197.167,4.792,7.833,18.458,25.875,7.417,205.0
2017-12-17,197.792,4.261,3.375,6.75,8.542,1.792,201.167
2017-12-18,196.478,3.833,6.174,17.167,22.625,5.458,202.652
2017-12-19,197.708,3.75,4.375,16.375,22.792,6.417,202.083
2017-12-20,197.333,3.792,3.083,13.958,18.667,4.708,200.417
2017-12-21,197.333,4.417,3.25,15.792,21.375,5.583,200.583
2017-12-22,198.5,5.292,16.25,29.909,57.273,27.364,214.75
2017-12-23,198.125,5.167,10.792,19.708,32.667,12.958,208.917
2017-12-24,200.917,7.208,17.708,28.167,42.167,14.0,218.625
2017-12-25,194.625,5.438,6.167,7.667,10.042,2.375,200.792
2017-12-26,196.955,4.333,3.636,5.522,7.478,1.957,200.591
2017-12-27,197.042,3.583,4.708,8.292,11.542,3.25,201.75
2017-12-28,197.292,4.417,3.792,12.833,18.0,5.167,201.083
2017-12-29,196.417,4.583,4.083,13.917,17.667,3.75,200.5
2017-12-30,198.667,3.667,6.5,21.182,34.0,12.818,205.167
2017-12-31,200.667,3.833,17.875,33.917,63.75,29.833,218.542
2018-01-01,199.125,2.167,15.167,,,,214.292
2018-01-02,199.542,2.417,16.042,,,,215.583
2018-01-03,199.833,3.375,17.792,,,,217.625
2018-01-04,199.583,3.667,17.583,,,,217.167
2018-01-05,201.958,4.667,18.917,,,,220.875
2018-01-06,199.478,3.833,16.652,,,,216.13
2018-01-07,198.957,3.826,17.435,,,,216.391
2018-01-08,196.417,3.708,16.083,,,,212.5
2018-01-09,198.208,3.417,16.125,,,,214.333
2018-01-10,196.792,4.125,16.542,,,,213.333
2018-01-11,199.083,4.458,16.292,,,,215.375
2018-01-12,200.042,4.542,19.042,,,,219.083
2018-01-13,199.75,4.375,18.125,,,,217.875
2018-01-14,199.696,4.417,19.652,,,,219.348
2018-01-15,200.875,6.125,26.208,,,,227.083
2018-01-16,198.875,4.375,15.375,,,,214.25
2018-01-17,196.875,3.5,15.417,,,,212.292
2018-01-18,198.083,3.375,15.875,,,,213.958
2018-01-19,197.708,3.708,15.042,,,,212.75
2018-01-20,198.042,5.75,18.875,,,,216.917
2018-01-21,197.958,4.042,16.625,,,,214.583
2018-01-22,201.261,4.167,18.913,,,,220.174
2018-01-23,202.25,5.167,20.667,,,,222.917
2018-01-24,202.609,3.5,16.478,,,,219.087
2018-01-25,202.25,3.333,18.125,,,,220.375
2018-01-26,202.208,3.708,22.417,,,,224.625
2018-01-27,202.208,3.042,18.125,,,,220.333
2018-01-28,202.75,4.375,21.792,,,,224.542
2018-01-29,202.208,3.208,16.542,,,,218.75
2018-01-30,197.913,3.458,16.957,,,,214.87
2018-01-31,196.833,2.625,16.292,,,,213.125
2018-02-01,197.75,2.042,15.083,,,,212.833
2018-02-02,197.25,2.0,13.833,,,,211.083
2018-02-03,200.167,3.667,25.208,,,,225.375
2018-02-04,199.083,3.125,20.875,,,,219.958
2018-02-05,198.333,1.458,13.792,,,,212.125
2018-02-06,202.5,5.333,32.208,,,,234.708
2018-02-07,200.636,2.522,20.409,,,,221.045
2018-02-08,200.375,2.5,14.625,,,,215.0
2018-02-09,200.083,2.167,15.25,,,,215.333
2018-02-10,201.292,2.167,13.292,,,,214.583
2018-02-11,200.458,2.667,14.417,,,,214.875
2018-02-12,200.625,2.333,13.833,,,,214.458
2018-02-13,200.625,2.292,14.292,,,,214.917
2018-02-14,200.917,2.25,14.708,,,,215.625
2018-02-15,198.043,2.833,17.87,,,,215.913
2018-02-16,197.875,2.833,18.25,,,,216.125
2018-02-17,198.042,1.958,13.542,,,,211.583
2018-02-18,198.652,2.087,12.957,,,,211.609
2018-02-19,202.333,5.333,29.75,,,,232.083
2018-02-20,197.167,3.208,18.708,,,,215.875
2018-02-21,197.875,3.167,14.167,,,,212.042
2018-02-22,200.875,5.0,15.208,,,,216.083
2018-02-23,204.826,3.875,15.13,,,,219.957
2018-02-24,203.333,3.167,11.125,,,,214.458
2018-02-25,202.5,3.5,12.5,,,,215.0
2018-02-26,206.333,4.583,14.167,,,,220.5
2018-02-27,206.958,4.875,13.917,,,,220.875
2018-02-28,206.625,4.667,17.042,,,,223.667
2018-03-01,205.417,4.583,17.25,,,,222.667
2018-03-02,205.391,4.792,13.913,,,,219.304
2018-03-03,200.391,3.792,15.696,,,,216.087
2018-03-04,199.5,2.667,14.667,,,,214.167
2018-03-05,199.792,4.083,14.75,,,,214.542
2018-03-06,201.714,4.364,20.762,,,,222.476
2018-03-07,197.583,1.792,11.667,,,,209.25
2018-03-08,197.958,1.583,10.375,,,,208.333
2018-03-09,198.0,1.333,9.0,,,,207.0
2018-03-10,197.5,1.708,9.958,,,,207.458
2018-03-11,196.783,1.708,10.87,,,,207.652
2018-03-12,196.125,1.917,12.292,,,,208.417
2018-03-13,199.0,2.417,16.5,,,,215.5
2018-03-14,198.167,1.083,10.75,,,,208.917
2018-03-15,199.583,1.583,11.375,,,,210.958
2018-03-16,198.458,1.292,10.75,,,,209.208
2018-03-17,199.5,1.083,9.333,,,,208.833
2018-03-18,199.375,1.083,8.667,,,,208.042
2018-03-19,197.818,1.857,11.864,,,,209.682
2018-03-20,198.75,2.625,16.792,,,,215.542
2018-03-21,197.333,2.333,14.208,,,,211.542
2018-03-22,195.417,3.625,11.167,,,,206.583
2018-03-23,197.625,4.208,11.583,,,,209.208
2018-03-24,197.75,4.125,8.458,,,,206.208
2018-03-25,197.5,2.958,10.875,,,,208.375
2018-03-26,198.125,4.25,11.667,,,,209.792
2018-03-27,200.0,4.125,9.696,,,,209.696
2018-03-28,200.667,3.583,10.542,,,,211.208
2018-03-29,200.875,4.708,9.333,,,,210.208
2018-03-30,200.708,2.75,7.583,,,,208.292
2018-03-31,199.0,2.542,6.667,,,,205.667
2018-04-01,198.565,4.087,18.783,10.125,10.708,0.583,217.348
2018-04-02,196.083,3.625,18.375,9.083,10.417,1.333,214.458
2018-04-03,194.833,3.792,19.542,8.917,10.875,1.958,214.375
2018-04-04,195.304,3.864,16.957,8.696,10.174,1.478,212.261
2018-04-05,197.208,3.417,14.375,6.136,7.727,1.591,211.583
2018-04-06,196.875,3.583,18.333,11.708,13.167,1.458,215.208
2018-04-07,194.25,3.75,18.375,9.667,11.833,2.167,212.625
2018-04-08,195.542,4.125,15.792,5.542,5.958,0.417,211.333
2018-04-09,195.826,3.833,15.304,6.292,7.583,1.292,211.13
2018-04-10,198.208,3.917,15.625,9.042,10.458,1.417,213.833
2018-04-11,196.217,4.458,19.739,11.292,14.708,3.417,215.957
2018-04-12,194.958,3.833,15.5,5.083,6.167,1.083,210.458
2018-04-13,196.75,3.375,13.417,7.227,8.273,1.045,210.167
2018-04-14,196.958,3.5,16.125,10.458,11.625,1.167,213.083
2018-04-15,193.875,5.217,17.792,7.542,7.917,0.375,211.667
2018-04-16,194.708,5.083,14.292,7.167,8.292,1.125,209.0
2018-04-17,197.409,4.739,14.045,8.565,9.783,1.217,211.455
2018-04-18,197.542,5.25,19.25,14.958,17.708,2.75,216.792
2018-04-19,196.25,7.625,17.042,9.625,10.667,1.042,213.292
2018-04-20,198.083,8.417,16.667,12.792,15.708,2.917,214.75
2018-04-21,198.0,9.583,14.125,5.545,5.818,0.273,212.125
2018-04-22,197.833,8.542,13.0,5.0,5.25,0.25,210.833
2018-04-23,196.292,7.958,11.417,4.042,4.292,0.25,207.708
2018-04-24,195.667,7.667,12.75,7.042,8.0,0.958,208.417
2018-04-25,195.261,7.917,12.783,3.125,3.292,0.167,208.043
2018-04-26,195.375,8.542,14.167,5.833,6.542,0.708,209.542
2018-04-27,195.917,8.917,13.958,6.167,7.0,0.833,209.875
2018-04-28,199.167,10.125,14.625,8.583,9.25,0.667,213.792
2018-04-29,198.917,6.261,13.625,5.409,5.818,0.409,212.542
2018-04-30,198.042,6.417,12.292,4.75,4.917,0.167,210.333
2018-05-01,202.227,5.565,12.318,8.045,9.091,1.045,214.545
2018-05-02,200.292,2.792,13.583,6.542,7.417,0.875,213.875
2018-05-03,196.435,2.25,14.783,6.542,7.417,0.875,211.217
2018-05-04,197.208,2.542,14.417,4.375,5.0,0.625,211.625
2018-05-05,197.625,2.417,14.625,4.208,4.75,0.542,212.25
2018-05-06,198.333,2.083,14.958,6.042,6.875,0.833,213.292
2018-05-07,197.75,2.875,12.458,8.909,13.591,4.682,210.208
2018-05-08,198.292,3.208,10.917,3.042,3.375,0.333,209.208
2018-05-09,198.375,2.0,10.667,3.917,4.375,0.458,209.042
2018-05-10,197.583,2.0,12.625,6.792,7.833,1.042,210.208
2018-05-11,194.391,2.0,11.913,3.917,4.583,0.667,206.304
2018-05-12,195.667,2.125,12.5,5.083,5.292,0.208,208.167
2018-05-13,196.708,2.042,14.0,10.458,10.958,0.5,210.708
2018-05-14,194.958,2.208,13.833,10.792,11.875,1.083,208.792
2018-05-15,194.625,2.208,15.208,10.818,13.409,2.591,209.833
2018-05-16,198.2,2.875,13.9,5.292,5.833,0.542,212.1
2018-05-17,195.8,2.217,12.9,7.565,8.391,0.826,208.7
2018-05-18,194.042,1.917,12.667,5.458,5.917,0.458,206.708
2018-05-19,194.652,1.375,11.435,2.625,2.625,0.0,206.087
2018-05-20,195.875,1.208,11.75,3.583,3.958,0.375,207.625
2018-05-21,196.292,1.833,12.75,6.292,7.333,1.042,209.042
2018-05-22,197.667,2.542,13.083,8.875,9.833,0.958,210.75
2018-05-23,197.792,2.5,18.833,10.455,12.273,1.818,216.625
2018-05-24,195.458,2.208,13.0,5.208,6.0,0.792,208.458
2018-05-25,196.125,3.292,14.208,7.583,8.625,1.042,210.333
2018-05-26,197.292,2.458,12.875,3.708,4.375,0.667,210.167
2018-05-27,196.609,2.042,11.652,4.208,4.75,0.542,208.261
2018-05-28,197.0,1.75,12.292,7.833,10.083,2.25,209.292
2018-05-29,198.167,2.0,13.25,9.375,14.708,5.333,211.417
2018-05-30,200.083,2.5,14.792,10.583,11.875,1.292,214.875
2018-05-31,197.958,4.0,13.458,12.045,13.864,1.818,211.417
2018-06-01,196.217,4.182,11.565,7.409,7.955,0.545,207.783
2018-06-02,197.292,3.292,11.25,5.167,5.958,0.792,208.542
2018-06-03,198.125,3.417,12.417,4.625,4.917,0.292,210.542
2018-06-04,198.739,3.833,15.043,10.333,11.333,1.0,213.783
2018-06-05,200.667,3.708,16.292,17.458,19.083,1.625,216.958
2018-06-06,199.208,3.583,14.0,14.583,17.0,2.417,213.208
2018-06-07,199.167,4.625,15.167,7.708,8.292,0.583,214.333
2018-06-08,198.375,4.5,14.375,7.364,8.318,0.955,212.75
2018-06-09,196.333,4.417,10.75,3.792,4.5,0.708,207.083
2018-06-10,196.042,3.833,9.833,2.292,3.0,0.708,205.875
2018-06-11,195.833,3.25,10.542,3.208,4.167,0.958,206.375
2018-06-12,195.435,3.875,10.652,3.083,3.792,0.708,206.087
2018-06-13,195.75,3.875,11.0,4.917,6.208,1.292,206.75
2018-06-14,196.261,2.652,9.783,4.826,6.0,1.174,206.043
2018-06-15,196.833,1.625,8.667,2.875,3.583,0.708,205.5
2018-06-16,197.042,1.75,9.125,3.545,6.0,2.455,206.167
2018-06-17,197.333,1.417,8.458,3.167,3.583,0.417,205.792
2018-06-18,198.167,1.75,9.042,9.458,13.625,4.167,207.208
2018-06-19,198.417,1.792,10.083,6.708,8.042,1.333,208.5
2018-06-20,196.913,1.917,9.609,5.833,6.917,1.083,206.522
2018-06-21,197.042,2.25,11.208,9.5,11.292,1.792,208.25
2018-06-22,196.208,2.042,10.833,4.208,4.917,0.708,207.042
2018-06-23,198.333,2.458,12.417,5.542,6.167,0.625,210.75
2018-06-24,199.708,2.5,11.083,3.091,3.136,0.045,210.792
2018-06-25,196.0,1.333,8.958,3.25,4.625,1.375,204.958
2018-06-26,198.75,1.292,9.083,8.083,12.833,4.75,207.833
2018-06-27,198.125,1.833,11.792,7.625,10.5,2.875,209.917
2018-06-28,200.5,2.522,10.545,9.318,11.909,2.591,211.045
2018-06-29,198.042,1.958,13.083,10.167,13.542,3.375,211.125
2018-06-30,196.25,1.0,9.542,7.458,9.208,1.75,205.792
2018-07-01,197.167,1.333,10.542,8.957,11.565,2.609,207.708
2018-07-02,198.292,1.375,11.625,8.273,10.182,1.909,209.917
2018-07-03,200.333,1.5,12.917,7.458,10.333,2.875,213.25
2018-07-04,201.0,1.292,12.583,9.708,13.375,3.667,213.583
2018-07-05,194.625,1.042,10.292,6.667,8.5,1.833,204.917
2018-07-06,195.522,1.0,7.391,5.292,6.25,0.958,202.913
2018-07-07,194.75,0.958,5.833,3.125,3.375,0.25,200.583
2018-07-08,195.625,1.0,5.792,2.917,3.375,0.458,201.417
2018-07-09,196.292,1.0,5.625,5.167,6.125,0.958,201.917
2018-07-10,200.217,1.087,9.0,15.19,22.952,7.762,209.217
2018-07-11,197.292,1.0,10.042,6.25,8.625,2.375,207.333
2018-07-12,197.667,1.0,8.667,7.25,8.75,1.5,206.333
2018-07-13,195.75,1.0,11.167,8.958,10.625,1.667,206.917
2018-07-14,196.609,1.0,8.174,5.917,8.292,2.375,204.783
2018-07-15,195.417,0.917,9.167,4.625,6.25,1.625,204.583
2018-07-16,193.958,0.917,9.292,3.75,4.75,1.0,203.25
2018-07-17,193.583,1.125,11.333,12.042,14.75,2.708,204.917
2018-07-18,195.458,0.958,7.792,10.318,13.0,2.682,203.25
2018-07-19,196.458,0.917,6.208,6.583,8.542,1.958,202.667
2018-07-20,195.583,0.875,8.083,6.958,9.708,2.75,203.667
2018-07-21,196.458,1.0,9.917,6.042,7.708,1.667,206.375
2018-07-22,194.13,0.917,9.174,3.917,4.167,0.25,203.304
2018-07-23,196.25,1.0,7.833,6.958,8.083,1.125,204.083
2018-07-24,199.5,0.958,8.208,7.125,8.792,1.667,207.708
2018-07-25,200.391,1.455,8.522,7.0,11.273,4.273,208.913
2018-07-26,198.083,2.083,7.25,6.727,11.045,4.318,205.333
2018-07-27,197.583,1.5,7.625,5.75,10.208,4.458,205.208
2018-07-28,195.208,1.292,7.458,5.708,9.792,4.083,202.667
2018-07-29,190.167,1.333,7.917,3.625,7.958,4.333,198.083
2018-07-30,190.652,1.125,6.478,8.667,15.875,7.208,197.13
2018-07-31,191.792,1.458,8.333,7.792,12.625,4.833,200.125
2018-08-01,193.458,3.667,9.292,6.125,9.667,3.542,202.75
2018-08-02,202.083,5.708,10.25,7.0,10.167,3.167,212.333
2018-08-03,200.875,5.792,9.958,7.091,10.182,3.091,210.833
2018-08-04,200.833,5.417,9.125,7.542,10.708,3.167,209.958
2018-08-05,197.083,5.417,6.667,3.5,5.417,1.917,203.75
2018-08-06,195.125,6.25,5.5,3.208,4.833,1.625,200.625
2018-08-07,195.5,4.652,5.773,3.565,5.826,2.261,201.273
2018-08-08,193.833,2.042,5.167,2.083,3.875,1.792,199.0
2018-08-09,193.75,2.417,5.958,3.917,6.75,2.833,199.708
2018-08-10,194.75,2.167,6.792,6.708,11.458,4.75,201.542
2018-08-11,194.333,2.083,8.667,5.455,7.955,2.5,203.0
2018-08-12,196.667,2.042,6.208,5.25,7.583,2.333,202.875
2018-08-13,198.958,2.042,6.5,4.333,5.917,1.583,205.458
2018-08-14,203.75,2.292,9.0,6.958,9.5,2.542,212.75
2018-08-15,195.609,2.208,7.609,6.458,8.75,2.292,203.217
2018-08-16,194.458,2.25,9.542,7.083,9.958,2.875,204.0
2018-08-17,195.333,2.583,5.458,4.583,7.125,2.542,200.792
2018-08-18,196.583,2.333,5.667,5.5,8.083,2.583,202.25
2018-08-19,196.75,1.833,6.042,4.455,6.455,2.0,202.792
2018-08-20,198.667,1.958,6.083,10.312,18.188,7.875,204.75
2018-08-21,201.591,2.043,7.455,7.429,8.286,0.857,209.045
2018-08-22,194.708,1.625,8.292,5.917,9.208,3.292,203.0
2018-08-23,190.87,1.125,6.783,7.75,10.625,2.875,197.652
2018-08-24,192.458,1.542,7.458,9.833,13.25,3.417,199.917
2018-08-25,194.083,1.625,5.75,7.208,12.833,5.625,199.833
2018-08-26,197.667,2.167,4.75,3.375,3.708,0.333,202.417
2018-08-27,197.333,2.0,4.042,4.591,5.5,0.909,201.375
2018-08-28,199.125,1.625,5.167,4.833,6.75,1.917,204.292
2018-08-29,197.292,1.583,4.792,4.75,5.542,0.792,202.083
2018-08-30,195.708,1.875,7.333,7.333,10.042,2.708,203.042
2018-08-31,195.739,1.625,6.391,6.375,7.667,1.292,202.13
2018-09-01,198.833,1.458,5.0,4.792,5.708,0.917,203.833
2018-09-02,199.458,2.042,4.583,3.083,3.792,0.708,204.042
2018-09-03,201.042,2.125,5.375,6.25,8.375,2.125,206.417
2018-09-04,194.833,2.0,6.125,3.909,5.955,2.045,200.958
2018-09-05,193.913,2.727,7.043,4.409,5.5,1.091,200.957
2018-09-06,199.125,3.208,6.375,5.875,7.208,1.333,205.5
2018-09-07,199.25,3.25,6.667,8.208,9.833,1.625,205.917
2018-09-08,199.304,3.083,5.217,5.458,6.875,1.417,204.522
2018-09-09,198.958,4.292,2.917,4.917,6.458,1.542,201.875
2018-09-10,198.5,4.208,0.833,3.75,5.125,1.375,199.333
2018-09-11,199.333,5.0,3.0,6.042,8.667,2.625,202.333
2018-09-12,199.875,5.167,4.958,7.182,10.182,3.0,204.833
2018-09-13,199.333,4.375,4.458,7.083,10.083,3.0,203.792
2018-09-14,199.167,4.75,5.625,7.875,11.0,3.125,204.792
2018-09-15,199.167,5.292,5.292,9.458,14.042,4.583,204.458
2018-09-16,198.87,5.333,4.478,6.667,8.958,2.292,203.348
2018-09-17,197.042,4.667,3.125,4.792,7.083,2.292,200.167
2018-09-18,197.958,4.75,3.917,7.458,10.625,3.167,201.875
2018-09-19,198.417,5.0,3.792,7.75,11.125,3.375,202.208
2018-09-20,198.5,5.458,5.25,8.545,12.455,3.909,203.75
2018-09-21,199.174,4.391,3.826,6.87,10.217,3.348,203.0
2018-09-22,195.542,3.292,3.917,6.583,8.875,2.292,199.458
2018-09-23,196.792,3.25,3.25,5.5,7.833,2.333,200.042
2018-09-24,198.652,3.25,6.826,7.958,11.417,3.458,205.478
2018-09-25,199.125,3.333,3.75,7.583,11.375,3.792,202.875
2018-09-26,199.583,3.167,3.208,7.5,11.792,4.292,202.792
2018-09-27,198.375,3.292,1.417,5.208,7.833,2.625,199.792
2018-09-28,197.292,3.5,2.208,7.636,11.091,3.455,199.5
2018-09-29,197.25,3.542,3.583,7.417,11.375,3.958,200.833
2018-09-30,198.708,4.208,8.75,11.333,16.333,5.0,207.458
2018-10-01,194.667,3.458,4.25,6.625,9.625,3.0,198.917
2018-10-02,197.783,3.292,3.13,6.792,10.042,3.25,200.913
2018-10-03,199.792,3.375,2.417,7.583,10.875,3.292,202.208
2018-10-04,200.652,3.565,5.609,9.174,12.565,3.391,206.261
2018-10-05,200.75,3.5,5.417,11.25,15.25,4.0,206.167
2018-10-06,198.375,2.75,2.375,4.591,5.182,0.591,200.75
2018-10-07,196.208,2.708,2.458,3.167,3.75,0.583,198.667
2018-10-08,196.458,2.667,1.75,5.583,6.667,1.083,198.208
2018-10-09,199.25,2.917,3.458,8.875,10.833,1.958,202.708
2018-10-10,196.565,3.125,5.043,10.25,11.917,1.667,201.609
2018-10-11,198.5,4.333,6.875,15.208,18.458,3.25,205.375
2018-10-12,196.458,3.333,1.333,6.417,8.042,1.625,197.792
2018-10-13,195.958,3.083,2.0,7.083,8.708,1.625,197.958
2018-10-14,195.458,3.042,2.75,6.182,7.818,1.636,198.208
2018-10-15,194.958,3.292,4.625,10.0,13.375,3.375,199.583
2018-10-16,195.667,3.417,4.25,11.417,14.25,2.833,199.917
2018-10-17,196.125,3.292,3.5,7.792,10.25,2.458,199.625
2018-10-18,195.182,2.391,11.545,8.087,10.87,2.783,206.727
2018-10-19,194.458,2.583,19.042,8.167,10.792,2.625,213.5
2018-10-20,194.208,2.833,19.208,9.167,11.792,2.625,213.417
2018-10-21,194.458,2.833,18.917,7.625,9.0,1.375,213.375
2018-10-22,194.083,3.292,21.292,13.182,16.545,3.364,215.375
2018-10-23,195.208,3.25,24.875,16.167,21.625,5.458,220.083
2018-10-24,197.333,2.667,22.125,15.042,18.5,3.458,219.458
2018-10-25,194.542,2.042,16.875,9.417,11.625,2.208,211.417
2018-10-26,197.696,3.333,19.696,12.833,15.458,2.625,217.391
2018-10-27,196.833,2.917,18.958,10.375,12.792,2.417,215.792
2018-10-28,194.167,3.417,16.875,7.458,8.667,1.208,211.042
2018-10-29,194.708,3.292,18.167,9.0,11.125,2.125,212.875
2018-10-30,195.292,3.25,15.792,8.5,11.636,3.136,211.083
2018-10-31,194.833,3.208,15.375,7.75,11.0,3.25,210.208
2018-11-01,195.348,3.13,16.739,11.609,19.217,7.609,212.087
2018-11-02,194.958,3.217,16.875,15.043,27.174,12.13,211.833
2018-11-03,194.609,2.667,14.913,11.917,20.5,8.583,209.522
2018-11-04,193.375,2.417,14.833,11.042,18.792,7.75,208.208
2018-11-05,193.542,3.875,18.708,16.0,26.833,10.833,212.25
2018-11-06,194.583,3.542,16.958,16.875,27.667,10.792,211.542
2018-11-07,196.25,3.208,13.708,11.864,19.955,8.091,209.958
2018-11-08,196.292,3.75,16.125,14.208,25.417,11.208,212.417
2018-11-09,195.667,3.5,14.833,12.833,22.292,9.458,210.5
2018-11-10,197.458,4.208,14.292,12.208,20.542,8.333,211.75
2018-11-11,195.87,2.75,11.043,7.75,13.375,5.625,206.913
2018-11-12,195.292,3.583,12.75,13.542,21.292,7.75,208.042
2018-11-13,195.478,3.409,14.087,13.087,22.261,9.174,209.565
2018-11-14,195.875,2.792,13.5,11.667,20.375,8.708,209.375
2018-11-15,195.875,2.583,11.958,11.227,18.318,7.091,207.833
2018-11-16,194.792,2.375,11.25,11.542,18.167,6.625,206.042
2018-11-17,196.042,2.625,11.292,9.792,16.417,6.625,207.333
2018-11-18,196.583,2.833,12.042,11.625,21.75,10.125,208.625
2018-11-19,195.957,3.583,17.0,18.417,31.75,13.333,212.957
2018-11-20,196.917,3.25,12.375,14.875,26.083,11.208,209.292
2018-11-21,197.417,3.625,13.875,17.042,29.167,12.125,211.292
2018-11-22,196.833,3.917,14.458,17.167,31.375,14.208,211.292
2018-11-23,197.792,2.333,12.0,14.182,35.727,21.545,209.792
2018-11-24,197.833,3.083,14.958,21.083,48.625,27.542,212.792
2018-11-25,199.042,3.583,17.5,20.458,40.208,19.75,216.542
2018-11-26,197.625,3.25,14.5,19.375,34.292,14.917,212.125
2018-11-27,197.095,3.522,13.952,18.636,34.955,16.318,211.048
2018-11-28,196.667,3.292,10.417,12.292,18.792,6.5,207.083
2018-11-29,197.167,2.75,10.333,13.0,24.667,11.667,207.5
2018-11-30,196.875,2.667,8.25,13.667,32.083,18.417,205.125
2018-12-01,197.458,2.875,11.167,16.818,37.727,20.909,208.625
2018-12-02,196.958,2.75,10.542,14.333,28.292,13.958,207.5
2018-12-03,197.625,4.0,19.667,23.0,45.333,22.333,217.292
2018-12-04,195.167,3.292,15.375,16.042,28.083,12.042,210.542
2018-12-05,200.826,2.333,8.696,10.083,18.292,8.208,209.522
2018-12-06,200.875,2.5,8.708,14.75,30.25,15.5,209.583
2018-12-07,199.667,2.542,10.833,14.125,30.167,16.042,210.5
2018-12-08,200.917,1.917,9.958,13.917,33.917,20.0,210.875
2018-12-09,201.0,1.542,7.667,14.318,44.182,29.864,208.667
2018-12-10,202.304,1.957,8.609,17.955,48.818,30.864,210.913
2018-12-11,202.0,3.125,12.083,24.25,58.958,34.708,214.083
2018-12-12,201.042,3.25,13.542,25.25,58.583,33.333,214.583
2018-12-13,198.174,3.625,12.87,22.667,53.458,30.792,211.043
2018-12-14,198.0,3.083,9.75,20.125,46.542,26.417,207.75
2018-12-15,198.5,2.792,9.458,19.708,47.833,28.125,207.958
2018-12-16,197.083,2.792,10.042,17.25,38.667,21.417,207.125
2018-12-17,199.958,4.917,14.875,22.318,43.227,20.909,214.833
2018-12-18,197.75,3.792,9.208,14.75,40.917,26.167,206.958
2018-12-19,196.917,3.208,9.167,14.75,41.625,26.875,206.083
2018-12-20,198.458,2.75,7.917,14.708,37.792,23.083,206.375
2018-12-21,198.565,3.375,7.913,16.875,38.083,21.208,206.478
2018-12-22,199.833,4.417,20.792,26.917,56.667,29.75,220.625
2018-12-23,198.375,2.958,13.167,18.625,33.042,14.417,211.542
2018-12-24,196.583,1.125,5.708,10.792,31.458,20.667,202.292
2018-12-25,197.304,2.13,11.913,19.333,55.429,36.095,209.217
2018-12-26,196.958,3.125,17.958,19.083,63.042,43.958,214.917
2018-12-27,196.208,2.583,16.125,14.958,46.708,31.75,212.333
2018-12-28,196.625,2.625,17.542,16.208,45.167,28.958,214.167
2018-12-29,199.87,2.375,17.261,14.958,46.417,31.458,217.13
2018-12-30,199.875,2.167,17.292,16.458,51.083,34.625,217.167
2018-12-31,199.708,2.167,16.333,16.917,55.708,38.792,216.042
