date,HUM_max,HUM_mean,HUM_min,NO2_mean,NOX_mean,NO_mean,SPM_mean,TEMP_max,TEMP_mean,TEMP_min
2011-01-01,69.0,51.75,37.0,16.25,18.0,1.75,17.5,7.2,3.492,0.9
2011-01-02,74.0,54.042,31.0,11.917,12.375,0.458,12.583,11.0,3.825,-1.0
2011-01-03,60.0,40.625,21.0,6.25,6.25,0.0,5.667,9.9,4.383,-0.5
2011-01-04,69.0,50.958,34.0,10.167,10.917,0.75,9.625,8.1,3.033,-1.9
2011-01-05,55.0,37.833,19.0,10.75,12.458,1.708,5.833,8.7,3.671,-1.3
2011-01-06,63.0,45.708,21.0,28.913,45.217,16.304,13.667,10.2,3.708,-2.0
2011-01-07,51.0,38.583,22.0,6.792,6.875,0.083,5.375,8.6,4.617,1.8
2011-01-08,54.0,38.75,24.0,6.875,6.875,0.0,5.667,8.9,4.092,-1.0
2011-01-09,66.0,50.833,33.0,22.375,28.25,5.875,21.875,9.0,3.646,-1.2
2011-01-10,75.0,50.5,33.0,32.957,45.957,13.0,19.957,9.6,4.992,-1.2
2011-01-11,70.0,47.5,26.0,17.625,28.0,10.375,17.958,10.4,4.033,0.0
2011-01-12,49.0,36.0,22.0,17.458,21.042,3.583,8.917,6.9,2.071,-2.5
2011-01-13,63.0,43.708,23.0,32.087,50.348,18.261,15.125,11.1,3.571,-3.3
2011-01-14,56.0,38.333,24.0,13.417,16.708,3.292,10.5,8.1,3.883,-0.4
2011-01-15,56.0,45.792,30.0,21.167,23.458,2.292,14.583,6.6,2.967,-0.6
2011-01-16,47.0,40.625,35.0,22.583,27.833,5.25,22.417,4.7,3.579,2.3
2011-01-17,60.0,46.5,28.0,28.083,37.292,9.208,19.375,7.6,3.575,0.0
2011-01-18,67.0,52.625,33.0,39.5,62.125,22.625,29.042,9.2,2.767,-2.5
2011-01-19,78.0,60.583,39.0,23.625,37.375,13.75,24.667,9.6,4.025,-2.3
2011-01-20,91.0,86.458,78.0,18.0,19.81,1.81,17.174,2.7,1.65,0.5
2011-01-21,90.0,86.542,79.0,14.333,14.583,0.25,13.917,3.2,2.612,2.0
2011-01-22,91.0,81.333,67.0,15.875,20.458,4.583,10.25,8.1,4.804,1.7
2011-01-23,92.0,81.292,58.0,26.0,67.792,41.792,17.75,8.1,3.862,0.3
2011-01-24,88.0,60.583,34.0,21.875,31.792,9.917,12.458,4.8,1.658,-0.7
2011-01-25,87.0,61.542,26.0,26.167,46.917,20.75,20.708,8.6,2.3,-2.7
2011-01-26,84.0,50.125,29.0,21.625,25.917,4.292,11.917,5.5,1.483,-2.1
2011-01-27,78.0,56.917,26.0,27.913,50.435,22.522,16.417,7.3,0.6,-4.6
2011-01-28,74.0,46.875,27.0,18.917,26.833,7.917,16.292,5.7,1.046,-2.8
2011-01-29,48.0,39.167,20.0,8.667,8.667,0.0,7.458,5.8,1.333,-1.0
2011-01-30,67.0,41.917,24.0,25.913,36.043,10.13,9.261,5.8,1.008,-4.0
2011-01-31,66.0,44.792,25.0,27.75,39.333,11.583,13.917,8.6,1.933,-3.6
2011-02-01,70.0,49.625,34.0,23.167,36.542,13.375,13.75,9.6,2.271,-4.3
2011-02-02,52.0,32.083,17.0,7.5,7.792,0.292,7.0,4.7,1.129,-1.8
2011-02-03,71.0,43.875,16.0,34.043,55.739,21.696,13.167,6.5,0.758,-4.9
2011-02-04,70.0,42.292,16.0,26.542,43.417,16.875,16.583,10.4,3.246,-4.2
2011-02-05,69.0,49.625,31.0,15.292,15.292,0.0,16.333,9.6,4.808,-1.6
2011-02-06,88.0,73.708,57.0,33.167,40.0,6.833,47.875,4.5,3.196,0.9
2011-02-07,92.0,86.875,66.0,29.625,41.083,11.458,40.333,9.9,6.971,4.0
2011-02-08,68.0,42.0,31.0,9.167,9.458,0.292,6.792,7.7,5.575,1.8
2011-02-09,60.0,37.042,18.0,16.0,19.958,3.958,6.833,7.7,2.954,-2.2
2011-02-10,73.0,51.792,27.0,35.773,60.409,24.636,19.565,9.6,3.708,-1.8
2011-02-11,78.0,44.333,23.0,13.25,13.958,0.708,10.333,8.9,3.85,-1.9
2011-02-12,60.0,40.542,25.0,9.042,9.083,0.042,9.292,8.4,3.029,-1.8
2011-02-13,55.0,43.208,26.0,29.708,37.333,7.625,21.583,8.5,4.029,-0.4
2011-02-14,90.0,71.667,55.0,29.583,33.5,3.917,35.875,5.9,3.875,2.2
2011-02-15,90.0,64.375,37.0,21.542,32.792,11.25,28.333,10.9,5.9,3.5
2011-02-16,78.0,51.042,38.0,18.917,19.542,0.625,14.042,3.9,2.683,1.1
2011-02-17,86.0,61.167,26.0,18.87,23.348,4.478,19.75,8.3,3.267,0.3
2011-02-18,81.0,41.667,19.0,6.375,6.375,0.0,7.5,5.7,1.654,-1.3
2011-02-19,63.0,41.542,14.0,19.375,23.333,3.958,13.5,7.5,1.454,-4.6
2011-02-20,65.0,45.5,16.0,30.87,37.13,6.261,17.043,10.7,3.962,-3.1
2011-02-21,65.0,38.875,15.0,35.375,47.833,12.458,21.083,13.2,6.533,-1.1
2011-02-22,66.0,50.708,39.0,20.417,21.958,1.542,23.458,10.5,7.329,4.6
2011-02-23,89.0,79.75,46.0,23.708,30.125,6.417,33.958,10.7,6.912,4.1
2011-02-24,72.0,43.458,26.0,13.826,13.826,0.0,24.667,14.8,10.692,7.0
2011-02-25,90.0,80.667,72.0,15.208,15.333,0.125,15.833,7.7,5.162,2.7
2011-02-26,72.0,51.083,32.0,9.75,9.792,0.042,9.75,8.7,5.196,3.0
2011-02-27,42.0,31.5,22.0,4.542,4.542,0.0,9.625,7.7,3.775,0.7
2011-02-28,55.0,40.75,28.0,16.708,17.5,0.792,9.5,6.4,3.058,-1.0
2011-03-01,91.0,75.292,47.0,31.875,54.708,22.833,26.25,11.1,6.258,1.5
2011-03-02,90.0,87.208,82.0,23.478,40.217,16.739,24.083,7.1,5.375,3.5
2011-03-03,90.0,61.667,43.0,10.208,10.417,0.208,12.375,12.0,7.112,3.3
2011-03-04,88.0,60.542,50.0,7.667,7.667,0.0,17.333,6.6,5.108,2.2
2011-03-05,93.0,90.917,89.0,21.652,29.739,8.087,14.273,7.2,4.233,1.1
2011-03-06,93.0,84.167,62.0,26.875,51.417,24.542,26.25,16.7,10.671,6.3
2011-03-07,92.0,61.958,35.0,16.667,19.167,2.5,31.125,15.1,12.525,10.5
2011-03-08,74.0,61.917,49.0,16.417,17.333,0.917,21.0,10.2,9.258,7.9
2011-03-09,89.0,85.5,67.0,20.565,21.696,1.13,16.375,9.0,6.621,4.8
2011-03-10,88.0,76.833,65.0,9.125,9.125,0.0,5.0,7.7,5.088,2.6
2011-03-11,84.0,67.542,46.0,12.792,13.0,0.208,10.458,11.2,6.362,2.7
2011-03-12,63.0,40.625,21.0,8.304,9.043,0.739,6.609,11.4,6.05,2.3
2011-03-13,62.0,38.917,20.0,9.333,9.875,0.542,6.833,10.5,5.512,1.4
2011-03-14,77.0,47.5,28.0,21.25,22.542,1.292,12.5,11.2,6.258,1.4
2011-03-15,85.0,48.542,22.0,15.583,21.833,6.25,17.25,12.2,6.008,1.1
2011-03-16,67.0,41.375,22.0,22.391,23.565,1.174,18.25,11.2,6.908,1.8
2011-03-17,87.0,75.417,55.0,33.833,35.583,1.75,38.167,8.1,6.121,3.9
2011-03-18,92.0,85.667,74.0,24.208,36.125,11.917,40.5,11.2,8.492,4.9
2011-03-19,92.0,40.458,21.0,9.333,9.458,0.125,9.625,10.6,7.696,4.7
2011-03-20,55.0,36.083,21.0,13.708,13.708,0.0,15.0,12.4,7.633,2.8
2011-03-21,45.0,30.583,18.0,6.0,6.0,0.0,10.167,11.8,6.958,3.5
2011-03-22,61.0,43.542,26.0,43.458,61.083,17.625,28.333,14.1,7.662,1.2
2011-03-23,92.0,70.625,46.0,36.227,39.909,3.682,37.609,11.7,8.508,6.7
2011-03-24,91.0,73.958,36.0,17.667,21.083,3.417,13.375,12.2,7.525,4.8
2011-03-25,82.0,46.708,15.0,10.458,12.458,2.0,8.333,14.1,7.567,1.5
2011-03-26,60.0,36.917,19.0,11.875,13.333,1.458,9.083,11.0,6.621,1.4
2011-03-27,75.0,44.625,20.0,19.167,21.0,1.833,13.75,15.1,8.238,0.8
2011-03-28,76.0,48.292,23.0,18.5,23.542,5.042,25.583,16.9,9.45,3.0
2011-03-29,60.0,38.542,13.0,14.25,16.125,1.875,16.125,18.3,11.254,5.1
2011-03-30,69.0,54.708,36.0,25.739,38.435,12.696,27.083,20.0,13.171,7.5
2011-03-31,88.0,57.125,42.0,3.083,3.083,0.0,20.458,18.9,13.342,6.8
2011-04-01,73.0,49.875,24.0,19.25,21.333,2.083,18.667,17.4,10.188,3.2
2011-04-02,78.0,46.333,20.0,20.667,24.333,3.667,27.292,19.2,12.025,5.5
2011-04-03,67.0,42.25,28.0,9.458,9.458,0.0,11.917,9.4,7.371,5.3
2011-04-04,47.0,28.75,9.0,6.042,6.042,0.0,9.625,14.4,8.596,4.4
2011-04-05,61.0,32.625,15.0,22.875,24.542,1.667,16.625,17.6,9.608,0.8
2011-04-06,67.0,38.667,10.0,25.348,29.304,3.957,21.417,20.7,12.854,4.0
2011-04-07,70.0,48.792,28.0,23.783,26.478,2.696,24.565,21.3,14.654,7.8
2011-04-08,60.0,49.792,41.0,5.375,5.75,0.375,14.292,20.0,17.404,14.6
2011-04-09,92.0,77.667,50.0,10.708,11.458,0.75,28.739,18.0,15.3,12.2
2011-04-10,89.0,59.75,37.0,9.042,9.375,0.333,22.958,18.7,14.033,10.0
2011-04-11,86.0,65.708,33.0,15.583,17.375,1.792,27.333,20.4,12.925,8.5
2011-04-12,55.0,30.083,14.0,6.625,6.958,0.333,17.083,15.4,10.642,6.5
2011-04-13,61.0,38.875,16.0,22.565,23.826,1.261,23.625,22.1,13.358,4.0
2011-04-14,64.0,38.0,16.0,27.542,29.333,1.792,30.375,24.1,16.525,8.2
2011-04-15,72.0,50.625,29.0,21.0,24.174,3.174,33.652,24.4,17.958,10.6
2011-04-16,83.0,50.833,27.0,6.333,6.875,0.542,21.75,26.9,18.258,11.3
2011-04-17,66.0,40.042,24.0,6.083,6.083,0.0,15.0,19.7,13.696,8.3
2011-04-18,74.0,56.5,42.0,12.208,12.625,0.417,16.875,17.7,14.592,11.6
2011-04-19,93.0,83.833,73.0,11.125,11.625,0.5,11.542,12.2,9.188,5.3
2011-04-20,88.0,63.417,34.0,19.13,28.826,9.696,12.333,17.4,10.1,3.4
2011-04-21,81.0,67.0,53.0,16.75,18.542,1.792,16.208,15.8,11.521,8.6
2011-04-22,84.0,66.667,44.0,16.417,17.417,1.0,28.25,19.1,15.133,10.8
2011-04-23,93.0,84.292,73.0,7.708,7.833,0.125,17.417,18.3,16.525,14.5
2011-04-24,80.0,50.375,30.0,5.542,5.542,0.0,11.522,21.2,15.646,10.9
2011-04-25,86.0,54.625,24.0,14.739,16.696,1.957,16.304,19.4,13.546,9.0
2011-04-26,72.0,49.333,28.0,20.75,23.458,2.708,18.625,20.8,14.042,7.1
2011-04-27,88.0,63.292,43.0,10.609,11.696,1.087,37.542,25.7,18.142,9.6
2011-04-28,88.0,54.667,30.0,6.708,6.792,0.083,16.75,25.5,19.296,12.5
2011-04-29,76.0,47.583,34.0,10.208,10.333,0.125,13.625,18.6,14.996,11.4
2011-04-30,84.0,57.083,33.0,13.917,14.833,0.917,24.958,23.6,16.8,9.9
2011-05-01,93.0,69.083,41.0,11.125,11.125,0.0,24.458,21.6,17.321,14.3
2011-05-02,94.0,43.583,20.0,10.083,11.625,1.542,83.875,24.5,18.762,12.2
2011-05-03,91.0,63.708,39.0,9.667,9.667,0.0,54.542,18.5,15.038,12.3
2011-05-04,93.0,63.292,29.0,8.304,8.565,0.261,26.5,23.6,17.217,12.2
2011-05-05,77.0,65.667,55.0,5.25,5.25,0.0,19.917,16.0,14.421,12.8
2011-05-06,82.0,68.208,54.0,11.478,11.696,0.217,20.696,19.2,15.292,12.0
2011-05-07,95.0,87.958,81.0,20.042,23.125,3.083,38.292,17.9,15.525,14.3
2011-05-08,95.0,55.375,22.0,9.708,11.0,1.292,34.417,28.4,20.429,13.0
2011-05-09,74.0,48.167,27.0,16.417,17.917,1.5,25.292,24.9,19.55,13.6
2011-05-10,91.0,69.958,44.0,26.375,28.75,2.375,36.208,28.6,20.75,17.0
2011-05-11,94.0,89.875,82.0,18.609,19.304,0.696,17.5,16.7,14.725,13.7
2011-05-12,95.0,91.125,82.0,13.667,14.375,0.708,18.458,16.4,15.333,13.7
2011-05-13,94.0,81.292,58.0,18.542,25.667,7.125,29.542,25.5,19.4,15.3
2011-05-14,88.0,49.708,21.0,12.958,14.25,1.292,48.333,25.5,19.962,12.9
2011-05-15,55.0,33.667,15.0,6.333,6.583,0.25,20.917,26.6,20.046,12.4
2011-05-16,67.0,46.583,29.0,15.783,18.913,3.13,28.826,24.8,19.521,13.7
2011-05-17,88.0,68.0,49.0,20.542,22.542,2.0,40.875,21.9,17.654,15.0
2011-05-18,89.0,60.625,31.0,19.0,20.435,1.435,39.5,25.3,19.312,13.5
2011-05-19,91.0,55.458,26.0,20.125,22.208,2.083,39.667,27.5,21.038,13.7
2011-05-20,81.0,56.25,32.0,24.958,29.042,4.083,42.042,29.9,22.721,16.0
2011-05-21,85.0,62.417,37.0,16.458,18.375,1.917,41.125,30.5,23.575,17.4
2011-05-22,94.0,80.083,48.0,10.792,11.667,0.875,31.333,29.4,19.704,15.0
2011-05-23,89.0,75.042,63.0,11.458,11.875,0.417,13.667,17.3,15.233,12.5
2011-05-24,93.0,78.625,52.0,14.957,15.783,0.826,11.913,19.0,14.408,11.9
2011-05-25,92.0,58.708,27.0,17.652,25.522,7.87,16.917,25.7,18.979,11.5
2011-05-26,92.0,75.083,53.0,18.042,18.833,0.792,25.583,21.4,18.379,16.0
2011-05-27,95.0,80.917,60.0,22.125,24.875,2.75,29.542,20.6,18.029,16.6
2011-05-28,95.0,94.0,92.0,15.458,16.042,0.583,31.333,18.8,17.792,16.5
2011-05-29,96.0,94.708,93.0,7.458,7.792,0.333,10.917,19.1,18.012,16.7
2011-05-30,96.0,72.583,51.0,5.292,5.708,0.417,10.333,22.2,17.633,15.7
2011-05-31,66.0,57.375,48.0,6.125,6.917,0.792,16.417,19.8,15.825,12.3
2011-06-01,77.0,58.958,46.0,13.478,14.957,1.478,33.333,19.1,15.454,11.9
2011-06-02,95.0,89.75,75.0,24.333,29.375,5.042,44.083,15.8,14.567,13.5
2011-06-03,94.0,70.583,46.0,22.174,26.435,4.261,32.87,26.0,19.85,13.8
2011-06-04,92.0,68.375,35.0,13.625,14.958,1.333,40.875,28.3,22.321,17.0
2011-06-05,95.0,75.792,56.0,11.042,11.458,0.417,53.917,26.9,21.988,17.8
2011-06-06,94.0,61.042,23.0,9.042,9.458,0.417,33.5,30.7,23.129,16.8
2011-06-07,85.0,67.708,50.0,16.167,17.917,1.75,38.792,25.5,21.738,18.8
2011-06-08,86.0,74.083,58.0,16.261,17.348,1.087,18.292,23.3,20.208,18.3
2011-06-09,88.0,68.167,45.0,18.625,20.292,1.667,23.75,26.6,22.042,17.7
2011-06-10,90.0,74.708,57.0,15.333,16.292,0.958,29.458,27.2,23.262,19.7
2011-06-11,96.0,79.958,54.0,14.958,15.5,0.542,36.5,27.0,22.808,21.2
2011-06-12,86.0,69.667,47.0,13.333,13.75,0.417,36.875,26.9,23.442,20.7
2011-06-13,95.0,77.833,62.0,23.792,25.333,1.542,31.833,25.1,21.925,18.2
2011-06-14,88.0,73.792,55.0,21.304,22.565,1.261,27.261,25.4,22.188,20.0
2011-06-15,74.0,55.583,43.0,19.391,20.043,0.652,12.917,24.5,21.642,19.5
2011-06-16,93.0,77.125,59.0,26.042,31.542,5.5,23.083,24.5,20.567,17.3
2011-06-17,95.0,90.375,83.0,11.292,11.458,0.167,14.0,20.8,18.925,17.3
2011-06-18,94.0,82.917,67.0,19.833,21.25,1.417,21.25,22.7,20.183,18.7
2011-06-19,94.0,75.417,53.0,9.542,9.667,0.125,30.083,26.7,22.275,19.1
2011-06-20,87.0,74.833,55.0,15.958,16.708,0.75,24.5,27.9,24.383,21.0
2011-06-21,93.0,73.458,50.0,16.042,21.708,5.667,13.5,31.5,25.829,22.5
2011-06-22,92.0,62.083,31.0,28.0,32.609,4.609,30.667,35.2,28.733,21.3
2011-06-23,87.0,68.875,48.0,16.958,19.792,2.833,35.208,34.8,28.733,25.0
2011-06-24,71.0,59.5,43.0,8.591,10.045,1.455,22.636,35.7,30.371,26.7
2011-06-25,91.0,75.125,61.0,11.417,13.333,1.917,19.292,27.2,24.017,20.4
2011-06-26,93.0,85.25,76.0,7.458,7.583,0.125,25.917,22.9,21.179,19.8
2011-06-27,90.0,87.75,85.0,18.292,20.458,2.167,29.875,22.8,21.825,20.7
2011-06-28,94.0,70.333,46.0,26.125,34.0,7.875,44.792,34.8,27.883,22.1
2011-06-29,87.0,62.333,44.0,16.261,17.087,0.826,36.792,36.0,30.225,24.8
2011-06-30,92.0,71.75,42.0,18.375,20.083,1.708,34.75,33.8,27.917,24.5
2011-07-01,95.0,71.458,36.0,17.042,19.958,2.917,39.958,34.7,27.854,23.8
2011-07-02,87.0,76.625,59.0,7.5,7.583,0.083,53.167,30.0,26.533,24.3
2011-07-03,90.0,68.792,52.0,8.333,8.708,0.375,28.792,32.9,28.262,23.4
2011-07-04,80.0,65.125,47.0,7.917,9.042,1.125,43.0,35.9,30.017,25.7
2011-07-05,92.0,72.208,42.0,12.783,13.217,0.435,27.739,34.5,27.904,24.8
2011-07-06,79.0,59.958,42.0,14.913,16.087,1.174,32.125,33.8,28.279,24.2
2011-07-07,94.0,74.292,60.0,13.75,14.625,0.875,26.083,29.7,26.571,23.0
2011-07-08,94.0,73.125,50.0,21.458,31.0,9.542,31.208,33.0,28.617,24.3
2011-07-09,84.0,66.75,51.0,19.917,32.583,12.667,32.458,35.0,30.429,27.0
2011-07-10,81.0,60.667,39.0,7.708,8.208,0.5,18.833,36.3,30.558,26.3
2011-07-11,82.0,61.833,40.0,11.167,12.083,0.917,18.75,36.0,30.271,25.4
2011-07-12,85.0,64.458,46.0,9.042,11.292,2.25,16.125,35.0,29.792,26.0
2011-07-13,80.0,63.208,44.0,10.87,14.304,3.435,17.917,34.8,29.629,26.1
2011-07-14,78.0,57.0,37.0,12.833,16.167,3.333,17.0,36.2,30.308,25.7
2011-07-15,79.0,55.583,30.0,16.87,20.783,3.913,21.417,37.7,30.904,25.0
2011-07-16,84.0,61.25,36.0,8.208,10.25,2.042,22.583,36.0,30.246,26.0
2011-07-17,81.0,60.083,38.0,5.458,7.167,1.708,22.083,37.7,30.688,25.5
2011-07-18,78.0,62.833,39.0,4.458,6.667,2.208,19.917,36.2,30.796,26.9
2011-07-19,97.0,84.75,76.0,7.333,12.875,5.542,28.0,29.0,27.329,25.0
2011-07-20,94.0,83.083,72.0,6.75,9.375,2.625,26.958,30.2,25.896,20.8
2011-07-21,79.0,67.0,55.0,5.417,6.417,1.0,14.542,23.2,20.779,18.8
2011-07-22,72.0,59.625,48.0,9.13,10.826,1.696,13.625,25.3,21.167,17.9
2011-07-23,75.0,64.5,55.0,7.25,8.042,0.792,12.042,28.2,23.6,19.0
2011-07-24,86.0,68.833,52.0,8.667,10.333,1.667,16.875,30.2,26.058,21.2
2011-07-25,85.0,67.125,44.0,10.348,12.043,1.696,23.174,32.8,27.95,24.2
2011-07-26,81.0,69.292,55.0,14.167,17.125,2.958,15.542,31.2,27.304,23.7
2011-07-27,84.0,71.208,54.0,28.667,34.083,5.417,26.917,32.0,27.862,24.8
2011-07-28,94.0,82.125,62.0,19.0,20.792,1.792,29.083,30.2,26.042,23.7
2011-07-29,96.0,84.583,65.0,22.435,27.304,4.87,31.625,29.1,25.617,23.6
2011-07-30,96.0,81.792,57.0,9.125,10.792,1.667,16.792,29.3,25.475,22.9
2011-07-31,93.0,84.833,76.0,4.292,5.667,1.375,22.208,24.0,23.083,22.0
2011-08-01,89.0,74.792,60.0,9.292,11.25,1.958,24.417,27.0,24.15,21.9
2011-08-02,88.0,74.542,58.0,14.625,17.208,2.583,31.25,28.1,25.1,21.8
2011-08-03,96.0,81.208,60.0,16.13,21.609,5.478,25.609,29.3,25.725,23.6
2011-08-04,97.0,85.667,68.0,11.25,16.833,5.583,23.417,28.4,25.754,23.9
2011-08-05,96.0,77.875,55.0,10.043,15.348,5.304,16.25,32.7,27.825,24.5
2011-08-06,94.0,75.333,46.0,12.458,16.042,3.583,24.25,35.0,28.729,25.8
2011-08-07,90.0,75.25,48.0,9.042,10.75,1.708,23.625,34.4,28.204,25.0
2011-08-08,93.0,70.875,47.0,14.583,17.458,2.875,32.167,35.3,29.15,23.9
2011-08-09,85.0,66.292,43.0,15.375,17.333,1.958,34.208,36.9,30.654,26.1
2011-08-10,85.0,65.833,44.0,16.208,18.833,2.625,43.167,37.4,31.6,27.0
2011-08-11,89.0,67.875,45.0,18.292,21.333,3.042,48.958,36.2,30.938,27.3
2011-08-12,93.0,66.125,29.0,14.957,16.522,1.565,45.625,37.2,30.65,27.4
2011-08-13,81.0,66.125,46.0,9.375,10.375,1.0,53.542,34.4,30.204,26.7
2011-08-14,87.0,67.75,46.0,6.417,7.458,1.042,52.417,36.0,30.529,26.9
2011-08-15,78.0,62.708,43.0,7.957,9.087,1.13,30.348,35.8,30.558,26.6
2011-08-16,82.0,64.25,45.0,7.917,9.083,1.167,38.833,36.0,31.112,26.9
2011-08-17,83.0,60.667,43.0,9.958,11.042,1.083,35.708,36.3,31.621,26.7
2011-08-18,85.0,62.083,40.0,15.167,17.208,2.042,47.958,37.8,32.433,27.8
2011-08-19,98.0,89.667,75.0,10.826,12.391,1.565,18.042,28.4,24.279,21.3
2011-08-20,94.0,80.583,61.0,8.5,9.0,0.5,14.25,25.7,23.217,21.5
2011-08-21,95.0,91.708,87.0,5.125,5.167,0.042,9.917,22.7,20.346,19.0
2011-08-22,99.0,91.458,79.0,12.333,13.625,1.292,13.083,23.0,21.121,19.4
2011-08-23,97.0,87.292,68.0,18.625,21.125,2.5,33.875,28.4,24.062,21.5
2011-08-24,98.0,78.292,56.0,15.35,21.6,6.25,34.087,33.4,27.254,22.2
2011-08-25,95.0,88.083,72.0,12.708,23.0,10.292,11.917,28.6,25.875,24.6
2011-08-26,98.0,86.25,56.0,12.391,25.0,12.609,27.083,31.4,25.35,22.8
2011-08-27,99.0,83.792,68.0,10.375,11.042,0.667,15.667,27.3,24.096,22.2
2011-08-28,92.0,70.083,52.0,7.125,7.333,0.208,16.25,30.3,25.717,21.2
2011-08-29,91.0,70.458,50.0,9.25,10.333,1.083,16.208,30.9,26.033,22.3
2011-08-30,97.0,67.75,42.0,10.333,11.917,1.583,15.667,31.7,26.233,21.9
2011-08-31,97.0,81.125,61.0,12.875,15.583,2.708,22.667,30.0,25.825,21.5
2011-09-01,96.0,79.542,53.0,10.0,15.435,5.435,22.217,32.3,28.258,25.4
2011-09-02,97.0,78.125,57.0,8.913,13.478,4.565,23.417,32.7,28.671,25.0
2011-09-03,84.0,72.5,63.0,6.417,7.458,1.042,25.083,30.9,28.692,26.3
2011-09-04,83.0,73.792,55.0,6.958,8.0,1.042,20.958,30.9,27.588,25.4
2011-09-05,96.0,87.792,72.0,19.25,24.208,4.958,18.458,28.1,24.975,22.8
2011-09-06,95.0,71.958,42.0,12.125,12.625,0.5,10.458,29.0,24.342,21.5
2011-09-07,88.0,62.042,26.0,14.375,14.875,0.5,18.583,31.1,25.012,20.7
2011-09-08,90.0,66.458,40.0,17.167,18.792,1.625,30.292,31.9,25.667,20.2
2011-09-09,87.0,69.0,51.0,16.565,17.609,1.043,31.875,32.6,27.554,22.4
2011-09-10,87.0,68.958,46.0,12.583,13.0,0.417,38.333,34.5,28.829,24.8
2011-09-11,92.0,72.792,51.0,9.333,10.542,1.208,18.167,32.4,28.154,25.4
2011-09-12,90.0,67.292,44.0,9.833,13.542,3.708,14.833,33.6,28.308,23.7
2011-09-13,91.0,68.667,42.0,10.391,14.087,3.696,19.783,34.4,28.438,24.3
2011-09-14,89.0,69.625,46.0,13.375,18.292,4.917,27.208,34.7,28.271,24.2
2011-09-15,89.0,67.125,42.0,9.375,12.0,2.625,15.708,33.6,28.592,24.9
2011-09-16,88.0,68.75,47.0,7.652,10.348,2.696,11.542,32.9,28.608,25.4
2011-09-17,93.0,74.292,57.0,5.542,7.792,2.25,15.0,31.8,28.288,25.1
2011-09-18,83.0,65.25,43.0,4.375,4.75,0.375,12.75,33.8,28.988,25.7
2011-09-19,92.0,75.417,55.0,7.208,9.417,2.208,22.875,32.3,25.85,19.4
2011-09-20,95.0,93.125,90.0,13.708,15.583,1.875,9.417,19.8,19.058,17.5
2011-09-21,99.0,90.458,71.0,10.913,13.174,2.261,12.043,26.0,21.004,17.0
2011-09-22,92.0,76.458,52.0,12.708,17.5,4.792,9.833,27.7,22.421,18.5
2011-09-23,90.0,73.167,47.0,13.652,14.435,0.783,10.958,22.3,19.188,16.6
2011-09-24,90.0,59.042,37.0,12.625,13.625,1.0,10.333,24.5,19.762,14.3
2011-09-25,81.0,63.333,42.0,11.167,11.5,0.333,14.333,24.0,19.808,16.8
2011-09-26,85.0,76.708,66.0,22.708,27.167,4.458,25.333,19.7,17.858,15.9
2011-09-27,83.0,65.75,46.0,15.833,19.292,3.458,17.458,24.3,19.729,16.7
2011-09-28,86.0,63.875,40.0,18.292,22.125,3.833,20.958,24.3,19.446,14.6
2011-09-29,82.0,62.208,39.0,18.625,19.917,1.292,26.0,26.6,20.929,14.6
2011-09-30,91.0,68.458,52.0,25.826,27.913,2.087,47.667,26.8,22.188,17.0
2011-10-01,63.0,47.75,36.0,8.125,8.125,0.0,10.542,24.8,21.996,18.3
2011-10-02,68.0,56.667,43.0,6.167,6.167,0.0,19.0,19.4,18.058,17.0
2011-10-03,53.0,40.75,25.0,7.304,7.435,0.13,7.13,22.2,17.688,14.6
2011-10-04,61.0,47.417,28.0,17.417,18.458,1.042,10.75,23.0,17.712,12.4
2011-10-05,96.0,85.0,58.0,19.625,20.208,0.583,24.167,17.5,14.996,13.7
2011-10-06,96.0,76.083,50.0,15.208,16.333,1.125,10.917,25.4,20.258,15.1
2011-10-07,79.0,47.042,28.0,7.348,7.348,0.0,16.667,24.8,19.808,16.1
2011-10-08,67.0,49.542,27.0,21.125,22.0,0.875,25.667,23.4,18.621,13.4
2011-10-09,89.0,64.542,48.0,14.042,14.042,0.0,35.417,23.1,19.225,15.6
2011-10-10,95.0,73.917,45.0,13.583,13.583,0.0,42.542,25.8,20.317,16.7
2011-10-11,90.0,66.875,36.0,18.625,22.667,4.042,42.25,24.0,19.729,15.6
2011-10-12,80.0,62.25,35.0,16.833,17.583,0.75,39.292,23.8,19.717,16.4
2011-10-13,83.0,65.583,55.0,22.0,23.696,1.696,52.609,21.5,18.446,15.2
2011-10-14,90.0,71.167,52.0,19.783,25.174,5.391,46.708,24.8,19.946,14.6
2011-10-15,94.0,87.125,79.0,17.542,19.583,2.042,42.625,23.9,20.9,18.9
2011-10-16,95.0,73.292,35.0,9.292,10.167,0.875,23.292,29.7,23.4,18.7
2011-10-17,86.0,65.917,52.0,18.5,19.542,1.042,30.125,24.5,20.65,16.7
2011-10-18,75.0,59.208,49.0,11.875,12.208,0.333,15.292,21.6,18.717,15.6
2011-10-19,80.0,66.75,60.0,19.25,20.417,1.167,18.458,16.4,14.829,13.5
2011-10-20,81.0,65.167,55.0,18.261,19.522,1.261,25.478,20.1,17.017,13.7
2011-10-21,95.0,77.5,62.0,15.478,19.522,4.043,23.917,20.9,17.588,15.5
2011-10-22,96.0,93.417,87.0,16.958,21.042,4.083,20.708,19.8,17.625,15.5
2011-10-23,95.0,83.125,66.0,13.75,15.917,2.167,21.833,24.9,21.812,18.8
2011-10-24,91.0,78.833,67.0,13.565,13.826,0.261,18.6,21.6,20.067,18.8
2011-10-25,92.0,67.417,44.0,12.583,13.833,1.25,17.4,25.4,20.712,17.0
2011-10-26,55.0,43.458,33.0,5.167,5.417,0.25,6.667,19.5,15.412,11.7
2011-10-27,79.0,54.833,33.0,19.625,23.583,3.958,17.333,18.5,13.392,8.1
2011-10-28,85.0,66.792,42.0,21.087,25.87,4.783,25.625,19.2,13.438,7.7
2011-10-29,86.0,67.792,42.0,16.25,17.667,1.417,28.25,20.7,14.825,9.6
2011-10-30,87.0,70.833,54.0,11.75,11.833,0.083,44.583,18.9,15.621,12.0
2011-10-31,87.0,61.5,41.0,12.458,14.333,1.875,17.583,23.0,17.946,13.5
2011-11-01,83.0,57.667,25.0,22.292,27.083,4.792,16.625,21.6,16.262,11.9
2011-11-02,89.0,69.875,43.0,32.696,45.043,12.348,36.696,21.8,15.4,9.1
2011-11-03,91.0,72.208,55.0,33.292,40.792,7.5,68.792,19.8,16.125,13.0
2011-11-04,94.0,76.833,51.0,23.13,38.0,14.87,41.5,21.9,16.533,11.0
2011-11-05,94.0,80.167,63.0,30.333,41.083,10.75,82.583,20.7,16.942,12.3
2011-11-06,95.0,90.292,81.0,18.333,18.833,0.5,101.292,18.3,17.208,16.3
2011-11-07,93.0,73.5,50.0,16.375,20.333,3.958,12.375,22.8,17.938,14.5
2011-11-08,85.0,67.125,52.0,17.125,18.25,1.125,8.792,17.7,14.742,12.6
2011-11-09,78.0,60.042,43.0,22.542,27.667,5.125,14.75,15.7,12.588,8.8
2011-11-10,84.0,65.5,47.0,21.125,33.583,12.458,19.125,16.6,12.983,9.5
2011-11-11,95.0,86.083,69.0,23.182,28.773,5.591,28.087,12.3,11.358,10.7
2011-11-12,94.0,80.208,53.0,20.25,26.542,6.292,14.75,20.7,15.233,11.0
2011-11-13,94.0,75.583,54.0,19.208,23.0,3.792,33.292,20.6,16.337,12.0
2011-11-14,85.0,64.083,45.0,14.792,16.542,1.75,24.333,20.6,16.371,13.0
2011-11-15,89.0,60.083,34.0,12.875,14.792,1.917,13.958,16.7,12.804,9.6
2011-11-16,69.0,51.792,32.0,15.458,24.333,8.875,9.625,14.9,10.238,6.5
2011-11-17,75.0,46.292,25.0,18.542,22.583,4.042,14.458,17.9,12.1,6.2
2011-11-18,80.0,59.667,47.0,28.391,39.826,11.435,29.333,13.4,10.967,8.7
2011-11-19,95.0,90.292,80.0,26.208,48.583,22.375,43.917,13.8,11.283,9.5
2011-11-20,96.0,73.417,47.0,13.917,27.542,13.625,21.25,21.3,15.508,11.6
2011-11-21,72.0,51.917,29.0,15.458,17.75,2.292,4.792,15.6,10.817,5.7
2011-11-22,83.0,56.0,26.0,24.682,42.091,17.409,10.783,14.7,8.7,2.8
2011-11-23,77.0,63.0,42.0,28.083,36.375,8.292,30.208,15.2,10.333,5.4
2011-11-24,89.0,57.208,23.0,19.625,29.917,10.292,24.917,17.7,10.396,5.4
2011-11-25,74.0,48.0,28.0,14.0,18.174,4.174,5.708,15.5,9.117,3.3
2011-11-26,70.0,50.125,31.0,22.0,32.417,10.417,17.125,13.4,8.538,5.4
2011-11-27,85.0,65.0,43.0,23.417,28.167,4.75,33.417,13.2,7.796,3.1
2011-11-28,86.0,71.917,51.0,32.417,84.792,52.375,53.875,13.3,9.262,5.4
2011-11-29,85.0,66.375,38.0,38.333,104.667,66.333,52.875,16.9,11.788,8.9
2011-11-30,90.0,75.958,49.0,21.792,58.5,36.708,37.75,19.1,12.571,6.9
2011-12-01,90.0,81.292,70.0,14.958,15.583,0.625,8.375,9.5,6.85,5.5
2011-12-02,88.0,76.083,57.0,14.714,15.524,0.81,8.783,6.3,5.042,3.2
2011-12-03,96.0,92.417,87.0,19.792,30.583,10.792,12.667,13.7,9.796,5.5
2011-12-04,94.0,48.708,33.0,6.667,7.417,0.75,4.833,15.2,11.833,7.5
2011-12-05,83.0,53.708,35.0,15.708,29.917,14.208,6.292,15.4,9.112,4.3
2011-12-06,85.0,61.875,42.0,25.25,29.125,3.875,18.542,8.7,6.738,5.1
2011-12-07,80.0,69.25,48.0,31.708,46.625,14.917,32.25,11.9,7.758,4.3
2011-12-08,90.0,81.417,69.0,24.542,43.208,18.667,37.5,7.5,6.108,4.5
2011-12-09,89.0,74.75,55.0,18.87,22.261,3.391,9.958,6.6,4.029,1.2
2011-12-10,78.0,59.708,31.0,26.5,41.292,14.792,12.375,11.1,4.375,-1.3
2011-12-11,87.0,60.167,23.0,25.417,41.042,15.625,19.25,13.7,5.758,-0.7
2011-12-12,85.0,66.167,36.0,34.636,69.182,34.545,20.818,14.2,6.542,0.2
2011-12-13,82.0,54.417,33.0,25.792,32.208,6.417,10.708,12.9,8.312,3.6
2011-12-14,82.0,61.708,53.0,31.333,43.125,11.792,25.458,8.9,6.638,3.9
2011-12-15,90.0,67.476,34.0,31.65,79.55,47.9,27.1,15.0,7.119,1.5
2011-12-16,62.0,48.292,32.0,17.174,21.043,3.87,10.417,12.7,7.983,3.2
2011-12-17,68.0,48.417,23.0,17.5,18.625,1.125,8.083,9.5,3.708,-0.4
2011-12-18,76.0,54.292,29.0,21.625,34.125,12.5,15.542,11.4,4.321,-1.8
2011-12-19,79.0,62.25,38.0,26.917,48.458,21.542,19.458,9.0,3.725,0.2
2011-12-20,69.0,48.958,29.0,17.958,19.708,1.75,7.417,10.1,5.008,1.2
2011-12-21,71.0,59.542,42.0,32.478,53.783,21.304,26.174,7.3,3.2,-0.1
2011-12-22,84.0,70.625,58.0,32.667,68.417,35.75,44.167,6.6,2.717,0.2
2011-12-23,82.0,39.625,25.0,5.0,5.261,0.261,5.75,8.1,4.733,1.4
2011-12-24,69.0,46.083,30.0,23.625,33.667,10.042,13.292,8.6,3.4,-0.3
2011-12-25,70.0,45.292,26.0,10.5,12.75,2.25,7.0,7.7,3.492,-0.4
2011-12-26,68.0,44.292,19.0,15.583,21.542,5.958,7.25,8.1,2.604,-1.6
2011-12-27,69.0,43.625,22.0,17.958,24.25,6.292,7.208,8.7,2.65,-3.1
2011-12-28,52.0,40.625,27.0,20.167,23.417,3.25,10.542,9.0,4.2,0.6
2011-12-29,64.0,50.792,36.0,29.667,37.167,7.5,25.25,9.3,4.096,-0.8
2011-12-30,55.0,37.875,21.0,5.174,5.174,0.0,6.417,8.8,4.617,0.9
2011-12-31,57.0,42.167,26.0,8.875,9.0,0.125,11.875,10.0,4.354,-0.3
2012-01-01,76.0,55.125,26.0,19.5,22.75,3.25,13.5,10.0,3.492,-1.6
2012-01-02,82.0,52.375,22.0,15.625,20.708,5.083,16.25,14.7,6.062,-1.8
2012-01-03,57.0,35.292,25.0,4.292,5.208,0.917,4.917,6.5,4.008,0.0
2012-01-04,60.0,38.375,19.0,6.174,7.348,1.174,4.217,6.0,1.25,-2.7
2012-01-05,65.0,47.667,34.0,18.542,22.333,3.792,13.25,4.7,0.679,-2.2
2012-01-06,74.0,50.25,27.0,15.5,21.083,5.583,11.625,10.3,2.646,-4.5
2012-01-07,65.0,47.833,28.0,28.0,43.792,15.792,15.625,8.1,3.458,0.0
2012-01-08,82.0,60.208,36.0,32.917,48.625,15.708,27.167,10.7,4.179,-2.2
2012-01-09,81.0,65.833,49.0,33.167,47.833,14.667,30.5,9.4,5.129,2.8
2012-01-10,68.0,42.542,26.0,17.0,18.792,1.792,6.875,7.7,3.692,0.9
2012-01-11,53.0,40.083,25.0,14.696,15.522,0.826,8.957,8.0,3.121,-0.7
2012-01-12,62.0,47.958,33.0,31.292,36.667,5.375,29.292,7.9,2.246,-1.9
2012-01-13,74.0,48.833,21.0,37.958,56.458,18.5,30.583,13.8,5.546,-2.5
2012-01-14,91.0,80.583,56.0,11.625,11.792,0.167,20.5,6.5,2.521,0.1
2012-01-15,74.0,52.542,36.0,6.583,8.0,1.417,8.917,6.2,3.225,0.8
2012-01-16,83.0,59.75,38.0,35.875,65.167,29.292,21.458,5.7,2.008,-1.3
2012-01-17,86.0,57.5,34.0,25.25,52.75,27.5,16.958,7.5,2.033,-3.3
2012-01-18,64.0,39.875,22.0,12.25,13.708,1.458,6.042,5.4,1.738,-2.2
2012-01-19,66.0,43.25,22.0,27.0,34.083,7.083,13.125,9.9,3.558,-2.7
2012-01-20,77.0,48.583,29.0,9.125,10.083,0.958,8.833,8.9,3.975,-1.6
2012-01-21,72.0,48.542,28.0,30.375,45.583,15.208,18.167,9.2,4.529,0.6
2012-01-22,73.0,61.0,43.0,24.87,37.043,12.174,28.609,9.3,5.762,3.0
2012-01-23,68.0,50.333,36.0,12.958,14.25,1.292,7.167,8.7,5.883,3.9
2012-01-24,85.0,69.583,48.0,28.875,42.208,13.333,21.417,10.1,5.058,2.0
2012-01-25,88.0,54.042,23.0,22.625,58.542,35.917,19.667,9.6,3.758,-0.3
2012-01-26,64.0,42.417,23.0,16.542,28.292,11.75,5.917,5.9,1.204,-3.6
2012-01-27,50.0,35.0,21.0,10.75,12.0,1.25,7.833,8.7,3.133,-1.9
2012-01-28,88.0,46.917,24.0,10.542,12.375,1.833,8.167,9.4,4.062,-0.1
2012-01-29,60.0,42.208,25.0,12.458,15.375,2.917,7.125,11.4,5.042,-0.7
2012-01-30,61.0,39.625,23.0,13.125,14.958,1.833,10.625,12.7,5.992,-0.1
2012-01-31,60.0,42.083,21.0,31.545,42.182,10.636,19.333,9.0,3.821,-1.3
2012-02-01,71.0,54.375,35.0,34.375,52.042,17.667,37.125,12.3,5.483,-2.2
2012-02-02,78.0,56.5,43.0,31.042,36.833,5.792,55.667,18.2,10.658,5.9
2012-02-03,42.0,32.542,23.0,5.75,6.417,0.667,6.542,12.2,8.125,5.2
2012-02-04,69.0,48.042,35.0,23.652,27.261,3.609,21.739,15.3,8.625,4.2
2012-02-05,47.0,32.25,21.0,7.708,8.667,0.958,11.417,12.0,8.238,4.5
2012-02-06,89.0,80.375,41.0,21.5,23.542,2.042,18.417,6.9,2.121,0.3
2012-02-07,89.0,77.125,58.0,30.25,42.083,11.833,38.833,8.9,4.554,1.2
2012-02-08,87.0,38.125,17.0,8.833,13.083,4.25,8.75,6.2,3.175,-0.2
2012-02-09,48.0,36.25,24.0,6.375,7.625,1.25,7.542,8.0,2.846,-1.1
2012-02-10,63.0,41.833,25.0,15.625,16.667,1.042,14.375,10.1,4.146,-1.1
2012-02-11,59.0,42.417,27.0,8.542,9.667,1.125,12.0,7.5,3.225,0.3
2012-02-12,75.0,47.583,33.0,17.958,20.958,3.0,18.458,5.9,2.833,-0.7
2012-02-13,89.0,55.792,22.0,11.625,14.208,2.583,21.0,11.6,5.329,0.2
2012-02-14,72.0,57.375,38.0,32.75,45.792,13.042,19.292,9.1,4.562,0.5
2012-02-15,88.0,71.292,50.0,28.565,32.783,4.217,25.304,7.5,3.792,0.9
2012-02-16,62.0,38.167,20.0,4.292,5.583,1.292,8.042,4.8,1.888,-1.6
2012-02-17,53.0,31.083,18.0,11.75,13.583,1.833,9.292,6.7,2.567,-1.5
2012-02-18,77.0,52.0,35.0,22.25,27.625,5.375,19.292,8.2,4.317,-1.2
2012-02-19,54.0,37.417,30.0,3.833,4.792,0.958,6.542,8.0,4.796,1.4
2012-02-20,50.0,33.0,19.0,8.042,9.875,1.833,8.25,9.2,3.696,-0.3
2012-02-21,46.0,32.083,21.0,8.5,10.0,1.5,9.333,8.3,3.133,-1.2
2012-02-22,64.0,44.542,24.0,30.458,38.167,7.708,19.542,8.4,3.521,-2.2
2012-02-23,57.0,34.458,19.0,7.458,8.5,1.042,9.833,9.3,4.521,1.5
2012-02-24,62.0,39.167,21.0,7.667,8.792,1.125,11.458,6.4,1.704,-2.4
2012-02-25,43.0,30.25,14.0,6.042,7.625,1.583,4.208,7.7,1.688,-2.5
2012-02-26,60.0,38.125,21.0,21.0,23.913,2.913,14.348,9.0,4.0,-1.2
2012-02-27,86.0,67.083,38.0,35.208,56.083,20.875,36.042,9.2,4.712,2.6
2012-02-28,88.0,57.292,19.0,30.25,56.25,26.0,29.375,16.0,8.962,1.2
2012-03-01,81.0,64.417,36.0,22.0,28.583,6.583,39.917,16.7,10.717,5.1
2012-03-02,53.0,31.708,17.0,2.958,4.0,1.042,16.667,11.6,7.446,3.2
2012-03-03,50.0,33.625,23.0,4.375,5.25,0.875,9.875,10.8,6.083,1.6
2012-03-04,85.0,51.042,38.0,11.583,13.667,2.083,12.458,9.3,5.517,3.2
2012-03-05,90.0,53.667,22.0,16.174,19.478,3.304,19.304,14.0,7.054,0.9
2012-03-06,66.0,41.042,16.0,20.375,24.25,3.875,25.958,17.4,9.275,0.8
2012-03-07,72.0,52.333,28.0,33.083,38.625,5.542,46.542,19.2,11.329,4.1
2012-03-08,80.0,46.417,18.0,30.667,47.375,16.708,48.292,23.7,14.533,6.0
2012-03-09,75.0,43.208,19.0,15.208,16.208,1.0,37.042,24.3,15.792,10.0
2012-03-10,80.0,50.417,21.0,9.25,10.5,1.25,39.375,28.2,11.238,3.8
2012-03-11,37.0,27.167,18.0,5.708,7.083,1.375,10.167,12.2,6.558,2.6
2012-03-12,63.0,38.292,25.0,23.625,27.0,3.375,16.375,17.1,9.071,1.1
2012-03-13,84.0,58.125,40.0,20.652,30.87,10.217,49.435,21.1,13.979,4.6
2012-03-14,63.0,45.125,30.0,6.792,8.0,1.208,11.583,12.1,8.062,5.1
2012-03-15,73.0,48.75,35.0,22.958,26.333,3.375,19.417,14.1,8.371,3.2
2012-03-16,72.0,43.333,16.0,18.375,21.833,3.458,25.208,19.6,11.2,3.6
2012-03-17,63.0,41.958,20.0,6.5,7.333,0.833,30.667,17.5,12.358,6.7
2012-03-18,91.0,60.565,47.0,5.609,6.478,0.87,57.826,21.3,17.748,12.4
2012-03-19,92.0,64.333,34.0,14.217,22.391,8.174,42.304,25.2,18.875,13.5
2012-03-20,80.0,59.833,44.0,10.583,11.958,1.375,38.083,22.1,17.542,14.4
2012-03-21,50.0,29.667,20.0,6.792,7.958,1.167,11.542,14.6,10.129,6.2
2012-03-22,55.0,42.958,26.0,25.167,26.917,1.75,17.958,19.4,12.712,6.2
2012-03-23,69.0,51.875,30.0,14.083,15.25,1.167,21.042,16.9,13.204,9.8
2012-03-24,72.0,63.583,58.0,6.583,7.625,1.042,26.0,12.4,10.358,8.7
2012-03-25,90.0,77.125,48.0,15.042,16.625,1.583,31.375,10.2,8.725,6.3
2012-03-26,54.0,37.417,24.0,11.13,12.043,0.913,11.043,12.9,8.658,3.6
2012-03-27,90.0,77.333,51.0,18.667,19.375,0.708,31.042,8.7,7.288,5.6
2012-03-28,92.0,70.958,46.0,32.083,40.542,8.458,43.667,21.7,14.267,7.1
2012-03-29,84.0,73.375,54.0,19.542,25.292,5.75,45.792,21.3,15.142,9.9
2012-03-30,88.0,78.125,66.0,9.125,9.625,0.5,24.042,10.1,7.658,6.5
2012-03-31,90.0,83.25,75.0,8.417,8.667,0.25,31.292,7.6,6.804,6.0
2012-04-01,49.0,38.125,26.0,5.958,6.0,0.042,14.208,15.2,8.938,3.6
2012-04-02,72.0,45.042,26.0,11.083,11.333,0.25,11.917,15.8,10.446,4.7
2012-04-03,87.0,68.333,43.0,15.375,19.75,4.375,23.458,17.4,12.517,5.9
2012-04-04,48.0,31.333,20.0,9.792,10.042,0.25,10.208,15.3,10.829,6.8
2012-04-05,58.0,37.667,18.0,18.417,22.667,4.25,20.917,20.6,13.35,6.6
2012-04-06,75.0,46.208,22.0,9.304,10.391,1.087,13.75,14.1,9.612,4.7
2012-04-07,55.0,36.583,23.0,11.792,12.208,0.417,14.417,12.1,6.933,2.7
2012-04-08,61.0,41.667,25.0,5.542,5.542,0.0,13.708,15.1,8.842,1.7
2012-04-09,76.0,44.583,18.0,16.043,18.13,2.087,25.304,24.6,14.896,5.5
2012-04-10,82.0,47.625,25.0,14.273,15.636,1.364,37.458,21.3,15.842,9.2
2012-04-11,93.0,73.583,44.0,16.292,18.125,1.833,40.292,17.7,14.592,11.9
2012-04-12,93.0,55.417,29.0,10.417,12.208,1.792,20.333,24.4,17.092,10.1
2012-04-13,87.0,56.042,23.0,14.391,14.696,0.304,24.667,22.8,16.642,10.8
2012-04-14,91.0,88.708,85.0,11.0,11.0,0.0,18.25,10.2,9.212,8.3
2012-04-15,91.0,65.542,42.0,7.458,7.458,0.0,20.083,17.5,11.717,8.0
2012-04-16,79.0,61.542,43.0,18.458,19.583,1.125,22.125,17.1,12.65,7.2
2012-04-17,91.0,73.625,41.0,23.708,25.5,1.792,41.042,19.7,13.646,9.9
2012-04-18,94.0,64.708,44.0,16.333,20.125,3.792,21.583,20.4,13.838,8.1
2012-04-19,80.0,65.125,50.0,10.435,10.957,0.522,14.217,16.6,13.679,11.0
2012-04-20,72.0,60.875,42.0,11.13,11.13,0.0,10.958,16.1,13.079,11.0
2012-04-21,75.0,64.917,58.0,9.583,9.708,0.125,13.125,14.2,11.421,9.8
2012-04-22,93.0,73.75,63.0,8.667,8.667,0.0,23.542,12.2,10.404,8.7
2012-04-23,94.0,92.458,88.0,20.625,22.042,1.417,29.708,15.0,12.462,9.3
2012-04-24,94.0,66.833,36.0,15.5,16.75,1.25,43.522,25.4,18.392,11.7
2012-04-25,87.0,67.042,45.0,19.708,20.25,0.542,34.625,22.5,18.038,14.0
2012-04-26,91.0,76.75,59.0,17.0,17.0,0.0,36.304,20.6,17.95,15.8
2012-04-27,95.0,93.917,91.0,17.696,18.087,0.391,14.625,16.4,15.888,15.4
2012-04-28,94.0,74.0,53.0,14.125,14.833,0.708,25.292,24.4,17.892,14.5
2012-04-29,86.0,63.792,31.0,14.375,15.375,1.0,30.375,28.4,20.196,12.6
2012-04-30,83.0,68.792,53.0,9.667,9.667,0.0,19.375,24.3,21.079,18.6
2012-05-01,89.0,71.625,53.0,15.208,15.667,0.458,24.792,22.4,20.208,17.7
2012-05-02,94.0,85.833,60.0,13.583,13.625,0.042,21.167,21.0,18.212,16.4
2012-05-03,99.0,95.625,93.0,8.167,8.167,0.0,8.125,18.0,17.088,15.9
2012-05-04,96.0,85.5,62.0,12.043,12.043,0.0,11.292,20.9,18.312,15.8
2012-05-05,77.0,52.375,26.0,9.875,9.875,0.0,12.458,27.9,21.362,15.5
2012-05-06,85.0,69.25,52.0,9.542,9.625,0.083,19.583,25.8,18.417,14.3
2012-05-07,90.0,59.292,35.0,18.667,19.792,1.125,22.917,24.3,18.212,11.9
2012-05-08,79.0,57.917,34.0,18.75,19.208,0.458,32.542,25.9,20.412,14.6
2012-05-09,90.0,73.417,58.0,17.583,18.0,0.417,53.167,21.8,18.621,15.2
2012-05-10,94.0,64.458,37.0,11.522,12.13,0.609,26.304,23.0,16.521,12.8
2012-05-11,64.0,47.25,35.0,4.522,4.522,0.0,7.375,21.5,16.242,11.1
2012-05-12,61.0,41.583,26.0,3.167,3.167,0.0,6.5,20.2,15.296,11.3
2012-05-13,79.0,43.458,24.0,5.083,5.083,0.0,11.667,23.1,16.579,10.6
2012-05-14,81.0,58.542,36.0,12.708,14.0,1.292,19.25,26.0,19.05,12.3
2012-05-15,95.0,83.125,70.0,12.583,12.583,0.0,16.792,19.6,18.217,16.5
2012-05-16,95.0,56.458,21.0,11.333,12.375,1.042,24.458,28.4,21.675,15.6
2012-05-17,86.0,63.0,37.0,16.208,17.208,1.0,47.625,27.0,20.862,15.7
2012-05-18,88.0,59.083,32.0,6.087,6.087,0.0,26.167,23.0,18.067,14.6
2012-05-19,67.0,45.625,23.0,9.833,10.167,0.333,23.875,27.5,20.242,12.1
2012-05-20,84.0,57.917,26.0,9.375,9.375,0.0,28.542,26.4,20.883,16.1
2012-05-21,76.0,59.625,36.0,10.542,11.125,0.583,21.542,24.5,19.867,16.3
2012-05-22,93.0,82.458,60.0,8.458,8.583,0.125,13.0,15.9,14.15,12.7
2012-05-23,93.0,67.708,41.0,10.958,11.167,0.208,12.583,26.0,19.238,12.9
2012-05-24,89.0,60.75,27.0,15.13,17.217,2.087,25.696,28.5,21.725,14.8
2012-05-25,88.0,74.542,63.0,21.522,22.87,1.348,41.75,22.1,19.671,16.5
2012-05-26,88.0,55.625,27.0,11.042,11.208,0.167,24.583,25.7,20.667,15.1
2012-05-27,77.0,50.167,26.0,6.708,6.833,0.125,22.083,28.5,22.317,15.7
2012-05-28,91.0,67.167,32.0,10.25,10.375,0.125,21.625,26.7,20.3,16.4
2012-05-29,93.0,70.917,44.0,8.875,9.25,0.375,23.792,27.6,20.375,16.0
2012-05-30,92.0,66.75,43.0,11.375,11.75,0.375,18.792,24.6,19.896,15.2
2012-05-31,82.0,65.208,46.0,15.957,16.87,0.913,23.087,24.6,20.421,16.7
2012-06-01,88.0,72.083,36.0,15.13,15.217,0.087,26.292,27.9,20.892,18.0
2012-06-02,90.0,65.792,40.0,12.708,12.958,0.25,29.917,26.9,21.542,16.8
2012-06-03,87.0,73.042,47.0,6.333,6.333,0.0,30.417,24.9,19.858,16.7
2012-06-04,88.0,63.417,34.0,12.083,12.833,0.75,23.292,29.0,22.142,17.2
2012-06-05,78.0,68.042,51.0,12.0,12.375,0.375,17.958,24.0,21.458,19.3
2012-06-06,93.0,76.958,54.0,13.167,13.5,0.333,11.125,21.6,19.021,16.7
2012-06-07,88.0,66.083,46.0,19.87,24.391,4.522,18.174,26.2,21.412,16.3
2012-06-08,89.0,65.125,39.0,13.87,15.174,1.304,26.292,30.3,23.942,17.9
2012-06-09,95.0,90.708,82.0,9.292,9.292,0.0,12.375,21.2,18.679,17.6
2012-06-10,93.0,69.583,46.0,5.542,5.542,0.0,7.958,27.1,22.108,17.9
2012-06-11,94.0,75.458,53.0,11.625,11.75,0.125,8.833,22.9,19.558,17.6
2012-06-12,92.0,82.625,74.0,10.583,10.583,0.0,13.0,17.6,16.562,15.2
2012-06-13,94.0,73.667,54.0,7.875,8.125,0.25,11.5,21.7,17.538,14.8
2012-06-14,74.0,64.042,50.0,6.625,6.833,0.208,13.958,23.7,18.512,15.3
2012-06-15,76.0,62.625,47.0,14.087,14.478,0.391,18.958,26.5,20.579,15.6
2012-06-16,96.0,86.833,77.0,19.667,22.375,2.708,18.25,22.0,19.829,18.4
2012-06-17,96.0,70.708,46.0,8.042,8.333,0.292,14.917,29.9,23.546,19.0
2012-06-18,77.0,58.75,49.0,17.417,18.708,1.292,16.333,29.3,24.988,21.0
2012-06-19,96.0,83.5,70.0,14.792,15.917,1.125,25.375,26.3,23.425,21.7
2012-06-20,83.0,65.083,54.0,6.667,7.208,0.542,16.333,31.1,27.121,21.2
2012-06-21,79.0,70.167,61.0,18.913,22.13,3.217,20.783,27.6,23.854,20.7
2012-06-22,96.0,81.917,70.0,20.261,20.304,0.043,17.125,24.3,21.25,17.9
2012-06-23,82.0,65.5,49.0,19.667,19.708,0.042,17.25,26.9,23.079,20.3
2012-06-24,82.0,67.875,54.0,13.667,13.75,0.083,20.292,27.3,22.933,19.3
2012-06-25,79.0,69.333,61.0,7.208,7.25,0.042,9.833,19.5,18.342,17.1
2012-06-26,83.0,57.167,39.0,8.667,9.333,0.667,13.5,25.4,19.679,15.0
2012-06-27,80.0,60.042,42.0,14.625,15.167,0.542,17.75,25.9,20.875,15.5
2012-06-28,88.0,67.0,41.0,22.174,26.652,4.478,21.043,26.3,22.208,17.4
2012-06-29,83.0,65.292,45.0,9.913,10.783,0.87,9.542,28.2,23.583,20.3
2012-06-30,80.0,64.708,46.0,9.042,9.75,0.708,11.5,28.7,23.775,20.2
2012-07-01,96.0,74.833,56.0,10.292,10.375,0.083,18.333,25.1,21.538,19.3
2012-07-02,96.0,78.625,57.0,11.167,12.125,0.958,11.333,28.2,22.921,19.1
2012-07-03,91.0,79.208,62.0,19.182,23.409,4.227,20.174,27.2,23.329,21.4
2012-07-04,96.0,70.208,46.0,11.375,11.875,0.5,21.333,32.3,25.796,20.3
2012-07-05,83.0,68.417,48.0,18.583,18.708,0.125,35.833,31.2,27.071,24.0
2012-07-06,96.0,81.458,57.0,22.13,22.783,0.652,38.458,29.3,24.988,22.0
2012-07-07,96.0,91.375,80.0,9.958,10.042,0.083,18.875,24.9,22.488,20.4
2012-07-08,96.0,77.875,58.0,4.375,4.375,0.0,9.875,26.7,22.592,19.7
2012-07-09,88.0,66.75,39.0,12.542,14.833,2.292,20.292,30.9,24.883,19.6
2012-07-10,87.0,65.417,43.0,14.667,16.905,2.238,22.739,33.0,26.992,22.7
2012-07-11,84.0,67.042,46.0,6.458,7.125,0.667,18.5,32.1,27.504,23.4
2012-07-12,95.0,80.0,73.0,3.833,5.042,1.208,14.083,27.4,26.45,24.8
2012-07-13,96.0,78.333,60.0,11.391,16.087,4.696,20.958,32.2,27.546,24.3
2012-07-14,99.0,72.5,54.0,9.417,11.458,2.042,44.583,33.2,28.462,24.4
2012-07-15,77.0,66.25,51.0,3.417,5.0,1.583,15.667,34.3,29.792,26.6
2012-07-16,76.0,61.875,49.0,4.0,5.833,1.833,11.625,34.8,30.521,26.6
2012-07-17,79.0,61.208,38.0,14.0,20.875,6.875,20.625,37.7,31.179,26.8
2012-07-18,82.0,65.917,48.0,17.542,19.417,1.875,30.542,34.7,29.633,25.5
2012-07-19,87.0,67.583,40.0,13.833,17.083,3.25,31.208,35.9,27.904,21.4
2012-07-20,88.0,78.875,71.0,9.0,10.409,1.409,14.522,21.7,19.979,17.7
2012-07-21,90.0,79.833,69.0,7.625,8.417,0.792,13.25,22.0,19.4,17.2
2012-07-22,92.0,81.417,73.0,6.625,6.917,0.292,22.333,22.4,20.758,19.0
2012-07-23,95.0,75.708,57.0,13.208,15.583,2.375,22.083,29.3,24.792,20.2
2012-07-24,92.0,72.083,51.0,20.0,23.833,3.833,33.792,30.6,27.042,22.5
2012-07-25,90.0,66.792,41.0,17.625,18.625,1.0,50.333,34.7,29.488,24.4
2012-07-26,86.0,65.292,38.0,17.5,19.208,1.708,52.875,37.2,30.971,26.4
2012-07-27,85.0,65.875,44.0,17.478,18.043,0.565,58.833,37.5,31.217,27.0
2012-07-28,85.0,65.208,43.0,14.0,17.875,3.875,36.042,36.9,31.071,27.1
2012-07-29,82.0,64.875,48.0,5.958,6.042,0.083,25.042,36.2,30.842,26.8
2012-07-30,79.0,63.625,46.0,7.25,8.833,1.583,19.417,36.2,30.754,27.2
2012-07-31,81.0,60.708,30.0,12.333,14.375,2.042,20.0,36.2,30.371,26.6
2012-08-01,84.0,66.375,47.0,12.083,15.833,3.75,19.708,34.8,29.467,25.2
2012-08-02,85.0,61.292,36.0,8.583,10.042,1.458,16.083,36.8,30.767,26.1
2012-08-03,85.0,63.5,39.0,10.217,11.565,1.348,15.458,35.2,30.121,26.6
2012-08-04,85.0,72.208,53.0,11.042,12.125,1.083,20.667,32.7,28.621,25.7
2012-08-05,89.0,66.708,40.0,10.0,14.0,4.0,20.333,36.6,30.171,26.0
2012-08-06,94.0,78.625,63.0,15.125,18.042,2.917,16.042,29.9,27.525,25.4
2012-08-07,90.0,66.917,41.0,14.125,16.333,2.208,24.917,34.7,28.75,24.1
2012-08-08,81.0,63.458,46.0,8.208,8.375,0.167,15.917,30.6,26.033,23.0
2012-08-09,72.0,60.208,45.0,10.304,11.043,0.739,14.826,31.1,26.033,22.7
2012-08-10,74.0,63.208,46.0,12.609,13.783,1.174,21.042,33.8,27.6,23.4
2012-08-11,93.0,74.042,51.0,9.875,10.25,0.375,28.083,33.3,28.279,24.3
2012-08-12,93.0,72.875,52.0,5.167,5.167,0.0,21.0,33.4,28.162,24.2
2012-08-13,84.0,66.167,46.0,4.333,4.583,0.25,16.25,36.0,30.312,26.1
2012-08-14,95.0,76.125,62.0,9.292,9.708,0.417,19.25,31.5,28.058,24.3
2012-08-15,88.0,72.125,55.0,5.958,6.208,0.25,23.125,33.8,28.729,25.2
2012-08-16,79.0,62.125,44.0,6.708,7.5,0.792,15.042,35.9,30.862,25.8
2012-08-17,87.0,68.333,41.0,9.174,16.87,7.696,22.0,36.3,30.171,26.3
2012-08-18,85.0,75.208,61.0,12.458,14.292,1.833,18.042,30.7,27.525,26.0
2012-08-19,90.0,65.292,41.0,6.0,6.417,0.417,11.583,35.4,29.3,24.8
2012-08-20,87.0,62.125,36.0,11.583,13.625,2.042,16.875,35.3,29.45,24.5
2012-08-21,85.0,62.167,37.0,11.364,13.591,2.227,17.0,36.2,29.838,24.2
2012-08-22,82.0,63.5,44.0,9.75,16.542,6.792,12.958,36.5,30.304,26.0
2012-08-23,88.0,61.708,40.0,9.458,14.958,5.5,14.75,37.1,30.488,25.7
2012-08-24,82.0,60.708,36.0,13.522,16.957,3.435,15.583,36.2,30.217,25.1
2012-08-25,83.0,62.208,37.0,11.375,12.958,1.583,17.458,36.3,30.012,24.7
2012-08-26,85.0,61.375,35.0,7.417,8.125,0.708,16.167,36.0,30.046,25.4
2012-08-27,85.0,63.167,37.0,8.458,10.125,1.667,15.5,36.5,29.817,24.5
2012-08-28,81.0,62.25,37.0,7.958,9.0,1.042,16.708,34.9,29.846,26.5
2012-08-29,83.0,63.167,41.0,12.292,14.167,1.875,19.5,34.8,29.721,25.1
2012-08-30,87.0,64.875,41.0,16.25,21.625,5.375,22.958,36.3,30.533,25.7
2012-08-31,85.0,68.125,45.0,12.182,14.318,2.136,17.609,34.2,29.321,26.5
2012-09-01,89.0,70.583,52.0,8.875,11.458,2.583,13.0,31.2,27.838,23.6
2012-09-02,94.0,81.792,65.0,5.5,5.542,0.042,9.75,28.5,25.238,22.9
2012-09-03,93.0,76.0,49.0,11.833,13.333,1.5,13.292,30.7,25.846,22.7
2012-09-04,96.0,78.083,48.0,10.5,12.083,1.583,14.125,33.5,26.679,22.9
2012-09-05,95.0,70.333,43.0,15.583,19.042,3.458,24.458,34.3,28.017,22.8
2012-09-06,92.0,80.333,46.0,16.625,17.958,1.333,33.083,33.5,26.171,23.1
2012-09-07,94.0,69.708,45.0,14.818,17.136,2.318,22.826,32.5,26.983,21.7
2012-09-08,90.0,72.458,47.0,13.458,14.625,1.167,28.333,33.2,27.667,24.5
2012-09-09,90.0,68.042,38.0,5.875,6.5,0.625,13.292,34.2,28.567,24.7
2012-09-10,85.0,62.833,34.0,10.542,14.292,3.75,15.583,34.8,28.808,24.2
2012-09-11,88.0,64.0,36.0,13.125,17.208,4.083,19.625,34.8,28.058,24.1
2012-09-12,80.0,61.125,42.0,11.125,13.125,2.0,16.917,32.6,27.442,22.8
2012-09-13,84.0,61.375,33.0,14.292,15.875,1.583,25.75,35.6,28.575,23.3
2012-09-14,89.0,64.417,37.0,12.87,14.783,1.913,26.958,34.1,28.462,23.9
2012-09-15,84.0,66.792,46.0,14.958,17.75,2.792,15.583,32.3,28.188,23.9
2012-09-16,90.0,74.75,61.0,8.417,10.0,1.583,19.333,30.5,27.421,23.9
2012-09-17,95.0,75.042,55.0,4.958,6.125,1.167,15.0,31.7,27.967,24.7
2012-09-18,92.0,73.417,53.0,7.957,9.913,1.957,17.391,32.0,27.988,24.6
2012-09-19,92.0,83.125,65.0,10.708,12.917,2.208,11.667,29.1,26.292,24.5
2012-09-20,95.0,71.958,49.0,13.292,19.75,6.458,20.958,31.7,26.796,23.6
2012-09-21,87.0,75.375,61.0,14.957,16.13,1.174,20.292,27.6,24.362,21.6
2012-09-22,95.0,82.292,66.0,7.208,7.25,0.042,12.792,24.9,21.579,18.7
2012-09-23,96.0,92.167,89.0,6.917,6.958,0.042,12.375,21.0,19.383,17.9
2012-09-24,94.0,71.583,42.0,14.083,17.667,3.583,9.958,29.3,22.679,17.8
2012-09-25,92.0,80.708,69.0,14.625,15.708,1.083,10.958,22.0,19.871,17.7
2012-09-26,89.0,65.833,44.0,12.826,14.478,1.652,13.652,25.5,21.221,17.4
2012-09-27,80.0,62.375,50.0,10.333,12.333,2.0,13.167,24.5,20.725,17.0
2012-09-28,78.0,69.417,60.0,9.0,9.391,0.391,7.875,24.8,22.025,19.3
2012-09-29,91.0,72.958,52.0,19.0,24.833,5.833,18.292,30.0,24.771,20.1
2012-09-30,97.0,75.375,50.0,8.708,9.167,0.458,24.083,30.1,25.308,21.1
2012-10-01,80.0,61.583,41.0,11.875,12.417,0.542,13.792,32.0,26.875,22.6
2012-10-02,79.0,72.5,59.0,9.708,10.208,0.5,15.417,26.7,23.083,21.3
2012-10-03,91.0,77.667,68.0,11.667,12.0,0.333,9.708,22.9,20.692,18.0
2012-10-04,85.0,63.958,47.0,10.042,10.25,0.208,8.917,27.8,23.088,18.0
2012-10-05,84.0,66.667,39.0,14.773,15.727,0.955,13.478,28.5,23.912,19.6
2012-10-06,95.0,75.708,54.0,14.417,15.625,1.208,19.625,27.3,22.954,18.8
2012-10-07,91.0,79.25,53.0,9.125,9.5,0.375,17.333,21.8,18.562,16.4
2012-10-08,91.0,68.292,45.0,9.652,10.783,1.13,14.043,22.5,18.779,15.1
2012-10-09,77.0,63.792,47.0,11.417,13.292,1.875,12.042,23.3,18.688,15.9
2012-10-10,76.0,62.708,45.0,12.208,13.833,1.625,11.292,22.2,18.471,14.5
2012-10-11,82.0,69.292,48.0,12.375,14.417,2.042,13.75,25.4,20.638,17.4
2012-10-12,91.0,55.542,36.0,7.522,8.0,0.478,8.708,23.6,19.333,14.9
2012-10-13,59.0,44.458,32.0,7.083,7.375,0.292,14.25,24.3,19.2,14.3
2012-10-14,87.0,66.833,41.0,10.667,10.667,0.0,25.333,20.1,16.971,13.7
2012-10-15,79.0,59.75,28.0,10.957,11.174,0.217,28.7,27.0,20.308,14.4
2012-10-16,77.0,54.958,36.0,19.0,21.25,2.25,18.75,22.6,18.283,14.0
2012-10-17,92.0,75.167,45.0,23.417,27.875,4.458,37.417,23.3,16.038,11.6
2012-10-18,93.0,88.75,80.0,20.875,28.917,8.042,24.167,19.6,16.879,13.4
2012-10-19,92.0,59.875,38.0,9.739,10.565,0.826,8.333,20.0,15.75,11.8
2012-10-20,82.0,62.292,41.0,20.458,22.917,2.458,14.625,22.1,15.988,9.9
2012-10-21,92.0,61.292,25.0,16.167,18.917,2.75,23.083,26.1,18.008,11.1
2012-10-22,84.0,66.667,52.0,18.5,21.542,3.042,32.417,23.4,18.238,11.9
2012-10-23,88.0,76.833,63.0,8.75,9.125,0.375,19.167,24.7,18.9,13.2
2012-10-24,68.0,44.25,31.0,9.042,9.333,0.292,7.667,20.1,15.508,11.4
2012-10-25,83.0,58.417,45.0,22.0,26.391,4.391,15.696,19.2,15.292,12.8
2012-10-26,89.0,63.833,39.0,18.739,23.174,4.435,24.542,22.4,16.792,9.9
2012-10-27,72.0,62.708,42.0,12.958,13.083,0.125,23.208,20.4,16.75,13.9
2012-10-28,95.0,82.708,68.0,11.042,11.083,0.042,16.458,14.9,14.042,13.4
2012-10-29,94.0,61.625,33.0,9.75,13.125,3.375,10.375,22.0,16.446,12.4
2012-10-30,85.0,62.167,45.0,23.875,31.833,7.958,21.833,16.6,12.925,9.3
2012-10-31,88.0,69.708,45.0,22.375,35.833,13.458,20.167,16.5,12.521,8.3
2012-11-01,91.0,73.0,51.0,27.083,44.042,16.958,34.083,18.9,12.579,8.1
2012-11-02,86.0,46.292,28.0,8.043,9.0,0.957,8.75,18.0,13.342,9.6
2012-11-03,62.0,45.0,29.0,6.708,6.792,0.083,9.875,17.6,12.65,9.5
2012-11-04,75.0,45.833,26.0,11.292,12.167,0.875,13.417,18.8,13.192,9.0
2012-11-05,93.0,68.417,51.0,27.739,33.913,6.174,34.783,15.1,11.583,7.5
2012-11-06,97.0,93.417,91.0,25.708,32.417,6.708,53.375,14.1,12.779,11.6
2012-11-07,98.0,67.708,39.0,18.5,29.0,10.5,14.667,20.7,14.804,11.1
2012-11-08,88.0,57.375,30.0,23.875,37.0,13.125,15.75,20.7,14.004,6.8
2012-11-09,61.0,47.75,34.0,8.739,9.478,0.739,13.0,20.4,15.15,12.2
2012-11-10,81.0,51.833,32.0,8.25,8.333,0.083,12.167,19.7,14.242,9.0
2012-11-11,94.0,81.25,65.0,15.083,16.25,1.167,30.958,13.9,11.004,7.7
2012-11-12,94.0,84.042,64.0,17.0,20.708,3.708,18.458,19.2,14.021,11.4
2012-11-13,89.0,72.625,48.0,27.125,43.333,16.208,29.417,17.1,12.412,9.2
2012-11-14,90.0,53.583,32.0,15.435,23.217,7.783,11.957,16.5,11.383,7.3
2012-11-15,68.0,49.333,32.0,12.083,14.792,2.708,7.792,15.0,9.696,5.0
2012-11-16,75.0,51.542,32.0,21.304,23.609,2.304,7.958,16.7,11.629,7.1
2012-11-17,93.0,75.458,58.0,26.542,41.125,14.583,35.583,14.3,9.7,6.6
2012-11-18,72.0,45.708,33.0,3.375,3.375,0.0,4.5,16.0,12.083,8.1
2012-11-19,84.0,61.333,48.0,24.917,33.083,8.167,21.583,8.6,6.971,4.1
2012-11-20,89.0,57.667,31.0,16.833,37.417,20.583,16.083,17.7,9.742,2.1
2012-11-21,60.0,45.167,31.0,13.917,16.75,2.833,9.875,13.6,9.6,6.9
2012-11-22,81.0,57.667,39.0,34.917,61.625,26.708,29.458,14.3,9.521,6.6
2012-11-23,85.0,77.875,63.0,29.391,45.783,16.391,41.833,11.2,8.412,5.4
2012-11-24,75.0,59.917,40.0,19.833,21.208,1.375,13.708,12.6,9.708,5.4
2012-11-25,79.0,58.833,32.0,20.542,23.417,2.875,13.375,12.7,7.254,2.1
2012-11-26,92.0,75.875,61.0,28.25,43.25,15.0,33.333,10.8,6.8,5.9
2012-11-27,58.0,41.5,30.0,7.348,7.87,0.522,3.435,12.3,9.696,5.4
2012-11-28,81.0,60.458,51.0,31.208,49.083,17.875,18.833,7.7,5.671,3.1
2012-11-29,89.0,69.167,39.0,34.708,72.875,38.167,36.042,14.7,7.546,0.7
2012-11-30,88.0,75.125,67.0,29.792,44.208,14.417,31.833,10.4,9.05,6.9
2012-12-01,90.0,72.708,49.0,17.875,37.125,19.25,23.5,8.4,5.383,3.9
2012-12-02,84.0,52.542,33.0,6.792,7.125,0.333,8.792,7.5,4.592,2.1
2012-12-03,91.0,74.917,61.0,16.708,17.708,1.0,19.917,8.0,5.633,2.6
2012-12-04,91.0,70.208,42.0,17.292,26.167,8.875,15.5,13.5,8.704,6.9
2012-12-05,74.0,52.25,27.0,31.833,53.625,21.792,11.292,13.4,8.146,1.4
2012-12-06,77.0,45.792,23.0,11.783,15.435,3.652,10.217,16.1,9.242,4.6
2012-12-07,67.0,45.875,27.0,21.375,30.708,9.333,11.958,12.0,6.617,2.9
2012-12-08,77.0,50.125,18.0,18.625,29.375,10.75,10.458,15.9,5.462,0.0
2012-12-09,67.0,43.458,21.0,14.917,18.75,3.833,8.125,9.8,3.712,-1.6
2012-12-10,74.0,45.75,18.0,22.75,36.917,14.167,7.708,8.7,2.625,-2.4
2012-12-11,64.0,42.0,19.0,28.0,49.875,21.875,12.542,11.1,4.033,-2.8
2012-12-12,60.0,43.333,23.0,19.417,23.542,4.125,9.208,10.5,4.854,0.7
2012-12-13,63.0,49.864,27.0,24.429,32.333,7.905,14.905,11.0,3.673,-1.3
2012-12-14,73.0,56.583,36.0,39.125,69.75,30.625,38.583,9.0,3.45,-1.8
2012-12-15,70.0,59.375,48.0,46.042,86.125,40.083,70.292,8.4,6.108,2.5
2012-12-16,75.0,48.5,30.0,12.667,20.208,7.542,18.875,17.1,11.054,5.4
2012-12-17,88.0,70.542,49.0,22.957,25.391,2.435,33.043,7.8,6.242,5.5
2012-12-18,89.0,60.042,37.0,19.0,36.417,17.417,20.667,14.3,9.238,6.0
2012-12-19,43.0,34.708,25.0,6.333,7.542,1.208,3.875,7.6,4.712,2.0
2012-12-20,56.0,35.333,16.0,21.667,28.458,6.792,9.292,10.0,4.508,-0.1
2012-12-21,70.0,52.042,32.0,34.083,49.333,15.25,22.458,8.3,4.346,-0.7
2012-12-22,86.0,67.917,47.0,25.958,36.667,10.708,30.042,10.7,5.608,2.4
2012-12-23,72.0,48.917,37.0,14.5,16.0,1.5,13.375,8.5,5.608,1.6
2012-12-24,75.0,42.458,25.0,13.375,14.917,1.542,9.458,7.4,3.392,-0.6
2012-12-25,69.0,53.375,33.0,34.792,56.0,21.208,18.583,8.9,2.242,-3.4
2012-12-26,69.0,37.5,24.0,8.609,12.696,4.087,5.609,5.7,2.679,-0.1
2012-12-27,63.0,40.5,22.0,19.875,32.0,12.125,9.75,7.2,2.371,-0.6
2012-12-28,87.0,61.375,41.0,45.458,99.542,54.083,55.292,4.6,1.912,-1.5
2012-12-29,87.0,69.917,46.0,13.333,13.917,0.583,14.417,11.0,6.75,2.6
2012-12-30,92.0,86.417,71.0,17.708,18.958,1.25,42.833,7.2,6.242,5.3
2012-12-31,90.0,49.208,35.0,7.208,8.958,1.75,11.708,11.1,7.471,2.3
2013-01-01,82.0,55.833,30.0,15.458,16.75,1.292,22.958,14.7,6.238,-0.1
2013-01-02,76.0,50.042,29.0,8.583,9.167,0.583,8.375,11.3,5.233,0.2
2013-01-03,65.0,48.833,31.0,14.826,15.913,1.087,16.625,8.4,4.037,0.0
2013-01-04,77.0,51.708,32.0,14.5,22.5,8.0,12.958,11.7,4.842,0.0
2013-01-05,45.0,38.625,28.0,6.667,6.667,0.0,6.75,7.4,4.412,2.7
2013-01-06,62.0,43.792,22.0,13.375,16.958,3.583,6.792,10.2,3.254,-1.3
2013-01-07,71.0,47.833,30.0,31.042,50.75,19.708,20.167,8.3,3.188,-2.4
2013-01-08,90.0,63.708,39.0,41.261,77.348,36.087,45.609,9.7,4.571,-0.6
2013-01-09,89.0,55.042,31.0,11.125,11.583,0.458,9.167,11.4,6.617,1.8
2013-01-10,57.0,33.667,19.0,12.478,13.87,1.391,7.042,5.9,2.179,-1.0
2013-01-11,74.0,51.083,25.0,27.083,47.333,20.25,12.583,8.9,2.375,-3.5
2013-01-12,74.0,57.417,34.0,22.0,25.75,3.75,19.208,10.2,3.112,-2.7
2013-01-13,68.0,37.042,24.0,4.833,4.833,0.0,6.542,7.3,3.808,0.9
2013-01-14,45.0,33.375,24.0,10.792,10.792,0.0,7.583,7.3,2.817,0.2
2013-01-15,49.0,45.2,41.0,23.1,24.3,1.2,12.2,1.7,0.8,0.3
2013-04-01,90.0,58.125,33.0,18.375,21.5,3.125,27.042,16.2,10.721,4.9
2013-04-02,94.0,88.917,65.0,20.083,21.583,1.5,36.167,10.4,9.125,7.5
2013-04-03,99.0,75.5,49.0,5.565,5.652,0.087,10.391,15.9,12.762,10.8
2013-04-04,78.0,56.167,33.0,12.417,13.208,0.792,9.208,22.7,16.6,10.4
2013-04-05,82.0,64.5,43.0,14.667,15.625,0.958,28.125,23.8,17.258,13.4
2013-04-06,96.0,80.417,51.0,13.5,15.5,2.0,35.042,20.3,15.104,10.8
2013-04-07,96.0,57.708,25.0,3.292,4.083,0.792,8.875,24.5,17.012,10.1
2013-04-08,48.0,31.958,19.0,4.375,5.0,0.625,7.792,18.9,13.112,8.4
2013-04-09,64.0,46.083,27.0,19.583,23.958,4.375,17.833,23.3,14.525,7.5
2013-04-10,77.0,51.292,33.0,10.5,11.083,0.583,17.125,15.8,12.271,7.5
2013-04-11,83.0,62.75,41.0,11.583,12.667,1.083,11.708,13.0,8.975,4.8
2013-04-12,84.0,48.958,26.0,14.522,15.783,1.261,17.091,15.7,10.221,3.8
2013-04-13,66.0,45.0,27.0,8.417,8.833,0.417,9.708,17.8,11.546,4.9
2013-04-14,82.0,54.792,33.0,9.625,10.333,0.708,22.375,21.6,15.058,6.6
2013-04-15,70.0,55.167,42.0,9.417,10.167,0.75,24.917,21.4,15.912,10.7
2013-04-16,77.0,56.75,39.0,20.0,21.875,1.875,22.333,21.6,15.425,8.1
2013-04-17,80.0,59.792,41.0,18.458,26.25,7.792,34.667,23.6,18.65,12.9
2013-04-18,85.0,64.125,43.0,11.333,13.375,2.042,24.333,25.2,19.317,12.8
2013-04-19,88.0,34.167,19.0,5.667,6.417,0.75,19.292,16.7,13.446,9.0
2013-04-20,86.0,56.542,36.0,11.333,11.708,0.375,20.125,10.8,8.279,5.3
2013-04-21,90.0,72.625,40.0,5.667,6.25,0.583,10.667,10.7,6.825,4.5
2013-04-22,46.0,34.458,22.0,6.167,6.958,0.792,15.417,15.2,10.488,5.0
2013-04-23,69.0,48.167,31.0,21.087,24.043,2.957,21.391,18.9,12.812,4.5
2013-04-24,94.0,68.667,53.0,15.292,17.25,1.958,27.167,18.0,15.592,12.2
2013-04-25,92.0,44.083,19.0,8.792,9.333,0.542,25.917,23.9,18.004,12.5
2013-04-26,79.0,60.083,33.0,15.292,17.292,2.0,22.208,24.5,16.579,10.4
2013-04-27,68.0,37.792,23.0,6.125,7.25,1.125,9.292,19.8,14.267,8.5
2013-04-28,48.0,31.292,18.0,6.125,6.625,0.5,12.375,20.9,14.971,8.0
2013-04-29,65.0,42.708,21.0,15.833,17.125,1.292,19.208,23.0,16.658,8.1
2013-04-30,72.0,61.625,52.0,16.583,18.083,1.5,27.292,22.9,17.812,13.8
2013-05-01,85.0,61.833,38.0,8.792,9.75,0.958,28.167,19.5,14.683,11.4
2013-05-02,87.0,39.458,21.0,4.261,4.913,0.652,5.609,19.4,13.867,10.2
2013-05-03,76.0,44.333,26.0,6.25,6.708,0.458,7.083,19.1,14.154,9.2
2013-05-04,75.0,51.167,30.0,6.875,7.5,0.625,11.542,21.6,15.925,10.1
2013-05-05,80.0,46.208,20.0,4.542,5.208,0.667,17.417,24.3,17.8,11.8
2013-05-06,76.0,46.75,28.0,7.417,8.125,0.708,24.125,26.9,19.658,12.0
2013-05-07,44.0,34.083,23.0,1.833,2.792,0.958,8.0,18.9,14.45,9.2
2013-05-08,42.0,29.125,16.0,4.5,5.167,0.667,7.292,23.4,16.288,8.8
2013-05-09,78.0,44.333,18.0,17.375,20.083,2.708,14.417,26.6,19.1,10.4
2013-05-10,83.0,52.25,27.0,27.167,30.625,3.458,30.5,29.7,21.571,13.7
2013-05-11,95.0,84.708,66.0,14.0,15.458,1.458,60.75,19.5,17.254,16.1
2013-05-12,95.0,67.208,34.0,6.417,7.458,1.042,21.292,27.8,20.7,16.0
2013-05-13,88.0,73.708,53.0,12.333,15.042,2.708,26.167,24.9,18.954,15.0
2013-05-14,91.0,62.875,33.0,21.417,26.042,4.625,33.917,30.0,22.65,16.2
2013-05-15,85.0,65.958,36.0,11.042,13.375,2.333,32.792,27.0,20.938,16.3
2013-05-16,90.0,71.417,41.0,11.217,13.174,1.957,27.217,26.3,19.412,14.3
2013-05-17,91.0,58.458,29.0,13.083,14.958,1.875,19.542,25.2,18.254,12.2
2013-05-18,76.0,57.958,38.0,10.25,11.75,1.5,21.375,25.4,19.796,14.8
2013-05-19,90.0,60.542,40.0,4.208,5.167,0.958,15.875,25.6,20.254,16.3
2013-05-20,96.0,91.75,88.0,13.0,14.833,1.833,19.542,20.3,18.529,16.4
2013-05-21,96.0,70.625,43.0,13.542,16.458,2.917,31.542,28.4,23.046,19.0
2013-05-22,85.0,66.333,44.0,14.333,17.167,2.833,30.125,28.4,22.867,18.4
2013-05-23,86.0,50.5,34.0,17.083,18.875,1.792,29.208,27.4,22.571,18.3
2013-05-24,75.0,48.042,18.0,12.917,14.875,1.958,18.708,30.0,21.738,14.9
2013-05-25,77.0,61.583,41.0,9.417,10.917,1.5,18.375,24.8,18.688,13.8
2013-05-26,78.0,63.708,40.0,6.958,8.5,1.542,21.833,28.1,21.942,17.5
2013-05-27,83.0,62.25,40.0,10.917,12.833,1.917,19.25,27.3,22.479,18.9
2013-05-28,77.0,61.917,41.0,6.25,7.625,1.375,13.792,26.7,22.317,19.7
2013-05-29,83.0,69.833,52.0,4.458,5.792,1.333,17.5,24.5,21.679,20.1
2013-05-30,95.0,86.292,78.0,8.957,10.304,1.348,20.304,23.0,21.267,20.0
2013-05-31,91.0,54.208,34.0,8.167,9.833,1.667,19.042,28.4,22.888,18.7
2013-06-01,79.0,57.375,28.0,10.0,12.292,2.292,19.708,26.2,20.425,16.0
2013-06-02,78.0,62.292,46.0,3.167,4.25,1.083,13.417,23.3,18.775,14.7
2013-06-03,76.0,56.958,32.0,15.043,17.913,2.87,20.87,29.0,20.642,14.3
2013-06-04,86.0,57.25,26.0,16.583,19.917,3.333,26.167,30.8,23.338,16.7
2013-06-05,90.0,63.625,36.0,10.958,13.458,2.5,26.917,29.3,23.383,18.5
2013-06-06,80.0,63.542,41.0,11.833,13.708,1.875,19.0,26.3,22.8,20.1
2013-06-07,80.0,62.583,43.0,9.458,11.292,1.833,13.125,26.6,22.304,19.4
2013-06-08,90.0,64.625,34.0,8.0,9.375,1.375,19.292,27.7,22.067,18.3
2013-06-09,87.0,58.333,33.0,11.542,12.875,1.333,26.458,30.5,24.125,17.2
2013-06-10,85.0,68.583,48.0,10.625,12.5,1.875,34.917,27.3,23.3,21.0
2013-06-11,91.0,76.083,56.0,13.917,15.458,1.542,23.042,22.8,21.125,19.5
2013-06-12,95.0,90.083,84.0,11.083,13.042,1.958,24.958,22.9,20.604,18.5
2013-06-13,96.0,93.708,87.0,10.75,24.833,14.083,10.0,22.5,21.271,20.7
2013-06-14,97.0,86.917,68.0,13.0,18.043,5.043,19.261,27.6,23.242,20.3
2013-06-15,94.0,73.875,55.0,13.833,21.083,7.25,23.167,30.4,26.142,22.5
2013-06-16,95.0,82.917,62.0,4.708,5.833,1.125,10.375,26.9,23.108,21.0
2013-06-17,87.0,70.458,51.0,11.792,14.167,2.375,18.458,31.0,25.408,20.6
2013-06-18,85.0,71.792,52.0,12.917,14.583,1.667,39.458,30.9,26.588,23.9
2013-06-19,93.0,81.583,63.0,14.917,18.833,3.917,38.833,28.1,24.667,22.4
2013-06-20,95.0,89.458,76.0,17.125,19.708,2.583,20.625,23.2,21.938,20.4
2013-06-21,93.0,86.833,77.0,22.833,27.0,4.167,23.083,23.6,21.554,19.2
2013-06-22,96.0,74.667,47.0,13.208,16.0,2.792,18.042,27.8,22.392,17.8
2013-06-23,93.0,71.292,46.0,8.083,9.292,1.208,30.667,28.8,23.367,18.5
2013-06-24,84.0,71.458,57.0,10.625,12.292,1.667,22.167,26.9,23.388,20.4
2013-06-25,91.0,75.25,58.0,12.917,14.708,1.792,30.458,26.8,23.604,21.6
2013-06-26,94.0,87.625,72.0,14.125,15.875,1.75,26.75,23.3,21.071,19.1
2013-06-27,95.0,65.292,38.0,8.125,9.542,1.417,12.542,29.0,22.862,18.3
2013-06-28,80.0,65.042,45.0,15.136,17.364,2.227,21.955,27.7,23.142,19.0
2013-06-29,90.0,68.208,38.0,12.208,13.333,1.125,22.542,29.5,23.996,20.4
2013-06-30,89.0,69.042,47.0,6.25,7.125,0.875,21.667,29.4,24.017,20.1
2013-07-01,80.0,63.917,46.0,9.333,10.583,1.25,12.875,27.2,24.317,21.6
2013-07-02,85.0,61.042,41.0,12.167,13.333,1.167,16.625,29.3,24.696,20.9
2013-07-03,79.0,68.167,50.0,6.5,7.167,0.667,14.25,28.1,24.283,21.9
2013-07-04,87.0,78.083,68.0,10.6,12.5,1.9,27.696,27.2,24.767,22.2
2013-07-05,92.0,77.708,65.0,7.0,8.348,1.348,26.708,30.1,26.967,23.7
2013-07-06,74.0,63.958,49.0,3.292,3.708,0.417,18.708,34.3,30.125,27.4
2013-07-07,84.0,67.375,48.0,9.292,9.875,0.583,33.917,35.3,30.154,25.8
2013-07-08,94.0,72.739,41.0,13.455,14.136,0.682,31.818,37.4,28.691,24.7
2013-07-09,96.0,69.25,44.0,16.583,19.5,2.917,46.125,36.3,29.946,24.3
2013-07-10,85.0,62.25,41.0,20.5,20.625,0.125,56.875,37.2,31.071,26.3
2013-07-11,82.0,62.708,42.0,25.75,26.083,0.333,56.375,37.2,31.538,26.6
2013-07-12,82.0,60.292,43.0,18.739,19.565,0.826,47.833,36.0,31.229,27.0
2013-07-13,78.0,66.458,55.0,13.375,13.917,0.542,51.958,32.5,29.45,25.7
2013-07-14,86.0,69.25,45.0,8.875,9.042,0.167,62.917,34.7,29.058,26.3
2013-07-15,90.0,62.625,34.0,4.958,5.0,0.042,26.708,34.4,28.429,22.5
2013-07-16,79.0,64.125,46.0,11.542,12.375,0.833,19.375,30.8,25.65,21.9
2013-07-17,95.0,77.5,57.0,19.591,22.909,3.318,29.739,29.6,24.175,21.5
2013-07-18,88.0,71.0,37.0,10.542,11.208,0.667,35.25,34.8,27.771,23.4
2013-07-19,85.0,64.125,40.0,11.522,12.696,1.174,20.0,31.5,26.021,21.6
2013-07-20,81.0,64.375,50.0,9.875,10.583,0.708,16.958,28.4,24.125,21.0
2013-07-21,72.0,57.625,44.0,7.833,8.042,0.208,17.958,30.5,25.021,20.8
2013-07-22,91.0,69.792,51.0,17.958,21.625,3.667,35.75,32.9,26.871,22.4
2013-07-23,91.0,75.417,47.0,16.292,17.083,0.792,37.167,34.5,27.729,23.6
2013-07-24,95.0,85.708,74.0,22.583,25.542,2.958,35.333,27.3,25.071,23.6
2013-07-25,95.0,84.958,70.0,16.542,21.292,4.75,37.292,28.4,25.167,22.5
2013-07-26,91.0,73.417,52.0,13.261,16.174,2.913,38.167,33.8,28.558,24.8
2013-07-27,96.0,73.625,50.0,7.667,7.917,0.25,29.583,34.1,27.112,22.0
2013-07-28,95.0,76.417,44.0,8.333,8.417,0.083,26.375,32.9,26.308,21.7
2013-07-29,94.0,87.5,80.0,19.286,20.476,1.19,49.636,26.9,25.275,24.2
2013-07-30,93.0,75.583,57.0,13.708,14.208,0.5,50.417,32.3,27.629,24.5
2013-07-31,85.0,75.083,60.0,15.125,16.292,1.167,52.875,31.1,27.229,24.8
2013-08-01,89.0,77.208,59.0,12.042,15.0,2.958,37.542,32.0,26.904,23.8
2013-08-02,83.0,70.25,53.0,11.087,13.348,2.261,16.833,30.6,25.408,22.5
2013-08-03,83.0,65.208,39.0,10.833,12.833,2.0,22.875,32.6,26.629,21.9
2013-08-04,88.0,74.458,55.0,6.125,6.375,0.25,29.708,31.1,27.433,24.6
2013-08-05,87.0,67.292,50.0,7.667,8.083,0.417,26.708,33.8,29.471,25.5
2013-08-06,88.0,75.917,55.0,12.917,13.833,0.917,28.042,32.5,28.4,25.5
2013-08-07,92.0,64.542,41.0,11.957,13.435,1.478,26.696,35.3,29.817,23.8
2013-08-08,84.0,64.25,40.0,14.625,15.458,0.833,49.208,35.9,30.392,25.7
2013-08-09,88.0,66.5,46.0,17.739,18.304,0.565,82.458,37.5,32.0,26.7
2013-08-10,86.0,60.292,35.0,13.583,13.75,0.167,81.542,39.3,33.771,28.5
2013-08-11,74.0,58.042,42.0,6.667,6.708,0.042,60.125,38.3,32.758,29.6
2013-08-12,80.0,63.125,40.0,9.083,9.792,0.708,52.583,36.7,30.871,26.9
2013-08-13,85.0,60.542,40.0,8.292,8.542,0.25,52.125,35.5,30.321,26.2
2013-08-14,84.0,59.458,33.0,8.375,8.792,0.417,45.875,36.0,30.467,26.3
2013-08-15,83.0,63.833,38.0,5.583,5.875,0.292,43.458,36.5,30.158,25.5
2013-08-16,85.0,63.875,40.0,5.739,5.913,0.174,48.5,36.5,30.604,26.7
2013-08-17,82.0,63.0,44.0,6.167,6.417,0.25,30.542,35.0,30.012,26.0
2013-08-18,79.0,61.125,44.0,4.792,4.833,0.042,24.208,35.8,30.617,26.4
2013-08-19,85.0,63.292,42.0,8.292,9.125,0.833,23.208,36.8,30.642,26.3
2013-08-20,95.0,64.417,46.0,8.227,9.045,0.818,21.087,35.2,30.771,26.0
2013-08-21,94.0,81.667,58.0,13.5,14.958,1.458,29.375,32.9,27.758,25.1
2013-08-22,90.0,76.0,53.0,14.167,14.958,0.792,42.792,32.9,28.429,24.8
2013-08-23,97.0,87.042,74.0,17.261,19.391,2.13,41.917,29.3,26.521,23.6
2013-08-24,97.0,71.125,48.0,10.208,12.208,2.0,21.75,33.3,27.846,23.7
2013-08-25,88.0,75.958,67.0,12.792,12.958,0.167,26.792,26.3,24.629,22.6
2013-08-26,92.0,63.792,39.0,16.708,18.0,1.292,22.458,30.8,26.2,21.2
2013-08-27,95.0,69.0,39.0,9.083,9.583,0.5,15.958,31.6,25.154,19.9
2013-08-28,80.0,55.083,31.0,13.565,14.783,1.217,17.826,33.3,27.446,21.8
2013-08-29,89.0,64.125,44.0,14.208,14.458,0.25,43.583,33.2,28.042,23.6
2013-08-30,77.0,60.917,42.0,13.783,14.609,0.826,35.625,37.1,30.312,25.4
2013-08-31,82.0,64.542,45.0,10.208,11.958,1.75,29.5,36.2,30.446,25.9
2013-09-01,95.0,71.417,47.0,5.667,5.875,0.208,23.583,36.5,29.171,24.1
2013-09-02,90.0,78.583,61.0,17.292,18.917,1.625,34.625,30.9,26.933,24.5
2013-09-03,93.0,67.833,43.0,11.75,16.667,4.917,25.292,34.7,29.033,24.5
2013-09-04,92.0,78.583,61.0,8.739,9.913,1.174,21.545,32.3,27.612,24.5
2013-09-05,97.0,85.708,65.0,10.5,13.75,3.25,17.208,30.5,26.596,24.5
2013-09-06,92.0,77.5,66.0,9.043,9.043,0.0,15.458,27.3,24.896,23.3
2013-09-07,85.0,78.083,68.0,10.0,10.583,0.583,25.458,27.9,24.712,22.4
2013-09-08,95.0,90.292,85.0,8.625,8.917,0.292,24.042,25.7,23.4,20.4
2013-09-09,95.0,71.167,46.0,9.875,10.375,0.5,13.625,29.0,24.175,20.9
2013-09-10,86.0,68.0,46.0,12.208,13.375,1.167,17.125,28.4,24.5,21.3
2013-09-11,94.0,74.833,58.0,11.333,11.792,0.458,17.917,27.2,24.288,21.5
2013-09-12,88.0,63.75,44.0,17.208,19.208,2.0,24.333,32.7,27.142,21.5
2013-09-13,90.0,70.083,47.0,23.348,25.87,2.522,39.833,32.3,27.712,24.3
2013-09-14,88.0,72.125,53.0,16.75,17.583,0.833,28.5,32.4,28.067,24.3
2013-09-15,99.0,90.417,72.0,8.292,9.625,1.333,17.625,28.2,25.142,22.5
2013-09-16,93.0,69.875,44.0,2.708,2.708,0.0,20.0,29.3,25.45,20.3
2013-09-17,71.0,47.875,29.0,10.435,10.957,0.522,13.783,28.6,22.75,18.9
2013-09-18,87.0,59.167,34.0,19.958,21.708,1.75,19.833,28.4,22.542,17.9
2013-09-19,83.0,60.625,36.0,20.417,22.708,2.292,21.292,28.8,22.596,16.6
2013-09-20,90.0,66.208,36.0,13.783,17.0,3.217,26.542,30.7,23.933,17.6
2013-09-21,86.0,64.458,27.0,9.417,9.917,0.5,28.333,31.1,25.004,20.1
2013-09-22,85.0,64.375,37.0,5.875,5.958,0.083,33.833,30.3,24.758,21.6
2013-09-23,75.0,63.583,56.0,2.875,2.958,0.083,17.0,22.8,21.479,20.0
2013-09-24,85.0,73.25,61.0,9.167,10.208,1.042,23.875,26.6,22.808,18.8
2013-09-25,97.0,93.542,86.0,10.083,10.5,0.417,20.292,24.2,22.588,21.2
2013-09-26,95.0,65.5,47.0,7.75,8.292,0.542,10.208,24.5,21.658,16.7
2013-09-27,71.0,49.583,33.0,10.667,10.762,0.095,9.043,24.0,18.971,14.6
2013-09-28,85.0,62.083,41.0,13.833,17.625,3.792,15.708,24.5,19.05,12.8
2013-09-29,74.0,59.75,43.0,8.958,9.25,0.292,17.292,25.7,21.467,18.2
2013-09-30,86.0,64.75,48.0,11.708,13.625,1.917,20.417,25.5,21.542,16.1
2013-10-01,91.0,74.958,59.0,19.083,20.292,1.208,23.125,25.4,22.162,19.1
2013-10-02,95.0,84.792,71.0,18.292,21.833,3.542,18.292,26.7,23.217,20.9
2013-10-03,90.0,69.667,51.0,15.125,20.417,5.292,20.0,29.3,23.812,19.8
2013-10-04,90.0,75.625,64.0,13.478,13.826,0.348,16.583,19.7,18.062,16.4
2013-10-05,96.0,94.167,89.0,10.417,10.417,0.0,12.458,19.1,17.796,16.0
2013-10-06,96.0,86.417,72.0,6.042,6.167,0.125,13.667,25.7,21.492,18.8
2013-10-07,93.0,77.083,53.0,18.042,20.875,2.833,20.917,28.2,23.775,20.6
2013-10-08,93.0,73.917,45.0,14.0,20.391,6.391,21.826,29.5,24.696,20.6
2013-10-09,89.0,71.792,56.0,6.833,7.375,0.542,16.875,29.0,25.621,23.1
2013-10-10,93.0,77.542,59.0,15.208,25.583,10.375,16.542,27.5,23.867,21.0
2013-10-11,90.0,69.667,41.0,10.826,12.913,2.087,18.958,31.7,25.325,21.2
2013-10-12,91.0,55.25,31.0,7.208,9.75,2.542,18.958,31.1,24.483,18.6
2013-10-13,59.0,40.75,26.0,4.0,4.0,0.0,10.042,26.0,20.012,15.0
2013-10-14,84.0,59.208,42.0,10.375,10.417,0.042,19.5,24.7,18.85,13.1
2013-10-15,96.0,84.917,67.0,19.87,21.522,1.652,39.929,18.2,16.942,16.2
2013-10-16,96.0,63.5,42.0,3.625,3.625,0.0,5.667,24.6,18.929,15.4
2013-10-17,62.0,49.0,34.0,9.417,9.625,0.208,7.25,21.3,17.425,14.3
2013-10-18,67.0,57.208,44.0,12.043,13.043,1.0,10.417,19.8,16.512,14.2
2013-10-19,95.0,70.875,54.0,10.375,10.583,0.208,14.417,18.2,15.429,13.8
2013-10-20,96.0,93.458,89.0,5.458,5.458,0.0,11.208,15.1,14.483,13.5
2013-10-21,97.0,82.417,68.0,13.542,18.833,5.292,14.125,20.9,17.329,13.4
2013-10-22,85.0,75.125,65.0,9.125,9.417,0.292,12.083,19.5,17.729,16.3
2013-10-23,80.0,70.875,61.0,10.5,10.917,0.417,9.333,18.9,16.796,15.4
2013-10-24,94.0,82.5,65.0,13.958,14.917,0.958,16.542,17.4,15.371,14.7
2013-10-25,96.0,94.375,92.0,15.174,19.696,4.522,14.875,18.3,16.854,14.8
2013-10-26,94.0,83.542,64.0,8.5,8.667,0.167,7.333,16.3,14.279,11.9
2013-10-27,80.0,55.583,37.0,5.167,5.167,0.0,9.0,19.7,14.758,9.8
2013-10-28,79.0,58.083,36.0,19.455,21.591,2.136,15.955,19.2,14.592,10.5
2013-10-29,93.0,83.167,69.0,30.833,40.292,9.458,39.042,14.6,13.346,11.6
2013-10-30,92.0,73.292,52.0,20.125,24.042,3.917,25.958,22.1,16.617,13.6
2013-10-31,82.0,60.542,35.0,28.792,33.333,4.542,30.333,21.3,15.938,10.8
2013-11-01,88.0,62.958,37.0,24.261,33.304,9.043,29.458,20.0,14.942,9.6
2013-11-02,83.0,72.208,58.0,21.75,22.667,0.917,35.375,16.6,14.529,11.4
2013-11-03,90.0,74.458,52.0,16.792,18.125,1.333,52.917,19.8,16.2,12.6
2013-11-04,92.0,84.625,72.0,17.958,18.917,0.958,37.083,17.6,15.012,12.0
2013-11-05,80.0,55.417,31.0,24.042,29.417,5.375,21.833,19.6,14.508,10.1
2013-11-06,86.0,65.458,40.0,24.958,32.75,7.792,30.0,20.7,13.558,7.7
2013-11-07,94.0,85.583,74.0,30.917,48.25,17.333,48.667,14.1,12.129,9.9
2013-11-08,90.0,54.667,26.0,11.136,11.455,0.318,11.783,21.4,14.638,9.0
2013-11-09,88.0,70.042,62.0,18.292,21.542,3.25,21.0,13.4,11.438,9.4
2013-11-10,83.0,75.167,62.0,14.292,16.708,2.417,24.417,21.1,13.779,11.3
2013-11-11,87.0,59.833,38.0,12.667,14.542,1.875,8.75,16.3,11.125,6.5
2013-11-12,71.0,53.25,34.0,19.625,27.042,7.417,8.833,12.7,8.279,5.7
2013-11-13,74.0,51.25,32.0,13.625,15.208,1.583,7.333,12.6,8.158,4.2
2013-11-14,85.0,59.583,36.0,28.739,43.391,14.652,18.696,13.7,8.458,1.9
2013-11-15,88.0,74.458,60.0,26.783,34.696,7.913,26.917,10.7,9.188,7.4
2013-11-16,91.0,68.583,34.0,25.292,38.417,13.125,20.458,17.0,10.433,5.0
2013-11-17,89.0,70.375,46.0,21.75,25.167,3.417,32.625,17.0,10.525,5.0
2013-11-18,91.0,64.292,33.0,22.125,35.042,12.917,26.792,20.1,12.062,5.9
2013-11-19,81.0,45.917,23.0,24.458,36.708,12.25,13.583,16.5,10.429,4.9
2013-11-20,76.0,54.25,26.0,29.417,51.75,22.333,19.167,17.0,8.758,2.1
2013-11-21,79.0,55.292,24.0,27.667,44.667,17.0,16.208,16.4,9.288,2.8
2013-11-22,83.0,58.125,32.0,31.348,53.522,22.174,16.5,17.0,9.942,3.4
2013-11-23,76.0,52.292,32.0,18.292,21.375,3.083,16.75,15.8,10.875,6.4
2013-11-24,82.0,62.083,37.0,22.25,26.708,4.458,32.917,16.5,9.612,3.5
2013-11-25,91.0,73.667,56.0,28.625,40.75,12.125,33.625,18.0,11.329,6.9
2013-11-26,91.0,55.042,29.0,14.917,20.917,6.0,17.875,18.8,13.033,8.2
2013-11-27,66.0,44.333,31.0,14.708,17.667,2.958,12.583,16.1,11.475,7.7
2013-11-28,76.0,48.292,21.0,20.913,37.609,16.696,20.217,17.1,9.942,5.4
2013-11-29,67.0,42.75,21.0,23.652,40.043,16.391,13.583,14.0,7.738,1.9
2013-11-30,75.0,52.917,29.0,21.875,31.125,9.25,11.5,14.1,7.85,2.3
2013-12-01,83.0,61.75,31.0,24.5,37.542,13.042,26.5,15.0,7.571,1.5
2013-12-02,86.0,67.083,40.0,38.708,67.25,28.542,39.75,15.2,8.133,2.7
2013-12-03,86.0,62.958,31.0,35.875,57.333,21.458,25.333,15.5,8.792,2.2
2013-12-04,85.0,71.333,56.0,27.826,42.217,14.391,28.217,14.2,9.596,6.0
2013-12-05,88.0,64.792,32.0,33.125,55.5,22.375,25.875,15.9,9.004,3.3
2013-12-06,86.0,61.0,32.0,36.696,59.739,23.043,29.167,16.2,9.446,3.9
2013-12-07,62.0,46.708,34.0,10.708,10.917,0.208,9.708,13.4,9.65,6.2
2013-12-08,58.0,44.875,32.0,5.458,5.458,0.0,7.542,12.5,8.104,5.0
2013-12-09,74.0,57.792,39.0,32.292,56.792,24.5,28.417,9.7,5.438,1.3
2013-12-10,89.0,66.0,43.0,23.583,43.083,19.5,26.667,12.5,7.192,3.7
2013-12-11,76.0,51.083,34.0,23.542,36.458,12.917,16.208,12.4,7.825,4.0
2013-12-12,71.0,48.583,24.0,25.458,42.708,17.25,13.083,12.0,6.625,1.6
2013-12-13,81.0,57.524,29.0,22.278,50.167,27.889,11.421,15.0,5.624,-0.6
2013-12-14,63.0,42.375,29.0,16.458,20.958,4.5,8.667,10.6,5.879,0.6
2013-12-15,70.0,45.667,26.0,10.958,15.083,4.125,7.208,10.7,5.204,-0.4
2013-12-16,47.0,36.25,25.0,4.917,5.167,0.25,5.375,11.2,7.021,4.3
2013-12-17,60.0,44.5,34.0,19.25,24.0,4.75,13.375,12.0,7.875,5.0
2013-12-18,89.0,67.167,55.0,24.542,38.792,14.25,30.375,7.2,5.038,2.7
2013-12-19,92.0,89.333,86.0,13.625,14.333,0.708,12.208,6.6,5.438,3.3
2013-12-20,91.0,84.375,73.0,17.174,23.87,6.696,8.417,6.9,4.571,1.1
2013-12-21,89.0,68.625,42.0,24.083,47.875,23.792,12.125,10.7,4.767,-0.9
2013-12-22,69.0,49.542,26.0,6.542,6.542,0.0,5.583,10.5,6.1,3.2
2013-12-23,65.0,52.625,43.0,22.583,25.125,2.542,14.375,7.7,4.812,0.3
2013-12-24,69.0,47.542,25.0,17.792,21.042,3.25,9.75,12.2,5.6,0.6
2013-12-25,67.0,47.417,30.0,27.708,48.167,20.458,11.875,9.4,4.754,1.4
2013-12-26,83.0,61.75,43.0,36.818,57.955,21.136,36.261,7.3,4.125,0.6
2013-12-27,90.0,63.375,38.0,19.478,25.174,5.696,17.917,8.8,6.029,3.3
2013-12-28,54.0,36.625,21.0,9.125,11.208,2.083,9.833,7.9,3.829,0.5
2013-12-29,61.0,43.375,17.0,20.958,25.042,4.083,10.958,8.3,2.567,-2.4
2013-12-30,74.0,51.833,21.0,27.625,40.75,13.125,13.375,10.8,3.333,-3.0
2013-12-31,76.0,55.417,26.0,30.25,46.667,16.417,22.708,12.5,4.479,-1.5
