date,PM25_mean,SPM_mean
2011-01-01,,14.0
2011-01-02,,10.833
2011-01-03,,6.625
2011-01-04,,7.625
2011-01-05,,6.833
2011-01-06,,13.417
2011-01-07,,8.292
2011-01-08,,10.167
2011-01-09,,12.417
2011-01-10,,19.25
2011-01-11,,11.083
2011-01-12,,10.208
2011-01-13,,16.5
2011-01-14,,10.625
2011-01-15,,14.333
2011-01-16,,9.458
2011-01-17,,11.875
2011-01-18,,20.864
2011-01-19,,21.542
2011-01-20,,15.875
2011-01-21,,6.708
2011-01-22,,5.625
2011-01-23,,9.958
2011-01-24,,7.667
2011-01-25,,12.625
2011-01-26,,8.833
2011-01-27,,12.833
2011-01-28,,12.75
2011-01-29,,15.667
2011-01-30,,12.167
2011-01-31,,15.444
2011-02-01,,6.889
2011-02-02,,9.25
2011-02-03,,14.042
2011-02-04,,17.25
2011-02-05,,16.333
2011-02-06,,33.375
2011-02-07,,19.125
2011-02-08,,6.5
2011-02-09,,7.167
2011-02-10,,13.667
2011-02-11,,8.25
2011-02-12,,8.917
2011-02-13,,17.917
2011-02-14,,33.458
2011-02-15,,36.25
2011-02-16,,13.167
2011-02-17,,15.0
2011-02-18,,11.714
2011-02-19,,11.125
2011-02-20,,14.333
2011-02-21,,19.958
2011-02-22,,23.875
2011-02-23,,29.208
2011-02-24,,19.875
2011-02-25,,13.0
2011-02-26,,8.833
2011-02-27,,9.625
2011-02-28,,8.0
2011-03-01,,16.167
2011-03-02,,14.75
2011-03-03,,13.333
2011-03-04,,13.292
2011-03-05,,7.167
2011-03-06,,15.083
2011-03-07,,20.458
2011-03-08,,16.0
2011-03-09,,13.708
2011-03-10,,4.792
2011-03-11,,6.667
2011-03-12,,4.708
2011-03-13,,4.75
2011-03-14,,8.208
2011-03-15,,13.542
2011-03-16,,18.667
2011-03-17,,29.042
2011-03-18,,21.625
2011-03-19,,7.292
2011-03-20,,15.042
2011-03-21,,7.875
2011-03-22,,25.458
2011-03-23,,33.667
2011-03-24,,6.083
2011-03-25,,4.833
2011-03-26,,9.292
2011-03-27,,15.625
2011-03-28,,21.583
2011-03-29,,15.0
2011-03-30,,24.609
2011-03-31,,19.208
2011-04-01,,15.125
2011-04-02,,25.208
2011-04-03,,11.208
2011-04-04,,7.125
2011-04-05,,14.833
2011-04-06,,18.292
2011-04-07,,28.0
2011-04-08,,21.375
2011-04-09,,13.167
2011-04-10,,17.458
2011-04-11,,21.667
2011-04-12,,13.917
2011-04-13,,22.208
2011-04-14,,31.238
2011-04-15,,36.5
2011-04-16,,19.25
2011-04-17,,12.875
2011-04-18,,17.167
2011-04-19,,7.292
2011-04-20,,4.292
2011-04-21,,15.25
2011-04-22,,32.958
2011-04-23,,13.958
2011-04-24,,8.583
2011-04-25,,13.75
2011-04-26,,17.167
2011-04-27,,41.083
2011-04-28,,15.208
2011-04-29,,12.333
2011-04-30,,24.833
2011-05-01,,27.583
2011-05-02,,68.417
2011-05-03,,38.417
2011-05-04,,25.833
2011-05-05,,19.083
2011-05-06,,19.625
2011-05-07,,22.292
2011-05-08,,22.417
2011-05-09,,17.292
2011-05-10,,39.875
2011-05-11,,18.542
2011-05-12,,7.0
2011-05-13,,20.917
2011-05-14,,46.0
2011-05-15,,20.083
2011-05-16,,32.833
2011-05-17,,34.417
2011-05-18,,28.13
2011-05-19,,33.167
2011-05-20,,41.583
2011-05-21,,46.083
2011-05-22,,24.708
2011-05-23,,10.583
2011-05-24,,10.042
2011-05-25,,21.292
2011-05-26,,19.583
2011-05-27,,17.333
2011-05-28,,13.875
2011-05-29,,5.583
2011-05-30,,1.75
2011-05-31,,14.042
2011-06-01,,29.417
2011-06-02,,26.042
2011-06-03,,24.75
2011-06-04,,31.875
2011-06-05,,47.25
2011-06-06,,35.708
2011-06-07,,37.708
2011-06-08,,18.25
2011-06-09,,19.958
2011-06-10,,33.125
2011-06-11,,31.167
2011-06-12,,35.792
2011-06-13,,27.708
2011-06-14,,15.458
2011-06-15,,12.217
2011-06-16,,17.0
2011-06-17,,8.0
2011-06-18,,17.667
2011-06-19,,21.083
2011-06-20,,27.958
2011-06-21,,26.458
2011-06-22,,33.75
2011-06-23,,43.167
2011-06-24,,24.667
2011-06-25,,12.174
2011-06-26,,8.333
2011-06-27,,15.958
2011-06-28,,29.708
2011-06-29,,23.583
2011-06-30,,28.375
2011-07-01,,35.542
2011-07-02,,32.833
2011-07-03,,27.333
2011-07-04,,39.292
2011-07-05,,22.958
2011-07-06,,20.208
2011-07-07,,23.958
2011-07-08,,26.875
2011-07-09,,26.417
2011-07-10,,23.667
2011-07-11,,21.958
2011-07-12,,19.792
2011-07-13,,19.792
2011-07-14,,23.87
2011-07-15,,28.208
2011-07-16,,24.167
2011-07-17,,25.208
2011-07-18,,21.25
2011-07-19,,14.167
2011-07-20,,16.083
2011-07-21,,12.042
2011-07-22,,11.333
2011-07-23,,10.5
2011-07-24,,12.5
2011-07-25,,25.042
2011-07-26,,24.917
2011-07-27,,28.333
2011-07-28,,19.375
2011-07-29,,13.875
2011-07-30,,13.708
2011-07-31,,18.25
2011-08-01,,22.292
2011-08-02,,18.958
2011-08-03,,20.125
2011-08-04,,14.208
2011-08-05,,15.875
2011-08-06,,18.667
2011-08-07,,27.125
2011-08-08,,30.417
2011-08-09,,42.25
2011-08-10,,40.5
2011-08-11,,33.042
2011-08-12,,33.391
2011-08-13,,38.083
2011-08-14,,49.625
2011-08-15,,35.792
2011-08-16,,29.542
2011-08-17,,38.958
2011-08-18,,41.042
2011-08-19,,14.625
2011-08-20,,12.042
2011-08-21,,8.292
2011-08-22,,9.792
2011-08-23,,31.333
2011-08-24,,22.708
2011-08-25,,14.417
2011-08-26,,16.125
2011-08-27,,11.083
2011-08-28,,11.5
2011-08-29,,10.167
2011-08-30,,14.5
2011-08-31,,14.5
2011-09-01,,16.292
2011-09-02,,16.25
2011-09-03,,18.375
2011-09-04,,17.0
2011-09-05,,17.042
2011-09-06,,9.792
2011-09-07,,16.125
2011-09-08,,27.375
2011-09-09,,35.167
2011-09-10,,32.0
2011-09-11,,27.75
2011-09-12,,18.583
2011-09-13,,23.417
2011-09-14,,25.952
2011-09-15,,27.5
2011-09-16,,21.875
2011-09-17,,15.792
2011-09-18,,24.958
2011-09-19,,23.208
2011-09-20,,6.917
2011-09-21,,7.042
2011-09-22,,8.25
2011-09-23,,9.458
2011-09-24,,10.583
2011-09-25,,12.958
2011-09-26,,18.167
2011-09-27,,17.458
2011-09-28,,21.542
2011-09-29,,17.5
2011-09-30,,43.667
2011-10-01,,14.417
2011-10-02,,17.625
2011-10-03,,11.375
2011-10-04,,23.417
2011-10-05,,13.167
2011-10-06,,4.708
2011-10-07,,15.333
2011-10-08,,30.333
2011-10-09,,35.833
2011-10-10,,31.708
2011-10-11,,36.875
2011-10-12,,34.292
2011-10-13,,39.083
2011-10-14,,45.958
2011-10-15,,29.792
2011-10-16,,15.833
2011-10-17,,27.435
2011-10-18,,14.292
2011-10-19,,16.292
2011-10-20,,16.542
2011-10-21,,15.0
2011-10-22,,23.167
2011-10-23,,13.875
2011-10-24,,14.167
2011-10-25,,25.292
2011-10-26,,4.75
2011-10-27,,18.458
2011-10-28,,14.75
2011-10-29,,20.25
2011-10-30,,32.417
2011-10-31,,20.583
2011-11-01,,15.25
2011-11-02,,27.375
2011-11-03,,51.417
2011-11-04,,24.833
2011-11-05,,59.667
2011-11-06,,62.417
2011-11-07,,8.75
2011-11-08,,9.25
2011-11-09,,12.583
2011-11-10,,15.667
2011-11-11,,15.917
2011-11-12,,9.625
2011-11-13,,21.583
2011-11-14,,22.292
2011-11-15,,10.625
2011-11-16,,7.609
2011-11-17,,13.0
2011-11-18,,24.208
2011-11-19,,31.917
2011-11-20,,11.042
2011-11-21,,2.5
2011-11-22,,5.875
2011-11-23,,13.625
2011-11-24,,21.708
2011-11-25,,4.5
2011-11-26,,17.833
2011-11-27,,41.375
2011-11-28,,40.125
2011-11-29,,36.917
2011-11-30,,25.5
2011-12-01,,2.875
2011-12-02,,6.958
2011-12-03,,6.792
2011-12-04,,4.917
2011-12-05,,8.042
2011-12-06,,12.583
2011-12-07,,17.625
2011-12-08,,16.875
2011-12-09,,10.333
2011-12-10,,15.917
2011-12-11,,12.583
2011-12-12,,18.583
2011-12-13,,12.25
2011-12-14,,23.043
2011-12-15,,21.375
2011-12-16,,8.417
2011-12-17,,10.708
2011-12-18,,10.167
2011-12-19,,11.917
2011-12-20,,10.458
2011-12-21,,13.708
2011-12-22,,35.542
2011-12-23,,19.042
2011-12-24,,13.75
2011-12-25,,12.375
2011-12-26,,9.75
2011-12-27,,8.625
2011-12-28,,16.13
2011-12-29,,28.208
2011-12-30,,12.125
2011-12-31,,18.208
2012-01-01,,4.5
2012-01-02,,12.25
2012-01-03,,2.667
2012-01-04,,4.875
2012-01-05,,7.042
2012-01-06,,12.417
2012-01-07,,13.792
2012-01-08,,18.542
2012-01-09,,14.75
2012-01-10,,4.25
2012-01-11,,7.042
2012-01-12,,19.375
2012-01-13,,38.042
2012-01-14,,10.333
2012-01-15,,8.583
2012-01-16,,12.875
2012-01-17,,11.583
2012-01-18,,4.75
2012-01-19,,9.167
2012-01-20,,6.833
2012-01-21,,12.25
2012-01-22,,16.875
2012-01-23,,3.542
2012-01-24,,11.458
2012-01-25,,10.375
2012-01-26,,2.458
2012-01-27,,9.833
2012-01-28,,6.667
2012-01-29,,4.583
2012-01-30,,12.4
2012-01-31,,13.429
2012-02-01,,24.333
2012-02-02,,40.708
2012-02-03,,9.042
2012-02-04,,21.667
2012-02-05,,8.542
2012-02-06,,7.708
2012-02-07,,20.75
2012-02-08,,3.333
2012-02-09,,7.5
2012-02-10,,12.917
2012-02-11,,15.542
2012-02-12,,17.25
2012-02-13,,11.75
2012-02-14,,11.417
2012-02-15,,16.833
2012-02-16,,5.625
2012-02-17,,7.75
2012-02-18,,21.875
2012-02-19,,8.417
2012-02-20,,7.75
2012-02-21,,8.667
2012-02-22,,12.125
2012-02-23,,17.05
2012-02-24,,8.208
2012-02-25,,4.583
2012-02-26,,8.542
2012-02-27,,17.458
2012-02-28,,21.87
2012-03-01,,27.5
2012-03-02,,10.792
2012-03-03,,11.083
2012-03-04,,8.833
2012-03-05,,13.083
2012-03-06,,20.708
2012-03-07,,41.917
2012-03-08,,46.25
2012-03-09,,24.292
2012-03-10,,24.292
2012-03-11,,8.208
2012-03-12,,20.208
2012-03-13,,45.958
2012-03-14,,6.958
2012-03-15,,16.167
2012-03-16,,25.5
2012-03-17,,31.208
2012-03-18,,62.917
2012-03-19,,13.167
2012-03-20,,34.833
2012-03-21,,6.583
2012-03-22,,16.125
2012-03-23,,14.167
2012-03-24,,23.125
2012-03-25,,25.125
2012-03-26,,5.25
2012-03-27,,20.458
2012-03-28,,32.042
2012-03-29,,30.682
2012-03-30,,15.167
2012-03-31,,16.5
2012-04-01,,9.25
2012-04-02,,8.583
2012-04-03,,17.167
2012-04-04,,7.583
2012-04-05,,19.583
2012-04-06,,12.375
2012-04-07,,11.75
2012-04-08,,14.917
2012-04-09,,25.458
2012-04-10,,40.333
2012-04-11,,44.125
2012-04-12,,16.0
2012-04-13,,18.625
2012-04-14,,16.5
2012-04-15,,14.792
2012-04-16,,19.667
2012-04-17,,18.875
2012-04-18,,13.417
2012-04-19,,12.042
2012-04-20,,7.208
2012-04-21,,10.25
2012-04-22,,13.917
2012-04-23,,15.083
2012-04-24,,24.25
2012-04-25,,28.917
2012-04-26,,31.833
2012-04-27,,8.091
2012-04-28,,13.167
2012-04-29,,26.375
2012-04-30,,25.375
2012-05-01,,20.583
2012-05-02,,18.0
2012-05-03,,2.875
2012-05-04,,4.792
2012-05-05,,8.208
2012-05-06,,19.421
2012-05-07,,13.583
2012-05-08,,26.417
2012-05-09,,34.917
2012-05-10,,21.792
2012-05-11,,6.75
2012-05-12,,4.958
2012-05-13,,13.083
2012-05-14,,21.958
2012-05-15,,10.917
2012-05-16,,21.87
2012-05-17,,29.292
2012-05-18,,17.458
2012-05-19,,22.542
2012-05-20,,27.917
2012-05-21,,20.0
2012-05-22,,10.917
2012-05-23,,6.167
2012-05-24,,25.042
2012-05-25,,28.208
2012-05-26,,21.542
2012-05-27,,21.708
2012-05-28,,17.583
2012-05-29,,21.75
2012-05-30,,14.125
2012-05-31,,21.696
2012-06-01,,20.958
2012-06-02,,18.375
2012-06-03,,22.083
2012-06-04,,17.083
2012-06-05,,15.583
2012-06-06,,10.083
2012-06-07,,15.25
2012-06-08,,29.792
2012-06-09,,14.25
2012-06-10,,5.792
2012-06-11,,11.25
2012-06-12,,13.333
2012-06-13,,10.833
2012-06-14,,14.875
2012-06-15,,17.0
2012-06-16,,8.0
2012-06-17,,13.208
2012-06-18,,15.833
2012-06-19,,19.833
2012-06-20,,14.375
2012-06-21,,23.292
2012-06-22,,14.333
2012-06-23,,16.917
2012-06-24,,13.75
2012-06-25,,10.583
2012-06-26,,12.542
2012-06-27,,13.625
2012-06-28,,17.417
2012-06-29,,6.957
2012-06-30,,9.958
2012-07-01,,14.333
2012-07-02,,8.75
2012-07-03,,19.708
2012-07-04,,21.917
2012-07-05,,28.625
2012-07-06,,32.708
2012-07-07,,7.333
2012-07-08,,8.0
2012-07-09,,20.542
2012-07-10,,22.958
2012-07-11,,22.583
2012-07-12,,13.958
2012-07-13,,21.792
2012-07-14,,23.75
2012-07-15,,21.833
2012-07-16,,15.083
2012-07-17,,24.875
2012-07-18,,23.042
2012-07-19,,21.583
2012-07-20,,12.708
2012-07-21,,11.917
2012-07-22,,19.042
2012-07-23,,16.375
2012-07-24,,24.25
2012-07-25,,44.5
2012-07-26,,45.458
2012-07-27,,43.417
2012-07-28,,41.875
2012-07-29,,26.0
2012-07-30,,21.5
2012-07-31,,18.045
2012-08-01,,16.125
2012-08-02,,17.833
2012-08-03,,14.333
2012-08-04,,12.708
2012-08-05,,18.292
2012-08-06,,22.875
2012-08-07,,20.75
2012-08-08,,13.625
2012-08-09,,12.667
2012-08-10,,23.958
2012-08-11,,23.292
2012-08-12,,20.083
2012-08-13,,17.792
2012-08-14,,18.292
2012-08-15,,20.292
2012-08-16,,18.417
2012-08-17,,19.042
2012-08-18,,25.292
2012-08-19,,11.917
2012-08-20,,14.167
2012-08-21,,17.792
2012-08-22,,15.375
2012-08-23,,19.5
2012-08-24,,15.417
2012-08-25,,15.333
2012-08-26,,16.083
2012-08-27,,14.417
2012-08-28,,16.708
2012-08-29,,20.5
2012-08-30,,21.0
2012-08-31,,17.87
2012-09-01,,9.208
2012-09-02,,11.375
2012-09-03,,11.708
2012-09-04,,10.958
2012-09-05,,19.958
2012-09-06,,29.417
2012-09-07,,13.625
2012-09-08,,21.625
2012-09-09,,15.5
2012-09-10,,17.5
2012-09-11,,15.583
2012-09-12,,13.25
2012-09-13,,24.625
2012-09-14,,24.833
2012-09-15,,15.042
2012-09-16,,13.792
2012-09-17,,15.333
2012-09-18,,12.125
2012-09-19,,14.25
2012-09-20,,14.542
2012-09-21,,18.542
2012-09-22,,12.667
2012-09-23,,11.042
2012-09-24,,7.25
2012-09-25,,8.25
2012-09-26,,10.792
2012-09-27,,9.458
2012-09-28,,6.043
2012-09-29,,11.167
2012-09-30,,19.292
2012-10-01,,11.0
2012-10-02,,10.708
2012-10-03,,8.708
2012-10-04,,5.875
2012-10-05,,12.125
2012-10-06,,16.875
2012-10-07,,12.333
2012-10-08,,11.417
2012-10-09,,9.583
2012-10-10,,8.042
2012-10-11,,8.792
2012-10-12,,8.375
2012-10-13,,12.208
2012-10-14,,16.542
2012-10-15,,20.75
2012-10-16,,13.833
2012-10-17,,26.292
2012-10-18,,15.625
2012-10-19,,4.583
2012-10-20,,13.083
2012-10-21,,20.625
2012-10-22,,34.167
2012-10-23,,14.125
2012-10-24,,7.875
2012-10-25,,14.375
2012-10-26,,18.333
2012-10-27,,18.417
2012-10-28,,19.417
2012-10-29,,10.125
2012-10-30,,12.75
2012-10-31,,8.227
2012-11-01,,14.958
2012-11-02,,5.375
2012-11-03,,7.042
2012-11-04,,16.792
2012-11-05,,23.333
2012-11-06,,16.792
2012-11-07,,15.125
2012-11-08,,10.042
2012-11-09,,14.0
2012-11-10,,13.208
2012-11-11,,15.667
2012-11-12,,9.125
2012-11-13,,23.958
2012-11-14,,16.708
2012-11-15,,6.13
2012-11-16,,8.292
2012-11-17,,30.917
2012-11-18,,7.125
2012-11-19,,15.333
2012-11-20,,11.167
2012-11-21,,5.875
2012-11-22,,18.333
2012-11-23,,21.75
2012-11-24,,6.208
2012-11-25,,13.0
2012-11-26,,22.667
2012-11-27,,6.75
2012-11-28,,14.333
2012-11-29,,16.958
2012-11-30,,21.348
2012-12-01,,9.167
2012-12-02,,9.083
2012-12-03,,12.083
2012-12-04,,7.667
2012-12-05,,8.75
2012-12-06,,7.75
2012-12-07,,6.667
2012-12-08,,9.5
2012-12-09,,7.167
2012-12-10,,4.292
2012-12-11,,9.208
2012-12-12,,8.625
2012-12-13,,11.708
2012-12-14,,25.864
2012-12-15,,40.167
2012-12-16,,18.0
2012-12-17,,31.667
2012-12-18,,18.333
2012-12-19,,2.125
2012-12-20,,7.667
2012-12-21,,12.333
2012-12-22,,20.875
2012-12-23,,16.583
2012-12-24,,5.708
2012-12-25,,15.917
2012-12-26,,4.583
2012-12-27,,13.375
2012-12-28,,38.957
2012-12-29,,7.5
2012-12-30,,13.542
2012-12-31,,6.292
2013-01-01,,13.167
2013-01-02,,2.417
2013-01-03,,7.042
2013-01-04,,7.417
2013-01-05,,6.208
2013-01-06,,7.208
2013-01-07,,13.0
2013-01-08,,33.042
2013-01-09,,6.542
2013-01-10,,3.042
2013-01-11,,6.292
2013-01-12,,18.542
2013-01-13,,9.958
2013-01-14,,5.875
2013-01-15,,8.417
2013-01-16,,11.167
2013-01-17,,7.409
2013-01-18,,14.708
2013-01-19,,11.458
2013-01-20,,15.083
2013-01-21,,15.125
2013-01-22,,16.667
2013-01-23,,6.708
2013-01-24,,21.083
2013-01-25,,41.292
2013-01-26,,31.833
2013-01-27,,6.833
2013-01-28,,21.583
2013-01-29,,6.792
2013-01-30,,32.5
2013-01-31,,18.125
2013-02-01,,14.833
2013-02-02,,42.167
2013-02-03,,59.25
2013-02-04,,3.583
2013-02-05,,2.25
2013-02-06,,5.75
2013-02-07,,5.708
2013-02-08,,5.875
2013-02-09,,2.208
2013-02-10,,6.75
2013-02-11,,4.333
2013-02-12,,4.417
2013-02-13,,6.375
2013-02-14,,7.435
2013-02-15,,1.375
2013-02-16,,5.333
2013-02-17,,24.125
2013-02-18,,8.042
2013-02-19,,10.105
2013-02-20,,11.833
2013-02-21,,10.875
2013-02-22,,7.857
2013-02-23,,9.458
2013-02-24,,13.958
2013-02-25,,19.292
2013-02-26,,40.708
2013-02-27,,67.208
2013-02-28,,31.125
2013-03-01,,31.375
2013-03-02,,13.167
2013-03-03,,6.208
2013-03-04,,17.083
2013-03-05,,12.167
2013-03-06,,5.5
2013-03-07,,8.792
2013-03-08,,9.833
2013-03-09,,13.417
2013-03-10,,7.917
2013-03-11,,7.5
2013-03-12,,34.5
2013-03-13,,34.13
2013-03-14,,2.042
2013-03-15,,6.75
2013-03-16,,18.083
2013-03-17,,33.458
2013-03-18,,31.625
2013-03-19,,13.292
2013-03-20,,7.792
2013-03-21,,2.5
2013-03-22,,5.083
2013-03-23,,12.375
2013-03-24,,16.667
2013-03-25,,23.917
2013-03-26,,36.333
2013-03-27,,28.391
2013-03-28,,25.917
2013-03-29,,30.333
2013-03-30,,16.625
2013-03-31,,6.375
2013-04-01,,13.417
2013-04-02,,18.25
2013-04-03,,1.708
2013-04-04,,9.833
2013-04-05,,24.75
2013-04-06,,21.083
2013-04-07,,8.083
2013-04-08,,3.625
2013-04-09,,15.333
2013-04-10,,11.417
2013-04-11,,6.292
2013-04-12,,11.25
2013-04-13,,5.292
2013-04-14,,18.625
2013-04-15,,12.652
2013-04-16,,17.625
2013-04-17,,31.708
2013-04-18,,26.208
2013-04-19,,9.208
2013-04-20,,14.875
2013-04-21,,3.167
2013-04-22,,11.333
2013-04-23,,27.0
2013-04-24,,23.458
2013-04-25,,13.583
2013-04-26,,13.667
2013-04-27,,7.25
2013-04-28,,7.333
2013-04-29,,18.333
2013-04-30,,25.043
2013-05-01,,20.167
2013-05-02,,5.083
2013-05-03,,4.167
2013-05-04,,6.042
2013-05-05,,12.375
2013-05-06,,21.667
2013-05-07,,2.875
2013-05-08,,1.833
2013-05-09,,11.5
2013-05-10,,24.0
2013-05-11,,18.125
2013-05-12,,6.708
2013-05-13,,19.458
2013-05-14,,30.333
2013-05-15,,32.708
2013-05-16,,20.875
2013-05-17,,12.417
2013-05-18,,18.292
2013-05-19,,15.792
2013-05-20,,9.417
2013-05-21,,15.0
2013-05-22,,27.0
2013-05-23,,17.708
2013-05-24,,15.542
2013-05-25,,10.875
2013-05-26,,18.667
2013-05-27,,17.625
2013-05-28,,11.875
2013-05-29,,13.042
2013-05-30,,14.875
2013-05-31,,16.652
2013-06-01,,15.833
2013-06-02,,9.875
2013-06-03,,15.208
2013-06-04,,18.542
2013-06-05,,23.417
2013-06-06,,17.417
2013-06-07,,10.292
2013-06-08,,12.75
2013-06-09,,21.625
2013-06-10,,29.542
2013-06-11,,21.667
2013-06-12,,14.292
2013-06-13,,4.833
2013-06-14,,5.208
2013-06-15,,9.292
2013-06-16,,7.25
2013-06-17,,11.625
2013-06-18,,35.542
2013-06-19,,26.667
2013-06-20,,15.958
2013-06-21,,22.042
2013-06-22,,18.5
2013-06-23,,10.917
2013-06-24,,9.583
2013-06-25,,14.833
2013-06-26,,19.917
2013-06-27,,5.083
2013-06-28,,10.0
2013-06-29,,13.458
2013-06-30,,18.417
2013-07-01,,10.917
2013-07-02,,10.083
2013-07-03,,12.333
2013-07-04,,18.125
2013-07-05,,22.708
2013-07-06,,16.542
2013-07-07,,17.792
2013-07-08,,13.25
2013-07-09,,16.958
2013-07-10,,27.0
2013-07-11,,35.917
2013-07-12,,33.125
2013-07-13,,32.708
2013-07-14,,23.708
2013-07-15,,14.833
2013-07-16,,15.792
2013-07-17,,18.958
2013-07-18,,20.708
2013-07-19,,6.458
2013-07-20,,8.042
2013-07-21,,15.125
2013-07-22,,22.042
2013-07-23,,24.292
2013-07-24,,10.5
2013-07-25,,12.083
2013-07-26,,25.958
2013-07-27,,26.708
2013-07-28,,13.083
2013-07-29,,20.0
2013-07-30,,22.125
2013-07-31,,24.818
2013-08-01,,19.375
2013-08-02,,10.292
2013-08-03,,17.458
2013-08-04,,20.333
2013-08-05,,22.333
2013-08-06,,24.0
2013-08-07,,18.833
2013-08-08,,33.125
2013-08-09,,51.125
2013-08-10,,53.917
2013-08-11,,46.125
2013-08-12,,40.292
2013-08-13,,33.583
2013-08-14,,28.125
2013-08-15,,28.542
2013-08-16,,31.0
2013-08-17,,21.375
2013-08-18,,14.0
2013-08-19,,15.333
2013-08-20,,15.667
2013-08-21,,11.292
2013-08-22,,16.125
2013-08-23,,24.042
2013-08-24,,15.417
2013-08-25,,21.042
2013-08-26,,14.125
2013-08-27,,7.5
2013-08-28,,13.333
2013-08-29,,28.458
2013-08-30,,28.087
2013-08-31,,22.292
2013-09-01,,15.708
2013-09-02,,16.583
2013-09-03,,14.125
2013-09-04,,6.583
2013-09-05,,10.458
2013-09-06,,10.083
2013-09-07,,9.208
2013-09-08,,8.958
2013-09-09,,5.333
2013-09-10,,8.5
2013-09-11,,11.625
2013-09-12,,13.917
2013-09-13,,16.083
2013-09-14,,20.125
2013-09-15,,9.083
2013-09-16,,11.792
2013-09-17,,7.75
2013-09-18,,9.5
2013-09-19,,14.125
2013-09-20,,17.5
2013-09-21,,25.583
2013-09-22,,26.667
2013-09-23,,9.75
2013-09-24,,16.458
2013-09-25,,16.583
2013-09-26,,5.5
2013-09-27,,6.833
2013-09-28,,8.833
2013-09-29,,10.083
2013-09-30,,11.522
2013-10-01,,8.087
2013-10-02,,9.25
2013-10-03,,9.375
2013-10-04,,8.25
2013-10-05,,9.375
2013-10-06,,8.167
2013-10-07,,13.792
2013-10-08,,16.333
2013-10-09,,9.333
2013-10-10,,8.583
2013-10-11,,16.25
2013-10-12,,10.667
2013-10-13,,6.833
2013-10-14,,12.167
2013-10-15,,14.375
2013-10-16,,2.292
2013-10-17,,3.25
2013-10-18,,6.208
2013-10-19,,13.292
2013-10-20,,6.917
2013-10-21,,1.667
2013-10-22,,3.958
2013-10-23,,3.542
2013-10-24,,7.042
2013-10-25,,6.583
2013-10-26,,6.833
2013-10-27,,8.333
2013-10-28,,7.792
2013-10-29,,19.833
2013-10-30,,15.208
2013-10-31,,22.682
2013-11-01,,16.958
2013-11-02,,20.958
2013-11-03,,38.667
2013-11-04,,21.958
2013-11-05,,14.333
2013-11-06,,21.833
2013-11-07,,37.292
2013-11-08,,7.542
2013-11-09,,13.25
2013-11-10,,25.292
2013-11-11,,3.917
2013-11-12,,2.958
2013-11-13,,4.583
2013-11-14,,8.333
2013-11-15,,26.25
2013-11-16,,15.167
2013-11-17,,33.167
2013-11-18,,28.583
2013-11-19,,5.083
2013-11-20,,15.708
2013-11-21,,11.458
2013-11-22,,13.0
2013-11-23,,13.375
2013-11-24,,17.625
2013-11-25,,21.917
2013-11-26,,13.0
2013-11-27,,12.958
2013-11-28,,14.333
2013-11-29,,9.565
2013-11-30,,12.542
2013-12-01,,19.625
2013-12-02,,27.875
2013-12-03,,19.792
2013-12-04,,17.208
2013-12-05,,22.5
2013-12-06,,31.958
2013-12-07,,9.875
2013-12-08,,6.292
2013-12-09,,21.833
2013-12-10,,29.417
2013-12-11,,10.0
2013-12-12,,11.208
2013-12-13,,8.083
2013-12-14,,6.042
2013-12-15,,8.167
2013-12-16,,4.25
2013-12-17,,11.375
2013-12-18,,16.458
2013-12-19,,3.5
2013-12-20,,2.708
2013-12-21,,9.167
2013-12-22,,7.167
2013-12-23,,13.333
2013-12-24,,9.625
2013-12-25,,9.708
2013-12-26,,32.435
2013-12-27,,20.417
2013-12-28,,3.333
2013-12-29,,5.708
2013-12-30,,18.417
2013-12-31,,24.417
2014-01-01,5.458,5.25
2014-01-02,4.917,5.75
2014-01-03,4.833,5.5
2014-01-04,10.792,13.125
2014-01-05,15.083,17.167
2014-01-06,25.208,29.792
2014-01-07,3.917,4.167
2014-01-08,6.292,7.375
2014-01-09,6.583,7.792
2014-01-10,5.458,7.375
2014-01-11,10.042,11.417
2014-01-12,4.0,3.292
2014-01-13,7.333,8.417
2014-01-14,14.609,17.083
2014-01-15,15.958,19.833
2014-01-16,6.333,8.625
2014-01-17,7.167,8.083
2014-01-18,6.792,7.125
2014-01-19,7.875,9.083
2014-01-20,15.125,13.833
2014-01-21,20.0,19.667
2014-01-22,9.125,12.417
2014-01-23,5.708,7.913
2014-01-24,8.208,9.25
2014-01-25,10.792,12.667
2014-01-26,16.174,22.304
2014-01-27,13.208,20.292
2014-01-28,5.417,5.125
2014-01-29,8.333,8.875
2014-01-30,7.833,9.125
2014-01-31,5.958,5.583
2014-02-01,4.417,3.958
2014-02-02,4.958,4.958
2014-02-03,7.083,6.875
2014-02-04,7.083,7.042
2014-02-05,10.292,11.333
2014-02-06,11.875,13.708
2014-02-07,5.792,6.583
2014-02-08,14.208,17.542
2014-02-09,6.208,7.458
2014-02-10,9.417,9.875
2014-02-11,13.75,16.833
2014-02-12,16.375,19.5
2014-02-13,9.708,10.25
2014-02-14,11.0,10.238
2014-02-15,6.042,6.958
2014-02-16,7.833,8.375
2014-02-17,11.792,12.75
2014-02-18,4.5,6.5
2014-02-19,3.875,5.625
2014-02-20,6.917,8.583
2014-02-21,11.375,12.833
2014-02-22,22.25,28.708
2014-02-23,17.391,28.217
2014-02-24,23.0,32.458
2014-02-25,23.083,39.75
2014-02-26,14.958,22.208
2014-02-27,6.458,7.083
2014-02-28,6.792,7.333
2014-03-01,7.167,11.125
2014-03-02,7.042,8.083
2014-03-03,11.958,11.917
2014-03-04,9.667,15.833
2014-03-05,6.167,6.042
2014-03-06,4.333,5.042
2014-03-07,8.083,10.0
2014-03-08,6.208,7.417
2014-03-09,1.667,3.864
2014-03-10,1.417,1.75
2014-03-11,3.667,3.708
2014-03-12,8.792,9.083
2014-03-13,11.583,12.583
2014-03-14,15.792,17.042
2014-03-15,18.083,20.75
2014-03-16,21.083,26.917
2014-03-17,18.208,29.417
2014-03-18,22.542,28.458
2014-03-19,20.333,29.625
2014-03-20,11.333,16.333
2014-03-21,10.208,11.417
2014-03-22,17.25,23.25
2014-03-23,10.727,13.826
2014-03-24,3.042,4.167
2014-03-25,3.458,3.5
2014-03-26,8.875,9.5
2014-03-27,11.083,12.958
2014-03-28,17.333,21.083
2014-03-29,20.0,26.75
2014-03-30,23.25,27.125
2014-03-31,25.292,31.458
2014-04-01,,12.792
2014-04-02,,12.167
2014-04-03,,9.042
2014-04-04,,4.458
2014-04-05,,4.5
2014-04-06,,6.5
2014-04-07,,9.708
2014-04-08,,18.833
2014-04-09,,18.917
2014-04-10,,20.458
2014-04-11,,12.792
2014-04-12,,16.625
2014-04-13,,14.25
2014-04-14,,13.75
2014-04-15,,17.917
2014-04-16,,29.136
2014-04-17,,25.583
2014-04-18,,21.125
2014-04-19,,15.125
2014-04-20,,10.125
2014-04-21,,27.875
2014-04-22,,13.375
2014-04-23,,18.125
2014-04-24,,15.958
2014-04-25,,20.125
2014-04-26,,21.0
2014-04-27,,18.833
2014-04-28,,20.792
2014-04-29,,24.167
2014-04-30,,14.75
2014-05-01,,13.417
2014-05-02,,11.5
2014-05-03,,19.958
2014-05-04,,17.333
2014-05-05,,24.208
2014-05-06,,13.25
2014-05-07,,14.583
2014-05-08,,17.333
2014-05-09,,10.5
2014-05-10,,10.958
2014-05-11,,12.417
2014-05-12,,15.333
2014-05-13,,12.75
2014-05-14,,27.417
2014-05-15,,17.708
2014-05-16,,11.739
2014-05-17,,3.0
2014-05-18,,6.292
2014-05-19,,9.833
2014-05-20,,28.958
2014-05-21,,13.167
2014-05-22,,5.083
2014-05-23,,9.833
2014-05-24,,15.0
2014-05-25,,33.542
2014-05-26,,28.667
2014-05-27,,5.708
2014-05-28,,20.833
2014-05-29,,36.0
2014-05-30,,26.0
2014-05-31,,39.542
2014-06-01,,38.375
2014-06-02,,41.125
2014-06-03,,47.0
2014-06-04,,41.625
2014-06-05,,11.875
2014-06-06,,4.583
2014-06-07,,6.917
2014-06-08,,10.0
2014-06-09,,19.5
2014-06-10,,13.583
2014-06-11,,13.417
2014-06-12,,3.864
2014-06-13,,11.917
2014-06-14,,9.0
2014-06-15,,10.75
2014-06-16,,22.667
2014-06-17,,34.875
2014-06-18,,34.833
2014-06-19,,18.417
2014-06-20,,20.917
2014-06-21,,25.333
2014-06-22,,20.125
2014-06-23,,20.958
2014-06-24,,14.917
2014-06-25,,11.957
2014-06-26,,12.458
2014-06-27,,8.875
2014-06-28,,5.5
2014-06-29,,4.458
2014-06-30,,11.125
2014-07-01,,8.75
2014-07-02,,11.125
2014-07-03,,32.0
2014-07-04,,8.25
2014-07-05,,6.875
2014-07-06,,14.458
2014-07-07,,10.458
2014-07-08,,11.13
2014-07-09,,19.333
2014-07-10,,23.25
2014-07-11,,8.0
2014-07-12,,15.25
2014-07-13,,29.167
2014-07-14,,31.5
2014-07-15,,15.75
2014-07-16,,28.542
2014-07-17,,20.667
2014-07-18,,7.167
2014-07-19,,8.667
2014-07-20,,9.833
2014-07-21,,12.0
2014-07-22,,25.75
2014-07-23,,41.667
2014-07-24,,42.417
2014-07-25,,25.125
2014-07-26,,31.667
2014-07-27,,27.227
2014-07-28,,10.208
2014-07-29,,20.25
2014-07-30,,28.75
2014-07-31,,26.583
2014-08-01,11.5,15.958
2014-08-02,15.917,18.417
2014-08-03,23.083,28.333
2014-08-04,12.167,17.083
2014-08-05,7.875,12.958
2014-08-06,11.792,17.333
2014-08-07,11.208,16.292
2014-08-08,12.667,18.042
2014-08-09,7.167,9.292
2014-08-10,4.458,11.125
2014-08-11,12.333,19.083
2014-08-12,4.792,9.174
2014-08-13,9.875,10.625
2014-08-14,19.708,24.833
2014-08-15,13.375,19.75
2014-08-16,7.958,10.375
2014-08-17,10.5,15.958
2014-08-18,11.917,16.0
2014-08-19,11.792,15.958
2014-08-20,15.833,20.875
2014-08-21,17.25,21.875
2014-08-22,23.417,30.833
2014-08-23,9.542,12.667
2014-08-24,13.292,15.875
2014-08-25,13.417,15.958
2014-08-26,10.826,13.708
2014-08-27,3.208,5.167
2014-08-28,4.292,6.208
2014-08-29,4.875,7.083
2014-08-30,3.75,6.458
2014-08-31,6.25,9.167
2014-09-01,5.917,6.875
2014-09-02,5.792,7.458
2014-09-03,5.417,9.25
2014-09-04,9.958,14.958
2014-09-05,15.875,25.917
2014-09-06,16.458,22.75
2014-09-07,7.458,9.042
2014-09-08,11.625,14.522
2014-09-09,10.583,12.5
2014-09-10,14.0,18.25
2014-09-11,7.417,10.042
2014-09-12,8.542,9.042
2014-09-13,7.333,8.333
2014-09-14,5.167,6.792
2014-09-15,8.417,11.375
2014-09-16,15.0,18.208
2014-09-17,8.875,11.708
2014-09-18,7.583,8.542
2014-09-19,10.958,13.792
2014-09-20,10.917,13.375
2014-09-21,9.167,10.792
2014-09-22,12.083,15.0
2014-09-23,11.583,12.708
2014-09-24,14.458,18.458
2014-09-25,6.652,11.583
2014-09-26,6.417,8.708
2014-09-27,9.875,11.958
2014-09-28,12.5,15.458
2014-09-29,15.0,17.25
2014-09-30,18.083,23.667
2014-10-01,11.958,16.583
2014-10-02,12.208,15.708
2014-10-03,17.208,25.583
2014-10-04,15.625,17.625
2014-10-05,6.875,8.75
2014-10-06,0.792,1.708
2014-10-07,3.708,5.125
2014-10-08,6.792,8.083
2014-10-09,10.083,11.957
2014-10-10,14.625,17.792
2014-10-11,16.708,17.083
2014-10-12,16.5,17.583
2014-10-13,16.458,19.875
2014-10-14,2.958,4.625
2014-10-15,7.208,9.0
2014-10-16,5.292,7.75
2014-10-17,9.125,9.375
2014-10-18,12.75,14.208
2014-10-19,16.542,18.625
2014-10-20,19.917,25.542
2014-10-21,20.375,41.833
2014-10-22,6.333,11.542
2014-10-23,8.455,9.909
2014-10-24,9.833,13.375
2014-10-25,16.625,20.875
2014-10-26,23.625,29.958
2014-10-27,12.083,20.125
2014-10-28,7.708,8.458
2014-10-29,13.625,12.833
2014-10-30,15.208,17.667
2014-10-31,31.208,42.292
2014-11-01,27.167,43.833
2014-11-02,10.333,17.333
2014-11-03,4.625,7.333
2014-11-04,6.625,7.167
2014-11-05,11.5,12.917
2014-11-06,9.208,13.792
2014-11-07,11.417,13.042
2014-11-08,26.0,28.5
2014-11-09,21.792,33.25
2014-11-10,10.0,13.75
2014-11-11,15.917,18.417
2014-11-12,16.875,25.583
2014-11-13,5.261,8.087
2014-11-14,6.667,8.958
2014-11-15,13.125,12.583
2014-11-16,13.833,13.833
2014-11-17,15.333,18.083
2014-11-18,10.083,11.625
2014-11-19,6.958,7.125
2014-11-20,15.458,15.667
2014-11-21,16.875,20.5
2014-11-22,14.458,18.833
2014-11-23,10.208,11.542
2014-11-24,21.667,25.792
2014-11-25,11.375,13.833
2014-11-26,1.958,3.458
2014-11-27,4.375,6.25
2014-11-28,9.917,14.0
2014-11-29,14.792,29.292
2014-11-30,9.625,15.333
2014-12-01,5.417,11.667
2014-12-02,1.25,4.583
2014-12-03,4.625,5.583
2014-12-04,23.167,23.833
2014-12-05,6.875,7.75
2014-12-06,5.75,4.833
2014-12-07,7.708,6.708
2014-12-08,11.542,11.458
2014-12-09,8.783,9.182
2014-12-10,12.75,13.667
2014-12-11,25.917,30.542
2014-12-12,7.167,7.042
2014-12-13,7.333,7.708
2014-12-14,6.75,5.125
2014-12-15,6.75,6.208
2014-12-16,7.542,8.667
2014-12-17,0.958,2.042
2014-12-18,2.0,2.208
2014-12-19,10.333,10.833
2014-12-20,19.292,23.0
2014-12-21,7.75,10.583
2014-12-22,4.417,4.75
2014-12-23,6.708,6.75
2014-12-24,17.591,21.227
2014-12-25,12.0,12.583
2014-12-26,4.5,5.292
2014-12-27,10.125,11.458
2014-12-28,25.167,25.708
2014-12-29,16.125,22.333
2014-12-30,17.458,21.0
2014-12-31,19.417,22.792
2015-01-01,4.75,5.667
2015-01-02,6.333,7.667
2015-01-03,12.125,14.542
2015-01-04,15.458,21.375
2015-01-05,11.125,15.375
2015-01-06,5.292,7.167
2015-01-07,5.833,6.833
2015-01-08,6.208,7.833
2015-01-09,6.125,7.792
2015-01-10,10.542,12.917
2015-01-11,5.458,5.958
2015-01-12,5.083,8.458
2015-01-13,12.625,15.417
2015-01-14,8.375,11.417
2015-01-15,6.708,8.958
2015-01-16,7.917,11.292
2015-01-17,9.958,12.125
2015-01-18,2.25,6.208
2015-01-19,4.375,5.125
2015-01-20,4.208,4.875
2015-01-21,3.583,5.708
2015-01-22,4.0,5.125
2015-01-23,6.625,8.542
2015-01-24,5.125,9.083
2015-01-25,4.875,7.167
2015-01-26,7.958,9.375
2015-01-27,15.091,18.727
2015-01-28,16.875,22.708
2015-01-29,9.25,13.208
2015-01-30,6.708,8.792
2015-01-31,10.833,14.667
2015-02-01,10.542,12.25
2015-02-02,4.083,6.25
2015-02-03,5.833,7.125
2015-02-04,9.625,13.75
2015-02-05,13.208,18.208
2015-02-06,9.875,13.667
2015-02-07,5.083,6.917
2015-02-08,7.615,9.538
2015-02-09,12.0,18.125
2015-02-10,5.208,6.667
2015-02-11,8.292,8.833
2015-02-12,14.417,21.875
2015-02-13,22.6,44.9
2015-02-14,5.375,17.167
2015-02-15,0.458,3.792
2015-02-16,6.583,8.375
2015-02-17,6.75,9.042
2015-02-18,7.875,10.25
2015-02-19,12.042,17.458
2015-02-20,14.167,22.833
2015-02-21,5.833,13.417
2015-02-22,5.174,6.391
2015-02-23,10.208,16.125
2015-02-24,6.375,7.375
2015-02-25,4.458,5.292
2015-02-26,6.75,8.292
2015-02-27,8.375,11.25
2015-02-28,10.167,13.042
2015-03-01,2.833,3.208
2015-03-02,6.0,9.583
2015-03-03,9.208,13.167
2015-03-04,17.542,23.958
2015-03-05,13.167,20.708
2015-03-06,14.375,27.375
2015-03-07,12.083,30.292
2015-03-08,9.25,21.042
2015-03-09,5.875,9.917
2015-03-10,7.042,9.667
2015-03-11,8.292,11.042
2015-03-12,6.042,10.208
2015-03-13,7.5,11.083
2015-03-14,4.708,9.208
2015-03-15,8.417,10.0
2015-03-16,9.958,14.708
2015-03-17,14.542,21.792
2015-03-18,12.167,20.417
2015-03-19,6.708,16.042
2015-03-20,14.917,24.125
2015-03-21,4.833,9.083
2015-03-22,8.773,13.609
2015-03-23,11.375,14.958
2015-03-24,5.292,7.333
2015-03-25,2.417,3.583
2015-03-26,7.542,10.208
2015-03-27,5.583,9.458
2015-03-28,6.875,9.292
2015-03-29,10.708,13.0
2015-03-30,15.583,20.5
2015-03-31,11.833,16.333
2015-04-01,24.708,30.958
2015-04-02,6.833,11.042
2015-04-03,11.708,28.333
2015-04-04,6.167,9.208
2015-04-05,11.125,17.917
2015-04-06,7.917,13.458
2015-04-07,2.333,4.125
2015-04-08,8.792,9.458
2015-04-09,5.955,9.292
2015-04-10,9.417,12.375
2015-04-11,3.208,6.833
2015-04-12,7.583,8.375
2015-04-13,8.25,11.167
2015-04-14,2.208,8.292
2015-04-15,4.417,8.5
2015-04-16,12.458,14.292
2015-04-17,23.375,30.542
2015-04-18,16.292,22.625
2015-04-19,20.042,26.5
2015-04-20,18.409,32.727
2015-04-21,2.5,4.708
2015-04-22,12.292,17.292
2015-04-23,16.667,22.125
2015-04-24,16.125,22.083
2015-04-25,17.583,24.083
2015-04-26,16.167,23.0
2015-04-27,23.208,30.25
2015-04-28,27.458,36.458
2015-04-29,20.083,26.083
2015-04-30,7.625,12.375
2015-05-01,7.333,12.625
2015-05-02,13.625,16.875
2015-05-03,9.25,14.375
2015-05-04,8.208,14.333
2015-05-05,8.125,12.75
2015-05-06,11.458,16.625
2015-05-07,15.583,20.875
2015-05-08,19.167,26.917
2015-05-09,21.625,28.625
2015-05-10,11.875,16.458
2015-05-11,8.625,10.917
2015-05-12,11.208,20.958
2015-05-13,8.0,11.25
2015-05-14,17.429,26.958
2015-05-15,24.0,31.125
2015-05-16,23.5,35.417
2015-05-17,16.958,21.125
2015-05-18,15.083,21.458
2015-05-19,12.333,17.292
2015-05-20,11.208,13.708
2015-05-21,10.625,12.333
2015-05-22,11.833,15.5
2015-05-23,18.042,24.375
2015-05-24,18.167,22.75
2015-05-25,12.292,16.208
2015-05-26,12.917,15.458
2015-05-27,18.333,20.917
2015-05-28,22.955,30.348
2015-05-29,11.708,19.458
2015-05-30,7.542,10.875
2015-05-31,12.292,15.583
2015-06-01,12.417,17.542
2015-06-02,13.667,19.083
2015-06-03,15.0,29.667
2015-06-04,6.75,9.042
2015-06-05,8.042,12.708
2015-06-06,4.75,8.25
2015-06-07,10.75,16.458
2015-06-08,7.167,12.208
2015-06-09,3.583,9.625
2015-06-10,8.667,12.458
2015-06-11,8.917,13.833
2015-06-12,14.625,24.5
2015-06-13,20.5,29.333
2015-06-14,25.708,38.333
2015-06-15,26.333,35.083
2015-06-16,26.75,33.0
2015-06-17,19.042,26.542
2015-06-18,8.292,15.0
2015-06-19,4.458,9.333
2015-06-20,6.25,10.5
2015-06-21,8.875,14.917
2015-06-22,7.043,11.348
2015-06-23,12.625,19.208
2015-06-24,13.667,19.5
2015-06-25,15.083,19.708
2015-06-26,8.75,14.333
2015-06-27,1.917,7.167
2015-06-28,5.75,8.75
2015-06-29,7.75,11.292
2015-06-30,7.708,13.5
2015-07-01,4.667,9.792
2015-07-02,9.958,17.875
2015-07-03,8.625,17.792
2015-07-04,8.833,16.75
2015-07-05,12.583,18.542
2015-07-06,8.25,14.833
2015-07-07,12.333,25.292
2015-07-08,15.833,29.375
2015-07-09,7.391,12.217
2015-07-10,15.0,28.208
2015-07-11,19.292,28.5
2015-07-12,26.208,37.75
2015-07-13,17.625,29.042
2015-07-14,9.083,15.667
2015-07-15,7.083,15.292
2015-07-16,4.667,13.167
2015-07-17,9.208,19.125
2015-07-18,8.875,18.208
2015-07-19,12.833,21.917
2015-07-20,14.75,22.833
2015-07-21,18.833,29.958
2015-07-22,9.208,15.708
2015-07-23,7.917,16.917
2015-07-24,7.13,14.739
2015-07-25,21.375,31.417
2015-07-26,25.417,33.583
2015-07-27,16.958,25.5
2015-07-28,25.333,34.542
2015-07-29,20.438,31.708
2015-07-30,15.792,26.5
2015-07-31,20.042,30.75
2015-08-01,32.375,49.917
2015-08-02,32.125,46.125
2015-08-03,25.667,38.417
2015-08-04,25.125,37.333
2015-08-05,13.25,23.083
2015-08-06,13.25,22.167
2015-08-07,25.583,35.958
2015-08-08,21.708,32.167
2015-08-09,9.292,16.25
2015-08-10,8.708,18.708
2015-08-11,4.833,12.25
2015-08-12,9.125,16.792
2015-08-13,9.833,20.042
2015-08-14,6.5,17.208
2015-08-15,7.458,14.667
2015-08-16,6.75,15.333
2015-08-17,4.75,11.542
2015-08-18,6.917,15.333
2015-08-19,5.708,14.042
2015-08-20,7.625,15.708
2015-08-21,7.042,15.0
2015-08-22,14.792,31.25
2015-08-23,5.458,8.375
2015-08-24,4.409,9.0
2015-08-25,4.833,7.708
2015-08-26,3.875,6.458
2015-08-27,2.333,5.5
2015-08-28,5.125,7.0
2015-08-29,5.125,10.25
2015-08-30,3.125,7.625
2015-08-31,3.917,9.25
2015-09-01,7.208,15.333
2015-09-02,7.375,16.083
2015-09-03,7.542,15.958
2015-09-04,9.917,17.042
2015-09-05,9.458,14.208
2015-09-06,9.708,16.833
2015-09-07,1.917,6.5
2015-09-08,1.917,4.25
2015-09-09,4.042,13.5
2015-09-10,3.042,8.583
2015-09-11,4.125,10.292
2015-09-12,8.333,15.75
2015-09-13,12.542,20.708
2015-09-14,4.708,8.625
2015-09-15,6.208,11.25
2015-09-16,9.875,13.5
2015-09-17,3.917,7.542
2015-09-18,4.417,12.708
2015-09-19,6.417,14.75
2015-09-20,5.0,10.042
2015-09-21,6.375,10.542
2015-09-22,9.625,11.375
2015-09-23,13.542,19.125
2015-09-24,13.875,19.625
2015-09-25,5.696,9.455
2015-09-26,3.75,8.5
2015-09-27,7.333,13.0
2015-09-28,12.542,18.833
2015-09-29,7.667,9.75
2015-09-30,9.542,13.5
2015-10-01,12.042,18.625
2015-10-02,7.375,13.042
2015-10-03,9.917,14.917
2015-10-04,10.125,12.667
2015-10-05,8.667,13.042
2015-10-06,6.542,9.667
2015-10-07,3.875,6.417
2015-10-08,6.333,8.292
2015-10-09,17.083,22.792
2015-10-10,34.75,48.375
2015-10-11,8.75,20.458
2015-10-12,9.542,14.167
2015-10-13,8.458,10.917
2015-10-14,6.958,9.917
2015-10-15,11.125,14.917
2015-10-16,12.417,18.708
2015-10-17,9.5,15.333
2015-10-18,11.625,14.875
2015-10-19,14.25,19.625
2015-10-20,20.125,28.458
2015-10-21,13.5,18.208
2015-10-22,13.875,17.375
2015-10-23,11.87,18.636
2015-10-24,22.625,32.917
2015-10-25,6.583,11.083
2015-10-26,15.083,19.875
2015-10-27,13.292,21.125
2015-10-28,6.917,11.292
2015-10-29,7.875,11.25
2015-10-30,13.417,18.75
2015-10-31,6.167,7.958
2015-11-01,9.833,11.917
2015-11-02,10.167,14.875
2015-11-03,3.917,8.5
2015-11-04,5.833,8.167
2015-11-05,11.5,18.25
2015-11-06,13.417,21.458
2015-11-07,17.583,24.042
2015-11-08,15.583,24.75
2015-11-09,10.25,28.208
2015-11-10,2.375,6.167
2015-11-11,2.5,4.792
2015-11-12,5.5,11.136
2015-11-13,6.417,10.542
2015-11-14,6.25,10.958
2015-11-15,4.042,9.583
2015-11-16,3.167,8.958
2015-11-17,12.167,27.167
2015-11-18,6.917,14.208
2015-11-19,2.667,4.833
2015-11-20,8.417,13.833
2015-11-21,7.75,9.833
2015-11-22,11.083,14.917
2015-11-23,8.458,13.25
2015-11-24,2.333,7.833
2015-11-25,2.136,4.182
2015-11-26,1.417,3.833
2015-11-27,2.542,4.833
2015-11-28,5.917,8.583
2015-11-29,4.083,5.625
2015-11-30,10.083,12.875
2015-12-01,10.042,12.875
2015-12-02,12.375,17.458
2015-12-03,9.792,18.958
2015-12-04,2.792,4.917
2015-12-05,6.167,8.417
2015-12-06,8.375,11.167
2015-12-07,7.167,8.583
2015-12-08,7.0,9.0
2015-12-09,13.087,17.167
2015-12-10,34.125,44.75
2015-12-11,9.125,21.625
2015-12-12,6.833,10.083
2015-12-13,16.833,24.458
2015-12-14,10.792,15.583
2015-12-15,12.625,19.75
2015-12-16,10.542,17.292
2015-12-17,1.667,3.708
2015-12-18,9.208,10.917
2015-12-19,6.042,6.833
2015-12-20,15.5,18.75
2015-12-21,22.667,28.417
2015-12-22,11.739,14.0
2015-12-23,26.833,34.792
2015-12-24,8.208,13.625
2015-12-25,7.25,12.417
2015-12-26,7.875,12.708
2015-12-27,4.458,5.083
2015-12-28,11.167,13.292
2015-12-29,7.792,10.958
2015-12-30,6.708,9.958
2015-12-31,8.958,12.917
2016-01-01,8.0,9.042
2016-01-02,7.583,10.417
2016-01-03,10.708,12.375
2016-01-04,11.25,13.25
2016-01-05,6.583,5.083
2016-01-06,5.0,7.167
2016-01-07,14.208,14.333
2016-01-08,19.0,20.833
2016-01-09,0.5,3.792
2016-01-10,5.792,9.25
2016-01-11,2.792,3.958
2016-01-12,5.583,8.042
2016-01-13,6.458,7.167
2016-01-14,3.042,5.917
2016-01-15,5.708,7.167
2016-01-16,4.292,6.957
2016-01-17,5.0,7.958
2016-01-18,6.833,9.417
2016-01-19,12.0,13.375
2016-01-20,19.083,22.208
2016-01-21,4.458,6.667
2016-01-22,12.042,13.125
2016-01-23,7.625,8.875
2016-01-24,5.25,6.542
2016-01-25,7.625,9.083
2016-01-26,8.708,9.583
2016-01-27,14.609,17.318
2016-01-28,5.542,6.792
2016-01-29,7.667,13.917
2016-01-30,9.625,13.75
2016-01-31,2.708,4.208
2016-02-01,7.917,9.875
2016-02-02,3.375,3.208
2016-02-03,5.375,5.208
2016-02-04,9.833,10.458
2016-02-05,34.083,37.5
2016-02-06,23.833,27.917
2016-02-07,3.75,5.087
2016-02-08,5.087,4.833
2016-02-09,7.667,8.917
2016-02-10,4.667,4.167
2016-02-11,4.083,3.958
2016-02-12,3.25,3.208
2016-02-13,4.542,4.208
2016-02-14,4.833,5.083
2016-02-15,7.125,7.292
2016-02-16,13.583,15.25
2016-02-17,13.958,16.5
2016-02-18,8.619,7.667
2016-02-19,5.625,5.083
2016-02-20,11.458,12.542
2016-02-21,4.0,3.708
2016-02-22,8.167,8.875
2016-02-23,8.238,15.318
2016-02-24,4.217,3.478
2016-02-25,6.583,6.708
2016-02-26,9.208,10.792
2016-02-27,5.458,4.833
2016-02-28,6.25,6.458
2016-03-01,15.542,18.583
2016-03-02,17.417,27.625
2016-03-03,7.875,11.958
2016-03-04,10.458,11.833
2016-03-05,18.417,21.333
2016-03-06,24.292,33.333
2016-03-07,4.75,5.917
2016-03-08,6.083,6.125
2016-03-09,7.958,6.667
2016-03-10,10.5,9.5
2016-03-11,6.75,7.5
2016-03-12,7.708,7.167
2016-03-13,9.792,12.125
2016-03-14,7.833,9.583
2016-03-15,4.333,6.625
2016-03-16,6.042,5.708
2016-03-17,6.667,7.833
2016-03-18,17.5,17.333
2016-03-19,31.833,34.25
2016-03-20,25.0,27.25
2016-03-21,13.458,18.667
2016-03-22,10.1,12.778
2016-03-23,10.077,11.692
2016-03-24,8.833,6.792
2016-03-25,9.25,7.542
2016-03-26,7.583,10.917
2016-03-27,1.042,2.667
2016-03-28,11.208,12.625
2016-03-29,16.458,14.458
2016-03-30,20.708,22.625
2016-03-31,15.708,14.958
2016-04-01,14.667,20.25
2016-04-02,9.083,13.792
2016-04-03,11.625,22.375
2016-04-04,5.25,14.292
2016-04-05,5.792,12.083
2016-04-06,12.667,17.292
2016-04-07,6.833,14.333
2016-04-08,4.792,11.333
2016-04-09,11.125,17.875
2016-04-10,14.042,22.333
2016-04-11,8.478,12.208
2016-04-12,11.625,14.708
2016-04-13,12.542,21.75
2016-04-14,4.708,12.042
2016-04-15,5.083,9.0
2016-04-16,9.208,13.375
2016-04-17,9.208,19.583
2016-04-18,13.5,23.333
2016-04-19,12.5,17.083
2016-04-20,11.083,16.167
2016-04-21,13.0,21.5
2016-04-22,9.478,16.636
2016-04-23,13.833,20.333
2016-04-24,21.542,32.292
2016-04-25,11.708,19.542
2016-04-26,12.667,20.25
2016-04-27,13.667,22.417
2016-04-28,4.25,8.375
2016-04-29,3.208,7.375
2016-04-30,7.708,11.208
2016-05-01,14.083,20.958
2016-05-02,16.375,23.958
2016-05-03,18.417,26.542
2016-05-04,8.625,14.208
2016-05-05,9.042,10.875
2016-05-06,8.625,12.792
2016-05-07,9.208,15.917
2016-05-08,20.208,33.875
2016-05-09,16.708,29.417
2016-05-10,2.417,7.083
2016-05-11,3.417,11.292
2016-05-12,3.375,7.042
2016-05-13,10.227,14.458
2016-05-14,10.667,14.667
2016-05-15,10.25,13.833
2016-05-16,14.542,21.542
2016-05-17,3.292,8.708
2016-05-18,7.042,10.25
2016-05-19,9.0,12.417
2016-05-20,5.542,9.917
2016-05-21,6.25,11.083
2016-05-22,8.417,12.042
2016-05-23,17.0,22.5
2016-05-24,29.417,37.75
2016-05-25,25.458,38.333
2016-05-26,18.045,28.826
2016-05-27,12.0,18.083
2016-05-28,21.208,33.042
2016-05-29,22.5,29.833
2016-05-30,6.792,10.667
2016-05-31,7.583,14.5
2016-06-01,7.5,10.833
2016-06-02,3.542,6.792
2016-06-03,6.625,11.458
2016-06-04,11.625,18.167
2016-06-05,11.875,18.583
2016-06-06,11.833,18.375
2016-06-07,9.833,17.542
2016-06-08,11.875,19.667
2016-06-09,5.042,11.125
2016-06-10,6.708,10.208
2016-06-11,9.75,16.75
2016-06-12,10.792,17.625
2016-06-13,2.833,7.125
2016-06-14,3.792,9.708
2016-06-15,6.417,11.375
2016-06-16,6.958,15.583
2016-06-17,7.417,15.0
2016-06-18,12.125,18.333
2016-06-19,15.417,22.333
2016-06-20,7.0,13.542
2016-06-21,17.667,26.417
2016-06-22,18.5,33.792
2016-06-23,5.045,8.955
2016-06-24,7.458,13.167
2016-06-25,7.667,14.833
2016-06-26,9.208,13.25
2016-06-27,7.958,12.375
2016-06-28,6.292,10.625
2016-06-29,5.708,10.458
2016-06-30,10.375,16.042
2016-07-01,19.875,33.083
2016-07-02,34.375,53.208
2016-07-03,26.25,43.333
2016-07-04,10.042,17.25
2016-07-05,5.958,11.208
2016-07-06,14.958,27.0
2016-07-07,15.958,26.292
2016-07-08,12.125,23.625
2016-07-09,9.917,19.125
2016-07-10,6.792,15.542
2016-07-11,13.522,18.348
2016-07-12,16.333,25.875
2016-07-13,18.292,34.083
2016-07-14,12.917,25.25
2016-07-15,8.625,15.917
2016-07-16,9.875,17.458
2016-07-17,18.042,33.083
2016-07-18,15.0,25.208
2016-07-19,8.375,14.167
2016-07-20,7.875,13.333
2016-07-21,6.75,11.667
2016-07-22,5.042,11.208
2016-07-23,6.958,10.958
2016-07-24,6.583,11.375
2016-07-25,5.87,9.783
2016-07-26,8.583,15.417
2016-07-27,10.792,20.458
2016-07-28,9.542,17.458
2016-07-29,7.55,12.583
2016-07-30,6.5,10.542
2016-07-31,5.417,11.75
2016-08-01,5.042,10.583
2016-08-02,5.292,12.667
2016-08-03,6.417,12.125
2016-08-04,8.542,14.417
2016-08-05,12.542,19.667
2016-08-06,11.333,17.833
2016-08-07,5.875,12.458
2016-08-08,6.208,11.875
2016-08-09,9.435,15.958
2016-08-10,10.667,16.375
2016-08-11,10.333,17.542
2016-08-12,8.875,12.292
2016-08-13,8.958,13.583
2016-08-14,6.708,9.875
2016-08-15,7.708,14.708
2016-08-16,4.167,10.958
2016-08-17,11.208,19.5
2016-08-18,6.125,15.083
2016-08-19,6.0,13.042
2016-08-20,3.833,8.875
2016-08-21,6.0,15.208
2016-08-22,4.875,12.0
2016-08-23,8.875,13.958
2016-08-24,3.458,10.208
2016-08-25,6.957,13.522
2016-08-26,7.958,15.333
2016-08-27,6.542,10.833
2016-08-28,5.375,9.708
2016-08-29,4.0,8.5
2016-08-30,3.625,8.167
2016-08-31,12.167,18.0
2016-09-01,14.167,19.583
2016-09-02,16.417,25.583
2016-09-03,10.75,18.333
2016-09-04,8.083,14.0
2016-09-05,9.5,18.167
2016-09-06,10.25,17.292
2016-09-07,4.792,11.083
2016-09-08,5.375,11.917
2016-09-09,4.043,9.333
2016-09-10,7.292,13.417
2016-09-11,7.917,14.0
2016-09-12,5.417,12.583
2016-09-13,3.75,7.208
2016-09-14,4.25,11.667
2016-09-15,6.375,15.917
2016-09-16,6.875,12.542
2016-09-17,15.375,25.583
2016-09-18,5.25,8.958
2016-09-19,3.625,7.917
2016-09-20,1.833,6.292
2016-09-21,4.917,8.792
2016-09-22,3.875,6.542
2016-09-23,4.25,8.833
2016-09-24,3.75,9.75
2016-09-25,9.0,17.25
2016-09-26,14.417,22.458
2016-09-27,16.522,28.261
2016-09-28,16.667,39.333
2016-09-29,5.083,9.25
2016-09-30,6.375,8.917
2016-10-01,8.458,14.292
2016-10-02,10.958,17.083
2016-10-03,13.25,31.208
2016-10-04,10.625,22.042
2016-10-05,9.083,16.208
2016-10-06,6.0,10.417
2016-10-07,9.75,12.25
2016-10-08,11.083,20.667
2016-10-09,6.625,12.708
2016-10-10,5.333,7.833
2016-10-11,5.792,8.708
2016-10-12,6.833,9.958
2016-10-13,7.792,11.458
2016-10-14,7.417,10.917
2016-10-15,15.5,18.417
2016-10-16,12.792,16.125
2016-10-17,9.042,15.042
2016-10-18,6.958,11.417
2016-10-19,8.75,13.458
2016-10-20,13.917,20.208
2016-10-21,11.458,16.083
2016-10-22,13.25,17.625
2016-10-23,9.583,13.667
2016-10-24,8.125,11.667
2016-10-25,11.417,16.208
2016-10-26,12.591,25.957
2016-10-27,8.75,8.708
2016-10-28,9.833,11.625
2016-10-29,4.5,5.792
2016-10-30,14.708,15.708
2016-10-31,15.083,16.375
2016-11-01,8.292,10.583
2016-11-02,6.167,8.875
2016-11-03,5.542,8.833
2016-11-04,6.917,7.208
2016-11-05,18.0,21.25
2016-11-06,13.833,15.458
2016-11-07,9.958,12.167
2016-11-08,14.958,18.25
2016-11-09,4.083,6.5
2016-11-10,9.5,10.292
2016-11-11,3.917,7.458
2016-11-12,6.5,8.375
2016-11-13,15.167,20.583
2016-11-14,23.083,30.792
2016-11-15,10.0,19.125
2016-11-16,8.333,7.125
2016-11-17,7.375,9.0
2016-11-18,12.208,14.75
2016-11-19,16.792,24.375
2016-11-20,12.208,19.625
2016-11-21,11.375,12.958
2016-11-22,10.045,12.043
2016-11-23,3.917,5.208
2016-11-24,4.167,6.417
2016-11-25,7.0,9.083
2016-11-26,6.667,7.042
2016-11-27,8.792,13.5
2016-11-28,6.792,8.792
2016-11-29,8.25,8.5
2016-11-30,11.0,13.333
2016-12-01,11.125,17.75
2016-12-02,5.417,8.083
2016-12-03,13.208,13.333
2016-12-04,24.0,26.375
2016-12-05,18.958,25.833
2016-12-06,6.292,8.292
2016-12-07,11.083,12.417
2016-12-08,9.739,8.833
2016-12-09,14.0,16.083
2016-12-10,8.958,10.0
2016-12-11,7.542,6.25
2016-12-12,11.167,11.208
2016-12-13,27.5,31.042
2016-12-14,3.083,4.875
2016-12-15,4.042,4.667
2016-12-16,4.833,6.083
2016-12-17,6.375,8.292
2016-12-18,14.458,15.292
2016-12-19,23.708,25.583
2016-12-20,22.783,24.5
2016-12-21,19.0,21.458
2016-12-22,23.208,46.5
2016-12-23,4.375,9.875
2016-12-24,2.333,3.583
2016-12-25,11.708,13.458
2016-12-26,21.292,23.125
2016-12-27,17.208,22.167
2016-12-28,3.083,2.958
2016-12-29,9.833,11.042
2016-12-30,5.375,7.292
2016-12-31,11.375,13.333
2017-01-01,5.458,6.625
2017-01-02,4.125,4.125
2017-01-03,1.75,2.833
2017-01-04,2.5,4.583
2017-01-05,6.833,6.0
2017-01-06,11.292,12.833
2017-01-07,5.75,5.042
2017-01-08,15.667,21.042
2017-01-09,12.5,24.25
2017-01-10,5.958,7.292
2017-01-11,3.792,5.25
2017-01-12,5.818,5.708
2017-01-13,7.25,9.0
2017-01-14,5.083,5.333
2017-01-15,14.0,14.833
2017-01-16,15.625,16.25
2017-01-17,14.375,21.208
2017-01-18,5.042,7.375
2017-01-19,5.583,7.75
2017-01-20,12.083,15.333
2017-01-21,24.083,27.792
2017-01-22,3.792,5.875
2017-01-23,8.083,12.5
2017-01-24,3.792,4.75
2017-01-25,1.826,2.955
2017-01-26,3.542,4.5
2017-01-27,4.75,5.417
2017-01-28,5.958,8.625
2017-01-29,7.417,9.292
2017-01-30,4.125,6.125
2017-01-31,9.125,10.25
2017-02-01,9.083,9.167
2017-02-02,7.958,9.5
2017-02-03,9.375,12.417
2017-02-04,8.333,9.042
2017-02-05,8.0,10.125
2017-02-06,10.375,10.917
2017-02-07,5.045,6.208
2017-02-08,7.25,8.083
2017-02-09,15.583,17.458
2017-02-10,28.333,32.958
2017-02-11,17.458,23.292
2017-02-12,4.458,4.042
2017-02-13,3.708,5.083
2017-02-14,9.958,13.875
2017-02-15,7.875,10.333
2017-02-16,6.625,7.542
2017-02-17,9.095,9.619
2017-02-18,4.875,5.083
2017-02-19,6.083,6.875
2017-02-20,6.958,7.542
2017-02-21,4.636,3.909
2017-02-22,9.9,8.2
2017-02-23,8.5,11.833
2017-02-24,16.667,15.333
2017-02-25,9.208,10.458
2017-02-26,11.458,10.5
2017-02-27,10.167,13.833
2017-02-28,16.292,20.0
2017-03-01,4.042,7.875
2017-03-02,4.083,2.667
2017-03-03,9.292,10.792
2017-03-04,15.833,22.792
2017-03-05,12.75,22.333
2017-03-06,3.167,3.083
2017-03-07,6.458,6.375
2017-03-08,4.958,9.625
2017-03-09,2.208,4.458
2017-03-10,2.375,3.417
2017-03-11,8.625,10.667
2017-03-12,9.417,8.333
2017-03-13,16.583,21.958
2017-03-14,23.125,28.333
2017-03-15,23.375,30.292
2017-03-16,8.583,12.417
2017-03-17,4.333,5.042
2017-03-18,9.458,12.625
2017-03-19,14.208,17.875
2017-03-20,5.909,5.174
2017-03-21,4.708,7.125
2017-03-22,3.208,3.375
2017-03-23,1.833,4.917
2017-03-24,4.625,7.708
2017-03-25,11.0,10.042
2017-03-26,19.042,23.625
2017-03-27,20.75,26.5
2017-03-28,28.125,35.75
2017-03-29,27.917,31.083
2017-03-30,9.833,10.75
2017-03-31,9.375,13.083
2017-04-01,8.208,8.833
2017-04-02,7.708,6.875
2017-04-03,9.667,11.958
2017-04-04,15.875,16.083
2017-04-05,19.333,22.458
2017-04-06,14.375,21.083
2017-04-07,10.208,18.739
2017-04-08,9.917,17.583
2017-04-09,8.917,16.25
2017-04-10,9.333,7.208
2017-04-11,8.208,7.042
2017-04-12,3.917,4.25
2017-04-13,9.125,9.75
2017-04-14,14.042,16.417
2017-04-15,19.958,22.708
2017-04-16,17.5,20.5
2017-04-17,19.625,28.0
2017-04-18,2.458,7.625
2017-04-19,6.958,9.208
2017-04-20,7.909,8.304
2017-04-21,12.458,14.875
2017-04-22,15.167,17.417
2017-04-23,7.375,6.792
2017-04-24,12.625,13.208
2017-04-25,9.875,10.375
2017-04-26,8.458,12.708
2017-04-27,6.0,6.833
2017-04-28,10.75,13.625
2017-04-29,13.25,14.125
2017-04-30,14.792,16.708
2017-05-01,15.042,15.0
2017-05-02,4.583,4.5
2017-05-03,9.167,10.208
2017-05-04,9.667,11.375
2017-05-05,11.167,16.0
2017-05-06,17.5,25.792
2017-05-07,14.458,21.25
2017-05-08,17.417,23.958
2017-05-09,10.583,14.083
2017-05-10,10.833,15.042
2017-05-11,17.625,31.667
2017-05-12,18.083,20.125
2017-05-13,11.833,14.083
2017-05-14,1.75,3.792
2017-05-15,5.375,7.958
2017-05-16,12.958,15.542
2017-05-17,8.625,12.0
2017-05-18,8.583,11.0
2017-05-19,13.083,16.708
2017-05-20,27.625,29.042
2017-05-21,30.208,28.167
2017-05-22,21.958,24.583
2017-05-23,12.091,14.913
2017-05-24,11.375,12.458
2017-05-25,9.292,14.0
2017-05-26,7.375,11.75
2017-05-27,6.208,8.167
2017-05-28,7.5,10.25
2017-05-29,12.958,16.417
2017-05-30,19.083,24.333
2017-05-31,27.458,35.833
2017-06-01,6.5,10.417
2017-06-02,3.75,6.125
2017-06-03,3.875,5.083
2017-06-04,3.5,5.833
2017-06-05,5.958,7.792
2017-06-06,7.917,10.917
2017-06-07,12.13,15.667
2017-06-08,9.0,11.292
2017-06-09,6.833,9.0
2017-06-10,10.333,14.125
2017-06-11,9.292,11.542
2017-06-12,5.542,6.417
2017-06-13,7.417,9.25
2017-06-14,6.833,9.458
2017-06-15,8.25,10.333
2017-06-16,13.625,16.875
2017-06-17,3.708,5.25
2017-06-18,8.042,9.25
2017-06-19,10.292,12.375
2017-06-20,18.0,22.833
2017-06-21,9.375,16.5
2017-06-22,9.174,11.478
2017-06-23,15.792,18.833
2017-06-24,16.417,21.125
2017-06-25,12.083,16.125
2017-06-26,9.958,12.125
2017-06-27,12.125,14.917
2017-06-28,16.0,23.875
2017-06-29,20.292,29.208
2017-06-30,16.542,21.708
2017-07-01,6.542,10.292
2017-07-02,9.667,16.875
2017-07-03,20.917,29.875
2017-07-04,19.083,30.875
2017-07-05,9.375,16.708
2017-07-06,9.917,13.667
2017-07-07,15.208,20.875
2017-07-08,24.333,30.875
2017-07-09,25.625,30.667
2017-07-10,14.045,19.958
2017-07-11,6.083,10.208
2017-07-12,11.348,15.391
2017-07-13,9.75,20.5
2017-07-14,10.333,13.708
2017-07-15,13.458,18.083
2017-07-16,18.75,23.708
2017-07-17,15.25,19.292
2017-07-18,6.208,11.208
2017-07-19,12.833,17.667
2017-07-20,14.833,21.583
2017-07-21,9.958,15.542
2017-07-22,10.667,16.25
2017-07-23,5.625,13.833
2017-07-24,10.522,19.609
2017-07-25,13.458,20.5
2017-07-26,8.765,14.667
2017-07-27,7.083,13.875
2017-07-28,5.958,15.667
2017-07-29,7.042,17.625
2017-07-30,4.375,8.375
2017-07-31,11.333,19.458
2017-08-01,9.042,16.625
2017-08-02,5.042,9.792
2017-08-03,5.583,12.458
2017-08-04,7.0,13.583
2017-08-05,7.708,17.833
2017-08-06,9.417,17.75
2017-08-07,11.708,21.792
2017-08-08,9.792,24.167
2017-08-09,7.25,16.5
2017-08-10,9.75,19.042
2017-08-11,8.083,15.625
2017-08-12,7.083,14.917
2017-08-13,4.375,9.375
2017-08-14,4.0,9.583
2017-08-15,2.958,8.125
2017-08-16,2.25,5.958
2017-08-17,4.292,10.0
2017-08-18,5.417,14.042
2017-08-19,5.042,12.792
2017-08-20,3.833,11.208
2017-08-21,6.083,12.958
2017-08-22,10.583,22.708
2017-08-23,11.818,19.435
2017-08-24,16.5,22.292
2017-08-25,17.542,28.125
2017-08-26,11.75,19.375
2017-08-27,10.042,14.542
2017-08-28,11.458,15.833
2017-08-29,14.375,23.0
2017-08-30,10.375,16.0
2017-08-31,3.208,6.333
2017-09-01,5.083,9.417
2017-09-02,3.174,5.783
2017-09-03,8.083,11.167
2017-09-04,8.708,10.75
2017-09-05,8.083,12.792
2017-09-06,8.042,13.917
2017-09-07,9.792,18.75
2017-09-08,8.625,14.208
2017-09-09,8.542,12.167
2017-09-10,16.042,20.667
2017-09-11,12.583,20.0
2017-09-12,6.417,12.5
2017-09-13,5.417,9.375
2017-09-14,8.417,11.75
2017-09-15,8.042,10.417
2017-09-16,5.542,9.667
2017-09-17,2.5,6.792
2017-09-18,3.333,8.667
2017-09-19,6.5,9.5
2017-09-20,12.958,17.75
2017-09-21,11.261,16.727
2017-09-22,7.583,10.833
2017-09-23,4.458,7.292
2017-09-24,8.083,12.583
2017-09-25,11.208,14.708
2017-09-26,13.917,18.417
2017-09-27,13.0,19.208
2017-09-28,2.792,6.667
2017-09-29,7.875,9.417
2017-09-30,11.75,13.917
2017-10-01,12.542,14.333
2017-10-02,13.958,18.417
2017-10-03,8.417,13.0
2017-10-04,3.083,7.208
2017-10-05,5.083,5.542
2017-10-06,10.522,11.522
2017-10-07,4.167,5.958
2017-10-08,6.292,10.583
2017-10-09,11.042,15.0
2017-10-10,15.25,23.417
2017-10-11,16.917,26.167
2017-10-12,15.0,32.167
2017-10-13,1.958,3.208
2017-10-14,3.583,5.583
2017-10-15,5.417,7.458
2017-10-16,3.375,6.458
2017-10-17,4.542,4.0
2017-10-18,6.833,8.542
2017-10-19,5.125,6.875
2017-10-20,1.955,2.087
2017-10-21,1.042,2.708
2017-10-22,-0.167,2.25
2017-10-23,1.042,4.792
2017-10-24,9.292,11.625
2017-10-25,8.375,9.792
2017-10-26,9.833,8.833
2017-10-27,12.208,13.542
2017-10-28,19.375,23.667
2017-10-29,4.333,5.042
2017-10-30,4.542,4.833
2017-10-31,5.208,5.667
2017-11-01,10.75,11.458
2017-11-02,11.25,11.958
2017-11-03,12.083,14.542
2017-11-04,7.083,12.0
2017-11-05,8.042,7.042
2017-11-06,15.0,17.5
2017-11-07,21.25,26.833
2017-11-08,29.783,47.333
2017-11-09,12.0,16.174
2017-11-10,12.333,14.125
2017-11-11,9.917,12.625
2017-11-12,7.625,8.75
2017-11-13,10.667,13.417
2017-11-14,19.875,38.375
2017-11-15,7.417,14.417
2017-11-16,1.458,2.542
2017-11-17,4.708,5.125
2017-11-18,16.708,22.417
2017-11-19,2.125,2.708
2017-11-20,10.667,11.25
2017-11-21,5.458,5.875
2017-11-22,15.217,18.435
2017-11-23,7.917,13.333
2017-11-24,5.292,4.125
2017-11-25,9.125,7.542
2017-11-26,12.292,15.333
2017-11-27,6.208,8.167
2017-11-28,16.167,20.542
2017-11-29,14.625,17.792
2017-11-30,9.958,11.208
2017-12-01,3.167,2.792
2017-12-02,2.375,4.75
2017-12-03,10.833,14.708
2017-12-04,17.917,21.417
2017-12-05,6.292,8.417
2017-12-06,3.5,3.792
2017-12-07,8.478,9.583
2017-12-08,13.625,14.542
2017-12-09,5.75,5.667
2017-12-10,13.75,14.833
2017-12-11,17.167,19.792
2017-12-12,0.833,2.125
2017-12-13,3.833,2.958
2017-12-14,3.708,3.5
2017-12-15,12.0,12.792
2017-12-16,23.333,27.625
2017-12-17,7.375,7.708
2017-12-18,9.333,10.292
2017-12-19,13.0,13.083
2017-12-20,8.913,9.261
2017-12-21,9.875,10.667
2017-12-22,21.75,22.667
2017-12-23,20.333,22.875
2017-12-24,46.333,55.625
2017-12-25,18.833,28.0
2017-12-26,3.75,3.75
2017-12-27,2.667,3.958
2017-12-28,4.417,4.917
2017-12-29,7.958,8.708
2017-12-30,4.708,6.333
2017-12-31,11.542,16.5
2018-01-01,5.5,6.042
2018-01-02,3.125,2.75
2018-01-03,2.333,4.208
2018-01-04,5.458,5.708
2018-01-05,6.5,5.167
2018-01-06,6.333,5.083
2018-01-07,5.958,4.458
2018-01-08,12.708,13.375
2018-01-09,4.333,3.208
2018-01-10,16.292,12.625
2018-01-11,9.167,6.625
2018-01-12,12.792,16.417
2018-01-13,7.125,8.042
2018-01-14,6.875,6.667
2018-01-15,16.913,15.318
2018-01-16,13.792,13.792
2018-01-17,11.167,12.625
2018-01-18,4.167,5.375
2018-01-19,7.292,7.417
2018-01-20,21.696,24.783
2018-01-21,5.833,4.667
2018-01-22,7.5,7.292
2018-01-23,15.348,14.625
2018-01-24,3.667,4.333
2018-01-25,5.792,4.25
2018-01-26,5.792,6.042
2018-01-27,5.75,4.417
2018-01-28,11.208,13.0
2018-01-29,10.083,9.708
2018-01-30,20.125,19.667
2018-01-31,19.0,19.292
2018-02-01,5.25,4.667
2018-02-02,8.083,8.333
2018-02-03,11.0,13.083
2018-02-04,13.708,12.792
2018-02-05,16.333,16.417
2018-02-06,35.125,35.958
2018-02-07,24.583,24.042
2018-02-08,5.913,5.136
2018-02-09,13.458,10.25
2018-02-10,6.125,6.042
2018-02-11,12.917,11.292
2018-02-12,9.125,7.292
2018-02-13,8.083,7.333
2018-02-14,6.417,8.125
2018-02-15,5.625,7.042
2018-02-16,14.048,12.952
2018-02-17,13.292,13.167
2018-02-18,10.958,13.333
2018-02-19,23.833,27.792
2018-02-20,22.042,27.083
2018-02-21,4.208,2.375
2018-02-22,7.958,9.625
2018-02-23,15.792,15.583
2018-02-24,20.458,18.917
2018-02-25,19.042,23.125
2018-02-26,19.625,19.292
2018-02-27,15.625,17.5
2018-02-28,22.833,22.667
2018-03-01,13.167,13.792
2018-03-02,18.708,17.667
2018-03-03,31.083,31.833
2018-03-04,6.167,7.5
2018-03-05,18.167,18.875
2018-03-06,25.792,29.875
2018-03-07,14.071,17.643
2018-03-08,10.25,11.125
2018-03-09,9.917,10.083
2018-03-10,13.917,14.333
2018-03-11,1.75,4.708
2018-03-12,8.667,10.75
2018-03-13,8.75,10.375
2018-03-14,7.0,5.917
2018-03-15,9.333,9.625
2018-03-16,10.708,10.0
2018-03-17,11.5,9.583
2018-03-18,7.583,7.625
2018-03-19,11.625,11.0
2018-03-20,12.125,13.5
2018-03-21,13.708,17.667
2018-03-22,4.0,3.667
2018-03-23,5.333,6.125
2018-03-24,7.292,6.167
2018-03-25,10.375,10.208
2018-03-26,12.917,11.625
2018-03-27,13.042,15.417
2018-03-28,5.304,8.261
2018-03-29,8.667,9.583
2018-03-30,17.75,25.333
2018-03-31,8.917,11.958
2018-04-01,12.792,15.833
2018-04-02,19.5,25.125
2018-04-03,28.0,38.792
2018-04-04,30.667,41.917
2018-04-05,5.0,8.542
2018-04-06,12.391,21.0
2018-04-07,3.458,4.333
2018-04-08,8.125,11.0
2018-04-09,8.833,7.458
2018-04-10,10.583,12.167
2018-04-11,11.417,18.208
2018-04-12,11.417,13.5
2018-04-13,6.833,7.292
2018-04-14,9.917,15.667
2018-04-15,4.542,9.958
2018-04-16,7.792,14.208
2018-04-17,7.708,10.458
2018-04-18,7.667,11.792
2018-04-19,8.375,14.167
2018-04-20,17.25,18.917
2018-04-21,23.875,30.333
2018-04-22,24.667,29.083
2018-04-23,23.958,32.25
2018-04-24,15.5,33.625
2018-04-25,4.833,13.75
2018-04-26,5.042,6.417
2018-04-27,8.458,10.708
2018-04-28,14.875,16.333
2018-04-29,17.5,22.0
2018-04-30,13.5,17.208
2018-05-01,16.125,20.208
2018-05-02,21.75,30.083
2018-05-03,4.083,7.708
2018-05-04,6.458,7.958
2018-05-05,12.458,14.0
2018-05-06,16.5,19.375
2018-05-07,13.583,16.958
2018-05-08,4.667,5.333
2018-05-09,0.913,2.652
2018-05-10,3.333,6.583
2018-05-11,6.917,8.75
2018-05-12,14.375,17.292
2018-05-13,14.25,18.833
2018-05-14,11.917,17.625
2018-05-15,11.792,14.833
2018-05-16,15.25,19.625
2018-05-17,23.0,30.667
2018-05-18,16.5,26.333
2018-05-19,2.875,5.917
2018-05-20,2.917,5.375
2018-05-21,10.625,12.958
2018-05-22,13.208,14.417
2018-05-23,8.125,13.0
2018-05-24,5.125,7.167
2018-05-25,10.917,16.833
2018-05-26,17.375,23.917
2018-05-27,11.917,16.5
2018-05-28,16.792,26.458
2018-05-29,14.833,22.25
2018-05-30,11.125,19.417
2018-05-31,11.583,17.917
2018-06-01,5.25,8.333
2018-06-02,9.5,12.792
2018-06-03,10.792,13.25
2018-06-04,7.75,9.708
2018-06-05,7.542,10.667
2018-06-06,13.25,24.125
2018-06-07,10.458,14.917
2018-06-08,7.783,15.238
2018-06-09,16.792,26.5
2018-06-10,7.083,10.542
2018-06-11,1.458,3.542
2018-06-12,5.875,9.375
2018-06-13,7.0,7.208
2018-06-14,6.917,9.583
2018-06-15,2.375,3.958
2018-06-16,4.125,6.958
2018-06-17,5.417,7.375
2018-06-18,7.417,8.917
2018-06-19,4.917,7.167
2018-06-20,3.833,6.042
2018-06-21,8.0,13.875
2018-06-22,13.208,17.667
2018-06-23,16.083,22.833
2018-06-24,13.75,20.667
2018-06-25,16.833,19.625
2018-06-26,17.417,24.875
2018-06-27,6.958,12.75
2018-06-28,12.5,22.583
2018-06-29,5.625,12.0
2018-06-30,5.542,12.333
2018-07-01,9.25,14.5
2018-07-02,11.5,18.083
2018-07-03,10.833,18.792
2018-07-04,7.583,15.292
2018-07-05,5.708,13.042
2018-07-06,2.458,6.792
2018-07-07,6.0,12.25
2018-07-08,6.542,11.417
2018-07-09,6.583,12.833
2018-07-10,10.391,15.957
2018-07-11,11.875,20.542
2018-07-12,11.583,18.958
2018-07-13,17.25,29.25
2018-07-14,15.083,20.958
2018-07-15,21.417,29.625
2018-07-16,21.708,29.667
2018-07-17,26.833,38.458
2018-07-18,28.778,38.625
2018-07-19,26.583,36.042
2018-07-20,11.625,20.458
2018-07-21,11.917,19.458
2018-07-22,21.542,29.583
2018-07-23,19.042,24.792
2018-07-24,17.792,26.333
2018-07-25,13.458,20.333
2018-07-26,9.417,13.0
2018-07-27,10.25,11.792
2018-07-28,6.0,12.292
2018-07-29,7.625,19.5
2018-07-30,8.083,14.708
2018-07-31,10.958,17.042
2018-08-01,16.75,24.583
2018-08-02,17.5,24.292
2018-08-03,17.167,22.583
2018-08-04,13.125,20.208
2018-08-05,23.5,31.333
2018-08-06,14.13,21.478
2018-08-07,2.348,5.87
2018-08-08,0.708,6.458
2018-08-09,6.417,16.0
2018-08-10,14.435,24.783
2018-08-11,11.25,18.5
2018-08-12,8.792,15.292
2018-08-13,17.417,31.333
2018-08-14,9.042,18.042
2018-08-15,5.042,13.125
2018-08-16,6.167,13.958
2018-08-17,3.208,5.208
2018-08-18,6.0,7.833
2018-08-19,7.583,9.667
2018-08-20,5.667,11.25
2018-08-21,9.708,18.458
2018-08-22,8.375,17.125
2018-08-23,6.5,16.833
2018-08-24,6.125,18.417
2018-08-25,7.273,14.0
2018-08-26,10.125,17.208
2018-08-27,11.167,16.625
2018-08-28,6.708,13.167
2018-08-29,5.917,9.708
2018-08-30,15.708,24.25
2018-08-31,12.083,21.083
2018-09-01,6.958,13.042
2018-09-02,4.917,8.292
2018-09-03,6.5,14.375
2018-09-04,6.417,17.667
2018-09-05,12.458,22.625
2018-09-06,19.417,26.375
2018-09-07,14.833,23.0
2018-09-08,5.042,10.625
2018-09-09,6.542,12.375
2018-09-10,6.087,9.783
2018-09-11,3.5,5.25
2018-09-12,6.042,9.5
2018-09-13,7.5,14.75
2018-09-14,7.833,10.875
2018-09-15,4.917,9.458
2018-09-16,7.0,11.458
2018-09-17,11.417,20.875
2018-09-18,7.875,11.917
2018-09-19,5.125,9.208
2018-09-20,6.125,10.625
2018-09-21,2.417,4.708
2018-09-22,3.25,8.208
2018-09-23,5.5,9.292
2018-09-24,5.5,11.292
2018-09-25,4.917,8.75
2018-09-26,5.042,8.0
2018-09-27,2.75,5.0
2018-09-28,6.792,9.333
2018-09-29,6.75,11.625
2018-09-30,2.042,7.917
2018-10-01,5.542,10.333
2018-10-02,9.875,15.042
2018-10-03,9.542,12.417
2018-10-04,10.0,13.167
2018-10-05,9.5,13.792
2018-10-06,6.167,15.5
2018-10-07,5.25,9.042
2018-10-08,5.458,9.792
2018-10-09,6.208,11.917
2018-10-10,7.783,8.913
2018-10-11,9.25,11.292
2018-10-12,3.792,3.875
2018-10-13,5.917,8.5
2018-10-14,5.958,9.167
2018-10-15,9.625,12.292
2018-10-16,10.833,13.833
2018-10-17,8.833,10.833
2018-10-18,8.083,8.292
2018-10-19,8.042,9.292
2018-10-20,7.125,8.667
2018-10-21,7.583,9.167
2018-10-22,7.583,8.208
2018-10-23,12.542,16.208
2018-10-24,6.208,9.792
2018-10-25,12.875,17.083
2018-10-26,13.792,18.417
2018-10-27,9.417,13.792
2018-10-28,5.875,8.667
2018-10-29,6.583,8.0
2018-10-30,6.042,8.833
2018-10-31,3.083,4.458
2018-11-01,4.875,4.792
2018-11-02,5.292,5.917
2018-11-03,12.0,12.208
2018-11-04,19.375,23.25
2018-11-05,11.625,17.0
2018-11-06,7.417,12.333
2018-11-07,6.833,7.208
2018-11-08,12.957,16.826
2018-11-09,8.417,16.375
2018-11-10,7.292,15.917
2018-11-11,18.25,19.083
2018-11-12,20.5,24.75
2018-11-13,10.833,13.042
2018-11-14,4.708,6.583
2018-11-15,5.333,3.5
2018-11-16,9.208,8.917
2018-11-17,8.25,10.458
2018-11-18,7.5,7.625
2018-11-19,6.917,11.875
2018-11-20,5.333,6.417
2018-11-21,12.917,14.917
2018-11-22,14.75,17.458
2018-11-23,3.583,2.458
2018-11-24,6.792,7.458
2018-11-25,12.333,13.375
2018-11-26,12.125,12.667
2018-11-27,14.167,16.25
2018-11-28,18.875,24.542
2018-11-29,8.167,12.625
2018-11-30,5.25,7.542
2018-12-01,5.042,7.5
2018-12-02,13.958,14.417
2018-12-03,18.667,23.958
2018-12-04,25.167,41.583
2018-12-05,6.458,11.042
2018-12-06,5.625,6.25
2018-12-07,6.625,8.042
2018-12-08,1.792,3.0
2018-12-09,4.0,3.667
2018-12-10,13.958,12.375
2018-12-11,6.696,6.783
2018-12-12,4.375,4.75
2018-12-13,5.458,5.542
2018-12-14,7.708,6.833
2018-12-15,6.958,6.083
2018-12-16,16.667,15.5
2018-12-17,17.625,18.833
2018-12-18,7.083,7.333
2018-12-19,11.458,10.042
2018-12-20,8.542,7.125
2018-12-21,15.042,13.875
2018-12-22,18.917,21.042
2018-12-23,19.875,23.083
2018-12-24,5.083,5.083
2018-12-25,11.542,9.292
2018-12-26,26.708,24.25
2018-12-27,7.333,9.292
2018-12-28,4.917,3.583
2018-12-29,3.75,3.167
2018-12-30,5.667,7.042
2018-12-31,8.833,7.583
