date,CO_mean
2011-01-01,4.667
2011-01-02,5.167
2011-01-03,6.25
2011-01-04,5.783
2011-01-05,7.583
2011-01-06,6.125
2011-01-07,6.0
2011-01-08,6.125
2011-01-09,6.042
2011-01-10,7.708
2011-01-11,6.739
2011-01-12,7.583
2011-01-13,7.833
2011-01-14,8.542
2011-01-15,6.708
2011-01-16,6.833
2011-01-17,5.917
2011-01-18,7.739
2011-01-19,7.792
2011-01-20,6.292
2011-01-21,7.625
2011-01-22,5.667
2011-01-23,5.292
2011-01-24,5.333
2011-01-25,6.565
2011-01-26,6.625
2011-01-27,8.417
2011-01-28,8.417
2011-01-29,5.125
2011-01-30,7.167
2011-01-31,6.875
2011-02-01,6.696
2011-02-02,4.75
2011-02-03,7.167
2011-02-04,6.792
2011-02-05,7.208
2011-02-06,7.75
2011-02-07,7.833
2011-02-08,5.87
2011-02-09,7.625
2011-02-10,7.0
2011-02-11,6.333
2011-02-12,6.25
2011-02-13,6.792
2011-02-14,10.042
2011-02-15,9.696
2011-02-16,6.542
2011-02-17,5.75
2011-02-18,5.5
2011-02-19,4.917
2011-02-20,6.083
2011-02-21,7.833
2011-02-22,7.833
2011-02-23,6.125
2011-02-24,6.875
2011-02-25,8.542
2011-02-26,4.833
2011-02-27,6.5
2011-02-28,6.25
2011-03-01,8.0
2011-03-02,9.042
2011-03-03,5.375
2011-03-04,6.292
2011-03-05,9.875
2011-03-06,7.833
2011-03-07,7.708
2011-03-08,8.083
2011-03-09,9.083
2011-03-10,5.708
2011-03-11,5.542
2011-03-12,4.792
2011-03-13,6.083
2011-03-14,5.583
2011-03-15,6.391
2011-03-16,8.375
2011-03-17,8.833
2011-03-18,9.875
2011-03-19,6.458
2011-03-20,6.208
2011-03-21,6.417
2011-03-22,5.696
2011-03-23,7.083
2011-03-24,6.625
2011-03-25,4.25
2011-03-26,5.25
2011-03-27,5.667
2011-03-28,5.875
2011-03-29,5.739
2011-03-30,5.583
2011-03-31,4.958
2011-04-01,3.833
2011-04-02,2.833
2011-04-03,1.667
2011-04-04,1.458
2011-04-05,2.375
2011-04-06,2.167
2011-04-07,1.625
2011-04-08,3.125
2011-04-09,1.875
2011-04-10,2.083
2011-04-11,2.458
2011-04-12,2.5
2011-04-13,2.292
2011-04-14,2.208
2011-04-15,3.75
2011-04-16,2.708
2011-04-17,2.208
2011-04-18,3.875
2011-04-19,3.292
2011-04-20,2.542
2011-04-21,9.609
2011-04-22,17.0
2011-04-23,15.125
2011-04-24,15.167
2011-04-25,15.333
2011-04-26,14.958
2011-04-27,15.292
2011-04-28,14.792
2011-04-29,14.75
2011-04-30,15.167
2011-05-01,14.167
2011-05-02,14.458
2011-05-03,15.542
2011-05-04,14.458
2011-05-05,14.417
2011-05-06,14.667
2011-05-07,14.25
2011-05-08,13.25
2011-05-09,14.167
2011-05-10,14.292
2011-05-11,13.833
2011-05-12,14.292
2011-05-13,14.042
2011-05-14,14.25
2011-05-15,14.25
2011-05-16,13.958
2011-05-17,14.0
2011-05-18,14.25
2011-05-19,14.0
2011-05-20,13.375
2011-05-21,12.708
2011-05-22,12.458
2011-05-23,13.958
2011-05-24,14.0
2011-05-25,13.708
2011-05-26,7.522
2011-05-27,1.667
2011-05-28,1.833
2011-05-29,0.542
2011-05-30,0.875
2011-05-31,0.667
2011-06-01,0.917
2011-06-02,6.043
2011-06-03,13.417
2011-06-04,13.208
2011-06-05,13.417
2011-06-06,12.792
2011-06-07,13.75
2011-06-08,13.583
2011-06-09,12.708
2011-06-10,13.417
2011-06-11,13.75
2011-06-12,13.333
2011-06-13,12.625
2011-06-14,13.792
2011-06-15,14.792
2011-06-16,15.042
2011-06-17,14.583
2011-06-18,15.125
2011-06-19,14.125
2011-06-20,13.875
2011-06-21,12.708
2011-06-22,12.333
2011-06-23,11.25
2011-06-24,11.333
2011-06-25,11.417
2011-06-26,10.708
2011-06-27,11.708
2011-06-28,12.25
2011-06-29,12.208
2011-06-30,12.292
2011-07-01,13.125
2011-07-02,13.0
2011-07-03,12.792
2011-07-04,11.5
2011-07-05,11.208
2011-07-06,11.917
2011-07-07,10.556
2011-07-08,5.739
2011-07-09,4.958
2011-07-10,3.375
2011-07-11,3.917
2011-07-12,4.875
2011-07-13,4.565
2011-07-14,3.542
2011-07-15,3.833
2011-07-16,3.917
2011-07-17,3.458
2011-07-18,3.833
2011-07-19,2.125
2011-07-20,4.087
2011-07-21,4.708
2011-07-22,7.167
2011-07-23,4.125
2011-07-24,3.958
2011-07-25,5.25
2011-07-26,4.75
2011-07-27,4.522
2011-07-28,4.375
2011-07-29,4.727
2011-07-30,5.333
2011-07-31,4.75
2011-08-01,5.708
2011-08-02,5.583
2011-08-03,3.783
2011-08-04,4.125
2011-08-05,4.25
2011-08-06,3.583
2011-08-07,2.875
2011-08-08,3.5
2011-08-09,4.0
2011-08-10,4.652
2011-08-11,4.208
2011-08-12,4.625
2011-08-13,4.125
2011-08-14,3.75
2011-08-15,3.958
2011-08-16,5.25
2011-08-17,4.522
2011-08-18,4.167
2011-08-19,5.75
2011-08-20,5.0
2011-08-21,4.958
2011-08-22,4.792
2011-08-23,4.667
2011-08-24,4.667
2011-08-25,5.708
2011-08-26,4.042
2011-08-27,3.917
2011-08-28,4.042
2011-08-29,4.042
2011-08-30,4.458
2011-08-31,5.217
2011-09-01,6.25
2011-09-02,4.542
2011-09-03,6.667
2011-09-04,5.083
2011-09-05,4.125
2011-09-06,5.25
2011-09-07,4.913
2011-09-08,5.0
2011-09-09,5.875
2011-09-10,5.542
2011-09-11,3.5
2011-09-12,5.25
2011-09-13,4.333
2011-09-14,4.652
2011-09-15,5.417
2011-09-16,6.125
2011-09-17,3.708
2011-09-18,2.958
2011-09-19,4.292
2011-09-20,4.833
2011-09-21,3.13
2011-09-22,3.833
2011-09-23,4.042
2011-09-24,5.25
2011-09-25,5.25
2011-09-26,6.875
2011-09-27,5.833
2011-09-28,5.174
2011-09-29,6.25
2011-09-30,8.625
2011-10-01,5.083
2011-10-02,4.0
2011-10-03,3.875
2011-10-04,6.167
2011-10-05,6.0
2011-10-06,4.625
2011-10-07,6.542
2011-10-08,6.208
2011-10-09,5.083
2011-10-10,4.542
2011-10-11,5.833
2011-10-12,6.261
2011-10-13,7.542
2011-10-14,6.042
2011-10-15,7.292
2011-10-16,5.375
2011-10-17,6.708
2011-10-18,5.333
2011-10-19,6.043
2011-10-20,6.125
2011-10-21,7.958
2011-10-22,6.958
2011-10-23,4.958
2011-10-24,5.333
2011-10-25,4.708
2011-10-26,3.913
2011-10-27,5.625
2011-10-28,6.25
2011-10-29,6.375
2011-10-30,5.583
2011-10-31,4.792
2011-11-01,6.542
2011-11-02,6.739
2011-11-03,5.583
2011-11-04,6.875
2011-11-05,8.417
2011-11-06,6.375
2011-11-07,5.833
2011-11-08,5.708
2011-11-09,4.609
2011-11-10,6.125
2011-11-11,7.083
2011-11-12,6.458
2011-11-13,5.958
2011-11-14,7.375
2011-11-15,5.833
2011-11-16,6.043
2011-11-17,6.375
2011-11-18,8.542
2011-11-19,7.667
2011-11-20,4.875
2011-11-21,4.708
2011-11-22,5.875
2011-11-23,5.739
2011-11-24,5.917
2011-11-25,5.375
2011-11-26,6.208
2011-11-27,6.292
2011-11-28,7.0
2011-11-29,8.125
2011-11-30,7.565
2011-12-01,5.474
2011-12-02,7.375
2011-12-03,5.792
2011-12-04,5.542
2011-12-05,6.167
2011-12-06,7.333
2011-12-07,8.826
2011-12-08,9.227
2011-12-09,5.542
2011-12-10,7.667
2011-12-11,6.583
2011-12-12,7.417
2011-12-13,8.75
2011-12-14,7.87
2011-12-15,8.25
2011-12-16,5.958
2011-12-17,7.458
2011-12-18,5.833
2011-12-19,6.917
2011-12-20,8.042
2011-12-21,8.217
2011-12-22,6.625
2011-12-23,5.708
2011-12-24,6.5
2011-12-25,4.667
2011-12-26,7.292
2011-12-27,6.833
2011-12-28,7.391
2011-12-29,7.25
2011-12-30,5.208
2011-12-31,5.458
2012-01-01,4.75
2012-01-02,5.125
2012-01-03,4.043
2012-01-04,5.208
2012-01-05,6.375
2012-01-06,5.125
2012-01-07,6.25
2012-01-08,6.833
2012-01-09,7.625
2012-01-10,6.348
2012-01-11,6.917
2012-01-12,5.708
2012-01-13,5.792
2012-01-14,4.167
2012-01-15,4.875
2012-01-16,6.833
2012-01-17,6.409
2012-01-18,4.917
2012-01-19,7.292
2012-01-20,6.292
2012-01-21,7.667
2012-01-22,5.917
2012-01-23,6.542
2012-01-24,7.0
2012-01-25,6.583
2012-01-26,6.167
2012-01-27,5.583
2012-01-28,7.125
2012-01-29,7.375
2012-01-30,6.917
2012-01-31,7.864
2012-02-01,9.458
2012-02-02,6.75
2012-02-03,5.292
2012-02-04,7.333
2012-02-05,7.0
2012-02-06,7.708
2012-02-07,7.348
2012-02-08,3.833
2012-02-09,6.125
2012-02-10,6.208
2012-02-11,6.167
2012-02-12,8.292
2012-02-13,5.375
2012-02-14,6.652
2012-02-15,6.167
2012-02-16,5.25
2012-02-17,5.625
2012-02-18,7.083
2012-02-19,5.125
2012-02-20,6.417
2012-02-21,6.652
2012-02-22,7.583
2012-02-23,7.583
2012-02-24,4.042
2012-02-25,6.417
2012-02-26,6.833
2012-02-27,6.042
2012-02-28,6.565
2012-03-01,8.0
2012-03-02,4.083
2012-03-03,5.042
2012-03-04,5.458
2012-03-05,7.292
2012-03-06,6.167
2012-03-07,6.348
2012-03-08,7.042
2012-03-09,8.375
2012-03-10,6.708
2012-03-11,4.792
2012-03-12,5.917
2012-03-13,8.083
2012-04-01,4.5
2012-04-02,5.417
2012-04-03,3.792
2012-04-04,5.042
2012-04-05,6.261
2012-04-06,4.958
2012-04-07,4.708
2012-04-08,4.75
2012-04-09,6.167
2012-04-10,6.208
2012-04-11,6.0
2012-04-12,6.826
2012-04-13,6.375
2012-04-14,4.667
2012-04-15,4.667
2012-04-16,6.125
2012-04-17,4.792
2012-04-18,4.75
2012-04-19,5.87
2012-04-20,6.25
2012-04-21,4.208
2012-04-22,3.75
2012-04-23,5.292
2012-04-24,5.708
2012-04-25,8.875
2012-04-26,6.652
2012-04-27,5.083
2012-04-28,5.125
2012-04-29,4.917
2012-04-30,4.875
2012-05-01,5.458
2012-05-02,7.0
2012-05-03,4.217
2012-05-04,4.0
2012-05-05,4.917
2012-05-06,4.833
2012-05-07,5.833
2012-05-08,7.083
2012-05-09,7.125
2012-05-10,5.304
2012-05-11,2.625
2012-05-12,3.5
2012-05-13,3.458
2012-05-14,5.25
2012-05-15,5.625
2012-05-16,4.875
2012-05-17,5.13
2012-05-18,5.542
2012-05-19,5.083
2012-05-20,4.417
2012-05-21,4.875
2012-05-22,5.333
2012-05-23,5.375
2012-05-24,5.522
2012-05-25,6.542
2012-05-26,5.167
2012-05-27,3.917
2012-05-28,5.0
2012-05-29,4.833
2012-05-30,5.167
2012-05-31,5.739
2012-06-01,5.292
2012-06-02,5.417
2012-06-03,4.458
2012-06-04,5.042
2012-06-05,5.875
2012-06-06,5.042
2012-06-07,5.0
2012-06-08,5.917
2012-06-09,5.083
2012-06-10,3.75
2012-06-11,5.125
2012-06-12,5.833
2012-06-13,4.958
2012-06-14,3.913
2012-06-15,5.375
2012-06-16,5.125
2012-06-17,3.917
2012-06-18,4.625
2012-06-19,2.25
2012-06-20,4.708
2012-06-21,7.174
2012-06-22,4.792
2012-06-23,5.5
2012-06-24,5.792
2012-06-25,5.875
2012-06-26,5.875
2012-06-27,6.125
2012-06-28,4.0
2012-06-29,4.462
2012-06-30,6.0
2012-07-01,5.0
2012-07-02,6.542
2012-07-03,6.917
2012-07-04,5.417
2012-07-05,5.478
2012-07-06,6.167
2012-07-07,4.833
2012-07-08,3.667
2012-07-09,4.042
2012-07-10,4.542
2012-07-11,4.375
2012-07-12,6.87
2012-07-13,6.792
2012-07-14,6.5
2012-07-15,3.5
2012-07-16,2.167
2012-07-17,4.083
2012-07-18,3.833
2012-07-19,4.13
2012-07-20,6.292
2012-07-21,4.792
2012-07-22,4.375
2012-07-23,4.292
2012-07-24,4.792
2012-07-25,4.458
2012-07-26,4.261
2012-07-27,4.458
2012-07-28,4.083
2012-07-29,3.417
2012-07-30,3.625
2012-07-31,3.208
2012-08-01,3.75
2012-08-02,4.522
2012-08-03,4.417
2012-08-04,3.625
2012-08-05,3.333
2012-08-06,4.333
2012-08-07,4.667
2012-08-08,5.043
2012-08-09,6.217
2012-08-10,4.875
2012-08-11,5.792
2012-08-12,4.5
2012-08-13,4.417
2012-08-14,5.625
2012-08-15,4.375
2012-08-16,4.261
2012-08-17,4.25
2012-08-18,4.458
2012-08-19,3.542
2012-08-20,4.125
2012-08-21,5.042
2012-08-22,4.208
2012-08-23,5.043
2012-08-24,5.542
2012-08-25,3.542
2012-08-26,2.667
2012-08-27,3.167
2012-08-28,2.292
2012-08-29,4.75
2012-08-30,4.957
2012-08-31,5.042
2012-09-01,5.083
2012-09-02,3.292
2012-09-03,4.833
2012-09-04,4.5
2012-09-05,4.5
2012-09-06,4.304
2012-09-07,4.375
2012-09-08,4.667
2012-09-09,4.458
2012-09-10,4.75
2012-09-11,4.583
2012-09-12,4.875
2012-09-13,4.957
2012-09-14,4.167
2012-09-15,3.792
2012-09-16,2.917
2012-09-17,1.333
2012-09-18,5.667
2012-09-19,5.417
2012-09-20,5.696
2012-09-21,5.792
2012-09-22,5.792
2012-09-23,4.0
2012-09-24,4.167
2012-09-25,4.333
2012-09-26,4.792
2012-09-27,4.696
2012-09-28,5.583
2012-09-29,6.958
2012-09-30,3.417
2012-10-01,5.542
2012-10-02,5.125
2012-10-03,3.958
2012-10-04,5.13
2012-10-05,5.417
2012-10-06,5.667
2012-10-07,4.083
2012-10-08,4.625
2012-10-09,5.458
2012-10-10,5.875
2012-10-11,5.304
2012-10-12,5.542
2012-10-13,4.833
2012-10-14,4.875
2012-10-15,5.75
2012-10-16,5.708
2012-10-17,5.875
2012-10-18,5.174
2012-10-19,4.458
2012-10-20,5.375
2012-10-21,4.25
2012-10-22,5.417
2012-10-23,5.625
2012-10-24,5.708
2012-10-25,5.87
2012-10-26,5.708
2012-10-27,6.25
2012-10-28,5.917
2012-10-29,5.583
2012-10-30,5.958
2012-10-31,6.125
2012-11-01,6.261
2012-11-02,5.083
2012-11-03,4.458
2012-11-04,5.292
2012-11-05,6.708
2012-11-06,6.458
2012-11-07,7.125
2012-11-08,6.0
2012-11-09,6.125
2012-11-10,5.167
2012-11-11,4.167
2012-11-12,5.875
2012-11-13,5.5
2012-11-14,5.5
2012-11-15,6.565
2012-11-16,6.458
2012-11-17,7.667
2012-11-18,5.083
2012-11-19,6.125
2012-11-20,6.792
2012-11-21,6.833
2012-11-22,7.609
2012-11-23,5.917
2012-11-24,6.5
2012-11-25,5.25
2012-11-26,6.667
2012-11-27,5.208
2012-11-28,6.25
2012-11-29,6.609
2012-11-30,6.458
2012-12-01,5.333
2012-12-02,6.417
2012-12-03,6.458
2012-12-04,5.25
2012-12-05,7.375
2012-12-06,5.391
2012-12-07,6.708
2012-12-08,6.25
2012-12-09,5.083
2012-12-10,8.0
2012-12-11,7.462
2012-12-12,6.708
2012-12-13,6.435
2012-12-14,8.0
2012-12-15,8.792
2012-12-16,6.792
2012-12-17,8.625
2012-12-18,6.583
2012-12-19,7.458
2012-12-20,7.174
2012-12-21,7.0
2012-12-22,4.5
2012-12-23,5.25
2012-12-24,5.125
2012-12-25,7.208
2012-12-26,5.792
2012-12-27,7.478
2012-12-28,6.417
2012-12-29,8.917
2012-12-30,6.708
2012-12-31,4.292
2013-01-01,5.292
2013-01-02,5.583
2013-01-03,5.958
2013-01-04,5.292
2013-01-05,4.5
2013-01-06,5.542
2013-01-07,7.042
2013-01-08,6.833
2013-01-09,5.609
2013-01-10,5.348
2013-01-11,5.792
2013-01-12,5.417
2013-01-13,5.375
2013-01-14,5.708
2013-01-15,4.583
2013-01-16,5.25
2013-01-17,5.174
2013-01-18,6.042
2013-01-19,3.417
2013-01-20,5.5
2013-01-21,5.375
2013-01-22,4.625
2013-01-23,5.783
2013-01-24,6.652
2013-01-25,6.083
2013-01-26,4.833
2013-01-27,6.292
2013-01-28,5.583
2013-01-29,6.708
2013-01-30,7.792
2013-01-31,8.565
2013-02-01,5.708
2013-02-02,5.542
2013-02-03,6.708
2013-02-04,5.125
2013-02-05,3.958
2013-02-06,5.667
2013-02-07,6.087
2013-02-08,4.458
2013-02-09,3.75
2013-02-10,3.542
2013-02-11,2.833
2013-02-12,4.333
2013-02-13,3.208
2013-02-14,4.609
2013-02-15,2.792
2013-02-16,4.542
2013-02-17,5.333
2013-02-18,3.625
2013-02-19,3.375
2013-02-20,4.875
2013-02-21,5.565
2013-02-22,5.208
2013-02-23,4.208
2013-02-24,4.292
2013-02-25,5.542
2013-02-26,6.5
2013-02-27,5.083
2013-02-28,6.087
2013-03-01,6.458
2013-03-02,3.833
2013-03-03,2.5
2013-03-04,4.083
2013-03-05,3.667
2013-03-06,3.375
2013-03-07,4.478
2013-03-08,4.208
2013-03-09,4.125
2013-03-10,3.25
2013-03-11,4.542
2013-03-12,4.375
2013-03-13,3.042
2013-03-14,4.087
2013-03-15,4.583
2013-03-16,4.958
2013-03-17,5.25
2013-03-18,6.833
2013-03-19,5.792
2013-03-20,5.292
2013-03-21,3.043
2013-03-22,4.042
2013-03-23,4.0
2013-03-24,4.167
2013-03-25,4.542
2013-03-26,6.667
2013-03-27,3.5
2013-03-28,4.348
2013-03-29,5.0
2013-03-30,3.5
2013-03-31,3.333
2013-06-18,3.833
2013-06-19,3.75
2013-06-20,4.917
2013-06-21,5.292
2013-06-22,4.375
2013-06-23,4.625
2013-06-24,6.042
2013-06-25,5.696
2013-06-26,6.25
2013-06-27,4.208
2013-06-28,5.708
2013-06-29,4.25
2013-06-30,3.583
2013-07-01,3.292
2013-07-02,4.696
2013-07-03,5.583
2013-07-04,4.708
2013-07-05,3.136
2013-07-06,2.042
2013-07-07,2.5
2013-07-08,2.208
2013-07-09,2.292
2013-07-10,2.875
2013-07-11,3.435
2013-07-12,3.292
2013-07-13,2.875
2013-07-14,2.708
2013-07-15,2.708
2013-07-16,3.042
2013-07-17,3.792
2013-07-18,3.087
2013-07-19,3.167
2013-07-20,3.125
2013-07-21,2.917
2013-07-22,3.333
2013-07-23,3.125
2013-07-24,3.292
2013-07-25,3.522
2013-07-26,6.083
2013-07-27,5.0
2013-07-28,4.25
2013-07-29,4.792
2013-07-30,4.917
2013-07-31,4.542
2013-08-01,4.5
2013-08-02,5.042
2013-08-03,4.0
2013-08-04,3.792
2013-08-05,4.375
2013-08-06,4.375
2013-08-07,4.292
2013-08-08,4.35
2013-08-09,5.083
2013-08-10,4.917
2013-08-11,4.208
2013-08-12,5.0
2013-08-13,4.583
2013-08-14,4.292
2013-08-15,3.652
2013-08-16,3.458
2013-08-17,2.792
2013-08-18,1.667
2013-08-19,2.125
2013-08-20,2.042
2013-08-21,2.208
2013-08-22,2.478
2013-08-23,2.667
2013-08-24,3.625
2013-08-25,3.042
2013-08-26,4.583
2013-08-27,3.542
2013-08-28,3.5
2013-08-29,3.783
2013-08-30,2.833
2013-08-31,2.25
2013-09-01,2.5
2013-09-02,2.958
2013-09-03,3.708
2013-09-04,2.833
2013-09-05,3.478
2013-09-06,3.625
2013-09-07,4.667
2013-09-08,3.083
2013-09-09,4.292
2013-09-10,3.417
2013-09-11,3.875
2013-09-12,4.13
2013-09-13,3.708
2013-09-14,4.042
2013-09-15,2.917
2013-09-16,1.875
2013-09-17,3.167
2013-09-18,3.333
2013-09-19,3.652
2013-09-20,2.917
2013-09-21,2.917
2013-09-22,2.417
2013-09-23,2.167
2013-09-24,2.917
2013-09-25,2.375
2013-09-26,1.174
2013-09-27,2.792
2013-09-28,2.792
2013-09-29,1.75
2013-09-30,2.958
2013-10-01,2.708
2013-10-02,2.917
2013-10-03,3.739
2013-10-04,4.667
2013-10-05,4.0
2013-10-06,3.25
2013-10-07,3.583
2013-10-08,2.875
2013-10-09,3.167
2013-10-10,3.13
2013-10-11,3.458
2013-10-12,2.333
2013-10-13,2.292
2013-10-14,2.583
2013-10-15,3.833
2013-10-16,1.417
2013-10-17,3.304
2013-10-18,4.708
2013-10-19,4.167
2013-10-20,3.833
2013-10-21,4.542
2013-10-22,4.708
2013-10-23,4.917
2013-10-24,2.652
2013-10-25,3.625
2013-10-26,3.292
2013-10-27,2.833
2013-10-28,3.958
2013-10-29,4.25
2013-10-30,4.417
2013-10-31,4.826
2013-11-01,5.208
2013-11-02,5.833
2013-11-03,5.125
2013-11-04,3.667
2013-11-05,4.833
2013-11-06,5.292
2013-11-07,4.304
2013-11-08,4.792
2013-11-09,4.792
2013-11-10,4.458
2013-11-11,2.667
2013-11-12,3.292
2013-11-13,2.958
2013-11-14,5.0
2013-11-15,4.75
2013-11-16,4.75
2013-11-17,4.958
2013-11-18,4.958
2013-11-19,4.417
2013-11-20,5.042
2013-11-21,4.923
2013-11-22,4.917
2013-11-23,4.208
2013-11-24,3.875
2013-11-25,4.708
2013-11-26,5.042
2013-11-27,5.042
2013-11-28,4.87
2013-11-29,5.625
2013-11-30,5.292
2013-12-01,4.708
2013-12-02,5.625
2013-12-03,5.417
2013-12-04,5.056
2013-12-05,6.696
2013-12-06,8.083
2013-12-07,6.25
2013-12-08,4.542
2013-12-09,6.375
2013-12-10,6.292
2013-12-11,5.833
2013-12-12,5.826
2013-12-13,7.0
2013-12-14,6.792
2013-12-15,5.708
2013-12-16,5.417
2013-12-17,5.625
2013-12-18,6.208
2013-12-19,5.913
2013-12-20,3.429
2013-12-26,8.267
2013-12-27,7.542
2013-12-28,5.75
2013-12-29,5.5
2013-12-30,6.292
2013-12-31,5.875
2014-01-01,2.957
2014-01-02,3.958
2014-01-03,5.458
2014-01-04,5.25
2014-01-05,7.958
2014-01-06,7.208
2014-01-07,5.417
2014-01-08,4.826
2014-01-09,6.167
2014-01-10,6.792
2014-01-11,5.5
2014-01-12,4.125
2014-01-13,5.792
2014-01-14,7.25
2014-01-15,4.87
2014-01-16,7.125
2014-01-17,7.708
2014-01-18,5.75
2014-01-19,6.833
2014-01-20,7.125
2014-01-21,7.708
2014-01-22,5.609
2014-01-23,4.208
2014-01-24,5.5
2014-01-25,5.375
2014-01-26,7.083
2014-01-27,6.833
2014-01-28,4.542
2014-01-29,5.826
2014-01-30,5.25
2014-01-31,4.542
2014-02-01,3.208
2014-02-02,4.667
2014-02-03,4.667
2014-02-04,5.042
2014-02-05,6.174
2014-02-06,4.0
2014-02-07,6.417
2014-02-08,4.0
2014-02-09,4.917
2014-02-10,6.333
2014-02-11,5.625
2014-02-12,6.565
2014-02-13,5.333
2014-02-14,6.542
2014-02-15,5.5
2014-02-16,8.792
2014-02-17,6.625
2014-02-18,6.25
2014-02-19,4.043
2014-02-20,5.125
2014-02-21,5.333
2014-02-22,5.708
2014-02-23,6.083
2014-02-24,6.0
2014-02-25,5.958
2014-02-26,6.565
2014-02-27,5.0
2014-02-28,4.958
2014-03-01,4.375
2014-03-02,6.083
2014-03-03,5.875
2014-03-04,5.292
2014-03-05,4.136
2014-03-06,6.583
2014-03-07,6.0
2014-03-08,5.458
2014-03-09,6.042
2014-03-10,4.625
2014-03-11,5.167
2014-03-12,6.565
2014-03-13,5.167
2014-03-14,5.458
2014-03-15,6.042
2014-03-16,7.125
2014-03-17,5.375
2014-03-18,6.583
2014-03-19,5.826
2014-03-20,5.125
2014-03-21,4.542
2014-03-22,4.833
2014-03-23,3.75
2014-03-24,2.625
2014-03-25,3.125
2014-03-26,4.636
2014-03-27,4.583
2014-03-28,3.917
2014-03-29,3.833
2014-03-30,4.417
2014-03-31,4.833
2014-04-01,3.917
2014-04-02,4.333
2014-04-03,3.667
2014-04-04,3.217
2014-04-05,4.208
2014-04-06,3.208
2014-04-07,3.667
2014-04-08,3.75
2014-04-09,4.208
2014-04-10,4.417
2014-04-11,4.348
2014-04-12,5.417
2014-04-13,4.667
2014-04-14,3.417
2014-04-15,3.958
2014-04-16,5.208
2014-04-17,4.75
2014-04-18,4.13
2014-04-19,3.708
2014-04-20,4.042
2014-04-21,4.583
2014-04-22,4.083
2014-04-23,3.458
2014-04-24,3.417
2014-04-25,3.783
2014-04-26,3.208
2014-04-27,2.708
2014-04-28,4.25
2014-04-29,4.667
2014-04-30,3.542
2014-05-01,3.958
2014-05-02,3.478
2014-05-03,3.417
2014-05-04,2.917
2014-05-05,3.208
2014-05-06,2.917
2014-05-07,3.042
2014-05-08,3.333
2014-05-09,3.0
2014-05-10,3.5
2014-05-11,3.375
2014-05-12,3.833
2014-05-13,4.167
2014-05-14,4.333
2014-05-15,4.958
2014-05-16,3.565
2014-05-17,4.125
2014-05-18,3.375
2014-05-19,3.708
2014-05-20,3.75
2014-05-21,3.0
2014-05-22,3.708
2014-05-23,3.696
2014-05-24,2.958
2014-05-25,2.5
2014-05-26,3.5
2014-05-27,4.417
2014-05-28,3.25
2014-05-29,3.333
2014-05-30,4.0
2014-05-31,4.167
2014-06-01,3.583
2014-06-02,4.167
2014-06-03,3.25
2014-06-04,3.958
2014-06-05,4.375
2014-06-06,5.0
2014-06-07,3.375
2014-06-08,3.292
2014-06-09,3.5
2014-06-10,3.583
2014-06-11,4.375
2014-06-12,4.696
2014-06-13,4.0
2014-06-14,3.833
2014-06-15,3.875
2014-06-16,4.833
2014-06-17,5.458
2014-06-18,5.417
2014-06-19,4.565
2014-06-20,4.667
2014-06-21,4.583
2014-06-22,4.875
2014-06-23,4.833
2014-06-24,4.5
2014-06-25,4.333
2014-06-26,5.0
2014-06-27,5.75
2014-06-28,3.5
2014-06-29,3.792
2014-06-30,5.042
2014-07-01,4.25
2014-07-02,5.0
2014-07-03,5.913
2014-07-04,6.125
2014-07-05,4.833
2014-07-06,4.458
2014-07-07,6.292
2014-07-08,6.083
2014-07-09,3.333
2014-07-10,3.261
2014-07-11,5.583
2014-07-12,5.417
2014-07-13,4.125
2014-07-14,4.792
2014-07-15,4.417
2014-07-16,3.417
2014-07-17,3.565
2014-07-18,3.75
2014-07-19,3.792
2014-07-20,3.083
2014-07-21,2.667
2014-07-22,3.208
2014-07-23,3.458
2014-07-24,5.348
2014-07-25,4.125
2014-07-26,3.958
2014-07-27,3.375
2014-07-28,5.292
2014-07-29,3.792
2014-07-30,4.25
2014-07-31,2.826
2014-08-01,3.958
2014-08-02,3.875
2014-08-03,2.25
2014-08-04,2.417
2014-08-05,4.833
2014-08-06,4.458
2014-08-07,4.136
2014-08-08,5.875
2014-08-09,4.333
2014-08-10,3.167
2014-08-11,4.292
2014-08-12,4.792
2014-08-13,4.348
2014-08-14,2.792
2014-08-15,4.792
2014-08-16,4.792
2014-08-17,3.292
2014-08-18,4.333
2014-08-19,3.875
2014-08-20,4.375
2014-08-21,4.522
2014-08-22,4.958
2014-08-23,4.458
2014-08-24,3.0
2014-08-25,4.375
2014-08-26,4.708
2014-08-27,4.0
2014-08-28,5.0
2014-08-29,5.083
2014-08-30,4.292
2014-08-31,3.875
2014-09-01,5.167
2014-09-02,4.625
2014-09-03,5.708
2014-09-04,5.348
2014-09-05,5.708
2014-09-06,4.333
2014-09-11,4.333
2014-09-12,5.167
2014-09-13,4.667
2014-09-14,3.667
2014-09-15,3.875
2014-09-16,4.25
2014-09-17,5.0
2014-09-18,4.565
2014-09-19,5.458
2014-09-20,4.708
2014-09-21,4.208
2014-09-22,4.708
2014-09-23,3.542
2014-09-24,5.042
2014-09-25,4.087
2014-09-26,4.625
2014-09-27,4.583
2014-09-28,4.375
2014-09-29,5.417
2014-09-30,5.417
2014-10-01,5.708
2014-10-02,6.0
2014-10-03,4.917
2014-10-04,4.417
2014-10-05,3.542
2014-10-06,2.25
2014-10-07,3.167
2014-10-08,3.583
2014-10-09,5.348
2014-10-10,6.125
2014-10-11,6.167
2014-10-12,4.833
2014-10-13,2.292
2014-10-14,3.208
2014-10-15,4.542
2014-10-16,3.957
2014-10-17,5.0
2014-10-18,4.458
2014-10-19,4.417
2014-10-20,5.375
2014-10-21,4.5
2014-10-22,4.875
2014-10-23,3.696
2014-10-24,4.542
2014-10-25,5.167
2014-10-26,4.25
2014-10-27,3.375
2014-10-28,3.917
2014-10-29,4.958
2014-10-30,5.565
2014-10-31,5.708
2014-11-01,6.375
2014-11-02,5.458
2014-11-03,3.167
2014-11-04,4.917
2014-11-05,4.917
2014-11-06,4.522
2014-11-07,5.917
2014-11-08,5.875
2014-11-09,4.708
2014-11-10,4.417
2014-11-11,4.875
2014-11-12,5.583
2014-11-13,4.435
2014-11-14,4.708
2014-11-15,4.917
2014-11-16,4.333
2014-11-17,6.208
2014-11-18,5.292
2014-11-19,5.042
2014-11-20,6.391
2014-11-21,6.375
2014-11-22,5.5
2014-11-23,4.458
2014-11-24,5.625
2014-11-25,5.625
2014-11-26,6.042
2014-11-27,5.435
2014-11-28,6.583
2014-11-29,5.75
2014-11-30,5.542
2014-12-01,4.875
2014-12-02,3.385
2014-12-03,7.333
2014-12-04,7.5
2014-12-05,5.652
2014-12-06,5.333
2014-12-07,5.292
2014-12-08,5.667
2014-12-09,5.167
2014-12-10,5.833
2014-12-11,6.0
2014-12-12,6.792
2014-12-13,6.583
2014-12-14,5.917
2014-12-15,6.583
2014-12-16,5.625
2014-12-17,3.667
2014-12-18,5.043
2014-12-19,6.875
2014-12-20,7.917
2014-12-21,6.125
2014-12-22,6.75
2014-12-23,5.917
2014-12-24,7.625
2014-12-25,8.391
2014-12-26,6.292
2014-12-27,6.458
2014-12-28,5.333
2014-12-29,6.458
2014-12-30,7.542
2014-12-31,5.792
2015-01-01,4.333
2015-01-02,5.75
2015-01-03,5.458
2015-01-04,6.208
2015-01-05,7.375
2015-01-06,6.833
2015-01-07,6.609
2015-01-08,6.25
2015-01-09,5.625
2015-01-10,5.417
2015-01-11,4.917
2015-01-12,4.708
2015-01-13,5.333
2015-01-14,5.652
2015-01-15,6.958
2015-01-16,5.292
2015-01-17,5.542
2015-01-18,4.208
2015-01-19,4.25
2015-01-20,4.917
2015-01-21,5.696
2015-01-22,5.042
2015-01-23,6.0
2015-01-24,4.375
2015-01-25,5.917
2015-01-26,6.417
2015-01-27,7.542
2015-01-28,6.348
2015-01-29,5.583
2015-01-30,6.167
2015-01-31,4.208
2015-02-01,7.417
2015-02-02,4.958
2015-02-03,4.958
2015-02-04,5.217
2015-02-05,5.417
2015-02-06,4.583
2015-02-07,3.875
2015-02-08,4.458
2015-02-09,4.917
2015-02-10,5.833
2015-02-11,4.783
2015-02-12,7.292
2015-02-13,7.25
2015-02-14,4.875
2015-02-15,3.625
2015-02-16,5.833
2015-02-17,5.375
2015-02-18,5.304
2015-02-19,6.208
2015-02-20,5.958
2015-02-21,3.875
2015-02-22,4.833
2015-02-23,5.5
2015-02-24,5.583
2015-02-25,4.609
2015-02-26,5.708
2015-02-27,6.583
2015-02-28,5.75
2015-03-01,5.917
2015-03-02,5.417
2015-03-03,4.833
2015-03-04,6.167
2015-03-05,5.833
2015-03-06,5.083
2015-03-07,4.458
2015-03-08,4.875
2015-03-09,5.833
2015-03-10,5.143
2015-04-01,5.333
2015-04-02,6.391
2015-04-03,6.083
2015-04-04,6.083
2015-04-05,5.583
2015-04-06,5.292
2015-04-07,4.75
2015-04-08,3.25
2015-04-09,6.0
2015-04-10,6.333
2015-04-11,4.167
2015-04-12,4.125
2015-04-13,4.708
2015-04-14,4.542
2015-04-15,5.25
2015-04-16,6.522
2015-04-17,4.667
2015-04-18,4.708
2015-04-19,5.167
2015-04-20,4.125
2015-04-21,4.25
2015-04-22,4.417
2015-04-23,4.261
2015-04-24,4.583
2015-04-25,4.417
2015-04-26,4.167
2015-04-27,4.417
2015-04-28,4.417
2015-04-29,3.75
2015-04-30,3.957
2015-05-01,3.333
2015-05-02,3.458
2015-05-03,3.708
2015-05-04,3.667
2015-05-05,3.333
2015-05-06,3.167
2015-05-07,3.739
2015-05-08,3.917
2015-05-09,5.042
2015-05-10,3.375
2015-05-11,3.625
2015-05-12,3.75
2015-05-13,4.375
2015-05-14,4.609
2015-05-15,3.875
2015-05-16,4.792
2015-05-17,4.167
2015-05-18,3.875
2015-05-19,3.958
2015-05-20,3.375
2015-05-21,3.739
2015-05-22,4.25
2015-05-23,4.25
2015-05-24,3.333
2015-05-25,3.958
2015-05-26,4.25
2015-05-27,4.167
2015-05-28,4.174
2015-05-29,4.417
2015-05-30,3.667
2015-05-31,3.292
2015-06-01,3.542
2015-06-02,4.75
2015-06-03,5.875
2015-06-04,3.913
2015-06-05,4.125
2015-06-06,3.5
2015-06-07,3.375
2015-06-08,4.708
2015-06-09,5.667
2015-06-10,4.417
2015-06-11,5.957
2015-06-12,4.583
2015-06-13,4.875
2015-06-14,4.667
2015-06-15,3.833
2015-06-16,5.0
2015-06-17,5.083
2015-06-18,4.652
2015-06-19,4.542
2015-06-20,3.833
2015-06-21,3.292
2015-06-22,4.292
2015-06-23,5.083
2015-06-24,3.8
2015-06-25,3.952
2015-06-26,4.625
2015-06-27,4.875
2015-06-28,2.708
2015-06-29,2.292
2015-06-30,3.625
2015-07-01,4.417
2015-07-02,3.826
2015-07-03,5.25
2015-07-04,5.5
2015-07-05,4.042
2015-07-06,5.083
2015-07-07,4.417
2015-07-08,4.0
2015-07-09,3.696
2015-07-10,3.375
2015-07-11,2.833
2015-07-12,1.625
2015-07-13,1.583
2015-07-14,2.292
2015-07-15,2.625
2015-07-16,1.261
2015-07-17,3.708
2015-07-18,3.25
2015-07-19,1.583
2015-07-20,1.792
2015-07-21,1.583
2015-07-22,4.292
2015-07-23,4.455
2015-07-24,2.417
2015-07-25,2.5
2015-07-26,1.042
2015-07-27,2.625
2015-07-28,2.583
2015-07-29,3.083
2015-07-30,4.087
2015-07-31,4.083
2015-08-01,3.5
2015-08-02,3.125
2015-08-03,3.542
2015-08-04,3.5
2015-08-05,3.375
2015-08-06,2.905
2015-08-07,2.5
2015-08-08,3.0
2015-08-09,2.417
2015-08-10,2.917
2015-08-11,3.208
2015-08-12,4.292
2015-08-13,3.348
2015-08-14,3.625
2015-08-15,2.792
2015-08-16,3.0
2015-08-17,4.083
2015-08-18,3.25
2015-08-19,4.542
2015-08-20,2.957
2015-08-21,3.125
2015-08-22,3.667
2015-08-23,3.125
2015-08-24,3.625
2015-08-25,2.583
2015-08-26,3.875
2015-08-27,3.652
2015-08-28,4.708
2015-08-29,4.208
2015-08-30,3.875
2015-08-31,5.417
2015-09-01,5.417
2015-09-02,4.458
2015-09-03,4.826
2015-09-04,4.375
2015-09-05,4.542
2015-09-06,4.708
2015-09-07,4.417
2015-09-08,3.792
2015-09-09,3.833
2015-09-10,2.952
2015-09-11,3.417
2015-09-12,3.167
2015-09-13,2.917
2015-09-14,3.458
2015-09-15,3.667
2015-09-16,3.708
2015-09-17,4.087
2015-09-18,3.75
2015-09-19,3.667
2015-09-20,3.333
2015-09-21,3.5
2015-09-22,3.375
2015-09-23,3.25
2015-09-24,4.783
2015-09-25,4.833
2015-09-26,4.25
2015-09-27,3.917
2015-09-28,4.042
2015-09-29,4.125
2015-09-30,4.542
2015-10-01,5.087
2015-10-02,6.0
2015-10-03,3.833
2015-10-04,3.375
2015-10-05,4.208
2015-10-06,3.25
2015-10-07,3.167
2015-10-08,4.739
2015-10-09,5.125
2015-10-10,5.458
2015-10-11,4.458
2015-10-12,4.125
2015-10-13,4.333
2015-10-14,4.375
2015-10-15,4.609
2015-10-16,4.5
2015-10-17,3.917
2015-10-18,3.042
2015-10-19,3.792
2015-10-20,4.042
2015-10-21,4.75
2015-10-22,4.391
2015-10-23,5.625
2015-10-24,5.375
2015-10-25,2.667
2015-10-26,4.5
2015-10-27,4.167
2015-10-28,4.083
2015-10-29,4.591
2015-10-30,5.583
2015-10-31,4.792
2015-11-01,3.75
2015-11-02,5.042
2015-11-03,3.25
2015-11-04,4.625
2015-11-05,3.957
2015-11-06,3.917
2015-11-07,4.333
2015-11-08,4.75
2015-11-09,4.667
2015-11-10,5.0
2015-11-11,4.083
2015-11-12,4.522
2015-11-13,4.667
2015-11-14,5.0
2015-11-15,3.708
2015-11-16,4.708
2015-11-17,5.458
2015-11-18,5.0
2015-11-19,4.783
2015-11-20,6.208
2015-11-21,6.042
2015-11-22,6.625
2015-11-23,6.125
2015-11-24,4.833
2015-11-25,5.958
2015-11-26,4.522
2015-11-27,4.417
2015-11-28,4.75
2015-11-29,4.25
2015-11-30,5.125
2015-12-01,6.0
2015-12-02,6.208
2015-12-03,5.783
2015-12-04,6.25
2015-12-05,6.083
2015-12-06,5.083
2015-12-07,5.25
2015-12-08,4.25
2015-12-09,4.917
2015-12-10,5.348
2015-12-11,3.583
2015-12-12,6.125
2015-12-13,5.208
2015-12-14,5.708
2015-12-15,6.833
2015-12-16,6.375
2015-12-17,4.87
2015-12-18,6.0
2015-12-19,4.5
2015-12-20,5.208
2015-12-21,6.625
2015-12-22,6.25
2015-12-23,6.208
2015-12-24,6.818
2015-12-25,4.792
2015-12-26,6.375
2015-12-27,6.292
2015-12-28,6.0
2015-12-29,4.833
2015-12-30,4.5
2015-12-31,4.783
