date,NO2_mean,NOX_mean,NO_mean,SO2_mean,SPM_mean
2011-01-01,12.083,13.708,1.625,3.417,
2011-01-02,6.609,7.217,0.609,3.417,
2011-01-03,7.875,9.083,1.208,3.458,
2011-01-04,8.375,9.167,0.792,5.458,
2011-01-05,8.957,10.217,1.261,3.0,
2011-01-06,12.833,16.833,4.0,2.958,
2011-01-07,7.833,8.958,1.125,2.792,
2011-01-08,9.583,11.333,1.75,2.875,
2011-01-09,10.913,13.652,2.739,3.5,
2011-01-10,17.25,22.958,5.708,4.0,
2011-01-11,11.417,15.375,3.958,3.565,
2011-01-12,12.0,15.083,3.083,3.0,
2011-01-13,14.208,18.625,4.417,3.792,
2011-01-14,7.708,8.167,0.458,4.333,
2011-01-15,7.917,8.792,0.875,3.125,
2011-01-16,9.087,9.913,0.826,3.083,
2011-01-17,12.875,15.833,2.958,3.0,
2011-01-18,18.583,22.292,3.708,3.333,
2011-01-19,16.042,20.667,4.625,3.087,
2011-01-20,14.083,15.333,1.25,3.0,
2011-01-21,12.458,13.792,1.333,3.0,
2011-01-22,16.333,20.167,3.833,2.75,
2011-01-23,6.913,7.652,0.739,3.0,
2011-01-24,8.125,9.333,1.208,2.833,
2011-01-25,8.167,9.333,1.167,3.682,
2011-01-26,7.875,8.792,0.917,3.208,
2011-01-27,14.083,16.25,2.167,4.125,
2011-01-28,12.5,13.792,1.292,3.792,
2011-01-29,7.0,7.792,0.792,3.0,
2011-01-30,12.435,14.435,2.0,2.917,
2011-01-31,12.375,14.167,1.792,3.043,
2011-02-01,12.75,18.833,6.083,4.042,
2011-02-02,4.458,5.125,0.667,3.083,
2011-02-03,14.458,17.542,3.083,3.478,
2011-02-04,12.875,14.833,1.958,4.875,
2011-02-05,14.0,15.375,1.375,6.458,
2011-02-06,23.826,28.391,4.565,5.043,
2011-02-07,12.167,13.875,1.708,3.5,
2011-02-08,4.87,5.609,0.739,3.045,
2011-02-09,8.625,9.667,1.042,3.5,
2011-02-10,13.583,17.417,3.833,3.5,
2011-02-11,7.208,7.625,0.417,3.0,
2011-02-12,9.75,10.5,0.75,3.208,
2011-02-13,15.261,16.739,1.478,3.25,
2011-02-14,24.25,33.167,8.917,3.0,
2011-02-15,11.917,14.958,3.042,3.292,
2011-02-16,12.958,14.875,1.917,3.292,
2011-02-17,5.042,5.625,0.583,3.417,
2011-02-18,6.125,6.667,0.542,3.0,
2011-02-19,10.042,11.75,1.708,2.792,
2011-02-20,13.3,16.4,3.1,2.958,
2011-02-21,22.875,26.375,3.5,4.542,
2011-02-22,11.5,13.208,1.708,4.125,
2011-02-23,12.875,16.125,3.25,3.391,
2011-02-24,5.208,5.792,0.583,4.667,
2011-02-25,14.542,17.625,3.083,3.208,
2011-02-26,4.708,5.167,0.458,2.792,
2011-02-27,4.478,5.087,0.609,3.0,
2011-02-28,3.0,3.0,0.0,2.958,
2011-03-01,16.087,18.435,2.348,3.208,
2011-03-02,17.083,21.125,4.042,3.0,
2011-03-03,4.417,4.542,0.125,3.458,
2011-03-04,8.417,9.292,0.875,3.0,
2011-03-05,17.087,19.957,2.87,2.667,
2011-03-06,26.917,37.875,10.958,3.625,
2011-03-07,8.478,9.13,0.652,4.0,
2011-03-08,8.5,9.667,1.167,3.917,
2011-03-09,14.292,15.0,0.708,3.167,
2011-03-10,7.625,8.375,0.75,3.125,
2011-03-11,5.542,6.042,0.5,3.833,
2011-03-12,6.435,7.304,0.87,3.042,
2011-03-13,6.792,7.5,0.708,3.0,
2011-03-14,15.208,17.083,1.875,3.609,
2011-03-15,11.083,12.292,1.208,4.125,
2011-03-16,10.625,11.917,1.292,3.833,
2011-03-17,16.625,21.667,5.042,3.125,
2011-03-18,15.375,19.792,4.417,3.208,
2011-03-19,4.609,5.174,0.565,3.0,
2011-03-20,6.292,7.25,0.958,2.958,
2011-03-21,5.042,5.583,0.542,3.458,
2011-03-22,17.0,19.792,2.792,4.652,
2011-03-23,14.792,15.625,0.833,3.083,
2011-03-24,12.25,13.333,1.083,3.292,
2011-03-25,4.208,4.333,0.125,3.042,
2011-03-26,4.391,4.826,0.435,3.0,
2011-03-27,16.333,18.625,2.292,4.458,
2011-03-28,16.083,18.875,2.792,5.0,
2011-03-29,16.583,18.625,2.042,4.25,
2011-03-30,14.958,16.292,1.333,4.583,
2011-03-31,7.542,7.792,0.25,3.167,
2011-05-09,,,,10.0,
2011-05-10,,,,11.591,
2011-05-11,,,,11.083,
2011-05-12,,,,9.958,
2011-05-13,,,,9.042,
2011-05-14,,,,8.458,
2011-05-15,,,,8.458,
2011-05-16,,,,10.0,
2011-05-17,,,,6.708,
2011-05-18,,,,5.762,
2011-05-19,,,,7.667,
2011-05-20,,,,7.542,
2011-05-21,,,,6.708,
2011-05-22,,,,6.833,
2011-05-23,,,,6.958,
2011-05-24,,,,5.833,
2011-05-25,,,,5.5,
2011-05-26,,,,5.682,
2011-05-27,4.875,4.958,0.083,4.125,
2011-05-28,9.5,10.125,0.625,4.042,
2011-05-29,4.417,4.667,0.25,4.0,
2011-05-30,4.348,4.565,0.217,3.542,
2011-05-31,4.667,5.0,0.333,4.167,
2011-06-01,6.478,6.87,0.391,3.818,
2011-06-02,9.292,10.5,1.208,3.667,
2011-06-03,8.75,9.333,0.583,5.667,
2011-06-04,9.5,10.375,0.875,7.292,
2011-06-05,10.167,10.75,0.583,7.542,
2011-06-06,7.87,8.391,0.522,6.583,
2011-06-07,8.125,8.667,0.542,6.542,
2011-06-08,9.208,9.375,0.167,6.455,
2011-06-09,12.625,13.583,0.958,6.333,
2011-06-10,17.917,19.333,1.417,6.667,
2011-06-11,5.792,6.042,0.25,5.083,
2011-06-12,7.708,8.167,0.458,5.417,
2011-06-13,9.043,9.696,0.652,5.083,
2011-06-14,4.625,5.0,0.375,5.083,
2011-06-15,7.0,7.5,0.5,5.5,
2011-06-16,6.792,7.25,0.458,5.0,
2011-06-17,7.0,7.417,0.417,4.458,
2011-06-18,6.875,7.375,0.5,4.208,
2011-06-19,5.917,6.417,0.5,4.5,
2011-06-20,12.174,13.783,1.609,4.25,
2011-06-21,11.667,13.292,1.625,5.5,
2011-06-22,12.792,15.625,2.833,6.364,
2011-06-23,7.208,9.25,2.042,5.75,
2011-06-24,5.0,6.5,1.5,5.542,
2011-06-25,6.042,7.542,1.5,6.083,
2011-06-26,5.167,6.542,1.375,5.583,
2011-06-27,5.111,7.889,2.778,5.667,
2011-06-28,7.667,9.0,1.333,5.417,
2011-06-29,7.542,9.25,1.708,5.636,
2011-06-30,7.042,8.375,1.333,6.333,
2011-07-01,14.625,19.0,4.375,5.625,
2011-07-02,6.25,8.375,2.125,4.625,
2011-07-03,7.75,8.75,1.0,5.792,
2011-07-04,11.435,13.217,1.783,5.417,
2011-07-05,7.25,8.083,0.833,4.542,
2011-07-06,9.0,9.478,0.478,4.522,
2011-07-07,15.417,21.458,6.042,3.25,
2011-07-08,8.417,11.833,3.417,4.042,
2011-07-09,6.625,8.833,2.208,4.583,
2011-07-10,6.75,8.042,1.292,4.75,
2011-07-11,6.957,8.696,1.739,3.917,
2011-07-12,11.75,18.0,6.25,3.667,
2011-07-13,9.833,13.917,4.083,5.0,
2011-07-14,10.75,12.667,1.917,5.542,
2011-07-15,14.167,16.375,2.208,5.958,
2011-07-16,10.0,10.75,0.75,6.25,
2011-07-17,4.042,4.75,0.708,4.417,
2011-07-18,2.913,4.261,1.348,2.542,
2011-07-19,2.583,3.917,1.333,2.125,
2011-07-20,3.208,3.833,0.625,2.667,
2011-07-21,3.125,3.75,0.625,3.727,
2011-07-22,7.25,8.292,1.042,3.042,
2011-07-23,4.833,5.542,0.708,3.875,
2011-07-24,5.292,5.458,0.167,4.5,
2011-07-25,8.087,8.87,0.783,4.25,
2011-07-26,6.083,6.583,0.5,4.125,
2011-07-27,9.333,12.083,2.75,3.957,
2011-07-28,8.208,10.667,2.458,4.5,
2011-07-29,5.125,6.5,1.375,4.042,
2011-07-30,5.125,6.167,1.042,3.667,
2011-07-31,4.292,4.458,0.167,4.0,
2011-08-01,5.0,5.565,0.565,3.75,
2011-08-02,4.292,4.708,0.417,3.417,
2011-08-03,4.565,5.261,0.696,3.913,
2011-08-04,5.333,6.417,1.083,4.0,
2011-08-05,7.333,8.917,1.583,2.917,
2011-08-06,4.625,5.792,1.167,3.625,
2011-08-07,6.917,7.75,0.833,4.125,
2011-08-08,11.565,13.391,1.826,4.5,
2011-08-09,12.708,14.667,1.958,5.75,
2011-08-10,10.458,11.667,1.208,5.708,
2011-08-11,6.583,7.5,0.917,4.091,
2011-08-12,5.5,6.208,0.708,4.875,
2011-08-13,5.917,6.583,0.667,5.375,
2011-08-14,4.958,5.333,0.375,6.75,
2011-08-15,6.739,7.652,0.913,6.0,
2011-08-16,7.292,7.958,0.667,5.87,
2011-08-17,9.208,10.292,1.083,6.208,
2011-08-18,9.167,10.333,1.167,5.958,
2011-08-19,5.583,6.042,0.458,5.417,
2011-08-20,5.167,5.167,0.0,4.708,
2011-08-21,5.375,5.583,0.208,3.792,
2011-08-22,5.217,5.522,0.304,4.083,
2011-08-23,9.167,10.458,1.292,4.208,
2011-08-24,5.25,6.583,1.333,3.783,
2011-08-25,7.208,9.333,2.125,3.833,
2011-08-26,7.792,9.625,1.833,3.667,
2011-08-27,5.292,6.0,0.708,3.5,
2011-08-28,4.375,4.542,0.167,4.917,
2011-08-29,5.826,6.217,0.391,4.958,
2011-08-30,7.25,7.5,0.25,5.5,
2011-08-31,6.25,6.917,0.667,4.318,
2011-09-01,4.917,6.417,1.5,3.042,
2011-09-02,3.583,4.75,1.167,2.875,
2011-09-03,1.292,1.292,0.0,2.833,
2011-09-04,4.625,4.917,0.292,2.917,
2011-09-05,6.609,8.435,1.826,3.375,
2011-09-06,4.875,5.208,0.333,4.0,
2011-09-07,9.739,10.043,0.304,5.609,
2011-09-08,10.917,11.333,0.417,5.958,
2011-09-09,8.333,8.792,0.458,4.792,
2011-09-10,8.167,8.833,0.667,4.208,
2011-09-11,4.042,4.75,0.708,3.625,
2011-09-12,5.435,6.304,0.87,3.917,
2011-09-13,7.458,8.5,1.042,4.125,
2011-09-14,8.583,9.333,0.75,5.0,
2011-09-15,5.792,6.75,0.958,3.958,
2011-09-16,4.208,5.625,1.417,2.917,
2011-09-17,6.75,7.625,0.875,3.458,
2011-09-18,4.833,6.125,1.292,3.25,
2011-09-19,4.826,6.13,1.304,3.5,
2011-09-20,9.042,10.833,1.792,3.083,
2011-09-21,4.917,5.458,0.542,2.75,
2011-09-22,4.708,4.958,0.25,3.833,
2011-09-23,4.917,5.583,0.667,3.583,
2011-09-24,5.542,6.083,0.542,3.583,
2011-09-25,5.0,5.167,0.167,3.625,
2011-09-26,8.826,9.478,0.652,3.875,
2011-09-27,6.667,7.417,0.75,4.083,
2011-09-28,6.917,7.25,0.333,4.391,
2011-09-29,10.417,11.0,0.583,5.125,
2011-09-30,12.292,13.125,0.833,3.75,
2011-10-01,3.75,3.75,0.0,3.625,
2011-10-02,3.583,3.75,0.167,3.292,
2011-10-03,4.174,4.391,0.217,3.0,
2011-10-04,8.417,9.292,0.875,3.917,
2011-10-05,9.609,10.174,0.565,3.522,
2011-10-06,7.292,7.75,0.458,3.75,
2011-10-07,6.0,6.583,0.583,3.958,
2011-10-08,6.5,6.792,0.292,3.917,
2011-10-09,6.25,6.375,0.125,4.292,
2011-10-10,7.783,8.043,0.261,5.25,
2011-10-11,10.792,11.833,1.042,4.167,
2011-10-12,6.958,7.375,0.417,4.292,
2011-10-13,11.583,12.5,0.917,4.087,
2011-10-14,12.0,12.708,0.708,3.333,
2011-10-15,12.875,13.958,1.083,3.625,
2011-10-16,6.583,6.792,0.208,4.333,
2011-10-17,8.565,9.391,0.826,4.0,
2011-10-18,5.417,5.75,0.333,3.458,
2011-10-19,7.208,7.792,0.583,3.565,
2011-10-20,8.375,8.917,0.542,4.0,
2011-10-21,8.792,9.375,0.583,4.083,
2011-10-22,7.833,8.292,0.458,3.0,
2011-10-23,4.583,4.875,0.292,3.083,
2011-10-24,8.304,9.13,0.826,3.292,
2011-10-25,6.208,7.292,1.083,3.375,
2011-10-26,5.208,5.458,0.25,3.042,
2011-10-27,9.087,10.522,1.435,2.783,
2011-10-28,10.792,11.292,0.5,4.208,
2011-10-29,10.625,11.0,0.375,3.958,
2011-10-30,7.875,7.917,0.042,3.458,
2011-10-31,7.739,9.0,1.261,2.75,
2011-11-01,9.75,10.25,0.5,3.458,
2011-11-02,11.435,12.0,0.565,3.957,
2011-11-03,12.792,13.667,0.875,3.5,
2011-11-04,8.417,9.083,0.667,3.583,
2011-11-05,12.833,13.542,0.708,3.167,
2011-11-06,10.625,12.25,1.625,3.083,
2011-11-07,4.522,4.783,0.261,3.0,
2011-11-08,7.625,8.792,1.167,3.0,
2011-11-09,11.167,13.292,2.125,2.957,
2011-11-10,10.792,12.833,2.042,2.75,
2011-11-11,11.625,13.667,2.042,2.542,
2011-11-12,7.75,9.1,1.35,2.524,
2011-11-13,7.792,8.833,1.042,2.875,
2011-11-14,12.043,14.174,2.13,3.583,
2011-11-15,7.042,7.542,0.5,3.0,
2011-11-16,7.625,8.542,0.917,2.739,
2011-11-17,13.5,17.833,4.333,3.708,
2011-11-18,15.708,17.958,2.25,3.458,
2011-11-19,23.0,41.958,18.958,2.667,
2011-11-20,6.167,9.417,3.25,2.958,
2011-11-21,7.261,8.217,0.957,3.0,
2011-11-22,11.708,14.542,2.833,3.083,
2011-11-23,13.542,16.333,2.792,3.542,
2011-11-24,8.75,9.5,0.75,3.696,
2011-11-25,9.917,11.625,1.708,3.167,
2011-11-26,11.208,13.458,2.25,3.042,
2011-11-27,13.375,14.958,1.583,4.0,
2011-11-28,21.391,51.261,29.87,3.5,
2011-11-29,24.958,39.125,14.167,3.917,
2011-11-30,14.375,22.833,8.458,3.174,
2011-12-01,2.708,2.958,0.25,2.958,
2011-12-02,10.333,11.792,1.458,2.917,
2011-12-03,8.542,9.333,0.792,2.542,
2011-12-04,5.917,6.625,0.708,2.292,
2011-12-05,11.043,15.739,4.696,2.375,
2011-12-06,12.708,15.167,2.458,2.708,
2011-12-07,19.625,25.542,5.917,4.0,
2011-12-08,22.87,34.174,11.304,3.565,
2011-12-09,6.458,7.25,0.792,3.0,
2011-12-10,13.5,15.625,2.125,3.333,
2011-12-11,8.958,10.292,1.333,3.167,
2011-12-12,18.304,26.478,8.174,3.917,
2011-12-13,12.292,15.917,3.625,3.0,
2011-12-14,15.75,20.375,4.625,3.087,
2011-12-15,14.167,22.125,7.958,4.167,
2011-12-16,8.125,9.417,1.292,3.333,
2011-12-17,8.958,9.875,0.917,3.083,
2011-12-18,12.0,14.333,2.333,3.167,
2011-12-19,12.957,15.522,2.565,3.083,
2011-12-20,8.5,9.333,0.833,3.042,
2011-12-21,14.625,17.833,3.208,4.174,
2011-12-22,14.917,21.875,6.958,5.042,
2011-12-23,6.875,7.667,0.792,3.0,
2011-12-24,14.125,17.25,3.125,3.833,
2011-12-25,5.083,5.417,0.333,3.708,
2011-12-26,6.913,7.783,0.87,3.083,
2011-12-27,11.167,13.917,2.75,2.917,
2011-12-28,16.917,20.875,3.958,3.208,
2011-12-29,13.0,18.417,5.417,4.375,
2011-12-30,5.125,5.458,0.333,3.125,
2011-12-31,8.958,10.917,1.958,2.958,
2012-01-01,10.917,12.0,1.083,,11.083
2012-01-02,17.875,21.167,3.292,,20.792
2012-01-03,6.333,6.792,0.458,,6.5
2012-01-04,7.792,8.417,0.625,,3.625
2012-01-05,19.5,22.292,2.792,,6.208
2012-01-06,15.042,18.583,3.542,,6.167
2012-01-07,18.783,25.0,6.217,,14.375
2012-01-08,20.368,28.368,8.0,,12.208
2012-01-09,13.667,20.667,7.0,,9.826
2012-01-10,13.0,14.737,1.737,,5.833
2012-01-11,17.941,22.353,4.412,,6.292
2012-01-12,26.174,33.565,7.391,,12.333
2012-01-13,25.125,31.833,6.708,,20.25
2012-01-14,13.429,14.905,1.476,,7.5
2012-01-15,6.4,6.733,0.333,,12.75
2012-01-16,25.125,31.042,5.917,,12.87
2012-01-17,12.067,13.333,1.267,,8.375
2012-01-18,9.583,10.833,1.25,,3.333
2012-01-19,16.545,21.273,4.727,,12.333
2012-01-20,8.458,8.792,0.333,,21.625
2012-01-21,17.13,19.652,2.522,,13.042
2012-01-22,23.95,36.15,12.2,,8.333
2012-01-23,12.062,14.312,2.25,,2.739
2012-01-24,19.458,25.958,6.5,,13.0
2012-01-25,10.792,12.417,1.625,,13.333
2012-01-26,5.583,6.292,0.708,,5.042
2012-01-27,9.167,10.0,0.833,,6.25
2012-01-28,10.174,11.174,1.0,,5.75
2012-01-29,18.947,24.211,5.263,,12.5
2012-01-30,16.364,19.409,3.045,,23.182
2012-01-31,15.292,18.125,2.833,,17.167
2012-02-01,19.375,23.375,4.0,,17.2
2012-02-02,14.55,16.85,2.3,,
2012-02-03,4.542,4.75,0.208,,
2012-02-04,9.111,10.111,1.0,,21.0
2012-02-05,10.333,11.833,1.5,,12.875
2012-02-06,12.917,16.125,3.208,,6.958
2012-02-07,14.261,20.261,6.0,,10.826
2012-02-08,5.458,6.625,1.167,,7.833
2012-02-09,7.292,8.292,1.0,,10.042
2012-02-10,9.667,11.625,1.958,,13.75
2012-02-11,8.217,9.565,1.348,,15.833
2012-02-12,11.458,13.333,1.875,,15.417
2012-02-13,10.875,12.583,1.708,,12.917
2012-02-14,13.455,17.864,4.409,,9.565
2012-02-15,8.0,9.0,1.0,,8.958
2012-02-16,4.913,5.652,0.739,,7.208
2012-02-17,9.833,11.458,1.625,,5.667
2012-02-18,21.522,30.478,8.957,,7.625
2012-02-19,7.467,8.2,0.733,,12.917
2012-02-20,11.0,14.167,3.167,,7.609
2012-02-21,9.5,11.042,1.542,,12.333
2012-02-22,16.417,19.5,3.083,,22.833
2012-02-23,7.833,8.667,0.833,,13.833
2012-02-24,6.958,7.667,0.708,,9.083
2012-02-25,5.435,6.087,0.652,,6.75
2012-02-26,11.917,13.333,1.417,,14.792
2012-02-27,14.167,16.25,2.083,,17.739
2012-02-28,13.625,15.958,2.333,,18.708
2012-03-01,21.458,28.208,6.75,,15.5
2012-03-02,5.417,5.958,0.542,,21.25
2012-03-03,5.417,5.708,0.292,,10.625
2012-03-04,12.348,15.304,2.957,,7.5
2012-03-05,11.722,13.222,1.5,,25.542
2012-03-06,19.435,22.522,3.087,,27.739
2012-03-07,18.917,21.208,2.292,,29.5
2012-03-08,24.292,27.292,3.0,,37.333
2012-03-09,18.417,19.583,1.167,,58.667
2012-03-10,9.75,10.542,0.792,,36.167
2012-03-11,5.625,6.188,0.562,,11.583
2012-03-12,18.417,20.5,2.083,,7.958
2012-03-13,16.458,18.292,1.833,,15.583
2012-03-14,7.125,8.542,1.417,,10.391
2012-03-15,18.708,21.125,2.417,,12.0
2012-03-16,20.5,24.958,4.458,,23.708
2012-03-17,11.75,12.542,0.792,,38.5
2012-03-18,19.105,21.895,2.789,,39.833
2012-03-19,14.417,18.458,4.042,,28.826
2012-03-20,16.125,17.583,1.458,,32.25
2012-03-21,4.824,5.412,0.588,,9.5
2012-03-22,13.0,14.792,1.792,,11.083
2012-03-23,8.375,9.208,0.833,,25.0
2012-03-24,6.75,7.292,0.542,,17.208
2012-03-25,7.261,8.043,0.783,,15.333
2012-03-26,6.75,7.583,0.833,,14.667
2012-03-27,11.917,12.958,1.042,,13.417
2012-03-28,12.375,13.792,1.417,,11.739
2012-03-29,7.792,9.833,2.042,,17.458
2012-03-30,4.875,5.167,0.292,,13.375
2012-03-31,6.708,7.125,0.417,,12.792
2012-04-01,6.5,7.208,0.708,,10.708
2012-04-02,13.348,14.609,1.261,,24.875
2012-04-03,8.875,9.542,0.667,,15.833
2012-04-04,9.958,10.708,0.75,,9.25
2012-04-05,14.227,15.091,0.864,,22.182
2012-04-06,6.0,6.583,0.583,,9.792
2012-04-07,5.083,5.458,0.375,,12.667
2012-04-08,11.583,12.708,1.125,,14.292
2012-04-09,15.217,16.87,1.652,,28.958
2012-04-10,12.125,13.167,1.042,,36.917
2012-04-11,15.417,16.792,1.375,,20.833
2012-04-12,10.0,10.625,0.625,,16.833
2012-04-13,7.458,7.792,0.333,,21.667
2012-04-14,4.958,5.167,0.208,,12.042
2012-04-15,8.625,9.292,0.667,,9.333
2012-04-16,10.217,10.696,0.478,,14.667
2012-04-17,6.875,7.5,0.625,,10.478
2012-04-18,6.833,7.25,0.417,,15.417
2012-04-19,8.0,8.333,0.333,,16.0
2012-04-20,8.125,8.542,0.417,,9.25
2012-04-21,4.708,4.958,0.25,,10.125
2012-04-22,3.333,3.333,0.0,,3.917
2012-04-23,7.174,7.609,0.435,,9.75
2012-04-24,10.292,11.042,0.75,,54.0
2012-04-25,6.75,6.875,0.125,,57.958
2012-04-26,4.333,4.375,0.042,,22.5
2012-04-27,4.667,4.833,0.167,,6.167
2012-04-28,11.708,12.333,0.625,,11.417
2012-04-29,9.833,10.125,0.292,,21.917
2012-04-30,4.783,4.87,0.087,,20.292
2012-05-01,3.083,3.25,0.167,,12.25
2012-05-02,3.167,3.417,0.25,,2.375
2012-05-03,2.833,2.833,0.0,,3.458
2012-05-04,2.458,2.458,0.0,,1.917
2012-05-05,6.625,7.042,0.417,,12.125
2012-05-06,5.625,5.792,0.167,,26.75
2012-05-07,9.348,9.783,0.435,,22.667
2012-05-08,12.083,12.458,0.375,,34.625
2012-05-09,9.0,9.348,0.348,,50.174
2012-05-10,3.792,3.917,0.125,,24.792
2012-05-11,2.375,2.542,0.167,,3.75
2012-05-12,3.0,3.0,0.0,,3.042
2012-05-13,4.917,5.25,0.333,,7.167
2012-05-14,9.043,9.478,0.435,,13.292
2012-05-15,11.458,12.167,0.708,,8.833
2012-05-16,6.833,7.125,0.292,,23.826
2012-05-17,9.458,9.792,0.333,,36.375
2012-05-18,4.458,4.458,0.0,,22.75
2012-05-19,6.417,6.583,0.167,,12.792
2012-05-20,4.583,4.583,0.0,,18.833
2012-05-21,6.522,6.87,0.348,,17.583
2012-05-22,7.625,8.0,0.375,,22.174
2012-05-23,6.042,6.375,0.333,,10.417
2012-05-24,15.167,15.75,0.583,,19.917
2012-05-25,20.042,21.625,1.583,,34.583
2012-05-26,5.917,6.083,0.167,,19.333
2012-05-27,5.917,5.917,0.0,,25.208
2012-05-28,7.261,7.478,0.217,,33.625
2012-05-29,6.792,6.958,0.167,,38.917
2012-05-30,5.708,6.25,0.542,,11.174
2012-05-31,7.208,7.333,0.125,,18.875
2012-06-01,7.625,7.958,0.333,,21.292
2012-06-02,5.5,5.625,0.125,,22.542
2012-06-03,4.5,4.625,0.125,,16.792
2012-06-04,11.304,11.652,0.348,,15.208
2012-06-05,8.375,8.875,0.5,,14.292
2012-06-06,4.667,4.917,0.25,,11.958
2012-06-07,7.818,8.0,0.182,,23.417
2012-06-08,11.042,11.75,0.708,,29.125
2012-06-09,7.167,7.458,0.292,,5.0
2012-06-10,3.542,3.542,0.0,,12.833
2012-06-11,4.652,5.0,0.348,,18.875
2012-06-12,4.833,5.0,0.167,,6.208
2012-06-13,7.25,7.667,0.417,,6.609
2012-06-14,5.708,6.0,0.292,,12.375
2012-06-15,5.917,6.042,0.125,,17.667
2012-06-16,7.833,9.667,1.833,,6.167
2012-06-17,4.125,4.417,0.292,,3.917
2012-06-18,9.261,10.13,0.87,,14.167
2012-06-19,4.75,5.875,1.125,,10.458
2012-06-20,12.542,14.75,2.208,,7.208
2012-06-21,7.25,7.5,0.25,,10.958
2012-06-22,3.75,4.042,0.292,,4.167
2012-06-23,6.458,7.292,0.833,,7.917
2012-06-24,5.5,5.75,0.25,,14.125
2012-06-25,5.217,5.261,0.043,,15.958
2012-06-26,5.708,6.125,0.417,,16.417
2012-06-27,5.958,6.125,0.167,,16.174
2012-06-28,6.208,6.583,0.375,,12.667
2012-06-29,10.5,11.083,0.583,,13.042
2012-06-30,9.458,10.042,0.583,,17.542
2012-07-01,6.917,7.75,0.833,,10.25
2012-07-02,6.609,6.957,0.348,,12.167
2012-07-03,11.25,12.0,0.75,,17.917
2012-07-04,10.136,10.727,0.591,,19.217
2012-07-05,19.667,22.875,3.208,,20.25
2012-07-06,20.333,25.875,5.542,,29.583
2012-07-07,7.375,7.542,0.167,,7.208
2012-07-08,3.5,3.5,0.0,,10.458
2012-07-09,7.913,8.174,0.261,,15.292
2012-07-10,9.292,9.75,0.458,,23.667
2012-07-11,6.042,6.708,0.667,,14.917
2012-07-12,11.261,13.826,2.565,,18.682
2012-07-13,12.625,14.208,1.583,,38.167
2012-07-14,10.708,12.125,1.417,,28.417
2012-07-15,5.958,7.375,1.417,,14.417
2012-07-16,5.478,8.087,2.609,,6.917
2012-07-17,9.208,11.708,2.5,,14.708
2012-07-18,7.125,8.75,1.625,,12.625
2012-07-19,10.0,11.5,1.5,,22.609
2012-07-20,15.333,18.917,3.583,,19.5
2012-07-21,8.208,9.583,1.375,,13.958
2012-07-22,4.625,4.958,0.333,,16.417
2012-07-23,8.739,9.217,0.478,,22.625
2012-07-24,10.125,11.708,1.583,,30.696
2012-07-25,9.458,10.625,1.167,,44.083
2012-07-26,8.5,9.0,0.5,,45.542
2012-07-27,12.083,13.0,0.917,,46.208
2012-07-28,10.333,11.208,0.875,,61.375
2012-07-29,6.208,6.5,0.292,,61.375
2012-07-30,9.957,10.957,1.0,,38.458
2012-07-31,6.458,7.458,1.0,,15.458
2012-08-01,5.318,6.909,1.591,,15.087
2012-08-02,6.25,7.625,1.375,,13.0
2012-08-03,6.458,7.417,0.958,,14.333
2012-08-04,5.375,6.25,0.875,,14.25
2012-08-05,3.333,4.25,0.917,,15.125
2012-08-06,6.0,7.13,1.13,,13.542
2012-08-07,4.333,5.25,0.917,,11.375
2012-08-08,4.167,4.5,0.333,,10.391
2012-08-09,5.625,5.875,0.25,,11.167
2012-08-10,7.667,7.75,0.083,,32.167
2012-08-11,9.208,10.042,0.833,,36.208
2012-08-12,6.417,7.167,0.75,,18.792
2012-08-13,8.087,9.522,1.435,,32.375
2012-08-14,8.75,9.75,1.0,,14.833
2012-08-15,7.208,9.458,2.25,,15.083
2012-08-16,8.333,10.333,2.0,,12.609
2012-08-17,9.708,11.75,2.042,,18.667
2012-08-18,6.375,6.625,0.25,,21.25
2012-08-19,4.25,4.917,0.667,,13.667
2012-08-20,5.609,6.261,0.652,,14.292
2012-08-21,6.833,8.083,1.25,,18.0
2012-08-22,7.167,8.75,1.583,,13.545
2012-08-23,6.375,7.375,1.0,,10.375
2012-08-24,7.75,9.458,1.708,,13.083
2012-08-25,5.292,6.167,0.875,,13.708
2012-08-26,3.375,4.042,0.667,,15.042
2012-08-27,4.043,4.739,0.696,,11.958
2012-08-28,4.125,4.75,0.625,,8.522
2012-08-29,9.708,11.0,1.292,,10.917
2012-08-30,11.417,13.292,1.875,,12.625
2012-08-31,8.958,10.75,1.792,,10.625
2012-09-01,5.333,6.0,0.667,,12.0
2012-09-02,5.0,5.5,0.5,,10.125
2012-09-03,7.522,7.913,0.391,,5.0
2012-09-04,10.083,10.583,0.5,,23.792
2012-09-05,10.087,11.087,1.0,,21.957
2012-09-06,8.042,9.125,1.083,,19.708
2012-09-07,9.25,10.25,1.0,,19.5
2012-09-08,6.125,7.292,1.167,,14.125
2012-09-09,4.917,5.417,0.5,,9.958
2012-09-10,5.625,6.75,1.125,,10.333
2012-09-11,5.526,6.474,0.947,,5.875
2012-09-12,6.444,6.833,0.389,,6.522
2012-09-13,11.444,12.278,0.833,,20.667
2012-09-14,9.875,11.417,1.542,,27.667
2012-09-15,5.292,5.875,0.583,,13.667
2012-09-16,3.583,4.042,0.458,,14.5
2012-09-17,2.435,2.783,0.348,,13.833
2012-09-18,7.556,8.667,1.111,,6.875
2012-09-19,9.667,11.556,1.889,,20.417
2012-09-20,5.688,6.0,0.312,,25.435
2012-09-21,5.438,5.625,0.188,,19.542
2012-09-22,6.714,6.952,0.238,,18.167
2012-09-23,6.25,6.333,0.083,,17.375
2012-09-24,10.706,11.706,1.0,,9.792
2012-09-25,8.444,9.611,1.167,,8.833
2012-09-26,9.45,10.5,1.05,,11.682
2012-09-27,5.938,6.125,0.188,,8.458
2012-09-28,9.45,10.75,1.3,,8.083
2012-09-29,15.375,15.625,0.25,,27.083
2012-09-30,5.958,5.958,0.0,,13.0
2012-10-01,8.118,8.588,0.471,,6.625
2012-10-02,5.647,6.118,0.471,,5.667
2012-10-03,8.0,8.833,0.833,,7.217
2012-10-04,11.684,13.526,1.842,,8.833
2012-10-05,6.222,6.611,0.389,,11.0
2012-10-06,5.789,6.053,0.263,,11.208
2012-10-07,3.5,3.583,0.083,,8.25
2012-10-08,6.565,7.13,0.565,,7.208
2012-10-09,6.188,6.25,0.062,,7.417
2012-10-10,7.864,8.273,0.409,,11.708
2012-10-11,7.458,7.917,0.458,,17.261
2012-10-12,7.25,7.812,0.562,,11.375
2012-10-13,7.95,8.9,0.95,,9.167
2012-10-14,6.833,7.0,0.167,,20.087
2012-10-15,11.684,13.105,1.421,,22.583
2012-10-16,7.455,7.682,0.227,,22.708
2012-10-17,8.944,9.222,0.278,,12.043
2012-10-18,9.636,11.0,1.364,,10.75
2012-10-19,4.938,5.312,0.375,,8.542
2012-10-20,10.25,11.292,1.042,,14.792
2012-10-21,8.0,8.5,0.5,,21.792
2012-10-22,10.261,10.652,0.391,,22.458
2012-10-23,12.0,12.739,0.739,,15.25
2012-10-24,7.412,8.353,0.941,,8.167
2012-10-25,14.5,16.958,2.458,,13.125
2012-10-26,13.476,16.095,2.619,,13.591
2012-10-27,7.333,7.958,0.625,,21.167
2012-10-28,6.625,6.792,0.167,,10.417
2012-10-29,7.533,8.2,0.667,,8.875
2012-10-30,12.87,17.87,5.0,,11.875
2012-10-31,7.391,7.87,0.478,,5.478
2012-11-01,7.5,8.667,1.167,,9.417
2012-11-02,8.25,9.042,0.792,,8.75
2012-11-03,10.083,11.0,0.917,,14.333
2012-11-04,8.292,9.417,1.125,,12.833
2012-11-05,11.957,13.304,1.348,,10.417
2012-11-06,16.167,18.875,2.708,,21.333
2012-11-07,12.235,13.176,0.941,,17.75
2012-11-08,12.864,14.182,1.318,,23.182
2012-11-09,15.958,19.417,3.458,,27.417
2012-11-10,12.792,14.458,1.667,,13.583
2012-11-11,7.125,7.458,0.333,,3.333
2012-11-12,10.217,11.217,1.0,,15.25
2012-11-13,10.208,11.875,1.667,,25.333
2012-11-14,6.208,7.542,1.333,,11.304
2012-11-15,5.9,6.95,1.05,,2.583
2012-11-16,,,,,6.0
2012-11-17,,,,,4.833
2012-11-18,,,,,9.5
2012-11-19,,,,,12.208
2012-11-20,,,,,12.458
2012-11-21,,,,,8.696
2012-11-22,26.0,29.667,3.667,,14.917
2012-11-23,13.833,16.083,2.25,,12.417
2012-11-24,8.667,9.333,0.667,,8.5
2012-11-25,10.375,11.792,1.417,,3.667
2012-11-26,14.391,17.609,3.217,,5.417
2012-11-27,8.375,8.812,0.438,,5.333
2012-11-28,19.333,25.917,6.583,,6.043
2012-11-29,25.583,38.958,13.375,,20.042
2012-11-30,14.458,20.042,5.583,,16.125
2012-12-01,9.375,10.062,0.688,,4.792
2012-12-02,6.417,7.125,0.708,,3.0
2012-12-03,18.522,25.304,6.783,,4.667
2012-12-04,11.625,14.833,3.208,,12.125
2012-12-05,13.333,14.733,1.4,,9.667
2012-12-06,14.5,15.571,1.071,,7.174
2012-12-07,21.733,24.533,2.8,,9.125
2012-12-08,13.292,15.625,2.333,,10.875
2012-12-09,10.083,11.417,1.333,,7.333
2012-12-10,11.652,13.739,2.087,,3.292
2012-12-11,14.958,19.917,4.958,,4.417
2012-12-12,16.588,21.588,5.0,,8.174
2012-12-13,15.933,20.2,4.267,,6.917
2012-12-14,21.375,27.542,6.167,,13.833
2012-12-15,25.083,34.625,9.542,,12.875
2012-12-16,12.208,15.167,2.958,,6.708
2012-12-17,25.13,34.087,8.957,,15.5
2012-12-18,14.667,18.75,4.083,,9.208
2012-12-19,11.2,12.733,1.533,,2.087
2012-12-20,25.208,36.125,10.917,,10.458
2012-12-21,17.55,21.7,4.15,,7.667
2012-12-22,14.125,17.792,3.667,,4.458
2012-12-23,9.167,10.5,1.333,,11.917
2012-12-24,7.217,8.565,1.348,,6.5
2012-12-25,15.0,17.792,2.792,,10.042
2012-12-26,8.875,11.167,2.292,,6.667
2012-12-27,18.583,23.458,4.875,,4.174
2012-12-28,18.625,24.875,6.25,,3.458
2012-12-29,15.833,18.75,2.917,,6.25
2012-12-30,12.625,16.542,3.917,,5.333
2012-12-31,5.696,5.957,0.261,,4.75
2013-01-01,14.0,16.5,2.5,,24.625
2013-01-02,10.583,12.042,1.458,,13.542
2013-01-03,11.958,13.75,1.792,,8.458
2013-01-04,8.583,10.458,1.875,,10.375
2013-01-05,8.917,9.792,0.875,,6.042
2013-01-06,13.13,18.565,5.435,,3.0
2013-01-07,17.333,21.917,4.583,,7.125
2013-01-08,25.13,36.0,10.87,,5.957
2013-01-09,6.125,6.833,0.708,,2.417
2013-01-10,6.417,6.958,0.542,,1.833
2013-01-11,15.333,19.208,3.875,,6.75
2013-01-12,12.75,16.083,3.333,,16.583
2013-01-13,8.609,9.609,1.0,,6.375
2013-01-14,15.0,20.0,5.0,,4.75
2013-01-15,13.667,16.875,3.208,,3.174
2013-01-16,12.083,14.875,2.792,,2.917
2013-01-17,11.875,15.583,3.708,,3.625
2013-01-18,11.083,12.625,1.542,,14.958
2013-01-19,5.833,6.292,0.458,,4.375
2013-01-20,20.87,26.304,5.435,,11.833
2013-01-21,17.042,22.958,5.917,,16.292
2013-01-22,11.792,14.125,2.333,,12.043
2013-01-23,18.583,25.625,7.042,,14.208
2013-01-24,18.958,22.75,3.792,,11.875
2013-01-25,25.125,30.708,5.583,,18.375
2013-01-26,9.458,10.708,1.25,,10.458
2013-01-27,5.556,6.222,0.667,,6.083
2013-01-28,20.778,25.444,4.667,,15.375
2013-01-29,14.667,18.208,3.542,,13.917
2013-01-30,31.273,63.455,32.182,,17.478
2013-01-31,11.348,16.565,5.217,,18.583
2013-02-01,20.826,27.609,6.783,,13.917
2013-02-02,17.13,22.0,4.87,,23.792
2013-02-03,18.348,31.13,12.783,,21.292
2013-02-04,4.739,5.435,0.696,,1.333
2013-02-05,4.591,5.136,0.545,,3.087
2013-02-06,6.833,7.583,0.75,,2.708
2013-02-07,3.917,4.375,0.458,,4.625
2013-02-08,13.917,15.958,2.042,,2.833
2013-02-09,6.75,7.542,0.792,,2.667
2013-02-10,6.87,8.478,1.609,,6.875
2013-02-11,3.208,3.583,0.375,,2.958
2013-02-12,13.375,17.167,3.792,,3.375
2013-02-13,8.0,9.042,1.042,,4.042
2013-02-14,21.083,26.458,5.375,,4.087
2013-02-15,13.542,15.083,1.542,,3.833
2013-02-16,6.125,6.583,0.458,,17.958
2013-02-17,12.565,16.87,4.304,,22.708
2013-02-18,3.417,3.792,0.375,,11.583
2013-02-19,2.833,3.208,0.375,,6.652
2013-02-20,9.625,11.458,1.833,,13.458
2013-02-21,9.458,11.042,1.583,,10.417
2013-02-22,13.792,15.5,1.708,,8.333
2013-02-23,9.5,10.708,1.208,,7.708
2013-02-24,10.87,13.0,2.13,,9.042
2013-02-25,16.333,20.75,4.417,,38.042
2013-02-26,11.958,13.417,1.458,,48.435
2013-02-27,14.292,16.75,2.458,,17.792
2013-02-28,5.708,6.083,0.375,,18.958
2013-03-01,9.792,10.625,0.833,,31.542
2013-03-02,6.417,7.042,0.625,,10.375
2013-03-03,6.304,7.13,0.826,,4.652
2013-03-04,10.917,12.5,1.583,,5.083
2013-03-05,8.75,9.625,0.875,,5.875
2013-03-06,4.292,4.833,0.542,,11.083
2013-03-07,7.391,8.783,1.391,,6.435
2013-03-08,6.125,6.708,0.583,,9.208
2013-03-09,6.833,7.5,0.667,,11.333
2013-03-10,4.304,4.913,0.609,,6.125
2013-03-11,12.292,14.083,1.792,,6.958
2013-03-12,16.522,19.391,2.87,,13.409
2013-03-13,15.292,19.333,4.042,,15.667
2013-03-14,3.333,3.667,0.333,,4.958
2013-03-15,9.625,10.708,1.083,,13.333
2013-03-16,10.292,11.458,1.167,,33.167
2013-03-17,16.174,17.261,1.087,,46.958
2013-03-18,16.333,18.625,2.292,,35.333
2013-03-19,6.625,7.083,0.458,,19.522
2013-03-20,9.083,9.833,0.75,,4.833
2013-03-21,3.292,3.542,0.25,,5.792
2013-03-22,4.875,5.333,0.458,,5.042
2013-03-23,11.0,12.583,1.583,,18.125
2013-03-24,16.783,17.739,0.957,,39.5
2013-03-25,19.375,21.208,1.833,,28.333
2013-03-26,18.958,21.542,2.583,,19.826
2013-03-27,10.875,14.542,3.667,,17.792
2013-03-28,14.292,15.708,1.417,,20.833
2013-03-29,11.292,12.208,0.917,,15.125
2013-03-30,6.292,6.917,0.625,,8.667
2013-03-31,4.739,4.957,0.217,,15.167
2013-04-01,9.391,10.478,1.087,,14.875
2013-04-02,10.958,12.125,1.167,,15.167
2013-04-03,6.333,6.667,0.333,,15.417
2013-04-04,8.652,9.435,0.783,,19.348
2013-04-05,9.875,10.458,0.583,,17.958
2013-04-06,4.417,4.667,0.25,,9.625
2013-04-07,4.708,4.958,0.25,,5.167
2013-04-08,7.739,8.783,1.043,,7.5
2013-04-09,10.0,11.042,1.042,,16.417
2013-04-10,5.708,6.208,0.5,,12.292
2013-04-11,6.792,7.417,0.625,,13.5
2013-04-12,7.792,8.75,0.958,,17.375
2013-04-13,12.458,13.542,1.083,,14.208
2013-04-14,9.125,9.542,0.417,,25.042
2013-04-15,7.217,7.652,0.435,,23.792
2013-04-16,12.917,13.708,0.792,,32.75
2013-04-17,14.125,15.292,1.167,,34.375
2013-04-18,10.333,11.625,1.292,,22.684
2013-04-19,4.375,4.875,0.5,,14.208
2013-04-20,5.583,6.042,0.458,,10.75
2013-04-21,3.542,3.667,0.125,,2.333
2013-04-22,5.13,5.87,0.739,,10.958
2013-04-23,11.167,11.833,0.667,,11.708
2013-04-24,10.292,11.083,0.792,,10.565
2013-04-25,11.167,11.792,0.625,,20.833
2013-04-26,9.042,9.875,0.833,,20.917
2013-04-27,5.25,5.458,0.208,,12.542
2013-04-28,5.0,5.292,0.292,,12.792
2013-04-29,7.565,7.826,0.261,,20.208
2013-04-30,8.625,9.417,0.792,,22.583
2013-05-01,3.667,4.042,0.375,,13.783
2013-05-02,5.583,6.542,0.958,,3.75
2013-05-03,4.958,5.292,0.333,,5.5
2013-05-04,5.292,5.583,0.292,,9.375
2013-05-05,5.375,5.583,0.208,,20.375
2013-05-06,6.87,7.304,0.435,,26.917
2013-05-07,2.958,3.417,0.458,,9.417
2013-05-08,5.083,5.667,0.583,,4.75
2013-05-09,18.909,19.864,0.955,,10.652
2013-05-10,18.958,20.167,1.208,,23.333
2013-05-11,10.333,11.625,1.292,,16.833
2013-05-12,5.375,5.625,0.25,,19.25
2013-05-13,11.783,12.217,0.435,,23.042
2013-05-14,13.667,14.292,0.625,,26.083
2013-05-15,9.917,10.625,0.708,,20.0
2013-05-16,4.125,4.292,0.167,,26.583
2013-05-17,4.25,4.542,0.292,,10.583
2013-05-18,7.583,7.917,0.333,,18.417
2013-05-19,3.667,3.75,0.083,,10.333
2013-05-20,8.217,8.957,0.739,,4.375
2013-05-21,5.522,5.826,0.304,,31.667
2013-05-22,9.125,9.583,0.458,,35.261
2013-05-23,4.958,5.208,0.25,,14.375
2013-05-24,6.875,7.375,0.5,,9.917
2013-05-25,6.125,6.542,0.417,,22.875
2013-05-26,5.792,5.833,0.042,,18.625
2013-05-27,3.652,3.826,0.174,,16.25
2013-05-28,3.208,3.5,0.292,,9.375
2013-05-29,5.167,5.792,0.625,,4.083
2013-05-30,9.958,11.875,1.917,,12.0
2013-05-31,5.458,5.875,0.417,,19.75
2013-06-01,5.667,5.958,0.292,,15.667
2013-06-02,4.625,4.667,0.042,,16.25
2013-06-03,4.87,5.13,0.261,,16.708
2013-06-04,8.417,8.792,0.375,,11.708
2013-06-05,12.083,12.792,0.708,,22.0
2013-06-06,8.0,8.652,0.652,,14.565
2013-06-07,5.958,6.417,0.458,,16.333
2013-06-08,5.208,5.417,0.208,,17.583
2013-06-09,7.333,7.625,0.292,,18.917
2013-06-10,6.087,6.522,0.435,,16.125
2013-06-11,4.708,5.125,0.417,,9.913
2013-06-12,5.917,6.625,0.708,,7.458
2013-06-13,6.875,8.125,1.25,,10.125
2013-06-14,5.917,6.708,0.792,,15.417
2013-06-15,9.167,10.208,1.042,,17.417
2013-06-16,4.875,5.583,0.708,,11.25
2013-06-17,9.783,10.478,0.696,,21.75
2013-06-18,10.708,11.667,0.958,,24.458
2013-06-19,8.083,9.25,1.167,,20.348
2013-06-20,11.417,11.917,0.5,,5.417
2013-06-21,13.917,14.583,0.667,,12.708
2013-06-22,6.5,7.042,0.542,,13.167
2013-06-23,7.875,8.417,0.542,,21.833
2013-06-24,7.217,8.087,0.87,,25.833
2013-06-25,6.042,6.75,0.708,,16.792
2013-06-26,7.375,7.958,0.583,,5.043
2013-06-27,5.667,6.208,0.542,,8.25
2013-06-28,4.625,4.917,0.292,,15.0
2013-06-29,5.417,5.542,0.125,,14.0
2013-06-30,3.833,3.958,0.125,,11.167
2013-07-01,4.696,5.217,0.522,,11.75
2013-07-02,7.042,7.375,0.333,,11.208
2013-07-03,11.043,12.217,1.174,,10.739
2013-07-04,14.083,16.708,2.625,,16.583
2013-07-05,11.375,14.25,2.875,,29.75
2013-07-06,6.292,7.792,1.5,,26.667
2013-07-07,5.417,6.583,1.167,,22.125
2013-07-08,7.913,9.391,1.478,,31.0
2013-07-09,12.083,14.167,2.083,,45.167
2013-07-10,9.333,10.125,0.792,,41.522
2013-07-11,10.542,11.625,1.083,,43.917
2013-07-12,10.292,11.75,1.458,,32.417
2013-07-13,10.042,11.25,1.208,,25.958
2013-07-14,7.25,9.0,1.75,,18.0
2013-07-15,8.043,9.739,1.696,,16.458
2013-07-16,9.292,11.25,1.958,,16.5
2013-07-17,9.208,10.208,1.0,,30.125
2013-07-18,5.042,5.708,0.667,,23.957
2013-07-19,3.667,4.083,0.417,,12.25
2013-07-20,6.417,6.75,0.333,,10.75
2013-07-21,7.208,7.667,0.458,,17.208
2013-07-22,10.826,12.087,1.261,,36.667
2013-07-23,7.0,8.875,1.875,,19.542
2013-07-24,11.208,12.5,1.292,,30.75
2013-07-25,9.292,10.25,0.958,,46.087
2013-07-26,9.583,10.167,0.583,,51.542
2013-07-27,6.625,7.042,0.417,,44.875
2013-07-28,5.667,5.875,0.208,,50.417
2013-07-29,19.0,22.522,3.522,,43.0
2013-07-30,10.625,12.292,1.667,,51.167
2013-07-31,7.0,7.667,0.667,,64.739
2013-08-01,8.417,9.792,1.375,,43.333
2013-08-02,4.625,5.5,0.875,,24.5
2013-08-03,3.875,4.625,0.75,,8.833
2013-08-04,6.333,7.083,0.75,,19.833
2013-08-05,8.522,9.652,1.13,,26.0
2013-08-06,6.792,7.458,0.667,,33.583
2013-08-07,6.304,7.174,0.87,,36.87
2013-08-08,7.833,8.708,0.875,,41.917
2013-08-09,11.25,12.417,1.167,,64.333
2013-08-10,11.167,11.75,0.583,,80.417
2013-08-11,5.917,6.167,0.25,,52.75
2013-08-12,5.739,6.304,0.565,,33.708
2013-08-13,6.292,6.792,0.5,,25.5
2013-08-14,5.833,6.0,0.167,,23.875
2013-08-15,7.167,7.417,0.25,,41.25
2013-08-16,7.542,8.0,0.458,,49.25
2013-08-17,6.708,7.167,0.458,,33.208
2013-08-18,6.75,7.5,0.75,,19.417
2013-08-19,10.0,11.0,1.0,,17.458
2013-08-20,9.958,11.542,1.583,,11.667
2013-08-21,8.792,10.417,1.625,,19.565
2013-08-22,10.667,12.458,1.792,,23.417
2013-08-23,10.167,11.25,1.083,,26.0
2013-08-24,6.542,7.208,0.667,,6.917
2013-08-25,6.875,8.042,1.167,,10.208
2013-08-26,7.87,8.739,0.87,,13.917
2013-08-27,7.333,8.958,1.625,,7.478
2013-08-28,7.708,8.667,0.958,,16.292
2013-08-29,10.042,10.917,0.875,,23.542
2013-08-30,13.208,14.792,1.583,,30.042
2013-08-31,8.875,10.542,1.667,,20.833
2013-09-01,4.708,5.167,0.458,,18.625
2013-09-02,8.826,11.783,2.957,,10.375
2013-09-03,6.042,7.875,1.833,,5.833
2013-09-04,7.652,8.217,0.565,,9.652
2013-09-05,7.958,8.542,0.583,,7.833
2013-09-06,5.333,6.125,0.792,,7.792
2013-09-07,6.833,7.833,1.0,,10.792
2013-09-08,6.042,6.792,0.75,,11.792
2013-09-09,5.522,6.304,0.783,,7.125
2013-09-10,7.5,8.167,0.667,,17.304
2013-09-11,9.708,10.167,0.458,,22.375
2013-09-12,11.0,12.083,1.083,,43.625
2013-09-13,9.583,10.208,0.625,,48.125
2013-09-14,6.208,6.917,0.708,,27.958
2013-09-15,3.583,4.542,0.958,,6.5
2013-09-16,2.913,3.043,0.13,,5.667
2013-09-17,6.625,7.708,1.083,,6.875
2013-09-18,7.292,7.917,0.625,,13.042
2013-09-19,7.0,7.333,0.333,,9.261
2013-09-20,8.0,8.333,0.333,,13.875
2013-09-21,7.75,8.083,0.333,,15.542
2013-09-22,5.208,5.458,0.25,,18.583
2013-09-23,5.304,5.391,0.087,,21.083
2013-09-24,6.917,7.542,0.625,,17.333
2013-09-25,6.875,7.5,0.625,,18.375
2013-09-26,2.375,2.458,0.083,,5.682
2013-09-27,5.292,5.583,0.292,,4.792
2013-09-28,6.083,6.292,0.208,,9.708
2013-09-29,5.667,6.042,0.375,,14.917
2013-09-30,6.913,7.13,0.217,,13.667
2013-10-01,6.125,6.5,0.375,,16.208
2013-10-02,8.478,9.348,0.87,,14.696
2013-10-03,4.792,4.958,0.167,,5.792
2013-10-04,8.25,8.875,0.625,,13.0
2013-10-05,8.125,8.417,0.292,,13.583
2013-10-06,4.167,4.375,0.208,,8.75
2013-10-07,5.261,6.348,1.087,,7.875
2013-10-08,5.333,5.917,0.583,,9.583
2013-10-09,8.667,9.833,1.167,,9.25
2013-10-10,8.0,8.917,0.917,,6.913
2013-10-11,9.167,10.583,1.417,,13.625
2013-10-12,5.333,5.458,0.125,,18.625
2013-10-13,5.208,5.417,0.208,,10.917
2013-10-14,5.217,5.391,0.174,,12.875
2013-10-15,5.542,5.708,0.167,,8.667
2013-10-16,2.958,3.125,0.167,,2.957
2013-10-17,3.708,3.917,0.208,,3.458
2013-10-18,7.708,8.375,0.667,,6.667
2013-10-19,7.542,7.958,0.417,,8.583
2013-10-20,8.375,8.875,0.5,,4.417
2013-10-21,8.0,9.13,1.13,,5.792
2013-10-22,6.458,7.375,0.917,,3.75
2013-10-23,5.75,6.042,0.292,,6.043
2013-10-24,5.458,5.708,0.25,,5.292
2013-10-25,8.667,9.125,0.458,,3.583
2013-10-26,4.542,4.583,0.042,,10.208
2013-10-27,5.083,5.458,0.375,,13.958
2013-10-28,7.957,8.913,0.957,,11.417
2013-10-29,12.957,14.261,1.304,,14.739
2013-10-30,9.958,12.083,2.125,,21.125
2013-10-31,9.75,11.625,1.875,,22.083
2013-11-01,7.0,7.542,0.542,,19.208
2013-11-02,10.625,11.125,0.5,,21.167
2013-11-03,17.417,18.583,1.167,,45.042
2013-11-04,6.435,6.652,0.217,,20.542
2013-11-05,5.708,6.042,0.333,,18.708
2013-11-06,12.5,13.375,0.875,,20.625
2013-11-07,11.818,13.182,1.364,,24.0
2013-11-08,8.667,9.625,0.958,,20.167
2013-11-09,9.167,10.25,1.083,,12.125
2013-11-10,9.0,9.542,0.542,,11.5
2013-11-11,5.739,6.348,0.609,,1.083
2013-11-12,6.292,7.333,1.042,,3.083
2013-11-13,5.625,6.792,1.167,,2.391
2013-11-14,11.083,13.042,1.958,,4.917
2013-11-15,16.208,19.708,3.5,,7.708
2013-11-16,9.833,11.958,2.125,,15.958
2013-11-17,9.583,10.958,1.375,,24.208
2013-11-18,8.348,9.261,0.913,,14.792
2013-11-19,9.417,10.542,1.125,,4.25
2013-11-20,10.75,11.833,1.083,,10.667
2013-11-21,13.13,16.348,3.217,,8.261
2013-11-22,14.042,17.875,3.833,,11.833
2013-11-23,11.583,13.875,2.292,,6.25
2013-11-24,13.583,16.292,2.708,,16.333
2013-11-25,11.348,11.913,0.565,,14.75
2013-11-26,7.25,8.25,1.0,,8.917
2013-11-27,18.375,21.917,3.542,,8.667
2013-11-28,8.708,10.375,1.667,,8.783
2013-11-29,12.708,17.208,4.5,,7.292
2013-11-30,19.833,24.083,4.25,,10.292
2013-12-01,16.583,19.708,3.125,,17.958
2013-12-02,22.348,28.826,6.478,,21.292
2013-12-03,22.0,28.625,6.625,,17.167
2013-12-04,18.083,22.75,4.667,,15.5
2013-12-05,27.043,35.478,8.435,,24.391
2013-12-06,20.125,27.792,7.667,,30.208
2013-12-07,8.917,11.458,2.542,,7.167
2013-12-08,7.333,8.208,0.875,,5.833
2013-12-09,12.478,14.87,2.391,,3.917
2013-12-10,7.625,8.333,0.708,,6.583
2013-12-11,12.708,15.792,3.083,,10.652
2013-12-12,9.167,10.542,1.375,,3.458
2013-12-13,16.958,23.083,6.125,,5.625
2013-12-14,9.75,10.95,1.2,,5.9
2013-12-15,6.25,6.792,0.542,,8.292
2013-12-16,9.0,10.826,1.826,,5.5
2013-12-17,15.708,20.708,5.0,,7.5
2013-12-18,14.318,16.227,1.909,,3.714
2013-12-19,21.042,31.875,10.833,,9.625
2013-12-20,7.458,8.333,0.875,,4.5
2013-12-21,9.667,10.583,0.917,,2.708
2013-12-22,6.292,6.5,0.208,,3.375
2013-12-23,7.565,8.565,1.0,,4.083
2013-12-24,7.125,8.208,1.083,,5.625
2013-12-25,9.875,11.375,1.5,,8.875
2013-12-26,20.5,27.833,7.333,,11.609
2013-12-27,7.917,8.542,0.625,,3.625
2013-12-28,5.917,6.375,0.458,,2.833
2013-12-29,9.042,10.083,1.042,,4.875
2013-12-30,12.348,14.913,2.565,,8.625
2013-12-31,11.417,13.5,2.083,,18.875
2014-01-01,4.667,4.75,0.083,,3.833
2014-01-02,5.208,5.625,0.417,,2.667
2014-01-03,11.375,13.167,1.792,,1.208
2014-01-04,17.0,21.583,4.583,,9.333
2014-01-05,17.435,22.783,5.348,,19.5
2014-01-06,15.333,21.5,6.167,,12.5
2014-01-07,5.609,6.087,0.478,,4.565
2014-01-08,7.208,7.875,0.667,,10.583
2014-01-09,7.333,8.5,1.167,,4.833
2014-01-10,8.542,9.208,0.667,,4.625
2014-01-11,10.333,11.333,1.0,,9.917
2014-01-12,7.652,8.261,0.609,,1.875
2014-01-13,14.292,17.458,3.167,,5.0
2014-01-14,20.083,25.833,5.75,,6.5
2014-01-15,15.25,16.833,1.583,,3.625
2014-01-16,13.917,15.875,1.958,,20.75
2014-01-17,9.458,10.458,1.0,,13.875
2014-01-18,7.625,8.417,0.792,,2.333
2014-01-19,9.87,13.826,3.957,,11.792
2014-01-20,9.167,10.333,1.167,,12.208
2014-01-21,17.5,21.0,3.5,,14.304
2014-01-22,17.875,20.792,2.917,,8.25
2014-01-23,8.417,8.833,0.417,,4.042
2014-01-24,14.0,15.95,1.95,,5.81
2014-01-25,13.042,15.917,2.875,,15.625
2014-01-26,19.826,22.565,2.739,,17.042
2014-01-27,15.125,22.292,7.167,,7.833
2014-01-28,3.2,3.4,0.2,,3.958
2014-01-29,11.87,14.261,2.391,,6.667
2014-01-30,13.957,16.565,2.609,,1.125
2014-01-31,4.87,5.391,0.522,,5.917
2014-02-01,4.957,5.304,0.348,,4.292
2014-02-02,12.739,14.522,1.783,,5.208
2014-02-03,12.238,14.095,1.857,,6.391
2014-02-04,8.0,9.042,1.042,,5.167
2014-02-05,10.292,11.667,1.375,,6.75
2014-02-06,8.708,9.667,0.958,,2.208
2014-02-07,12.625,14.25,1.625,,11.208
2014-02-08,11.458,13.25,1.792,,15.917
2014-02-09,5.348,6.0,0.652,,3.0
2014-02-10,10.583,11.875,1.292,,10.957
2014-02-11,17.167,19.958,2.792,,24.792
2014-02-12,15.375,19.208,3.833,,26.917
2014-02-13,4.875,5.167,0.292,,3.833
2014-02-14,8.958,9.958,1.0,,5.417
2014-02-15,14.25,16.375,2.125,,20.208
2014-02-16,12.043,13.957,1.913,,3.667
2014-02-17,13.333,14.875,1.542,,8.174
2014-02-18,7.0,7.583,0.583,,3.125
2014-02-19,7.083,7.833,0.75,,1.875
2014-02-20,7.5,8.25,0.75,,1.708
2014-02-21,10.5,11.833,1.333,,4.292
2014-02-22,9.458,10.292,0.833,,7.75
2014-02-23,10.188,11.5,1.312,,19.739
2014-02-24,9.0,10.167,1.167,,46.042
2014-02-25,10.5,12.333,1.833,,37.875
2014-02-26,15.583,17.375,1.792,,15.458
2014-02-27,6.042,6.625,0.583,,10.083
2014-02-28,5.583,5.792,0.208,,12.542
2014-03-01,6.125,6.5,0.375,,5.542
2014-03-02,6.409,7.091,0.682,,18.348
2014-03-03,11.458,13.292,1.833,,14.208
2014-03-04,7.333,8.125,0.792,,7.208
2014-03-05,4.792,4.958,0.167,,9.833
2014-03-06,7.042,7.542,0.5,,13.0
2014-03-07,10.958,11.667,0.708,,9.208
2014-03-08,5.5,5.667,0.167,,5.375
2014-03-09,9.739,10.652,0.913,,4.542
2014-03-10,4.208,4.5,0.292,,1.75
2014-03-11,8.208,9.208,1.0,,5.565
2014-03-12,9.542,10.292,0.75,,11.75
2014-03-13,14.125,17.208,3.083,,11.125
2014-03-14,6.875,7.083,0.208,,13.208
2014-03-15,9.667,10.25,0.583,,12.958
2014-03-16,13.348,14.739,1.391,,12.913
2014-03-17,17.208,19.667,2.458,,17.333
2014-03-18,10.292,11.333,1.042,,15.667
2014-03-19,10.583,11.583,1.0,,6.542
2014-03-20,4.667,4.833,0.167,,11.875
2014-03-21,7.958,8.5,0.542,,25.417
2014-03-22,8.458,8.917,0.458,,34.583
2014-03-23,4.304,4.522,0.217,,13.792
2014-03-24,5.25,5.667,0.417,,4.583
2014-03-25,6.083,6.583,0.5,,4.913
2014-03-26,7.25,8.167,0.917,,8.5
2014-03-27,18.458,19.875,1.417,,16.917
2014-03-28,14.583,15.708,1.125,,18.292
2014-03-29,12.417,13.792,1.375,,16.417
2014-03-30,9.043,9.522,0.478,,31.042
2014-03-31,10.083,10.667,0.583,,34.542
2014-04-01,8.917,10.25,1.333,,13.583
2014-04-02,6.217,6.478,0.261,,12.071
2014-04-03,8.167,8.583,0.417,,
2014-04-04,5.042,5.542,0.5,,6.7
2014-04-05,5.542,5.833,0.292,,7.75
2014-04-06,5.875,6.083,0.208,,8.417
2014-04-07,16.174,18.304,2.13,,6.958
2014-04-08,14.75,16.583,1.833,,22.25
2014-04-09,10.042,10.542,0.5,,32.391
2014-04-10,10.292,11.208,0.917,,30.417
2014-04-11,7.333,7.625,0.292,,16.083
2014-04-12,6.958,7.292,0.333,,10.042
2014-04-13,8.583,8.875,0.292,,14.417
2014-04-14,6.652,7.174,0.522,,13.208
2014-04-15,17.667,19.167,1.5,,10.75
2014-04-16,25.75,27.208,1.458,,33.087
2014-04-17,22.417,24.083,1.667,,45.125
2014-04-18,5.875,6.042,0.167,,29.833
2014-04-19,4.0,4.042,0.042,,17.25
2014-04-20,5.125,5.458,0.333,,8.542
2014-04-21,7.087,7.87,0.783,,3.5
2014-04-22,5.792,6.167,0.375,,17.583
2014-04-23,6.708,7.208,0.5,,10.0
2014-04-24,7.708,8.375,0.667,,12.375
2014-04-25,10.083,10.417,0.333,,17.042
2014-04-26,9.542,9.875,0.333,,18.5
2014-04-27,5.5,5.583,0.083,,13.708
2014-04-28,6.261,6.565,0.304,,16.375
2014-04-29,3.292,3.333,0.042,,8.958
2014-04-30,6.583,7.0,0.417,,17.542
2014-05-01,8.261,9.826,1.565,,23.455
2014-05-02,6.292,6.75,0.458,,18.25
2014-05-03,5.375,5.583,0.208,,26.792
2014-05-04,3.708,3.792,0.083,,14.458
2014-05-05,5.913,5.913,0.0,,21.292
2014-05-06,3.458,3.667,0.208,,17.458
2014-05-07,8.125,8.583,0.458,,15.875
2014-05-08,6.917,7.167,0.25,,13.913
2014-05-09,4.0,4.125,0.125,,18.458
2014-05-10,2.667,2.667,0.0,,16.625
2014-05-11,4.958,5.042,0.083,,10.5
2014-05-12,5.13,5.217,0.087,,14.542
2014-05-13,7.542,8.0,0.458,,13.667
2014-05-14,12.792,13.375,0.583,,18.565
2014-05-15,9.875,10.375,0.5,,13.125
2014-05-16,4.125,4.458,0.333,,13.542
2014-05-17,3.375,3.417,0.042,,9.167
2014-05-18,3.792,3.958,0.167,,3.792
2014-05-19,9.87,10.348,0.478,,16.5
2014-05-20,5.542,5.833,0.292,,33.0
2014-05-21,3.333,3.375,0.042,,7.542
2014-05-22,3.583,3.625,0.042,,16.783
2014-05-23,2.958,2.958,0.0,,8.833
2014-05-24,7.0,7.375,0.375,,10.333
2014-05-25,6.583,6.75,0.167,,15.833
2014-05-26,9.913,10.478,0.565,,11.917
2014-05-27,11.792,12.333,0.542,,19.917
2014-05-28,12.208,12.875,0.667,,32.227
2014-05-29,10.958,11.292,0.333,,31.667
2014-05-30,11.0,11.542,0.542,,51.125
2014-05-31,9.5,10.167,0.667,,53.708
2014-06-01,6.917,7.042,0.125,,31.333
2014-06-02,10.261,10.913,0.652,,46.125
2014-06-03,12.667,13.458,0.792,,28.5
2014-06-04,4.565,4.783,0.217,,27.826
2014-06-05,4.125,4.375,0.25,,9.917
2014-06-06,6.458,7.083,0.625,,15.833
2014-06-07,7.042,8.083,1.042,,19.583
2014-06-08,6.25,7.0,0.75,,16.583
2014-06-09,6.435,7.043,0.609,,19.0
2014-06-10,7.375,8.5,1.125,,18.375
2014-06-11,5.043,6.174,1.13,,15.87
2014-06-12,4.708,5.75,1.042,,9.625
2014-06-13,3.292,3.583,0.292,,7.208
2014-06-14,5.083,5.333,0.25,,19.75
2014-06-15,5.417,5.625,0.208,,30.208
2014-06-16,9.043,9.478,0.435,,30.25
2014-06-17,11.875,12.25,0.375,,33.792
2014-06-18,9.542,9.792,0.25,,27.083
2014-06-19,10.25,11.083,0.833,,21.364
2014-06-20,10.417,11.042,0.625,,26.792
2014-06-21,6.042,6.667,0.625,,26.0
2014-06-22,4.042,4.292,0.25,,12.542
2014-06-23,3.522,4.043,0.522,,10.417
2014-06-24,4.167,4.667,0.5,,12.208
2014-06-25,6.417,6.792,0.375,,17.917
2014-06-26,7.0,7.625,0.625,,28.696
2014-06-27,4.25,4.625,0.375,,16.667
2014-06-28,4.25,4.417,0.167,,7.583
2014-06-29,4.458,4.542,0.083,,23.583
2014-06-30,5.913,6.435,0.522,,32.625
2014-07-01,4.333,4.75,0.417,,18.958
2014-07-02,8.045,8.227,0.182,,24.955
2014-07-03,6.583,6.875,0.292,,26.542
2014-07-04,7.375,7.833,0.458,,13.833
2014-07-05,8.5,9.292,0.792,,10.875
2014-07-06,5.25,5.333,0.083,,16.125
2014-07-07,12.043,13.739,1.696,,17.375
2014-07-08,13.458,17.125,3.667,,26.458
2014-07-09,7.292,10.333,3.042,,18.696
2014-07-10,4.875,6.5,1.625,,9.625
2014-07-11,4.167,4.833,0.667,,24.0
2014-07-12,11.042,11.667,0.625,,44.292
2014-07-13,8.958,9.667,0.708,,38.958
2014-07-14,11.391,13.087,1.696,,32.625
2014-07-15,9.5,10.25,0.75,,31.625
2014-07-16,10.375,11.625,1.25,,37.652
2014-07-17,9.833,11.875,2.042,,28.375
2014-07-18,8.25,9.5,1.25,,28.708
2014-07-19,6.917,8.0,1.083,,23.292
2014-07-20,4.583,5.333,0.75,,22.25
2014-07-21,5.565,6.0,0.435,,25.75
2014-07-22,9.208,10.417,1.208,,44.5
2014-07-23,8.583,10.083,1.5,,36.87
2014-07-24,7.792,8.833,1.042,,34.417
2014-07-25,6.875,8.167,1.292,,27.458
2014-07-26,7.25,8.042,0.792,,37.875
2014-07-27,5.0,5.458,0.458,,38.75
2014-07-28,4.652,4.957,0.304,,10.167
2014-07-29,6.708,7.208,0.5,,24.417
2014-07-30,6.25,6.917,0.667,,29.261
2014-07-31,7.375,8.458,1.083,,22.0
2014-08-01,10.042,11.292,1.25,,20.208
2014-08-02,10.208,12.708,2.5,,15.875
2014-08-03,6.875,8.458,1.583,,14.208
2014-08-04,7.826,11.783,3.957,,10.667
2014-08-05,6.458,9.125,2.667,,13.958
2014-08-06,6.792,8.958,2.167,,14.833
2014-08-07,7.652,8.87,1.217,,14.682
2014-08-08,5.458,6.375,0.917,,10.125
2014-08-09,3.0,3.375,0.375,,5.875
2014-08-10,6.042,6.458,0.417,,18.625
2014-08-11,10.391,11.348,0.957,,12.125
2014-08-12,7.333,7.875,0.542,,21.833
2014-08-13,6.75,7.292,0.542,,29.833
2014-08-14,6.25,6.625,0.375,,31.957
2014-08-15,5.375,6.792,1.417,,19.042
2014-08-16,7.542,8.667,1.125,,21.75
2014-08-17,5.25,6.208,0.958,,20.833
2014-08-18,6.739,8.435,1.696,,15.208
2014-08-19,5.833,7.875,2.042,,8.292
2014-08-20,6.583,9.375,2.792,,10.958
2014-08-21,8.417,11.333,2.917,,9.826
2014-08-22,9.375,12.167,2.792,,12.042
2014-08-23,5.583,6.708,1.125,,8.958
2014-08-24,4.833,5.5,0.667,,9.875
2014-08-25,7.304,8.87,1.565,,18.542
2014-08-26,7.083,8.542,1.458,,21.083
2014-08-27,4.75,5.625,0.875,,13.292
2014-08-28,4.333,5.042,0.708,,8.318
2014-08-29,4.25,4.75,0.5,,10.458
2014-08-30,4.208,4.667,0.458,,12.917
2014-08-31,3.625,3.75,0.125,,12.833
2014-09-01,6.087,6.696,0.609,,10.458
2014-09-02,5.667,6.25,0.583,,14.667
2014-09-03,4.217,4.348,0.13,,15.565
2014-09-04,5.0,5.25,0.25,,8.875
2014-09-05,7.417,9.042,1.625,,16.167
2014-09-06,5.333,5.792,0.458,,32.917
2014-09-07,3.792,4.5,0.708,,13.917
2014-09-08,6.739,7.435,0.696,,14.75
2014-09-09,4.875,5.5,0.625,,16.25
2014-09-10,7.5,7.833,0.333,,15.565
2014-09-11,4.917,5.417,0.5,,14.667
2014-09-12,4.792,5.208,0.417,,7.708
2014-09-13,4.417,5.042,0.625,,5.708
2014-09-14,3.458,3.833,0.375,,6.5
2014-09-15,4.696,4.957,0.261,,7.625
2014-09-16,5.417,5.833,0.417,,15.583
2014-09-17,3.583,3.833,0.25,,10.478
2014-09-18,4.708,5.042,0.333,,9.75
2014-09-19,5.708,6.292,0.583,,8.5
2014-09-20,9.25,10.625,1.375,,10.792
2014-09-21,4.458,4.625,0.167,,11.75
2014-09-22,3.913,4.174,0.261,,10.957
2014-09-23,5.167,5.333,0.167,,19.125
2014-09-24,6.583,7.0,0.417,,16.333
2014-09-25,5.833,7.167,1.333,,8.083
2014-09-26,4.333,4.583,0.25,,9.583
2014-09-27,5.042,5.083,0.042,,11.208
2014-09-28,4.167,4.292,0.125,,13.958
2014-09-29,6.0,6.739,0.739,,18.5
2014-09-30,4.542,4.875,0.333,,22.625
2014-10-01,6.455,7.0,0.545,,13.522
2014-10-02,6.875,6.958,0.083,,16.333
2014-10-03,8.25,8.917,0.667,,17.333
2014-10-04,4.083,4.083,0.0,,12.0
2014-10-05,4.375,4.417,0.042,,7.125
2014-10-06,1.913,2.0,0.087,,4.591
2014-10-07,5.0,5.667,0.667,,8.167
2014-10-08,5.75,6.292,0.542,,9.083
2014-10-09,6.583,6.875,0.292,,8.792
2014-10-10,6.208,6.708,0.5,,14.667
2014-10-11,5.542,5.708,0.167,,19.542
2014-10-12,3.625,3.625,0.0,,20.542
2014-10-13,2.478,2.478,0.0,,4.708
2014-10-14,2.917,3.0,0.083,,5.833
2014-10-15,4.292,4.667,0.375,,7.0
2014-10-16,7.409,7.636,0.227,,9.182
2014-10-17,5.5,5.75,0.25,,13.208
2014-10-18,6.208,6.75,0.542,,9.583
2014-10-19,4.458,4.583,0.125,,11.583
2014-10-20,8.87,9.217,0.348,,11.542
2014-10-21,9.833,10.5,0.667,,11.958
2014-10-22,4.917,5.042,0.125,,5.957
2014-10-23,3.417,3.5,0.083,,7.833
2014-10-24,8.708,9.208,0.5,,11.125
2014-10-25,9.5,10.0,0.5,,15.25
2014-10-26,6.833,7.125,0.292,,14.333
2014-10-27,4.565,4.783,0.217,,13.125
2014-10-28,5.417,5.75,0.333,,12.292
2014-10-29,8.542,9.75,1.208,,12.217
2014-10-30,8.125,8.417,0.292,,13.042
2014-10-31,9.958,11.042,1.083,,14.625
2014-11-01,8.667,9.583,0.917,,3.0
2014-11-02,9.083,10.083,1.0,,11.458
2014-11-03,2.609,2.609,0.0,,8.417
2014-11-04,6.208,7.042,0.833,,8.917
2014-11-05,9.957,11.0,1.043,,9.348
2014-11-06,8.125,8.708,0.583,,7.292
2014-11-07,5.417,5.5,0.083,,19.167
2014-11-08,11.25,12.875,1.625,,12.75
2014-11-09,12.083,13.208,1.125,,15.917
2014-11-10,6.304,6.696,0.391,,10.292
2014-11-11,9.167,10.208,1.042,,11.917
2014-11-12,13.25,15.833,2.583,,20.13
2014-11-13,4.25,4.542,0.292,,7.625
2014-11-14,8.958,10.167,1.208,,8.208
2014-11-15,9.292,10.5,1.208,,8.375
2014-11-16,9.083,10.625,1.542,,9.292
2014-11-17,20.391,24.217,3.826,,17.417
2014-11-18,8.292,8.875,0.583,,11.125
2014-11-19,8.458,9.583,1.125,,9.783
2014-11-20,13.375,15.042,1.667,,6.875
2014-11-21,14.958,17.25,2.292,,7.833
2014-11-22,14.75,16.167,1.417,,11.792
2014-11-23,9.417,10.542,1.125,,12.875
2014-11-24,11.261,12.217,0.957,,14.875
2014-11-25,15.792,17.625,1.833,,11.5
2014-11-26,9.667,10.583,0.917,,6.13
2014-11-27,10.0,12.5,2.5,,9.125
2014-11-28,16.958,20.083,3.125,,9.417
2014-11-29,10.708,12.333,1.625,,8.125
2014-11-30,7.25,7.833,0.583,,7.792
2014-12-01,13.13,17.261,4.13,,8.625
2014-12-02,5.25,5.708,0.458,,4.875
2014-12-03,12.136,13.5,1.364,,6.696
2014-12-04,16.5,18.292,1.792,,6.375
2014-12-05,10.667,12.25,1.583,,5.25
2014-12-06,11.417,13.75,2.333,,3.833
2014-12-07,9.583,11.042,1.458,,2.167
2014-12-08,16.304,20.87,4.565,,6.708
2014-12-09,11.542,14.875,3.333,,7.833
2014-12-10,15.083,19.083,4.0,,9.583
2014-12-11,19.208,32.5,13.292,,14.783
2014-12-12,8.458,10.083,1.625,,10.208
2014-12-13,6.708,7.458,0.75,,5.833
2014-12-14,6.125,6.5,0.375,,6.208
2014-12-15,13.043,15.87,2.826,,5.833
2014-12-16,13.667,17.708,4.042,,7.625
2014-12-17,4.417,5.042,0.625,,2.435
2014-12-18,10.708,12.083,1.375,,3.458
2014-12-19,18.792,24.667,5.875,,6.75
2014-12-20,17.375,19.958,2.583,,5.875
2014-12-21,9.875,11.917,2.042,,11.583
2014-12-22,8.652,9.826,1.174,,4.667
2014-12-23,9.25,11.208,1.958,,5.792
2014-12-24,21.792,29.958,8.167,,19.174
2014-12-25,8.208,9.667,1.458,,5.917
2014-12-26,6.833,7.583,0.75,,1.25
2014-12-27,8.292,9.5,1.208,,3.708
2014-12-28,10.875,12.042,1.167,,5.917
2014-12-29,16.478,20.217,3.739,,9.208
2014-12-30,13.958,16.958,3.0,,28.083
2014-12-31,12.0,13.792,1.792,,22.333
2015-01-01,6.792,7.417,0.625,,
2015-01-02,12.083,13.458,1.375,,
2015-01-03,12.083,13.542,1.458,,
2015-01-04,14.391,18.13,3.739,,
2015-01-05,18.125,20.875,2.75,,
2015-01-06,14.167,16.75,2.583,,
2015-01-07,9.583,10.375,0.792,,
2015-01-08,13.458,15.292,1.833,,
2015-01-09,12.75,15.25,2.5,,
2015-01-10,10.292,11.125,0.833,,
2015-01-11,13.913,15.609,1.696,,
2015-01-12,6.958,7.375,0.417,,
2015-01-13,15.917,18.25,2.333,,
2015-01-14,13.625,15.708,2.083,,
2015-01-15,14.227,16.045,1.818,,
2015-01-16,14.292,16.958,2.667,,
2015-01-17,7.958,8.542,0.583,,
2015-01-18,9.826,10.522,0.696,,
2015-01-19,4.917,5.208,0.292,,
2015-01-20,11.417,12.833,1.417,,
2015-01-21,11.708,13.208,1.5,,
2015-01-22,6.458,7.125,0.667,,
2015-01-23,11.25,11.875,0.625,,
2015-01-24,3.25,3.292,0.042,,
2015-01-25,12.739,14.522,1.783,,
2015-01-26,20.083,24.0,3.917,,
2015-01-27,18.0,20.625,2.625,,
2015-01-28,28.083,33.458,5.375,,
2015-01-29,23.917,27.458,3.542,,
2015-01-30,7.375,7.542,0.167,,
2015-01-31,9.75,10.25,0.5,,
2015-02-01,12.304,12.957,0.652,,
2015-02-02,9.455,10.955,1.5,,
2015-02-03,11.667,13.25,1.583,,
2015-02-04,18.083,20.708,2.625,,
2015-02-05,15.667,18.125,2.458,,
2015-02-06,9.958,11.583,1.625,,
2015-02-07,6.333,6.792,0.458,,
2015-02-08,10.111,11.778,1.667,,
2015-02-09,4.556,4.556,0.0,,
2015-02-10,6.917,7.458,0.542,,
2015-02-11,12.083,13.25,1.167,,
2015-02-12,15.375,17.417,2.042,,
2015-02-13,19.583,22.917,3.333,,
2015-02-14,7.458,8.0,0.542,,
2015-02-15,3.826,4.0,0.174,,
2015-02-16,7.542,7.792,0.25,,
2015-02-17,9.167,9.958,0.792,,
2015-02-18,14.333,16.0,1.667,,
2015-02-19,21.083,24.5,3.417,,
2015-02-20,14.917,15.542,0.625,,
2015-02-21,3.583,3.583,0.0,,
2015-02-22,12.609,13.609,1.0,,
2015-02-23,24.083,28.292,4.208,,
2015-02-24,4.0,4.167,0.167,,
2015-02-25,7.583,8.375,0.792,,
2015-02-26,9.208,10.0,0.792,,
2015-02-27,10.917,11.292,0.375,,
2015-02-28,10.25,10.458,0.208,,
2015-03-01,7.208,7.542,0.333,,
2015-03-02,12.292,13.542,1.25,,
2015-03-03,18.667,20.958,2.292,,
2015-03-04,15.5,16.5,1.0,,
2015-03-05,10.958,11.375,0.417,,
2015-03-06,7.875,8.0,0.125,,
2015-03-07,10.5,11.773,1.273,,
2015-03-08,6.958,8.75,1.792,,
2015-03-09,6.167,6.167,0.0,,
2015-03-10,3.667,3.667,0.0,,
2015-03-11,6.667,7.125,0.458,,
2015-03-12,6.833,7.333,0.5,,
2015-03-13,5.583,5.708,0.125,,
2015-03-14,6.348,6.435,0.087,,
2015-03-15,5.25,5.375,0.125,,
2015-03-16,15.083,16.042,0.958,,
2015-03-17,17.417,19.0,1.583,,
2015-03-18,17.625,19.083,1.458,,
2015-03-19,6.458,6.75,0.292,,
2015-03-20,3.125,3.125,0.0,,
2015-03-21,2.609,2.652,0.043,,
2015-03-22,14.75,15.792,1.042,,
2015-03-23,7.917,8.25,0.333,,
2015-03-24,3.167,3.167,0.0,,
2015-03-25,4.208,4.292,0.083,,
2015-03-26,6.875,7.292,0.417,,
2015-03-27,5.583,5.75,0.167,,
2015-03-28,8.391,8.826,0.435,,
2015-03-29,14.125,14.583,0.458,,
2015-03-30,16.083,16.583,0.5,,
2015-03-31,10.458,10.667,0.208,,
2015-04-01,11.083,11.958,0.875,,
2015-04-02,4.667,4.875,0.208,,
2015-04-03,9.833,11.5,1.667,,
2015-04-04,4.583,4.792,0.208,,
2015-04-05,7.125,7.542,0.417,,
2015-04-06,8.087,8.87,0.783,,
2015-04-07,2.739,2.783,0.043,,
2015-04-08,4.583,4.875,0.292,,
2015-04-09,6.5,6.917,0.417,,
2015-04-10,10.292,10.917,0.625,,
2015-04-11,7.792,8.5,0.708,,
2015-04-12,4.833,5.167,0.333,,
2015-04-13,5.957,6.261,0.304,,
2015-04-14,11.375,12.375,1.0,,
2015-04-15,9.667,10.083,0.417,,
2015-04-16,14.708,15.208,0.5,,
2015-04-17,5.417,5.542,0.125,,
2015-04-18,7.042,7.458,0.417,,
2015-04-19,7.25,7.5,0.25,,
2015-04-20,10.435,12.087,1.652,,
2015-04-21,3.042,3.083,0.042,,
2015-04-22,6.75,7.0,0.25,,
2015-04-23,7.208,7.5,0.292,,
2015-04-24,10.042,10.417,0.375,,
2015-04-25,5.417,5.5,0.083,,
2015-04-26,6.458,6.542,0.083,,
2015-04-27,10.913,11.391,0.478,,
2015-04-28,9.792,10.125,0.333,,
2015-04-29,4.75,4.792,0.042,,
2015-04-30,6.125,6.208,0.083,,
2015-05-01,6.25,6.458,0.208,,
2015-05-02,7.25,7.583,0.333,,
2015-05-03,4.042,4.083,0.042,,
2015-05-04,3.174,3.435,0.261,,
2015-05-05,3.458,3.5,0.042,,
2015-05-06,5.333,5.333,0.0,,
2015-05-07,6.5,6.625,0.125,,
2015-05-08,5.125,5.25,0.125,,
2015-05-09,7.417,7.708,0.292,,
2015-05-10,2.417,2.458,0.042,,
2015-05-11,4.261,4.435,0.174,,
2015-05-12,4.833,4.958,0.125,,
2015-05-13,8.708,9.042,0.333,,
2015-05-14,10.091,10.545,0.455,,
2015-05-15,7.417,7.917,0.5,,
2015-05-16,3.667,3.667,0.0,,
2015-05-17,3.917,4.083,0.167,,
2015-05-18,4.913,5.043,0.13,,
2015-05-19,5.208,5.583,0.375,,
2015-05-20,4.958,5.333,0.375,,
2015-05-21,3.292,3.292,0.0,,
2015-05-22,10.5,11.042,0.542,,
2015-05-23,11.375,11.708,0.333,,
2015-05-24,5.333,5.417,0.083,,
2015-05-25,5.043,5.043,0.0,,
2015-05-26,5.542,5.792,0.25,,
2015-05-27,8.583,8.75,0.167,,
2015-05-28,5.833,5.875,0.042,,
2015-05-29,5.125,5.125,0.0,,
2015-05-30,7.792,8.0,0.208,,
2015-05-31,3.625,3.833,0.208,,
2015-06-01,6.696,6.783,0.087,,
2015-06-02,7.792,8.125,0.333,,
2015-06-03,11.167,11.667,0.5,,
2015-06-04,2.75,2.792,0.042,,
2015-06-05,5.833,6.333,0.5,,
2015-06-06,2.917,2.917,0.0,,
2015-06-07,2.917,2.958,0.042,,
2015-06-08,3.174,3.348,0.174,,
2015-06-09,6.273,7.0,0.727,,
2015-06-10,4.708,5.083,0.375,,
2015-06-11,6.417,6.833,0.417,,
2015-06-12,8.958,9.708,0.75,,
2015-06-13,7.0,7.0,0.0,,
2015-06-14,7.375,7.417,0.042,,
2015-06-15,10.261,10.696,0.435,,
2015-06-16,10.708,11.167,0.458,,
2015-06-17,5.304,5.478,0.174,,
2015-06-18,3.833,3.917,0.083,,
2015-06-19,4.875,5.042,0.167,,
2015-06-20,4.125,4.292,0.167,,
2015-06-21,3.417,3.458,0.042,,
2015-06-22,6.565,6.826,0.261,,
2015-06-23,5.292,5.458,0.167,,
2015-06-24,6.826,7.0,0.174,,
2015-06-25,4.458,4.875,0.417,,
2015-06-26,5.708,5.917,0.208,,
2015-06-27,5.083,5.208,0.125,,
2015-06-28,1.417,1.417,0.0,,
2015-06-29,3.565,3.652,0.087,,
2015-06-30,4.958,5.25,0.292,,
2015-07-01,9.042,9.958,0.917,,
2015-07-02,10.652,11.435,0.783,,
2015-07-03,8.292,8.542,0.25,,
2015-07-04,17.917,18.875,0.958,,
2015-07-05,4.167,4.25,0.083,,
2015-07-06,5.478,5.652,0.174,,
2015-07-07,6.375,6.917,0.542,,
2015-07-08,6.75,7.167,0.417,,
2015-07-09,6.667,7.583,0.917,,
2015-07-10,5.833,6.083,0.25,,
2015-07-11,10.208,11.625,1.417,,
2015-07-12,5.208,6.25,1.042,,
2015-07-13,6.13,7.652,1.522,,
2015-07-14,6.208,7.375,1.167,,
2015-07-15,4.917,6.458,1.542,,
2015-07-16,2.958,3.958,1.0,,
2015-07-17,7.958,8.5,0.542,,
2015-07-18,8.875,9.833,0.958,,
2015-07-19,5.542,7.5,1.958,,
2015-07-20,4.609,5.652,1.043,,
2015-07-21,6.792,8.083,1.292,,
2015-07-22,10.667,13.125,2.458,,
2015-07-23,12.125,15.208,3.083,,
2015-07-24,9.583,12.792,3.208,,
2015-07-25,5.417,7.417,2.0,,
2015-07-26,4.458,5.5,1.042,,
2015-07-27,6.348,7.348,1.0,,
2015-07-28,7.083,7.833,0.75,,
2015-07-29,7.542,8.375,0.833,,
2015-07-30,6.917,7.75,0.833,,
2015-07-31,7.0,7.542,0.542,,
2015-08-01,6.583,6.875,0.292,,
2015-08-02,8.167,8.625,0.458,,
2015-08-03,10.391,11.304,0.913,,
2015-08-04,8.739,9.174,0.435,,
2015-08-05,6.625,7.5,0.875,,
2015-08-06,5.875,6.875,1.0,,
2015-08-07,7.792,8.792,1.0,,
2015-08-08,5.833,6.208,0.375,,
2015-08-09,5.917,6.25,0.333,,
2015-08-10,6.087,6.522,0.435,,
2015-08-11,4.458,4.958,0.5,,
2015-08-12,7.375,7.625,0.25,,
2015-08-13,5.417,5.75,0.333,,
2015-08-14,3.042,3.292,0.25,,
2015-08-15,4.625,4.958,0.333,,
2015-08-16,4.292,4.542,0.25,,
2015-08-17,9.87,11.174,1.304,,
2015-08-18,5.25,5.708,0.458,,
2015-08-19,10.458,11.458,1.0,,
2015-08-20,14.417,17.125,2.708,,
2015-08-21,7.75,9.5,1.75,,
2015-08-22,5.417,7.417,2.0,,
2015-08-23,3.417,3.708,0.292,,
2015-08-24,4.522,4.826,0.304,,
2015-08-25,3.375,3.667,0.292,,
2015-08-26,6.125,6.833,0.708,,
2015-08-27,4.417,4.667,0.25,,
2015-08-28,5.5,5.625,0.125,,
2015-08-29,5.708,5.875,0.167,,
2015-08-30,5.75,6.208,0.458,,
2015-08-31,7.435,8.261,0.826,,
2015-09-01,7.792,8.667,0.875,,
2015-09-02,5.591,6.136,0.545,,
2015-09-03,7.583,8.292,0.708,,
2015-09-04,5.75,6.333,0.583,,
2015-09-05,4.625,4.792,0.167,,
2015-09-06,5.583,5.625,0.042,,
2015-09-07,4.261,4.391,0.13,,
2015-09-08,8.458,9.5,1.042,,
2015-09-09,8.875,9.708,0.833,,
2015-09-10,4.625,5.208,0.583,,
2015-09-11,4.417,4.833,0.417,,
2015-09-12,6.417,6.833,0.417,,
2015-09-13,3.875,4.0,0.125,,
2015-09-14,3.261,3.609,0.348,,
2015-09-15,4.75,4.958,0.208,,
2015-09-16,5.708,5.833,0.125,,
2015-09-17,7.708,8.083,0.375,,
2015-09-18,4.583,4.833,0.25,,
2015-09-19,4.417,4.625,0.208,,
2015-09-20,3.792,4.208,0.417,,
2015-09-21,3.609,3.739,0.13,,
2015-09-22,4.792,5.083,0.292,,
2015-09-23,4.25,4.292,0.042,,
2015-09-24,4.417,4.667,0.25,,
2015-09-25,5.125,5.292,0.167,,
2015-09-26,3.917,4.083,0.167,,
2015-09-27,3.25,3.292,0.042,,
2015-09-28,3.783,4.087,0.304,,
2015-09-29,4.25,4.5,0.25,,
2015-09-30,5.042,5.292,0.25,,
2015-10-01,8.864,9.5,0.636,,
2015-10-02,4.417,4.625,0.208,,
2015-10-03,7.458,7.833,0.375,,
2015-10-04,4.167,4.375,0.208,,
2015-10-05,4.522,4.783,0.261,,
2015-10-06,5.167,5.583,0.417,,
2015-10-07,3.583,4.083,0.5,,
2015-10-08,5.958,6.708,0.75,,
2015-10-09,11.875,12.375,0.5,,
2015-10-10,8.208,8.417,0.208,,
2015-10-11,6.292,6.375,0.083,,
2015-10-12,6.217,6.652,0.435,,
2015-10-13,5.375,5.625,0.25,,
2015-10-14,6.833,7.583,0.75,,
2015-10-15,7.417,8.0,0.583,,
2015-10-16,6.417,6.75,0.333,,
2015-10-17,6.333,6.625,0.292,,
2015-10-18,4.792,5.083,0.292,,
2015-10-19,8.435,9.435,1.0,,
2015-10-20,6.083,6.292,0.208,,
2015-10-21,8.0,8.167,0.167,,
2015-10-22,8.5,9.458,0.958,,
2015-10-23,7.167,7.667,0.5,,
2015-10-24,9.75,9.958,0.208,,
2015-10-25,2.958,2.958,0.0,,
2015-10-26,8.783,10.0,1.217,,
2015-10-27,9.208,9.833,0.625,,
2015-10-28,4.696,4.783,0.087,,
2015-10-29,7.583,8.042,0.458,,
2015-10-30,8.625,9.917,1.292,,
2015-10-31,4.542,4.625,0.083,,
2015-11-01,6.375,6.708,0.333,,
2015-11-02,13.609,14.783,1.174,,
2015-11-03,6.75,7.75,1.0,,
2015-11-04,8.409,8.864,0.455,,
2015-11-05,9.875,10.167,0.292,,
2015-11-06,9.917,10.375,0.458,,
2015-11-07,7.292,7.417,0.125,,
2015-11-08,7.208,7.417,0.208,,
2015-11-09,12.739,14.913,2.174,,
2015-11-10,5.833,6.208,0.375,,
2015-11-11,5.25,5.417,0.167,,
2015-11-12,7.708,8.292,0.583,,
2015-11-13,8.542,9.0,0.458,,
2015-11-14,4.833,4.833,0.0,,
2015-11-15,6.167,6.542,0.375,,
2015-11-16,7.391,8.13,0.739,,
2015-11-17,14.042,15.25,1.208,,
2015-11-18,10.917,12.167,1.25,,
2015-11-19,3.625,3.625,0.0,,
2015-11-20,5.875,6.458,0.583,,
2015-11-21,6.15,6.35,0.2,,
2015-11-22,7.458,8.0,0.542,,
2015-11-23,10.087,10.87,0.783,,
2015-11-24,5.208,7.083,1.875,,
2015-11-25,10.0,10.708,0.708,,
2015-11-26,16.125,20.083,3.958,,
2015-11-27,8.375,9.333,0.958,,
2015-11-28,11.958,13.917,1.958,,
2015-11-29,11.25,12.958,1.708,,
2015-11-30,17.522,20.391,2.87,,
2015-12-01,7.522,8.261,0.739,,
2015-12-02,10.792,11.625,0.833,,
2015-12-03,8.917,9.583,0.667,,
2015-12-04,5.417,5.625,0.208,,
2015-12-05,9.458,10.208,0.75,,
2015-12-06,10.333,11.125,0.792,,
2015-12-07,10.478,11.522,1.043,,
2015-12-08,14.0,19.0,5.0,,
2015-12-09,12.5,14.083,1.583,,
2015-12-10,11.833,12.542,0.708,,
2015-12-11,5.25,5.583,0.333,,
2015-12-12,6.583,7.083,0.5,,
2015-12-13,7.708,8.458,0.75,,
2015-12-14,13.261,15.478,2.217,,
2015-12-15,19.417,22.458,3.042,,
2015-12-16,8.75,9.208,0.458,,
2015-12-17,4.667,5.0,0.333,,
2015-12-18,7.917,8.708,0.792,,
2015-12-19,9.583,11.083,1.5,,
2015-12-20,10.583,12.042,1.458,,
2015-12-21,21.043,37.304,16.261,,
2015-12-22,15.167,21.417,6.25,,
2015-12-23,18.083,21.792,3.708,,
2015-12-24,17.625,23.833,6.208,,
2015-12-25,10.75,11.583,0.833,,
2015-12-26,10.125,11.042,0.917,,
2015-12-27,7.208,7.583,0.375,,
2015-12-28,14.652,17.739,3.087,,
2015-12-29,6.167,6.417,0.25,,
2015-12-30,11.167,12.917,1.75,,
2015-12-31,8.542,9.125,0.583,,
2016-01-01,10.208,13.042,2.833,,
2016-01-02,13.348,16.739,3.391,,
2016-01-03,9.542,11.875,2.333,,
2016-01-04,15.208,19.792,4.583,,
2016-01-05,7.292,8.25,0.958,,
2016-01-06,6.478,7.957,1.478,,
2016-01-07,15.167,19.958,4.792,,
2016-01-08,15.417,17.792,2.375,,
2016-01-09,11.174,13.304,2.13,,
2016-01-10,9.958,12.708,2.75,,
2016-01-11,3.5,4.292,0.792,,
2016-01-12,8.417,9.417,1.0,,
2016-01-13,10.375,12.625,2.25,,
2016-01-14,2.708,3.5,0.792,,
2016-01-15,6.0,6.917,0.917,,
2016-01-16,11.087,12.522,1.435,,
2016-01-17,16.75,21.875,5.125,,
2016-01-18,17.625,22.333,4.708,,
2016-01-19,13.75,16.792,3.042,,
2016-01-20,15.042,17.5,2.458,,
2016-01-21,8.208,9.708,1.5,,
2016-01-22,10.958,13.083,2.125,,
2016-01-23,7.261,8.435,1.174,,
2016-01-24,7.958,9.083,1.125,,
2016-01-25,16.417,20.542,4.125,,
2016-01-26,20.333,25.417,5.083,,
2016-01-27,18.75,21.833,3.083,,
2016-01-28,10.583,12.25,1.667,,
2016-01-29,14.292,15.917,1.625,,
2016-01-30,9.5,14.091,4.591,,
2016-01-31,6.125,7.458,1.333,,
2016-02-01,15.083,20.958,5.875,,
2016-02-02,7.042,8.167,1.125,,
2016-02-03,9.458,11.25,1.792,,
2016-02-04,11.042,13.625,2.583,,
2016-02-05,15.917,17.792,1.875,,
2016-02-06,8.739,9.957,1.217,,
2016-02-07,5.182,6.0,0.818,,
2016-02-08,10.0,11.708,1.708,,
2016-02-09,21.792,30.5,8.708,,
2016-02-10,6.125,7.083,0.958,,
2016-02-11,5.417,6.25,0.833,,
2016-02-12,7.083,8.458,1.375,,
2016-02-13,12.304,15.913,3.609,,
2016-02-14,10.375,12.583,2.208,,
2016-02-15,12.667,16.167,3.5,,
2016-02-16,18.833,21.75,2.917,,
2016-02-17,21.458,35.208,13.75,,
2016-02-18,9.042,10.292,1.25,,
2016-02-19,6.833,8.0,1.167,,
2016-02-20,15.435,21.957,6.522,,
2016-02-21,6.583,7.583,1.0,,
2016-02-22,13.167,15.125,1.958,,
2016-02-23,10.792,15.125,4.333,,
2016-02-24,4.667,5.583,0.917,,
2016-02-25,13.667,17.875,4.208,,
2016-02-26,6.833,8.25,1.417,,
2016-02-27,6.0,7.0,1.0,,
2016-02-28,9.0,10.222,1.222,,
2016-03-01,12.333,13.625,1.292,,
2016-03-02,10.273,10.955,0.682,,
2016-03-03,7.167,7.708,0.542,,
2016-03-04,11.333,12.542,1.208,,
2016-03-05,13.5,14.375,0.875,,
2016-03-06,17.348,20.652,3.304,,
2016-03-07,4.333,4.542,0.208,,
2016-03-08,10.375,11.667,1.292,,
2016-03-09,13.167,15.25,2.083,,
2016-03-10,9.917,10.792,0.875,,
2016-03-11,8.042,9.125,1.083,,
2016-03-12,9.458,10.542,1.083,,
2016-03-13,11.591,12.545,0.955,,
2016-03-14,4.042,4.083,0.042,,
2016-03-15,5.375,5.667,0.292,,
2016-03-16,7.0,7.5,0.5,,
2016-03-17,8.625,10.208,1.583,,
2016-03-18,10.292,11.458,1.167,,
2016-03-19,9.792,10.5,0.708,,
2016-03-20,9.696,10.087,0.391,,
2016-03-21,7.083,7.25,0.167,,
2016-03-22,6.417,6.708,0.292,,
2016-03-23,9.792,10.75,0.958,,
2016-03-24,4.625,4.75,0.125,,
2016-03-25,6.958,7.458,0.5,,
2016-03-26,6.708,7.167,0.458,,
2016-03-27,7.522,8.217,0.696,,
2016-03-28,9.75,11.458,1.708,,
2016-03-29,13.958,14.917,0.958,,
2016-03-30,10.333,10.708,0.375,,
2016-03-31,6.708,6.792,0.083,,
2016-04-01,8.25,8.292,0.042,,
2016-04-02,4.958,5.0,0.042,,
2016-04-03,4.042,4.042,0.0,,
2016-04-04,5.524,5.952,0.429,,
2016-04-05,4.375,4.458,0.083,,
2016-04-06,9.125,9.375,0.25,,
2016-04-07,9.917,11.625,1.708,,
2016-04-08,4.792,4.833,0.042,,
2016-04-09,11.167,12.042,0.875,,
2016-04-10,7.208,7.375,0.167,,
2016-04-11,2.87,2.87,0.0,,
2016-04-12,5.375,5.542,0.167,,
2016-04-13,4.875,4.917,0.042,,
2016-04-14,4.75,5.125,0.375,,
2016-04-15,3.333,3.333,0.0,,
2016-04-16,6.792,7.083,0.292,,
2016-04-17,4.208,4.25,0.042,,
2016-04-18,6.435,6.565,0.13,,
2016-04-19,5.667,6.125,0.458,,
2016-04-20,6.792,6.875,0.083,,
2016-04-21,6.625,6.625,0.0,,
2016-04-22,5.875,6.042,0.167,,
2016-04-23,9.042,9.125,0.083,,
2016-04-24,3.458,3.458,0.0,,
2016-04-25,5.304,5.348,0.043,,
2016-04-26,5.625,5.667,0.042,,
2016-04-27,6.625,6.667,0.042,,
2016-04-28,4.167,4.167,0.0,,
2016-04-29,2.458,2.458,0.0,,
2016-04-30,8.083,8.417,0.333,,
2016-05-01,7.417,7.583,0.167,,
2016-05-02,8.174,8.261,0.087,,
2016-05-03,3.167,3.167,0.0,,
2016-05-04,5.458,5.458,0.0,,
2016-05-05,4.667,4.667,0.0,,
2016-05-06,8.875,8.875,0.0,,
2016-05-07,5.708,5.792,0.083,,
2016-05-08,3.875,3.958,0.083,,
2016-05-09,6.304,6.435,0.13,,
2016-05-10,10.542,11.375,0.833,,
2016-05-11,7.909,8.955,1.045,,
2016-05-12,6.167,6.25,0.083,,
2016-05-13,5.333,5.417,0.083,,
2016-05-14,3.708,3.708,0.0,,
2016-05-15,3.583,3.583,0.0,,
2016-05-16,3.217,3.217,0.0,,
2016-05-17,3.375,3.375,0.0,,
2016-05-18,6.565,6.652,0.087,,
2016-05-19,8.292,8.375,0.083,,
2016-05-20,6.708,6.708,0.0,,
2016-05-21,6.917,7.083,0.167,,
2016-05-22,6.083,6.125,0.042,,
2016-05-23,9.87,10.13,0.261,,
2016-05-24,11.167,11.292,0.125,,
2016-05-25,8.0,8.043,0.043,,
2016-05-26,5.458,5.625,0.167,,
2016-05-27,4.042,4.083,0.042,,
2016-05-28,9.625,9.667,0.042,,
2016-05-29,3.542,3.625,0.083,,
2016-05-30,3.826,3.826,0.0,,
2016-05-31,6.292,6.417,0.125,,
2016-06-01,2.261,2.261,0.0,,
2016-06-02,2.083,2.083,0.0,,
2016-06-03,7.0,7.083,0.083,,
2016-06-04,5.708,5.708,0.0,,
2016-06-05,3.125,3.125,0.0,,
2016-06-06,5.0,5.174,0.174,,
2016-06-07,4.417,4.417,0.0,,
2016-06-08,4.0,4.0,0.0,,
2016-06-09,4.458,4.708,0.25,,
2016-06-10,5.125,5.375,0.25,,
2016-06-11,4.167,4.167,0.0,,
2016-06-12,3.125,3.125,0.0,,
2016-06-13,4.522,4.739,0.217,,
2016-06-14,5.875,6.292,0.417,,
2016-06-15,5.583,5.708,0.125,,
2016-06-16,5.208,5.292,0.083,,
2016-06-17,9.75,10.042,0.292,,
2016-06-18,6.667,6.708,0.042,,
2016-06-19,6.833,6.958,0.125,,
2016-06-20,9.304,10.087,0.783,,
2016-06-21,7.783,8.043,0.261,,
2016-06-22,7.75,8.083,0.333,,
2016-06-23,4.87,5.217,0.348,,
2016-06-24,7.125,7.292,0.167,,
2016-06-25,11.958,12.583,0.625,,
2016-06-26,7.0,7.083,0.083,,
2016-06-27,8.304,8.391,0.087,,
2016-06-28,5.125,5.292,0.167,,
2016-06-29,6.583,6.708,0.125,,
2016-06-30,14.5,15.917,1.417,,
2016-07-01,13.0,14.917,1.917,,
2016-07-02,7.167,8.167,1.0,,
2016-07-03,4.958,5.292,0.333,,
2016-07-04,5.136,6.455,1.318,,
2016-07-05,5.625,6.292,0.667,,
2016-07-06,6.917,7.417,0.5,,
2016-07-07,5.417,6.125,0.708,,
2016-07-08,13.25,14.833,1.583,,
2016-07-09,7.917,9.208,1.292,,
2016-07-10,5.083,6.167,1.083,,
2016-07-11,5.565,6.609,1.043,,
2016-07-12,12.333,15.542,3.208,,
2016-07-13,11.417,14.167,2.75,,
2016-07-14,5.0,5.375,0.375,,
2016-07-15,3.417,3.75,0.333,,
2016-07-16,6.542,7.333,0.792,,
2016-07-17,5.083,5.292,0.208,,
2016-07-18,2.957,3.13,0.174,,
2016-07-19,4.292,4.458,0.167,,
2016-07-20,4.292,4.5,0.208,,
2016-07-21,3.375,3.5,0.125,,
2016-07-22,4.167,4.208,0.042,,
2016-07-23,4.375,4.5,0.125,,
2016-07-24,4.667,4.667,0.0,,
2016-07-25,8.826,8.826,0.0,,
2016-07-26,13.208,14.208,1.0,,
2016-07-27,10.417,11.25,0.833,,
2016-07-28,7.167,7.667,0.5,,
2016-07-29,6.042,6.333,0.292,,
2016-07-30,6.042,6.625,0.583,,
2016-07-31,7.333,7.958,0.625,,
2016-08-01,4.652,4.913,0.261,,
2016-08-02,4.348,4.565,0.217,,
2016-08-03,4.292,4.583,0.292,,
2016-08-04,5.167,5.583,0.417,,
2016-08-05,6.375,6.458,0.083,,
2016-08-06,9.542,9.792,0.25,,
2016-08-07,6.125,6.417,0.292,,
2016-08-08,8.0,8.941,0.941,,
2016-08-09,3.75,3.792,0.042,,
2016-08-10,4.25,4.542,0.292,,
2016-08-11,4.292,4.375,0.083,,
2016-08-12,4.625,4.667,0.042,,
2016-08-13,5.417,5.417,0.0,,
2016-08-14,7.042,7.208,0.167,,
2016-08-15,6.957,7.348,0.391,,
2016-08-16,5.0,5.042,0.042,,
2016-08-17,4.375,4.792,0.417,,
2016-08-18,4.75,5.083,0.333,,
2016-08-19,4.583,4.917,0.333,,
2016-08-20,4.208,4.5,0.292,,
2016-08-21,3.792,4.833,1.042,,
2016-08-22,3.348,4.261,0.913,,
2016-08-23,2.75,3.083,0.333,,
2016-08-24,4.789,5.526,0.737,,
2016-08-25,5.25,6.375,1.125,,
2016-08-26,4.833,5.875,1.042,,
2016-08-27,2.833,3.208,0.375,,
2016-08-28,3.708,4.25,0.542,,
2016-08-29,4.391,5.043,0.652,,
2016-08-30,5.833,6.333,0.5,,
2016-08-31,7.958,8.667,0.708,,
2016-09-01,8.25,9.083,0.833,,
2016-09-02,5.333,5.958,0.625,,
2016-09-03,3.167,3.792,0.625,,
2016-09-04,2.25,3.042,0.792,,
2016-09-05,7.182,8.273,1.091,,
2016-09-06,6.375,7.833,1.458,,
2016-09-07,5.958,6.875,0.917,,
2016-09-08,4.917,6.208,1.292,,
2016-09-09,3.542,4.125,0.583,,
2016-09-10,3.458,3.875,0.417,,
2016-09-11,3.667,4.042,0.375,,
2016-09-12,4.87,5.435,0.565,,
2016-09-13,4.708,5.333,0.625,,
2016-09-14,3.75,4.375,0.625,,
2016-09-15,3.583,3.917,0.333,,
2016-09-16,6.625,7.208,0.583,,
2016-09-17,6.333,7.208,0.875,,
2016-09-18,6.75,8.583,1.833,,
2016-09-19,4.304,5.304,1.0,,
2016-09-20,4.625,5.5,0.875,,
2016-09-21,7.542,8.458,0.917,,
2016-09-22,5.708,6.5,0.792,,
2016-09-23,4.333,5.208,0.875,,
2016-09-24,6.208,6.917,0.708,,
2016-09-25,4.333,4.875,0.542,,
2016-09-26,6.696,8.043,1.348,,
2016-09-27,5.875,7.333,1.458,,
2016-09-28,9.375,12.208,2.833,,
2016-09-29,6.708,8.125,1.417,,
2016-09-30,5.167,5.792,0.625,,
2016-10-01,5.875,6.542,0.667,,
2016-10-02,5.208,6.042,0.833,,
2016-10-03,7.652,9.609,1.957,,
2016-10-04,5.042,6.667,1.625,,
2016-10-05,5.636,6.591,0.955,,
2016-10-06,3.542,4.583,1.042,,
2016-10-07,4.333,5.083,0.75,,
2016-10-08,5.75,6.542,0.792,,
2016-10-09,2.833,3.333,0.5,,
2016-10-10,2.565,3.261,0.696,,
2016-10-11,3.75,4.792,1.042,,
2016-10-12,4.167,5.292,1.125,,
2016-10-13,3.167,4.125,0.958,,
2016-10-14,4.917,5.917,1.0,,
2016-10-15,4.917,5.875,0.958,,
2016-10-16,3.042,3.958,0.917,,
2016-10-17,4.7,5.7,1.0,,
2016-10-18,4.208,5.333,1.125,,
2016-10-19,5.042,6.083,1.042,,
2016-10-20,3.625,4.667,1.042,,
2016-10-21,3.042,4.0,0.958,,
2016-10-22,5.958,6.917,0.958,,
2016-10-23,2.5,3.458,0.958,,
2016-10-24,3.043,3.957,0.913,,
2016-10-25,9.125,10.125,1.0,,
2016-10-26,8.625,10.208,1.583,,
2016-10-27,4.083,4.875,0.792,,
2016-10-28,11.583,13.25,1.667,,
2016-10-29,5.875,6.833,0.958,,
2016-10-30,5.042,6.125,1.083,,
2016-10-31,7.174,8.609,1.435,,
2016-11-01,5.227,6.455,1.227,,
2016-11-02,7.542,9.125,1.583,,
2016-11-03,6.625,7.75,1.125,,
2016-11-04,9.125,11.042,1.917,,
2016-11-05,11.625,13.208,1.583,,
2016-11-06,8.917,10.208,1.292,,
2016-11-07,12.5,15.091,2.591,,
2016-11-08,18.167,23.375,5.208,,
2016-11-09,4.333,5.167,0.833,,
2016-11-10,8.833,10.458,1.625,,
2016-11-11,14.375,17.875,3.5,,
2016-11-12,8.917,10.625,1.708,,
2016-11-13,9.125,10.375,1.25,,
2016-11-14,11.304,13.043,1.739,,
2016-11-15,8.542,11.792,3.25,,
2016-11-16,3.958,4.708,0.75,,
2016-11-17,10.25,12.708,2.458,,
2016-11-18,9.042,10.417,1.375,,
2016-11-19,14.625,18.708,4.083,,
2016-11-20,7.333,9.75,2.417,,
2016-11-21,11.087,13.043,1.957,,
2016-11-22,7.5,8.833,1.333,,
2016-11-23,2.292,2.917,0.625,,
2016-11-24,10.167,12.208,2.042,,
2016-11-25,8.667,11.042,2.375,,
2016-11-26,7.583,9.083,1.5,,
2016-11-27,13.458,15.542,2.083,,
2016-11-28,6.571,7.81,1.238,,
2016-11-29,7.458,9.292,1.833,,
2016-11-30,9.5,11.208,1.708,,
2016-12-01,12.792,17.958,5.167,,
2016-12-02,5.75,6.833,1.083,,
2016-12-03,12.208,14.542,2.333,,
2016-12-04,12.667,14.375,1.708,,
2016-12-05,13.5,17.0,3.5,,
2016-12-06,8.583,10.042,1.458,,
2016-12-07,13.042,16.625,3.583,,
2016-12-08,11.25,13.542,2.292,,
2016-12-09,15.917,19.208,3.292,,
2016-12-10,7.15,8.4,1.25,,
2016-12-11,5.667,7.042,1.375,,
2016-12-12,11.261,14.435,3.174,,
2016-12-13,17.458,22.208,4.75,,
2016-12-14,6.5,7.583,1.083,,
2016-12-15,7.667,9.875,2.208,,
2016-12-16,8.833,10.625,1.792,,
2016-12-17,11.75,15.042,3.292,,
2016-12-18,14.833,19.458,4.625,,
2016-12-19,24.261,33.696,9.435,,
2016-12-20,24.292,50.167,25.875,,
2016-12-21,18.708,29.708,11.0,,
2016-12-22,16.625,19.083,2.458,,
2016-12-23,7.833,8.917,1.083,,
2016-12-24,7.625,9.583,1.958,,
2016-12-25,6.708,8.708,2.0,,
2016-12-26,18.522,27.174,8.652,,
2016-12-27,10.458,13.667,3.208,,
2016-12-28,6.5,7.792,1.292,,
2016-12-29,8.75,11.083,2.333,,
2016-12-30,5.542,6.958,1.417,,
2016-12-31,9.333,11.958,2.625,,
2017-01-01,6.783,8.043,1.261,,
2017-01-02,3.917,4.042,0.125,,
2017-01-03,4.292,4.417,0.125,,
2017-01-04,12.625,16.792,4.167,,
2017-01-05,17.625,21.792,4.167,,
2017-01-06,15.208,17.792,2.583,,
2017-01-07,10.625,12.792,2.167,,
2017-01-08,16.609,19.826,3.217,,
2017-01-09,12.958,14.917,1.958,,
2017-01-10,16.455,19.773,3.318,,
2017-01-11,9.583,10.958,1.375,,
2017-01-12,12.375,14.625,2.25,,
2017-01-13,12.792,16.042,3.25,,
2017-01-14,12.333,14.333,2.0,,
2017-01-15,20.565,27.217,6.652,,
2017-01-16,22.792,31.25,8.458,,
2017-01-17,23.0,40.458,17.458,,
2017-01-18,12.333,14.458,2.125,,
2017-01-19,11.625,13.667,2.042,,
2017-01-20,12.167,14.5,2.333,,
2017-01-21,11.083,13.417,2.333,,
2017-01-22,18.043,21.0,2.957,,
2017-01-23,9.708,11.542,1.833,,
2017-01-24,4.083,4.75,0.667,,
2017-01-25,5.958,6.667,0.708,,
2017-01-26,4.625,5.25,0.625,,
2017-01-27,10.917,12.833,1.917,,
2017-01-28,14.167,15.875,1.708,,
2017-01-29,11.522,16.174,4.652,,
2017-01-30,9.0,10.375,1.375,,
2017-01-31,17.917,22.083,4.167,,
2017-02-01,30.0,39.167,9.167,,
2017-02-02,20.875,26.583,5.708,,
2017-02-03,15.292,18.792,3.5,,
2017-02-04,9.5,10.417,0.917,,
2017-02-05,5.429,6.19,0.762,,
2017-02-06,6.75,7.708,0.958,,
2017-02-07,8.875,10.208,1.333,,
2017-02-08,12.917,16.375,3.458,,
2017-02-09,17.25,19.667,2.417,,
2017-02-10,19.208,20.542,1.333,,
2017-02-11,6.625,6.833,0.208,,
2017-02-12,6.696,6.957,0.261,,
2017-02-13,9.458,10.5,1.042,,
2017-02-14,19.083,22.583,3.5,,
2017-02-15,15.042,19.917,4.875,,
2017-02-16,14.625,16.875,2.25,,
2017-02-17,10.708,12.125,1.417,,
2017-02-18,5.083,5.542,0.458,,
2017-02-19,14.739,17.13,2.391,,
2017-02-20,11.0,13.083,2.083,,
2017-02-21,9.583,10.917,1.333,,
2017-02-22,9.043,10.174,1.13,,
2017-02-23,10.5,12.542,2.042,,
2017-02-24,12.0,14.292,2.292,,
2017-02-25,6.708,6.958,0.25,,
2017-02-26,9.889,11.333,1.444,,
2017-02-27,20.444,22.444,2.0,,
2017-02-28,10.333,11.375,1.042,,
2017-03-01,5.957,6.304,0.348,,
2017-03-02,4.625,5.0,0.375,,
2017-03-03,12.958,14.458,1.5,,
2017-03-04,9.958,11.125,1.167,,
2017-03-05,9.478,10.696,1.217,,
2017-03-06,2.208,2.25,0.042,,
2017-03-07,6.917,7.542,0.625,,
2017-03-08,9.708,10.458,0.75,,
2017-03-09,3.125,3.167,0.042,,
2017-03-10,2.917,3.083,0.167,,
2017-03-11,6.792,7.583,0.792,,
2017-03-12,9.217,10.435,1.217,,
2017-03-13,14.75,16.417,1.667,,
2017-03-14,15.208,17.0,1.792,,
2017-03-15,10.917,12.208,1.292,,
2017-03-16,4.167,4.292,0.125,,
2017-03-17,4.0,4.167,0.167,,
2017-03-18,7.917,8.625,0.708,,
2017-03-19,10.217,11.174,0.957,,
2017-03-20,2.917,2.917,0.0,,
2017-03-21,5.083,5.292,0.208,,
2017-03-22,3.333,3.583,0.25,,
2017-03-23,4.375,4.958,0.583,,
2017-03-24,10.5,11.625,1.125,,
2017-03-25,12.958,13.792,0.833,,
2017-03-26,16.522,17.348,0.826,,
2017-03-27,16.292,17.25,0.958,,
2017-03-28,14.0,15.0,1.0,,
2017-03-29,11.542,12.417,0.875,,
2017-03-30,4.0,4.083,0.083,,
2017-03-31,8.375,8.875,0.5,,
2017-04-01,6.417,6.708,0.292,,
2017-04-02,6.042,6.458,0.417,,
2017-04-03,11.435,12.826,1.391,,
2017-04-04,9.565,9.826,0.261,,
2017-04-05,10.208,10.417,0.208,,
2017-04-06,11.458,11.958,0.5,,
2017-04-07,12.75,14.208,1.458,,
2017-04-08,12.625,14.375,1.75,,
2017-04-09,4.292,4.5,0.208,,
2017-04-10,5.391,5.739,0.348,,
2017-04-11,7.792,8.042,0.25,,
2017-04-12,4.083,4.167,0.083,,
2017-04-13,9.417,10.333,0.917,,
2017-04-14,15.917,16.5,0.583,,
2017-04-15,8.667,8.833,0.167,,
2017-04-16,7.625,7.958,0.333,,
2017-04-17,7.826,8.174,0.348,,
2017-04-18,4.125,4.208,0.083,,
2017-04-19,4.375,4.375,0.0,,
2017-04-20,9.083,9.458,0.375,,
2017-04-21,12.25,12.75,0.5,,
2017-04-22,4.208,4.208,0.0,,
2017-04-23,3.833,4.0,0.167,,
2017-04-24,4.435,4.609,0.174,,
2017-04-25,5.083,5.167,0.083,,
2017-04-26,10.5,11.083,0.583,,
2017-04-27,4.125,4.125,0.0,,
2017-04-28,8.458,8.75,0.292,,
2017-04-29,7.708,7.958,0.25,,
2017-04-30,6.208,6.208,0.0,,
2017-05-01,7.391,7.609,0.217,,
2017-05-02,4.583,4.75,0.167,,
2017-05-03,3.542,3.542,0.0,,
2017-05-04,2.333,2.333,0.0,,
2017-05-05,3.667,3.667,0.0,,
2017-05-06,4.75,4.875,0.125,,
2017-05-07,4.458,4.542,0.083,,
2017-05-08,9.522,9.783,0.261,,
2017-05-09,6.682,6.773,0.091,,
2017-05-10,6.333,6.333,0.0,,
2017-05-11,7.417,7.458,0.042,,
2017-05-12,9.833,10.083,0.25,,
2017-05-13,5.458,5.458,0.0,,
2017-05-14,8.25,8.458,0.208,,
2017-05-15,6.913,7.174,0.261,,
2017-05-16,3.875,3.875,0.0,,
2017-05-17,4.375,4.542,0.167,,
2017-05-18,4.125,4.208,0.083,,
2017-05-19,9.25,9.333,0.083,,
2017-05-20,10.5,10.583,0.083,,
2017-05-21,9.667,9.75,0.083,,
2017-05-22,9.391,9.609,0.217,,
2017-05-23,8.292,8.667,0.375,,
2017-05-24,7.917,8.542,0.625,,
2017-05-25,6.0,6.375,0.375,,
2017-05-26,4.458,4.583,0.125,,
2017-05-27,2.375,2.375,0.0,,
2017-05-28,2.417,2.417,0.0,,
2017-05-29,9.261,9.435,0.174,,
2017-05-30,11.708,12.0,0.292,,
2017-05-31,9.208,9.333,0.125,,
2017-06-01,5.208,5.25,0.042,,
2017-06-02,4.167,4.25,0.083,,
2017-06-03,2.5,2.625,0.125,,
2017-06-04,1.917,1.917,0.0,,
2017-06-05,2.773,2.818,0.045,,
2017-06-06,6.5,6.583,0.083,,
2017-06-07,8.125,8.375,0.25,,
2017-06-08,4.708,4.958,0.25,,
2017-06-09,9.208,9.833,0.625,,
2017-06-10,7.875,8.167,0.292,,
2017-06-11,2.375,2.375,0.0,,
2017-06-12,2.947,3.0,0.053,,
2017-06-13,3.0,3.167,0.167,,
2017-06-14,4.542,4.625,0.083,,
2017-06-15,8.5,8.667,0.167,,
2017-06-16,4.125,4.125,0.0,,
2017-06-17,3.625,3.667,0.042,,
2017-06-18,4.042,4.042,0.0,,
2017-06-19,6.524,6.714,0.19,,
2017-06-20,7.875,7.875,0.0,,
2017-06-21,6.708,6.958,0.25,,
2017-06-22,7.042,7.417,0.375,,
2017-06-23,8.833,9.375,0.542,,
2017-06-24,5.25,5.25,0.0,,
2017-06-25,3.708,3.708,0.0,,
2017-06-26,3.571,3.571,0.0,,
2017-06-27,6.25,6.417,0.167,,
2017-06-28,7.125,7.708,0.583,,
2017-06-29,10.583,11.042,0.458,,
2017-06-30,9.125,10.417,1.292,,
2017-07-01,6.875,8.0,1.125,,
2017-07-02,6.792,8.375,1.583,,
2017-07-03,7.174,8.435,1.261,,
2017-07-04,8.5,11.182,2.682,,
2017-07-05,12.042,13.583,1.542,,
2017-07-06,4.917,5.708,0.792,,
2017-07-07,8.625,9.083,0.458,,
2017-07-08,6.542,7.0,0.458,,
2017-07-09,5.458,6.417,0.958,,
2017-07-10,6.826,7.696,0.87,,
2017-07-11,5.682,6.773,1.091,,
2017-07-12,8.375,10.375,2.0,,
2017-07-13,9.417,10.708,1.292,,
2017-07-14,5.833,6.5,0.667,,
2017-07-15,5.958,6.542,0.583,,
2017-07-16,5.792,6.083,0.292,,
2017-07-17,5.087,5.783,0.696,,
2017-07-18,7.375,8.542,1.167,,
2017-07-19,9.455,10.227,0.773,,
2017-07-20,5.458,5.917,0.458,,
2017-07-21,5.091,6.045,0.955,,
2017-07-22,4.958,5.375,0.417,,
2017-07-23,5.875,6.458,0.583,,
2017-07-24,8.913,10.435,1.522,,
2017-07-25,8.875,10.542,1.667,,
2017-07-26,3.333,3.75,0.417,,
2017-07-27,5.792,6.292,0.5,,
2017-07-28,6.125,6.708,0.583,,
2017-07-29,3.333,3.708,0.375,,
2017-07-30,3.875,4.125,0.25,,
2017-07-31,6.652,7.565,0.913,,
2017-08-01,3.652,4.348,0.696,,
2017-08-02,4.708,5.042,0.333,,
2017-08-03,4.208,4.667,0.458,,
2017-08-04,5.208,6.083,0.875,,
2017-08-05,4.583,5.042,0.458,,
2017-08-06,3.625,4.333,0.708,,
2017-08-07,3.217,3.783,0.565,,
2017-08-08,2.208,2.5,0.292,,
2017-08-09,5.583,6.417,0.833,,
2017-08-10,8.875,9.208,0.333,,
2017-08-11,5.208,5.375,0.167,,
2017-08-12,3.0,3.25,0.25,,
2017-08-13,2.75,3.042,0.292,,
2017-08-14,3.565,4.304,0.739,,
2017-08-15,4.167,4.5,0.333,,
2017-08-16,3.542,3.75,0.208,,
2017-08-17,5.958,6.208,0.25,,
2017-08-18,8.125,8.708,0.583,,
2017-08-19,3.542,3.958,0.417,,
2017-08-20,4.125,4.5,0.375,,
2017-08-21,6.043,6.391,0.348,,
2017-08-22,7.333,8.708,1.375,,
2017-08-23,8.125,9.125,1.0,,
2017-08-24,9.0,10.0,1.0,,
2017-08-25,8.917,9.75,0.833,,
2017-08-26,5.458,5.583,0.125,,
2017-08-27,3.583,3.667,0.083,,
2017-08-28,6.783,7.0,0.217,,
2017-08-29,7.958,8.375,0.417,,
2017-08-30,2.583,2.667,0.083,,
2017-08-31,3.875,4.042,0.167,,
2017-09-01,2.625,2.708,0.083,,
2017-09-02,3.708,3.75,0.042,,
2017-09-03,2.75,2.792,0.042,,
2017-09-04,5.524,5.762,0.238,,
2017-09-05,5.792,5.875,0.083,,
2017-09-06,6.833,7.25,0.417,,
2017-09-07,10.333,11.583,1.25,,
2017-09-08,3.5,3.667,0.167,,
2017-09-09,4.042,4.208,0.167,,
2017-09-10,3.958,4.083,0.125,,
2017-09-11,4.217,4.217,0.0,,
2017-09-12,10.292,11.833,1.542,,
2017-09-13,5.042,5.458,0.417,,
2017-09-14,3.583,3.792,0.208,,
2017-09-15,3.083,3.167,0.083,,
2017-09-16,4.292,4.292,0.0,,
2017-09-17,1.75,1.75,0.0,,
2017-09-18,2.13,2.174,0.043,,
2017-09-19,5.958,6.125,0.167,,
2017-09-20,10.583,10.917,0.333,,
2017-09-21,4.208,4.458,0.25,,
2017-09-22,6.458,6.667,0.208,,
2017-09-23,4.292,4.5,0.208,,
2017-09-24,3.958,3.958,0.0,,
2017-09-25,5.391,5.609,0.217,,
2017-09-26,6.792,6.875,0.083,,
2017-09-27,5.083,5.25,0.167,,
2017-09-28,3.917,4.083,0.167,,
2017-09-29,5.042,5.458,0.417,,
2017-09-30,3.75,3.833,0.083,,
2017-10-01,3.958,4.0,0.042,,
2017-10-02,7.455,7.909,0.455,,
2017-10-03,5.375,6.0,0.625,,
2017-10-04,3.708,3.75,0.042,,
2017-10-05,5.333,5.625,0.292,,
2017-10-06,5.375,5.417,0.042,,
2017-10-07,5.583,5.875,0.292,,
2017-10-08,3.75,4.125,0.375,,
2017-10-09,5.174,5.522,0.348,,
2017-10-10,6.667,7.333,0.667,,
2017-10-11,10.042,10.5,0.458,,
2017-10-12,4.833,4.917,0.083,,
2017-10-13,6.125,6.625,0.5,,
2017-10-14,7.542,8.958,1.417,,
2017-10-15,4.25,4.417,0.167,,
2017-10-16,5.174,5.565,0.391,,
2017-10-17,11.542,13.292,1.75,,
2017-10-18,7.792,8.75,0.958,,
2017-10-19,4.667,4.75,0.083,,
2017-10-20,7.167,8.0,0.833,,
2017-10-21,10.875,12.875,2.0,,
2017-10-22,2.5,2.5,0.0,,
2017-10-23,3.913,4.174,0.261,,
2017-10-24,8.0,9.522,1.522,,
2017-10-25,6.917,7.292,0.375,,
2017-10-26,8.958,10.583,1.625,,
2017-10-27,6.792,7.292,0.5,,
2017-10-28,4.708,4.792,0.083,,
2017-10-29,4.75,4.833,0.083,,
2017-10-30,3.913,4.174,0.261,,
2017-10-31,7.167,8.458,1.292,,
2017-11-01,11.833,12.917,1.083,,
2017-11-02,15.708,17.542,1.833,,
2017-11-03,12.625,13.375,0.75,,
2017-11-04,6.375,7.417,1.042,,
2017-11-05,5.167,5.5,0.333,,
2017-11-06,12.0,13.333,1.333,,
2017-11-07,13.917,15.5,1.583,,
2017-11-08,24.083,36.542,12.458,,
2017-11-09,7.042,7.875,0.833,,
2017-11-10,12.75,14.333,1.583,,
2017-11-11,5.708,5.792,0.083,,
2017-11-12,5.208,5.875,0.667,,
2017-11-13,11.952,14.19,2.238,,
2017-11-14,18.333,22.917,4.583,,
2017-11-15,10.667,12.458,1.792,,
2017-11-16,7.792,8.833,1.042,,
2017-11-17,12.792,15.125,2.333,,
2017-11-18,10.875,12.375,1.5,,
2017-11-19,3.875,3.917,0.042,,
2017-11-20,13.0,15.783,2.783,,
2017-11-21,7.792,9.5,1.708,,
2017-11-22,16.625,22.292,5.667,,
2017-11-23,8.833,10.0,1.167,,
2017-11-24,11.292,14.042,2.75,,
2017-11-25,10.792,13.083,2.292,,
2017-11-26,14.625,18.0,3.375,,
2017-11-27,12.609,15.261,2.652,,
2017-11-28,15.875,19.083,3.208,,
2017-11-29,20.125,37.958,17.833,,
2017-11-30,10.375,13.0,2.625,,
2017-12-01,6.167,6.708,0.542,,
2017-12-02,10.125,12.417,2.292,,
2017-12-03,9.167,10.792,1.625,,
2017-12-04,20.783,27.826,7.043,,
2017-12-05,11.636,14.682,3.045,,
2017-12-06,9.583,11.583,2.0,,
2017-12-07,20.833,27.208,6.375,,
2017-12-08,15.292,21.417,6.125,,
2017-12-09,11.4,14.1,2.7,,
2017-12-10,12.333,14.625,2.292,,
2017-12-11,8.957,10.783,1.826,,
2017-12-12,5.958,6.625,0.667,,
2017-12-13,9.625,11.25,1.625,,
2017-12-14,10.375,12.458,2.083,,
2017-12-15,9.0,11.25,2.25,,
2017-12-16,14.333,20.125,5.792,,
2017-12-17,5.792,6.5,0.708,,
2017-12-18,17.0,21.043,4.043,,
2017-12-19,14.708,19.667,4.958,,
2017-12-20,17.958,23.333,5.375,,
2017-12-21,17.167,23.792,6.625,,
2017-12-22,24.375,31.833,7.458,,
2017-12-23,26.833,34.667,7.833,,
2017-12-24,14.125,15.708,1.583,,
2017-12-25,6.217,6.783,0.565,,
2017-12-26,7.375,8.125,0.75,,
2017-12-27,4.708,5.208,0.5,,
2017-12-28,8.167,8.958,0.792,,
2017-12-29,13.583,16.0,2.417,,
2017-12-30,7.417,8.25,0.833,,
2017-12-31,12.542,14.917,2.375,,
2018-01-01,10.375,12.667,2.292,,
2018-01-02,9.167,10.708,1.542,,
2018-01-03,9.625,11.542,1.917,,
2018-01-04,12.208,15.958,3.75,,
2018-01-05,13.833,17.208,3.375,,
2018-01-06,7.75,8.208,0.458,,
2018-01-07,17.19,23.0,5.81,,
2018-01-08,19.5,27.292,7.792,,
2018-01-09,7.083,9.333,2.25,,
2018-01-10,20.042,27.917,7.875,,
2018-01-11,14.833,19.417,4.583,,
2018-01-12,15.75,19.125,3.375,,
2018-01-13,10.917,14.042,3.125,,
2018-01-14,9.913,13.043,3.13,,
2018-01-15,22.208,33.958,11.75,,
2018-01-16,10.417,13.833,3.417,,
2018-01-17,11.958,15.542,3.583,,
2018-01-18,8.292,9.708,1.417,,
2018-01-19,17.833,21.958,4.125,,
2018-01-20,15.833,18.875,3.042,,
2018-01-21,11.565,14.652,3.087,,
2018-01-22,11.0,14.542,3.542,,
2018-01-23,18.333,24.083,5.75,,
2018-01-24,5.458,5.917,0.458,,
2018-01-25,20.0,24.542,4.542,,
2018-01-26,4.958,5.125,0.167,,
2018-01-27,8.25,9.375,1.125,,
2018-01-28,18.043,24.261,6.217,,
2018-01-29,8.292,9.917,1.625,,
2018-01-30,18.042,22.708,4.667,,
2018-01-31,16.375,19.625,3.25,,
2018-02-01,6.583,7.792,1.208,,
2018-02-02,16.375,20.417,4.042,,
2018-02-03,16.583,19.0,2.417,,
2018-02-04,12.762,14.905,2.143,,
2018-02-05,13.583,18.125,4.542,,
2018-02-06,17.375,22.917,5.542,,
2018-02-07,17.667,25.417,7.75,,
2018-02-08,5.125,5.875,0.75,,
2018-02-09,10.083,11.083,1.0,,
2018-02-10,4.917,5.167,0.25,,
2018-02-11,10.783,11.652,0.87,,
2018-02-12,5.667,6.25,0.583,,
2018-02-13,8.625,9.958,1.333,,
2018-02-14,5.667,6.083,0.417,,
2018-02-15,16.375,18.708,2.333,,
2018-02-16,14.625,19.625,5.0,,
2018-02-17,7.542,8.125,0.583,,
2018-02-18,13.87,16.348,2.478,,
2018-02-19,19.208,22.042,2.833,,
2018-02-20,11.417,16.417,5.0,,
2018-02-21,5.833,6.0,0.167,,
2018-02-22,8.238,9.476,1.238,,
2018-02-23,5.696,6.087,0.391,,
2018-02-24,9.333,10.25,0.917,,
2018-02-25,13.625,15.875,2.25,,
2018-02-26,6.542,7.083,0.542,,
2018-02-27,13.0,14.5,1.5,,
2018-02-28,11.292,12.208,0.917,,
2018-03-01,9.417,10.917,1.5,,
2018-03-02,8.522,9.826,1.304,,
2018-03-03,14.75,15.792,1.042,,
2018-03-04,10.417,11.208,0.792,,
2018-03-05,10.042,11.208,1.167,,
2018-03-06,10.833,11.958,1.125,,
2018-03-07,6.208,6.292,0.083,,
2018-03-08,6.625,7.292,0.667,,
2018-03-09,10.0,11.652,1.652,,
2018-03-10,7.917,8.958,1.042,,
2018-03-11,7.0,7.652,0.652,,
2018-03-12,11.917,14.5,2.583,,
2018-03-13,6.792,7.417,0.625,,
2018-03-14,7.958,8.75,0.792,,
2018-03-15,10.417,11.708,1.292,,
2018-03-16,7.957,8.826,0.87,,
2018-03-17,7.792,8.625,0.833,,
2018-03-18,13.042,14.75,1.708,,
2018-03-19,11.917,13.125,1.208,,
2018-03-20,15.0,17.0,2.0,,
2018-03-21,12.167,13.375,1.208,,
2018-03-22,4.333,4.5,0.167,,
2018-03-23,4.174,4.348,0.174,,
2018-03-24,5.958,6.542,0.583,,
2018-03-25,13.875,15.792,1.917,,
2018-03-26,10.333,11.625,1.292,,
2018-03-27,15.667,17.0,1.333,,
2018-03-28,8.0,8.375,0.375,,
2018-03-29,7.542,8.083,0.542,,
2018-03-30,12.348,13.217,0.87,,
2018-03-31,4.667,4.708,0.042,,
2018-04-01,8.75,9.417,0.667,,
2018-04-02,11.957,12.783,0.826,,
2018-04-03,12.833,14.25,1.417,,
2018-04-04,6.783,7.826,1.043,,
2018-04-05,4.75,4.917,0.167,,
2018-04-06,10.583,11.542,0.958,,
2018-04-07,4.167,4.167,0.0,,
2018-04-08,4.417,4.667,0.25,,
2018-04-09,10.826,11.696,0.87,,
2018-04-10,9.792,10.458,0.667,,
2018-04-11,10.25,11.042,0.792,,
2018-04-12,6.75,7.167,0.417,,
2018-04-13,3.667,3.708,0.042,,
2018-04-14,6.5,6.75,0.25,,
2018-04-15,2.625,2.625,0.0,,
2018-04-16,2.826,2.87,0.043,,
2018-04-17,5.792,6.083,0.292,,
2018-04-18,4.167,4.375,0.208,,
2018-04-19,7.917,8.25,0.333,,
2018-04-20,6.75,7.042,0.292,,
2018-04-21,7.542,7.708,0.167,,
2018-04-22,7.458,7.625,0.167,,
2018-04-23,7.609,7.913,0.304,,
2018-04-24,7.542,8.0,0.458,,
2018-04-25,2.25,2.292,0.042,,
2018-04-26,3.083,3.083,0.0,,
2018-04-27,6.667,6.958,0.292,,
2018-04-28,4.083,4.083,0.0,,
2018-04-29,5.208,5.292,0.083,,
2018-04-30,4.391,4.391,0.0,,
2018-05-01,7.625,7.833,0.208,,
2018-05-02,8.682,9.136,0.455,,
2018-05-03,5.042,5.25,0.208,,
2018-05-04,3.333,3.333,0.0,,
2018-05-05,6.167,6.292,0.125,,
2018-05-06,4.542,4.625,0.083,,
2018-05-07,7.261,7.826,0.565,,
2018-05-08,3.25,3.25,0.0,,
2018-05-09,2.667,2.708,0.042,,
2018-05-10,2.583,2.667,0.083,,
2018-05-11,8.125,8.333,0.208,,
2018-05-12,7.042,7.25,0.208,,
2018-05-13,7.75,7.958,0.208,,
2018-05-14,5.652,6.0,0.348,,
2018-05-15,9.25,9.375,0.125,,
2018-05-16,9.833,9.958,0.125,,
2018-05-17,10.5,10.792,0.292,,
2018-05-18,10.667,11.958,1.292,,
2018-05-19,1.792,1.792,0.0,,
2018-05-20,1.958,1.958,0.0,,
2018-05-21,4.348,4.391,0.043,,
2018-05-22,3.875,3.958,0.083,,
2018-05-23,4.292,4.458,0.167,,
2018-05-24,3.292,3.333,0.042,,
2018-05-25,10.417,10.75,0.333,,
2018-05-26,10.167,10.333,0.167,,
2018-05-27,7.625,8.0,0.375,,
2018-05-28,10.609,10.957,0.348,,
2018-05-29,4.875,5.0,0.125,,
2018-05-30,4.542,4.667,0.125,,
2018-05-31,10.417,11.333,0.917,,
2018-06-01,3.0,3.083,0.083,,
2018-06-02,5.625,5.75,0.125,,
2018-06-03,4.75,4.75,0.0,,
2018-06-04,6.0,6.0,0.0,,
2018-06-05,6.167,6.208,0.042,,
2018-06-06,5.875,6.042,0.167,,
2018-06-07,5.083,5.083,0.0,,
2018-06-08,10.208,10.917,0.708,,
2018-06-09,3.417,3.5,0.083,,
2018-06-10,3.542,3.75,0.208,,
2018-06-11,3.652,4.174,0.522,,
2018-06-12,2.333,2.542,0.208,,
2018-06-13,1.875,1.917,0.042,,
2018-06-14,3.125,3.208,0.083,,
2018-06-15,5.167,5.792,0.625,,
2018-06-16,1.5,1.5,0.0,,
2018-06-17,2.375,2.458,0.083,,
2018-06-18,3.565,3.652,0.087,,
2018-06-19,8.583,9.25,0.667,,
2018-06-20,13.25,14.333,1.083,,
2018-06-21,6.292,6.542,0.25,,
2018-06-22,6.375,6.708,0.333,,
2018-06-23,6.458,6.708,0.25,,
2018-06-24,5.167,5.208,0.042,,
2018-06-25,9.652,9.957,0.304,,
2018-06-26,7.125,7.375,0.25,,
2018-06-27,3.875,4.833,0.958,,
2018-06-28,5.792,6.792,1.0,,
2018-06-29,5.792,7.667,1.875,,
2018-06-30,3.833,5.458,1.625,,
2018-07-01,2.167,3.0,0.833,,
2018-07-02,4.636,5.864,1.227,,
2018-07-03,3.0,4.125,1.125,,
2018-07-04,5.333,5.958,0.625,,
2018-07-05,7.875,8.625,0.75,,
2018-07-06,7.792,9.75,1.958,,
2018-07-07,6.292,8.708,2.417,,
2018-07-08,3.583,4.583,1.0,,
2018-07-09,4.913,6.13,1.217,,
2018-07-10,6.5,8.125,1.625,,
2018-07-11,7.292,9.583,2.292,,
2018-07-12,4.208,5.25,1.042,,
2018-07-13,4.375,5.208,0.833,,
2018-07-14,4.375,5.042,0.667,,
2018-07-15,4.5,4.875,0.375,,
2018-07-16,8.217,8.826,0.609,,
2018-07-17,11.75,12.5,0.75,,
2018-07-18,8.875,9.833,0.958,,
2018-07-19,6.0,6.625,0.625,,
2018-07-20,6.583,7.542,0.958,,
2018-07-21,5.75,7.083,1.333,,
2018-07-22,6.292,7.417,1.125,,
2018-07-23,6.048,7.476,1.429,,
2018-07-24,3.917,4.542,0.625,,
2018-07-25,6.125,6.5,0.375,,
2018-07-26,6.292,6.542,0.25,,
2018-07-27,7.0,7.333,0.333,,
2018-07-28,4.917,5.292,0.375,,
2018-07-29,1.792,2.042,0.25,,
2018-07-30,4.652,5.739,1.087,,
2018-07-31,5.375,6.542,1.167,,
2018-08-01,7.167,7.75,0.583,,
2018-08-02,8.583,9.792,1.208,,
2018-08-03,4.667,5.708,1.042,,
2018-08-04,5.833,6.458,0.625,,
2018-08-05,5.0,5.375,0.375,,
2018-08-06,3.364,3.773,0.409,,
2018-08-07,3.25,3.667,0.417,,
2018-08-08,3.333,3.75,0.417,,
2018-08-09,2.542,3.042,0.5,,
2018-08-10,4.167,5.417,1.25,,
2018-08-11,4.208,5.333,1.125,,
2018-08-12,4.5,5.25,0.75,,
2018-08-13,5.522,7.217,1.696,,
2018-08-14,4.458,5.708,1.25,,
2018-08-15,3.417,4.208,0.792,,
2018-08-16,4.625,6.583,1.958,,
2018-08-17,2.0,2.167,0.167,,
2018-08-18,4.458,4.667,0.208,,
2018-08-19,3.583,3.667,0.083,,
2018-08-20,4.13,4.522,0.391,,
2018-08-21,2.542,3.625,1.083,,
2018-08-22,1.875,2.625,0.75,,
2018-08-23,1.833,2.792,0.958,,
2018-08-24,5.292,6.167,0.875,,
2018-08-25,4.292,4.667,0.375,,
2018-08-26,5.917,7.458,1.542,,
2018-08-27,7.0,8.522,1.522,,
2018-08-28,6.0,7.333,1.333,,
2018-08-29,6.417,7.25,0.833,,
2018-08-30,6.542,8.0,1.458,,
2018-08-31,7.083,8.333,1.25,,
2018-09-01,6.417,7.875,1.458,,
2018-09-02,3.667,3.917,0.25,,
2018-09-03,3.909,4.864,0.955,,
2018-09-04,2.417,2.75,0.333,,
2018-09-05,7.875,8.625,0.75,,
2018-09-06,12.083,13.208,1.125,,
2018-09-07,8.5,11.208,2.708,,
2018-09-08,4.667,4.875,0.208,,
2018-09-09,5.0,5.875,0.875,,
2018-09-10,5.13,6.522,1.391,,
2018-09-11,5.458,6.0,0.542,,
2018-09-12,4.458,4.542,0.083,,
2018-09-13,4.958,5.042,0.083,,
2018-09-14,4.917,5.083,0.167,,
2018-09-15,10.083,11.292,1.208,,
2018-09-16,5.5,6.25,0.75,,
2018-09-17,3.565,3.783,0.217,,
2018-09-18,5.083,5.833,0.75,,
2018-09-19,3.833,4.042,0.208,,
2018-09-20,7.208,7.583,0.375,,
2018-09-21,7.042,7.458,0.417,,
2018-09-22,3.75,3.917,0.167,,
2018-09-23,3.625,3.833,0.208,,
2018-09-24,4.826,5.043,0.217,,
2018-09-25,5.542,5.792,0.25,,
2018-09-26,5.583,5.875,0.292,,
2018-09-27,5.0,5.333,0.333,,
2018-09-28,4.833,5.625,0.792,,
2018-09-29,5.542,5.667,0.125,,
2018-09-30,1.833,1.875,0.042,,
2018-10-01,4.773,5.0,0.227,,
2018-10-02,5.458,5.875,0.417,,
2018-10-03,4.167,4.333,0.167,,
2018-10-04,6.292,6.625,0.333,,
2018-10-05,4.583,4.625,0.042,,
2018-10-06,4.042,4.417,0.375,,
2018-10-07,3.417,3.417,0.0,,
2018-10-08,3.043,3.13,0.087,,
2018-10-09,3.708,3.875,0.167,,
2018-10-10,7.0,7.435,0.435,,
2018-10-11,4.25,4.292,0.042,,
2018-10-12,3.0,3.0,0.0,,
2018-10-13,5.625,6.417,0.792,,
2018-10-14,3.333,3.458,0.125,,
2018-10-15,5.478,5.783,0.304,,
2018-10-16,5.75,6.292,0.542,,
2018-10-17,4.208,4.542,0.333,,
2018-10-18,6.25,6.833,0.583,,
2018-10-19,5.417,5.792,0.375,,
2018-10-20,5.375,5.875,0.5,,
2018-10-21,3.833,4.208,0.375,,
2018-10-22,6.217,6.565,0.348,,
2018-10-23,7.75,8.042,0.292,,
2018-10-24,5.125,5.333,0.208,,
2018-10-25,5.917,6.833,0.917,,
2018-10-26,4.958,5.208,0.25,,
2018-10-27,5.25,5.417,0.167,,
2018-10-28,4.417,4.708,0.292,,
2018-10-29,9.174,10.261,1.087,,
2018-10-30,6.625,6.833,0.208,,
2018-10-31,5.333,5.792,0.458,,
2018-11-01,5.917,7.042,1.125,,
2018-11-02,4.958,5.583,0.625,,
2018-11-03,5.5,5.875,0.375,,
2018-11-04,5.583,5.958,0.375,,
2018-11-05,6.364,7.227,0.864,,
2018-11-06,5.333,5.542,0.208,,
2018-11-07,7.708,8.875,1.167,,
2018-11-08,6.125,6.417,0.292,,
2018-11-09,7.917,8.417,0.5,,
2018-11-10,4.708,4.792,0.083,,
2018-11-11,5.792,6.167,0.375,,
2018-11-12,10.609,11.304,0.696,,
2018-11-13,3.875,4.083,0.208,,
2018-11-14,6.417,6.833,0.417,,
2018-11-15,7.75,9.375,1.625,,
2018-11-16,11.208,12.75,1.542,,
2018-11-17,8.875,10.0,1.125,,
2018-11-18,8.75,9.917,1.167,,
2018-11-19,9.478,10.435,0.957,,
2018-11-20,8.042,9.292,1.25,,
2018-11-21,11.958,13.792,1.833,,
2018-11-22,6.958,8.083,1.125,,
2018-11-23,5.417,5.875,0.458,,
2018-11-24,10.417,13.083,2.667,,
2018-11-25,10.458,12.292,1.833,,
2018-11-26,15.826,20.652,4.826,,
2018-11-27,18.292,20.458,2.167,,
2018-11-28,12.542,14.292,1.75,,
2018-11-29,8.625,9.917,1.292,,
2018-11-30,13.958,17.0,3.042,,
2018-12-01,11.167,13.542,2.375,,
2018-12-02,8.292,8.708,0.417,,
2018-12-03,13.818,15.955,2.136,,
2018-12-04,13.583,16.25,2.667,,
2018-12-05,4.708,5.0,0.292,,
2018-12-06,17.292,21.25,3.958,,
2018-12-07,7.625,8.875,1.25,,
2018-12-08,3.375,3.5,0.125,,
2018-12-09,4.917,5.292,0.375,,
2018-12-10,10.652,13.435,2.783,,
2018-12-11,13.292,16.833,3.542,,
2018-12-12,11.375,14.458,3.083,,
2018-12-13,14.0,17.417,3.417,,
2018-12-14,8.542,10.583,2.042,,
2018-12-15,7.458,9.25,1.792,,
2018-12-16,9.708,11.625,1.917,,
2018-12-17,10.957,12.609,1.652,,
2018-12-18,10.0,12.417,2.417,,
2018-12-19,17.542,23.542,6.0,,
2018-12-20,25.792,40.208,14.417,,
2018-12-21,12.5,15.625,3.125,,
2018-12-22,12.111,12.556,0.444,,
2018-12-24,4.957,5.826,0.87,,
2018-12-25,15.818,21.364,5.545,,
2018-12-26,21.25,29.75,8.5,,
2018-12-27,6.875,7.667,0.792,,
2018-12-28,4.25,4.792,0.542,,
2018-12-29,6.458,7.167,0.708,,
2018-12-30,7.042,7.917,0.875,,
2018-12-31,9.0,10.609,1.609,,
