date,NO2_mean,NOX_mean,NO_mean,SO2_mean
2011-01-01,4.042,5.542,1.5,3.292
2011-01-02,1.167,1.917,0.75,2.042
2011-01-03,1.25,2.167,0.917,2.0
2011-01-04,3.208,4.875,1.667,2.0
2011-01-05,2.292,4.083,1.792,1.833
2011-01-06,2.667,4.958,2.292,1.958
2011-01-07,4.25,6.125,1.875,2.042
2011-01-08,2.917,4.667,1.75,2.25
2011-01-09,2.458,4.208,1.75,2.25
2011-01-10,1.609,3.0,1.391,2.261
2011-01-11,1.167,1.833,0.667,2.167
2011-01-12,2.708,3.625,0.917,2.292
2011-01-13,3.333,4.75,1.417,3.667
2011-01-14,1.833,2.833,1.0,2.458
2011-01-15,1.708,2.625,0.917,2.0
2011-01-16,2.75,4.292,1.542,2.458
2011-01-17,5.083,8.042,2.958,2.333
2011-01-18,3.375,5.042,1.667,2.125
2011-01-19,6.522,9.348,2.826,2.208
2011-01-20,7.083,9.792,2.708,3.917
2011-01-21,2.875,4.333,1.458,2.667
2011-01-22,1.5,2.5,1.0,1.917
2011-01-23,3.042,4.375,1.333,2.625
2011-01-24,2.913,4.391,1.478,2.826
2011-01-25,3.958,5.208,1.25,2.667
2011-01-26,3.875,5.167,1.292,2.917
2011-01-27,4.542,5.917,1.375,2.5
2011-01-28,5.375,7.042,1.667,2.583
2011-01-29,3.667,4.792,1.125,2.083
2011-01-30,4.0,5.375,1.375,2.792
2011-01-31,5.542,7.292,1.75,2.5
2011-02-01,3.583,4.75,1.167,2.042
2011-02-02,2.375,3.208,0.833,2.0
2011-02-03,4.208,5.667,1.458,2.25
2011-02-04,6.417,8.833,2.417,2.417
2011-02-05,3.042,4.792,1.75,2.208
2011-02-06,14.042,18.958,4.917,4.042
2011-02-07,12.87,23.565,10.696,4.304
2011-02-08,1.5,2.875,1.375,3.625
2011-02-09,3.208,5.167,1.958,3.083
2011-02-10,2.125,3.25,1.125,3.333
2011-02-11,3.042,5.0,1.958,2.958
2011-02-12,1.25,2.708,1.458,2.875
2011-02-13,5.565,8.522,2.957,2.958
2011-02-14,6.917,9.5,2.583,6.833
2011-02-15,2.792,4.667,1.875,5.5
2011-02-16,2.864,4.955,2.091,3.125
2011-02-17,5.333,9.0,3.667,2.583
2011-02-18,3.542,6.292,2.75,2.458
2011-02-19,4.458,7.083,2.625,2.417
2011-02-20,4.958,8.083,3.125,3.0
2011-02-21,1.87,3.043,1.174,3.609
2011-02-22,5.208,7.083,1.875,2.833
2011-02-23,6.375,7.958,1.583,5.542
2011-02-24,3.042,3.75,0.708,3.208
2011-02-25,3.625,4.875,1.25,2.667
2011-02-26,2.833,4.0,1.167,2.417
2011-02-27,3.458,4.667,1.208,2.083
2011-02-28,4.958,6.542,1.583,2.458
2011-03-01,8.208,10.958,2.75,4.5
2011-03-02,2.708,3.958,1.25,3.667
2011-03-03,1.625,3.042,1.417,2.958
2011-03-04,1.958,3.042,1.083,2.292
2011-03-05,4.167,6.125,1.958,3.542
2011-03-06,8.13,10.957,2.826,2.318
2011-03-07,3.792,5.375,1.583,1.958
2011-03-08,3.583,4.458,0.875,2.292
2011-03-09,6.125,7.333,1.208,3.292
2011-03-10,4.5,5.708,1.208,3.417
2011-03-11,3.417,4.125,0.708,3.583
2011-03-12,4.25,5.333,1.083,2.792
2011-03-13,4.917,6.375,1.458,2.708
2011-03-14,5.0,6.292,1.292,3.25
2011-03-15,4.609,6.043,1.435,5.167
2011-03-16,6.542,8.625,2.083,4.25
2011-03-17,10.917,14.0,3.083,3.667
2011-03-18,5.125,6.708,1.583,2.542
2011-03-19,2.25,3.875,1.625,2.792
2011-03-20,3.75,7.083,3.333,2.958
2011-03-21,2.783,4.435,1.652,2.826
2011-03-22,4.625,6.042,1.417,3.333
2011-03-23,5.292,6.75,1.458,3.292
2011-03-24,5.208,6.708,1.5,2.833
2011-03-25,3.542,4.542,1.0,2.375
2011-03-26,3.75,4.958,1.208,2.542
2011-03-27,5.917,7.75,1.833,3.25
2011-03-28,4.375,5.792,1.417,3.208
2011-03-29,4.458,6.0,1.542,2.917
2011-03-30,4.292,5.417,1.125,2.792
2011-03-31,3.25,4.5,1.25,2.042
2011-04-01,4.208,6.0,1.792,4.5
2011-04-02,1.417,3.042,1.625,2.75
2011-04-03,2.125,3.583,1.458,2.333
2011-04-04,2.625,4.292,1.667,2.25
2011-04-05,3.304,4.783,1.478,3.348
2011-04-06,3.0,4.083,1.083,3.417
2011-04-07,4.042,5.25,1.208,3.125
2011-04-08,2.5,3.25,0.75,2.625
2011-04-09,4.167,5.583,1.417,3.792
2011-04-10,3.083,4.042,0.958,4.083
2011-04-11,2.417,3.458,1.042,3.167
2011-04-12,3.292,4.708,1.417,3.042
2011-04-13,3.875,5.375,1.5,3.375
2011-04-14,5.875,8.083,2.208,4.417
2011-04-15,4.292,5.958,1.667,6.958
2011-04-16,2.875,4.167,1.292,4.958
2011-04-17,0.833,1.833,1.0,3.042
2011-04-18,1.25,2.292,1.042,2.792
2011-04-19,3.13,4.13,1.0,2.783
2011-04-20,3.208,4.125,0.917,2.667
2011-04-21,2.375,3.375,1.0,2.0
2011-04-22,1.75,2.625,0.875,2.0
2011-04-23,1.542,2.25,0.708,1.917
2011-04-24,1.625,2.708,1.083,2.083
2011-04-25,3.0,4.458,1.458,2.083
2011-04-26,4.0,5.708,1.708,3.042
2011-04-27,5.958,8.25,2.292,3.583
2011-04-28,3.333,5.083,1.75,2.25
2011-04-29,2.042,3.75,1.708,2.042
2011-04-30,2.667,4.25,1.583,3.167
2011-05-01,3.625,5.25,1.625,2.0
2011-05-02,0.783,1.957,1.174,2.0
2011-05-03,2.333,3.875,1.542,2.667
2011-05-04,1.75,2.667,0.917,2.333
2011-05-05,2.208,3.583,1.375,2.583
2011-05-06,4.083,6.417,2.333,3.583
2011-05-07,3.792,5.708,1.917,2.25
2011-05-08,2.208,3.5,1.292,2.042
2011-05-09,3.125,4.792,1.667,3.083
2011-05-10,3.042,4.583,1.542,2.583
2011-05-11,3.042,4.792,1.75,2.667
2011-05-12,4.042,6.792,2.75,3.875
2011-05-13,0.833,1.833,1.0,1.875
2011-05-14,1.375,2.708,1.333,2.0
2011-05-15,1.958,3.458,1.5,2.333
2011-05-16,4.792,6.958,2.167,2.667
2011-05-17,3.0,4.391,1.391,2.217
2011-05-18,2.833,4.083,1.25,3.417
2011-05-19,10.667,12.875,2.208,4.292
2011-05-20,5.625,7.167,1.542,4.0
2011-05-21,6.833,8.375,1.542,3.042
2011-05-22,2.292,3.375,1.083,3.125
2011-05-23,3.417,4.542,1.125,2.542
2011-05-24,3.833,5.125,1.292,2.667
2011-05-25,4.083,5.792,1.708,3.167
2011-05-26,7.458,10.042,2.583,3.917
2011-05-27,3.708,5.417,1.708,3.667
2011-05-28,3.542,5.25,1.708,2.708
2011-05-29,1.958,3.167,1.208,2.792
2011-05-30,3.542,5.458,1.917,3.25
2011-05-31,3.0,4.739,1.739,4.957
2011-06-01,2.875,4.125,1.25,5.083
2011-06-02,3.333,4.375,1.042,2.917
2011-06-03,3.417,4.625,1.208,2.792
2011-06-04,9.0,13.333,4.333,3.5
2011-06-05,1.167,2.083,0.917,3.875
2011-06-06,2.75,4.292,1.542,3.625
2011-06-07,3.292,4.417,1.125,4.083
2011-06-08,3.958,5.625,1.667,2.708
2011-06-09,3.25,4.917,1.667,3.333
2011-06-10,6.0,8.375,2.375,9.208
2011-06-11,3.625,5.708,2.083,6.417
2011-06-12,1.958,3.208,1.25,4.792
2011-06-13,4.792,6.458,1.667,3.5
2011-06-14,2.13,3.565,1.435,2.783
2011-06-15,1.25,2.125,0.875,2.375
2011-06-16,4.042,5.292,1.25,3.25
2011-06-17,3.833,5.667,1.833,3.292
2011-06-18,2.917,4.5,1.583,3.458
2011-06-19,2.042,3.417,1.375,4.458
2011-06-20,2.455,3.773,1.318,3.708
2011-06-21,3.458,5.583,2.125,3.958
2011-06-22,3.083,4.583,1.5,3.542
2011-06-23,5.167,7.417,2.25,3.5
2011-06-24,2.167,3.792,1.625,2.5
2011-06-25,1.125,2.25,1.125,2.583
2011-06-26,2.792,4.458,1.667,3.375
2011-06-27,3.208,4.833,1.625,2.5
2011-06-28,5.261,7.652,2.391,2.348
2011-06-29,2.417,3.417,1.0,2.542
2011-06-30,3.917,5.25,1.333,2.583
2011-07-01,3.0,4.375,1.375,2.583
2011-07-02,4.125,6.083,1.958,3.583
2011-07-03,3.917,5.833,1.917,2.917
2011-07-04,2.917,4.5,1.583,2.208
2011-07-05,1.958,3.25,1.292,2.042
2011-07-06,2.417,3.917,1.5,2.625
2011-07-07,4.167,6.167,2.0,3.958
2011-07-08,10.208,14.667,4.458,3.958
2011-07-09,4.0,5.833,1.833,2.792
2011-07-10,4.083,5.708,1.625,2.375
2011-07-11,7.417,10.833,3.417,3.625
2011-07-12,3.696,5.174,1.478,3.087
2011-07-13,3.75,5.708,1.958,2.667
2011-07-14,7.792,11.458,3.667,2.792
2011-07-15,3.875,5.458,1.583,2.0
2011-07-16,7.667,10.875,3.208,2.625
2011-07-17,5.333,7.625,2.292,2.625
2011-07-18,2.167,3.417,1.25,2.0
2011-07-19,2.917,4.917,2.0,3.083
2011-07-20,3.5,5.875,2.375,4.708
2011-07-21,1.958,3.625,1.667,4.333
2011-07-22,1.667,2.833,1.167,2.625
2011-07-23,1.25,2.292,1.042,2.583
2011-07-24,3.042,4.583,1.542,3.542
2011-07-25,3.625,6.542,2.917,2.583
2011-07-26,3.652,5.696,2.043,2.391
2011-07-27,5.208,7.417,2.208,3.833
2011-07-28,6.542,8.833,2.292,5.458
2011-07-29,5.125,6.792,1.667,4.667
2011-07-30,2.833,4.25,1.417,3.458
2011-07-31,1.583,3.292,1.708,3.917
2011-08-01,3.5,5.958,2.458,3.333
2011-08-02,4.042,6.375,2.333,3.25
2011-08-03,2.875,4.917,2.042,2.875
2011-08-04,3.667,6.333,2.667,2.5
2011-08-05,4.542,8.75,4.208,2.792
2011-08-06,4.167,6.708,2.542,3.208
2011-08-07,1.625,2.833,1.208,2.625
2011-08-08,4.75,8.0,3.25,3.708
2011-08-09,3.913,5.174,1.261,3.435
2011-08-10,8.042,11.167,3.125,3.208
2011-08-11,2.208,3.125,0.917,2.375
2011-08-12,1.792,2.417,0.625,2.708
2011-08-13,5.292,7.167,1.875,4.542
2011-08-14,3.458,4.417,0.958,2.75
2011-08-15,2.458,3.125,0.667,2.0
2011-08-16,6.083,7.667,1.583,2.75
2011-08-17,3.208,4.167,0.958,2.375
2011-08-18,3.083,4.083,1.0,2.833
2011-08-19,2.833,3.833,1.0,3.042
2011-08-20,3.792,5.042,1.25,3.458
2011-08-21,2.458,3.75,1.292,3.333
2011-08-22,3.0,4.208,1.208,3.083
2011-08-23,4.13,5.13,1.0,2.087
2011-08-24,3.292,4.125,0.833,2.167
2011-08-25,4.042,5.5,1.458,2.167
2011-08-26,2.125,3.042,0.917,1.708
2011-08-27,2.333,3.167,0.833,1.875
2011-08-28,1.958,2.667,0.708,2.083
2011-08-29,5.125,7.083,1.958,3.792
2011-08-30,4.476,6.143,1.667,2.667
2011-08-31,5.458,7.667,2.208,2.25
2011-09-01,7.958,11.708,3.75,3.542
2011-09-02,5.0,7.958,2.958,0.923
2011-09-03,3.083,4.583,1.5,
2011-09-04,1.417,2.333,0.917,
2011-09-05,0.708,1.625,0.917,2.2
2011-09-06,4.957,6.304,1.348,3.435
2011-09-07,2.833,4.25,1.417,2.917
2011-09-08,2.917,3.792,0.875,2.958
2011-09-09,7.0,8.75,1.75,4.25
2011-09-10,2.583,3.833,1.25,3.125
2011-09-11,3.375,5.167,1.792,3.333
2011-09-12,7.708,10.333,2.625,3.167
2011-09-13,4.667,7.083,2.417,3.042
2011-09-14,2.792,5.042,2.25,2.833
2011-09-15,9.708,14.0,4.292,4.542
2011-09-16,6.542,9.417,2.875,3.583
2011-09-17,4.542,6.75,2.208,3.083
2011-09-18,1.208,2.625,1.417,2.542
2011-09-19,1.583,3.042,1.458,2.375
2011-09-20,3.391,5.261,1.87,3.261
2011-09-21,3.208,4.292,1.083,2.917
2011-09-22,1.917,2.292,0.375,2.375
2011-09-23,3.542,4.833,1.292,2.792
2011-09-24,4.208,6.0,1.792,2.75
2011-09-25,2.833,4.5,1.667,3.625
2011-09-26,5.375,7.875,2.5,3.792
2011-09-27,3.417,5.667,2.25,3.292
2011-09-28,7.792,11.333,3.542,5.083
2011-09-29,4.542,6.917,2.375,3.542
2011-09-30,4.625,7.083,2.458,3.042
2011-10-01,1.5,3.375,1.875,2.167
2011-10-02,1.292,2.5,1.208,1.667
2011-10-03,2.125,3.708,1.583,1.667
2011-10-04,3.391,5.043,1.652,2.304
2011-10-05,3.792,5.167,1.375,2.667
2011-10-06,2.75,3.667,0.917,2.958
2011-10-07,3.125,4.333,1.208,2.583
2011-10-08,3.583,5.458,1.875,2.625
2011-10-09,2.25,3.875,1.625,3.25
2011-10-10,3.0,4.708,1.708,2.917
2011-10-11,3.458,5.875,2.417,2.708
2011-10-12,3.542,5.708,2.167,2.25
2011-10-13,3.833,6.125,2.292,3.208
2011-10-14,8.333,11.792,3.458,4.625
2011-10-15,7.958,10.958,3.0,2.583
2011-10-16,3.583,6.167,2.583,3.25
2011-10-17,1.708,4.042,2.333,2.25
2011-10-18,2.435,4.522,2.087,1.87
2011-10-19,4.333,6.75,2.417,2.583
2011-10-20,6.458,8.542,2.083,3.375
2011-10-21,5.667,7.458,1.792,3.0
2011-10-22,2.042,2.167,0.125,2.167
2011-10-23,5.083,6.792,1.708,2.292
2011-10-24,3.875,4.958,1.083,2.5
2011-10-25,4.458,5.917,1.458,2.792
2011-10-26,1.958,2.625,0.667,1.542
2011-10-27,4.364,6.455,2.091,2.0
2011-10-28,8.909,12.5,3.522,3.25
2011-10-29,6.0,8.125,2.125,2.375
2011-10-30,5.417,6.875,1.458,2.458
2011-10-31,5.13,7.565,2.435,2.565
2011-11-01,5.792,7.875,2.083,2.708
2011-11-02,11.167,14.208,3.042,3.875
2011-11-03,4.083,5.5,1.417,2.667
2011-11-04,4.792,6.625,1.833,2.5
2011-11-05,9.208,11.708,2.5,4.583
2011-11-06,2.292,3.167,0.875,2.0
2011-11-07,4.083,5.583,1.5,2.25
2011-11-08,4.292,6.333,2.042,2.292
2011-11-09,4.0,5.792,1.792,2.292
2011-11-10,3.917,5.958,2.042,2.333
2011-11-11,6.583,9.042,2.458,2.333
2011-11-12,4.875,7.042,2.167,2.25
2011-11-13,4.208,6.958,2.75,3.333
2011-11-14,1.667,2.917,1.25,2.375
2011-11-15,1.739,2.957,1.217,2.091
2011-11-16,2.833,4.375,1.542,2.333
2011-11-17,3.542,4.417,0.875,2.417
2011-11-18,6.708,8.375,1.667,2.833
2011-11-19,9.125,11.292,2.167,2.917
2011-11-20,2.292,3.417,1.125,2.25
2011-11-21,1.87,3.522,1.652,2.625
2011-11-22,2.208,3.875,1.667,2.583
2011-11-23,3.417,5.167,1.75,3.435
2011-11-24,2.125,4.083,1.958,3.167
2011-11-25,1.917,3.875,1.958,2.958
2011-11-26,2.958,4.917,1.958,3.0
2011-11-27,5.542,7.958,2.417,3.667
2011-11-28,6.708,9.708,3.0,4.875
2011-11-29,5.217,7.13,1.913,3.261
2011-11-30,1.5,2.5,1.0,2.875
2011-12-01,,,,2.75
2011-12-02,5.667,7.667,2.0,2.958
2011-12-03,1.917,2.958,1.042,2.625
2011-12-04,1.833,3.458,1.625,2.083
2011-12-05,2.667,4.833,2.167,3.167
2011-12-06,2.875,4.917,2.042,3.042
2011-12-07,3.375,5.5,2.125,2.708
2011-12-08,4.565,7.174,2.609,2.333
2011-12-09,4.875,7.667,2.792,2.333
2011-12-10,2.625,5.083,2.458,2.417
2011-12-11,1.708,3.583,1.875,2.708
2011-12-12,1.833,3.833,2.0,3.375
2011-12-13,2.13,3.652,1.522,2.217
2011-12-14,8.125,10.917,2.792,3.5
2011-12-15,2.708,3.958,1.25,4.583
2011-12-16,1.708,2.458,0.75,2.542
2011-12-17,2.708,3.833,1.125,2.0
2011-12-18,1.542,2.417,0.875,2.208
2011-12-19,3.417,5.5,2.083,2.458
2011-12-20,7.625,10.667,3.042,2.292
2011-12-21,5.75,8.375,2.625,2.583
2011-12-22,3.458,5.375,1.917,2.542
2011-12-23,2.333,4.708,2.375,2.167
2011-12-24,2.333,4.875,2.542,2.042
2011-12-25,2.125,4.708,2.583,2.0
2011-12-26,4.043,6.217,2.174,2.043
2011-12-27,3.417,5.083,1.667,2.0
2011-12-28,4.542,6.042,1.5,2.125
2011-12-29,3.125,4.25,1.125,2.875
2011-12-30,2.25,3.208,0.958,2.875
2011-12-31,2.5,3.625,1.125,1.792
2012-01-01,1.333,2.667,1.333,2.792
2012-01-02,2.125,3.458,1.333,3.333
2012-01-03,1.708,3.167,1.458,3.5
2012-01-04,2.125,3.542,1.417,2.542
2012-01-05,3.792,6.0,2.208,2.208
2012-01-06,1.25,2.5,1.25,2.875
2012-01-07,1.792,3.25,1.458,2.333
2012-01-08,3.13,4.783,1.652,2.043
2012-01-09,4.625,6.5,1.875,2.25
2012-01-10,1.917,2.792,0.875,2.167
2012-01-11,2.25,3.25,1.0,2.375
2012-01-12,6.375,8.208,1.833,4.958
2012-01-13,2.417,3.5,1.083,4.958
2012-01-14,3.708,5.042,1.333,2.208
2012-01-15,2.042,3.375,1.333,2.292
2012-01-16,6.0,8.875,2.875,2.25
2012-01-17,5.667,8.375,2.708,2.083
2012-01-18,2.739,4.522,1.783,2.167
2012-01-19,3.167,5.292,2.125,2.042
2012-01-20,3.625,5.958,2.333,2.042
2012-01-21,3.833,5.917,2.083,2.125
2012-01-22,2.87,4.348,1.478,2.217
2012-01-23,6.042,8.5,2.458,2.625
2012-01-24,3.667,4.792,1.125,2.667
2012-01-25,3.25,4.625,1.375,3.5
2012-01-26,2.875,4.083,1.208,3.042
2012-01-27,1.208,1.542,0.333,2.0
2012-01-28,6.167,8.292,2.125,2.042
2012-01-29,6.667,9.625,2.958,2.125
2012-01-30,2.5,3.375,0.875,2.0
2012-01-31,5.917,8.167,2.25,2.0
2012-02-01,11.667,15.375,3.708,3.792
2012-02-02,2.542,4.0,1.458,3.417
2012-02-03,1.25,2.792,1.542,2.25
2012-02-04,3.5,6.25,2.75,2.75
2012-02-05,2.565,3.826,1.261,2.522
2012-02-06,5.125,6.667,1.542,2.333
2012-02-07,3.083,4.25,1.167,2.375
2012-02-08,1.958,2.833,0.875,2.375
2012-02-09,2.458,3.25,0.792,2.0
2012-02-10,2.917,3.792,0.875,2.208
2012-02-11,4.917,6.333,1.417,2.375
2012-02-12,5.25,7.292,2.042,2.542
2012-02-13,4.0,5.5,1.5,2.875
2012-02-14,7.125,9.042,1.917,2.625
2012-02-15,4.833,6.417,1.583,3.708
2012-02-16,3.375,4.75,1.375,3.417
2012-02-17,2.333,3.708,1.375,2.708
2012-02-18,5.75,7.583,1.833,2.792
2012-02-19,5.217,6.826,1.609,4.261
2012-02-20,1.958,2.708,0.75,3.417
2012-02-21,1.833,2.542,0.708,3.125
2012-02-22,1.875,2.792,0.917,3.0
2012-02-23,3.667,5.792,2.125,2.958
2012-02-24,1.667,3.625,1.958,2.542
2012-02-25,4.542,8.375,3.833,2.208
2012-02-26,4.0,7.417,3.417,2.375
2012-02-27,5.167,9.417,4.25,4.292
2012-02-28,3.87,7.0,3.13,3.25
2012-03-01,4.292,7.25,2.958,2.833
2012-03-02,1.25,4.125,2.875,2.042
2012-03-03,2.375,5.292,2.917,2.0
2012-03-04,5.333,8.583,3.25,2.25
2012-03-05,4.826,6.609,1.783,2.522
2012-03-06,6.292,7.667,1.375,4.167
2012-03-07,6.583,7.792,1.208,4.833
2012-03-08,9.833,12.25,2.417,5.417
2012-03-09,1.542,1.875,0.333,2.833
2012-03-10,1.583,2.167,0.583,2.917
2012-03-11,2.792,4.0,1.208,2.417
2012-03-12,6.542,8.667,2.125,2.333
2012-03-13,5.875,7.708,1.833,2.25
2012-03-14,2.167,3.292,1.125,2.458
2012-03-15,5.174,7.304,2.13,2.042
2012-03-16,2.458,3.667,1.208,2.75
2012-03-17,2.75,4.042,1.292,3.708
2012-03-18,14.13,17.87,3.739,4.261
2012-03-19,4.292,5.542,1.25,2.667
2012-03-20,3.292,4.25,0.958,2.083
2012-03-21,2.042,2.792,0.75,2.25
2012-03-22,4.083,5.25,1.167,2.917
2012-03-23,1.625,2.417,0.792,2.667
2012-03-24,2.125,2.792,0.667,2.542
2012-03-25,2.708,3.917,1.208,2.583
2012-03-26,3.333,5.0,1.667,2.583
2012-03-27,4.625,6.667,2.042,3.792
2012-03-28,8.042,11.5,3.458,4.042
2012-03-29,3.333,5.167,1.833,2.833
2012-03-30,2.625,4.458,1.833,2.458
2012-03-31,2.625,4.0,1.375,2.542
2012-04-01,1.75,2.958,1.208,2.25
2012-04-02,3.208,4.792,1.583,2.75
2012-04-03,2.435,3.217,0.783,2.87
2012-04-04,2.083,2.375,0.292,2.708
2012-04-05,2.833,3.5,0.667,3.542
2012-04-06,3.708,4.417,0.708,3.083
2012-04-07,3.833,4.917,1.083,2.292
2012-04-08,2.917,3.875,0.958,3.083
2012-04-09,3.542,4.583,1.042,2.708
2012-04-10,5.292,6.917,1.625,3.792
2012-04-11,8.625,10.875,2.25,4.458
2012-04-12,3.958,5.958,2.0,3.5
2012-04-13,3.958,5.708,1.75,3.125
2012-04-14,5.792,8.625,2.833,3.5
2012-04-15,5.958,8.375,2.417,4.958
2012-04-16,3.25,5.042,1.792,4.75
2012-04-17,5.261,7.174,1.913,2.522
2012-04-18,8.083,10.125,2.042,2.375
2012-04-19,7.167,9.125,1.958,4.375
2012-04-20,6.917,9.125,2.208,3.583
2012-04-21,8.125,10.5,2.375,5.75
2012-04-22,2.917,4.958,2.042,3.75
2012-04-23,5.292,7.25,1.958,2.417
2012-04-24,8.826,11.565,2.739,3.375
2012-04-25,6.708,8.958,2.25,3.875
2012-04-26,2.417,3.542,1.125,3.083
2012-04-27,3.125,4.625,1.5,3.75
2012-04-28,7.083,9.375,2.292,4.375
2012-04-29,13.375,17.167,3.792,3.875
2012-04-30,8.458,11.417,2.958,6.958
2012-05-01,4.565,5.913,1.348,3.087
2012-05-02,5.0,6.25,1.25,3.458
2012-05-03,0.583,0.583,0.0,3.25
2012-05-04,0.708,0.833,0.125,2.083
2012-05-05,3.333,4.5,1.167,2.208
2012-05-06,3.458,4.667,1.208,3.667
2012-05-07,8.625,10.792,2.167,4.083
2012-05-08,9.0,11.917,2.917,3.458
2012-05-09,6.708,9.042,2.333,5.042
2012-05-10,6.625,8.625,2.0,5.458
2012-05-11,2.25,3.792,1.542,4.125
2012-05-12,1.042,2.292,1.25,2.167
2012-05-13,2.5,4.333,1.833,3.708
2012-05-14,6.167,8.583,2.417,3.875
2012-05-15,12.826,16.478,3.652,3.13
2012-05-16,5.458,6.792,1.333,2.25
2012-05-17,2.917,3.625,0.708,3.333
2012-05-18,5.083,6.5,1.417,4.75
2012-05-19,2.625,3.542,0.917,3.625
2012-05-20,6.375,8.667,2.292,5.292
2012-05-21,6.5,8.417,1.917,3.792
2012-05-22,8.125,10.5,2.375,6.292
2012-05-23,7.375,9.833,2.458,3.75
2012-05-24,4.913,6.826,1.913,4.75
2012-05-25,6.708,8.917,2.208,5.458
2012-05-26,5.125,7.125,2.0,5.042
2012-05-27,3.083,4.583,1.5,3.25
2012-05-28,2.958,4.417,1.458,2.458
2012-05-29,3.391,5.087,1.696,2.565
2012-05-30,3.125,3.75,0.625,2.875
2012-05-31,4.25,5.292,1.042,2.667
2012-06-01,6.5,7.708,1.208,3.167
2012-06-02,7.875,9.917,2.042,3.833
2012-06-03,3.958,4.833,0.875,3.875
2012-06-04,6.833,9.083,2.25,3.583
2012-06-05,6.917,9.5,2.583,2.958
2012-06-06,5.833,7.333,1.5,2.833
2012-06-07,4.125,5.917,1.792,3.708
2012-06-08,8.292,11.5,3.208,4.625
2012-06-09,5.042,6.875,1.833,2.958
2012-06-10,5.25,6.958,1.708,2.25
2012-06-11,5.174,7.174,2.0,4.826
2012-06-12,2.083,2.958,0.875,3.125
2012-06-13,2.125,3.083,0.958,4.0
2012-06-14,6.083,7.917,1.833,4.458
2012-06-15,6.292,8.417,2.125,5.542
2012-06-16,4.208,5.417,1.208,4.417
2012-06-17,4.333,5.833,1.5,2.708
2012-06-18,4.333,5.708,1.375,3.0
2012-06-19,5.842,8.474,2.632,3.167
2012-06-20,2.917,4.333,1.417,2.583
2012-06-21,4.75,7.083,2.333,4.0
2012-06-22,4.696,7.217,2.522,2.542
2012-06-23,2.208,3.5,1.292,2.417
2012-06-24,4.25,6.083,1.833,3.833
2012-06-25,4.458,6.458,2.0,4.708
2012-06-26,5.174,7.826,2.652,4.174
2012-06-27,3.583,5.583,2.0,4.381
2012-06-28,4.875,7.125,2.25,7.292
2012-06-29,3.167,4.833,1.667,5.958
2012-06-30,4.5,7.458,2.958,5.75
2012-07-01,1.75,3.375,1.625,4.25
2012-07-02,2.625,4.958,2.333,3.833
2012-07-03,5.833,10.25,4.417,4.792
2012-07-04,5.792,9.875,4.083,4.792
2012-07-05,8.0,13.583,5.583,4.792
2012-07-06,3.583,6.083,2.5,7.792
2012-07-07,4.75,7.417,2.667,6.917
2012-07-08,7.125,10.375,3.25,7.667
2012-07-09,4.917,7.792,2.875,5.833
2012-07-10,4.478,6.174,1.696,4.913
2012-07-11,5.125,6.75,1.625,4.5
2012-07-12,5.0,6.208,1.208,3.083
2012-07-13,1.792,3.375,1.583,2.792
2012-07-14,2.708,4.0,1.292,2.792
2012-07-15,6.083,8.708,2.625,5.208
2012-07-16,5.667,7.75,2.083,4.625
2012-07-17,3.217,4.565,1.348,3.625
2012-07-18,2.833,4.542,1.708,3.917
2012-07-19,4.417,6.458,2.042,5.375
2012-07-20,3.875,5.958,2.083,4.167
2012-07-21,5.583,8.25,2.667,4.667
2012-07-22,2.75,4.25,1.5,3.083
2012-07-23,4.167,6.5,2.333,4.458
2012-07-24,12.652,16.087,3.435,6.348
2012-07-25,9.875,13.75,3.875,4.083
2012-07-26,3.625,5.667,2.042,3.583
2012-07-27,5.208,8.125,2.917,4.375
2012-07-28,3.042,4.833,1.792,3.833
2012-07-29,2.375,4.042,1.667,3.708
2012-07-30,10.5,14.333,3.833,5.25
2012-07-31,8.0,11.167,3.167,4.875
2012-08-01,5.167,7.667,2.5,3.5
2012-08-02,2.5,4.292,1.792,3.5
2012-08-03,3.708,5.917,2.208,3.583
2012-08-04,3.208,5.167,1.958,3.0
2012-08-05,2.917,4.917,2.0,2.792
2012-08-06,2.75,4.458,1.708,2.708
2012-08-07,1.565,2.783,1.217,2.87
2012-08-08,2.625,3.75,1.125,2.833
2012-08-09,3.958,5.208,1.25,3.583
2012-08-10,5.792,8.083,2.292,4.0
2012-08-11,3.0,4.75,1.75,3.125
2012-08-12,5.958,8.583,2.625,5.5
2012-08-13,5.667,7.875,2.208,3.75
2012-08-14,1.833,3.083,1.25,3.474
2012-08-15,2.917,4.708,1.792,4.625
2012-08-16,2.25,3.667,1.417,3.375
2012-08-17,4.0,5.833,1.833,3.25
2012-08-18,4.833,6.75,1.917,4.667
2012-08-19,7.292,10.0,2.708,6.083
2012-08-20,4.292,6.125,1.833,6.292
2012-08-21,8.522,12.435,3.913,6.565
2012-08-22,8.625,11.875,3.25,7.583
2012-08-23,6.0,7.583,1.583,4.75
2012-08-24,10.417,13.292,2.875,7.0
2012-08-25,7.0,9.292,2.292,6.625
2012-08-26,6.125,8.625,2.5,6.0
2012-08-27,3.0,5.083,2.083,3.625
2012-08-28,4.042,6.625,2.583,5.292
2012-08-29,2.583,4.208,1.625,3.667
2012-08-30,3.087,4.783,1.696,4.167
2012-08-31,4.5,6.625,2.125,4.042
2012-09-01,2.208,3.917,1.708,3.167
2012-09-02,2.542,4.292,1.75,3.125
2012-09-03,3.125,5.25,2.125,2.958
2012-09-04,3.13,5.043,1.913,2.87
2012-09-05,3.292,4.208,0.917,3.542
2012-09-06,5.042,6.917,1.875,4.5
2012-09-07,2.792,3.708,0.917,2.958
2012-09-08,3.667,4.792,1.125,4.875
2012-09-09,3.208,4.375,1.167,2.917
2012-09-10,4.042,5.542,1.5,2.917
2012-09-11,5.208,6.958,1.75,3.208
2012-09-12,4.458,6.292,1.833,3.167
2012-09-13,3.375,5.125,1.75,4.0
2012-09-14,5.958,8.125,2.167,4.875
2012-09-15,4.042,5.625,1.583,3.833
2012-09-16,2.792,4.083,1.292,3.292
2012-09-17,2.625,4.0,1.375,3.458
2012-09-18,5.478,7.826,2.348,3.696
2012-09-19,6.417,8.917,2.5,2.75
2012-09-20,3.667,4.625,0.958,2.583
2012-09-21,3.13,4.043,0.913,2.375
2012-09-22,2.417,3.208,0.792,2.792
2012-09-23,2.458,3.25,0.792,3.5
2012-09-24,2.375,3.042,0.667,3.875
2012-09-25,3.333,4.375,1.042,2.542
2012-09-26,4.083,5.792,1.708,2.917
2012-09-27,2.75,4.167,1.417,3.667
2012-09-28,1.75,3.042,1.292,2.292
2012-09-29,4.375,6.167,1.792,4.0
2012-09-30,4.5,6.333,1.833,3.708
2012-10-01,1.667,2.917,1.25,2.333
2012-10-02,3.783,5.304,1.522,4.261
2012-10-03,3.5,4.25,0.75,1.958
2012-10-04,4.0,5.375,1.375,3.25
2012-10-05,3.417,4.667,1.25,2.333
2012-10-06,2.583,3.75,1.167,2.25
2012-10-07,1.75,2.875,1.125,2.0
2012-10-08,2.375,3.75,1.375,2.125
2012-10-09,2.458,4.0,1.542,2.792
2012-10-10,2.167,3.667,1.5,2.125
2012-10-11,3.375,5.167,1.792,2.625
2012-10-12,2.261,4.304,2.043,1.958
2012-10-13,2.042,3.708,1.667,1.875
2012-10-14,1.875,3.458,1.583,2.875
2012-10-15,1.708,3.375,1.667,2.042
2012-10-16,2.435,3.522,1.087,2.0
2012-10-17,3.625,3.958,0.333,1.958
2012-10-18,1.625,2.125,0.5,1.875
2012-10-19,2.625,3.5,0.875,1.708
2012-10-20,3.042,3.833,0.792,2.083
2012-10-21,1.417,2.25,0.833,2.042
2012-10-22,3.042,4.417,1.375,2.083
2012-10-23,2.9,4.35,1.45,2.167
2012-10-24,2.208,3.417,1.208,1.292
2012-10-25,7.542,9.792,2.25,3.917
2012-10-26,4.625,7.208,2.583,2.208
2012-10-27,3.167,5.042,1.875,3.167
2012-10-28,1.125,2.167,1.042,1.583
2012-10-29,4.042,6.125,2.083,1.708
2012-10-30,4.087,5.913,1.826,1.348
2012-10-31,1.833,3.0,1.167,1.458
2012-11-01,3.542,4.75,1.208,1.458
2012-11-02,2.5,3.75,1.25,1.708
2012-11-03,2.125,3.333,1.208,1.0
2012-11-04,1.0,1.667,0.667,1.292
2012-11-05,5.125,6.917,1.792,3.0
2012-11-06,1.208,2.0,0.792,1.333
2012-11-07,4.5,6.125,1.625,1.292
2012-11-08,6.542,9.042,2.5,2.292
2012-11-09,4.083,5.75,1.667,1.417
2012-11-10,1.125,1.958,0.833,1.375
2012-11-11,2.042,3.542,1.5,2.333
2012-11-12,3.042,4.417,1.375,1.417
2012-11-13,5.783,8.348,2.565,2.773
2012-11-14,3.583,4.542,0.958,2.042
2012-11-15,1.75,2.042,0.292,1.917
2012-11-16,3.625,5.083,1.458,1.917
2012-11-17,3.458,4.375,0.917,1.542
2012-11-18,1.375,1.583,0.208,1.792
2012-11-19,3.458,4.375,0.917,1.792
2012-11-20,2.391,3.0,0.609,2.542
2012-11-21,1.75,2.458,0.708,2.042
2012-11-22,4.25,5.542,1.292,2.667
2012-11-23,3.417,5.292,1.875,2.75
2012-11-24,1.333,2.25,0.917,1.792
2012-11-25,2.417,3.792,1.375,2.083
2012-11-26,8.917,11.875,2.958,2.261
2012-11-27,1.522,2.304,0.783,2.435
2012-11-28,5.125,7.917,2.792,3.0
2012-11-29,1.833,3.208,1.375,3.542
2012-11-30,2.667,4.083,1.417,3.0
2012-12-01,1.75,2.875,1.125,2.667
2012-12-02,3.625,5.667,2.042,2.333
2012-12-03,4.333,6.542,2.208,3.25
2012-12-04,2.75,4.958,2.208,2.792
2012-12-05,1.583,3.833,2.25,3.75
2012-12-06,1.292,3.167,1.875,2.542
2012-12-07,1.417,3.833,2.417,2.958
2012-12-08,3.208,5.5,2.292,3.5
2012-12-09,1.708,3.792,2.083,3.833
2012-12-10,3.13,5.696,2.565,2.417
2012-12-11,4.783,6.87,2.087,2.261
2012-12-12,6.625,8.417,1.792,2.083
2012-12-13,5.042,6.917,1.875,2.167
2012-12-14,6.833,9.292,2.458,5.75
2012-12-15,5.208,6.75,1.542,4.417
2012-12-16,3.333,4.667,1.333,3.042
2012-12-17,2.042,2.917,0.875,3.333
2012-12-18,2.542,3.792,1.25,2.333
2012-12-19,1.625,2.958,1.333,2.5
2012-12-20,2.042,3.458,1.417,2.667
2012-12-21,5.958,8.208,2.25,2.708
2012-12-22,5.875,8.333,2.458,3.75
2012-12-23,2.125,3.458,1.333,2.083
2012-12-24,4.75,7.167,2.417,2.125
2012-12-25,5.13,7.348,2.217,2.391
2012-12-26,1.708,2.625,0.917,4.0
2012-12-27,2.167,3.292,1.125,3.0
2012-12-28,4.958,6.542,1.583,2.833
2012-12-29,3.875,5.292,1.417,2.667
2012-12-30,2.958,4.5,1.542,2.625
2012-12-31,1.5,3.083,1.583,5.125
2013-01-01,1.875,3.333,1.458,3.292
2013-01-02,0.667,1.833,1.167,2.625
2013-01-03,1.333,2.458,1.125,2.333
2013-01-04,0.625,1.708,1.083,2.417
2013-01-05,1.875,3.167,1.292,2.083
2013-01-06,2.458,3.875,1.417,2.083
2013-01-07,5.955,8.864,2.826,2.087
2013-01-08,3.833,4.75,0.917,3.333
2013-01-09,1.667,2.042,0.375,3.0
2013-01-10,1.542,2.208,0.667,2.583
2013-01-11,1.208,1.625,0.417,2.958
2013-01-12,2.875,3.583,0.708,3.0
2013-01-13,1.875,2.458,0.583,2.292
2013-01-14,3.708,5.5,1.792,2.292
2013-01-15,3.333,4.375,1.042,2.125
2013-01-16,2.783,3.565,0.783,2.75
2013-01-17,5.792,7.75,1.958,2.167
2013-01-18,6.083,7.917,1.833,4.75
2013-01-19,2.542,3.375,0.833,2.208
2013-01-20,4.667,6.167,1.5,2.25
2013-01-21,4.826,6.261,1.435,2.391
2013-01-22,2.708,3.333,0.625,2.75
2013-01-23,4.391,5.522,1.13,2.565
2013-01-24,9.208,11.292,2.083,3.875
2013-01-25,5.042,6.458,1.417,6.958
2013-01-26,3.958,4.833,0.875,3.917
2013-01-27,2.25,3.417,1.167,3.0
2013-01-28,3.125,4.292,1.167,3.875
2013-01-29,2.375,3.708,1.333,3.167
2013-01-30,8.75,11.5,2.75,4.625
2013-01-31,2.208,3.667,1.458,3.917
2013-02-01,1.458,2.708,1.25,2.917
2013-02-02,5.5,7.375,1.875,3.208
2013-02-03,1.042,2.125,1.083,2.542
2013-02-04,2.955,4.364,1.409,2.696
2013-02-05,2.75,3.833,1.083,2.042
2013-02-06,1.958,2.542,0.583,2.375
2013-02-07,4.833,5.875,1.042,2.708
2013-02-08,6.5,8.0,1.5,3.375
2013-02-09,3.5,4.375,0.875,3.875
2013-02-10,4.375,5.708,1.333,2.167
2013-02-11,2.958,4.083,1.125,2.083
2013-02-12,3.792,5.208,1.417,2.083
2013-02-13,2.833,4.417,1.583,2.0
2013-02-14,2.458,3.708,1.25,2.5
2013-02-15,3.958,5.333,1.375,2.458
2013-02-16,1.292,2.333,1.042,2.0
2013-02-17,1.208,2.292,1.083,3.417
2013-02-18,1.478,2.261,0.783,4.087
2013-02-19,2.125,3.292,1.167,2.292
2013-02-20,4.25,5.792,1.542,2.292
2013-02-21,4.833,6.792,1.958,2.417
2013-02-22,3.667,5.417,1.75,2.042
2013-02-23,3.125,4.875,1.75,2.125
2013-02-24,2.875,5.083,2.208,2.417
2013-02-25,6.542,9.167,2.625,3.5
2013-02-26,7.75,11.042,3.292,3.292
2013-02-27,16.042,21.583,5.542,7.25
2013-02-28,5.0,7.542,2.542,4.0
2013-03-01,3.667,6.292,2.625,3.0
2013-03-02,2.708,4.875,2.167,2.875
2013-03-03,3.25,5.5,2.25,3.0
2013-03-04,2.565,3.739,1.174,3.0
2013-03-05,15.917,20.875,4.958,3.75
2013-03-06,1.25,1.667,0.417,2.25
2013-03-07,1.792,2.792,1.0,2.167
2013-03-08,1.833,2.917,1.083,2.0
2013-03-09,3.333,4.5,1.167,3.0
2013-03-10,3.708,5.333,1.625,2.333
2013-03-11,4.125,5.708,1.583,2.083
2013-03-12,6.25,8.5,2.25,3.167
2013-03-13,5.583,7.542,1.958,2.625
2013-03-14,1.042,2.083,1.042,2.0
2013-03-15,3.75,5.542,1.792,2.167
2013-03-16,3.583,5.125,1.542,2.958
2013-03-17,5.609,7.609,2.0,3.043
2013-03-18,7.208,7.958,0.75,3.458
2013-03-19,2.25,2.542,0.292,2.542
2013-03-20,3.208,3.917,0.708,2.792
2013-03-21,1.25,1.417,0.167,2.083
2013-03-22,2.5,3.083,0.583,2.167
2013-03-23,2.292,2.708,0.417,2.083
2013-03-24,4.167,5.5,1.333,3.292
2013-03-25,7.25,8.792,1.542,3.667
2013-03-26,6.958,9.167,2.208,5.875
2013-03-27,6.833,8.708,1.875,3.708
2013-03-28,3.875,5.292,1.417,5.125
2013-03-29,3.042,4.417,1.375,4.417
2013-03-30,3.708,4.625,0.917,2.667
2013-03-31,1.917,3.042,1.125,2.792
2013-04-01,2.375,4.167,1.792,2.875
2013-04-02,6.609,8.435,1.826,2.478
2013-04-03,9.458,10.958,1.5,3.5
2013-04-04,4.5,5.292,0.792,3.667
2013-04-05,5.625,9.167,3.542,3.042
2013-04-06,6.083,6.958,0.875,3.042
2013-04-07,3.333,3.708,0.375,1.917
2013-04-08,1.478,1.739,0.261,2.0
2013-04-09,2.958,3.458,0.5,3.292
2013-04-10,2.208,2.75,0.542,2.417
2013-04-11,3.292,4.042,0.75,2.125
2013-04-12,2.375,3.292,0.917,2.208
2013-04-13,2.833,3.833,1.0,2.333
2013-04-14,4.083,5.167,1.083,3.667
2013-04-15,2.375,3.542,1.167,2.125
2013-04-16,2.783,3.609,0.826,2.522
2013-04-17,3.458,4.167,0.708,1.833
2013-04-18,3.783,4.696,0.913,2.391
2013-04-19,2.958,3.542,0.583,1.75
2013-04-20,4.0,4.958,0.958,2.0
2013-04-21,3.042,3.917,0.875,2.875
2013-04-22,2.5,3.083,0.583,2.708
2013-04-23,2.75,3.417,0.667,3.667
2013-04-24,4.792,5.75,0.958,3.417
2013-04-25,2.043,2.609,0.565,1.75
2013-04-26,5.542,7.0,1.458,3.167
2013-04-27,2.25,3.083,0.833,2.333
2013-04-28,0.833,1.542,0.708,1.708
2013-04-29,1.208,2.042,0.833,1.75
2013-04-30,4.348,5.348,1.0,2.0
2013-05-01,5.292,6.375,1.083,1.917
2013-05-02,1.292,1.542,0.25,1.792
2013-05-03,2.25,2.792,0.542,1.625
2013-05-04,6.042,7.542,1.5,2.125
2013-05-05,13.708,18.083,4.375,4.292
2013-05-06,6.125,7.458,1.333,2.042
2013-05-07,0.833,1.333,0.5,2.333
2013-05-08,2.917,4.125,1.208,2.833
2013-05-09,4.375,5.792,1.417,2.875
2013-05-10,5.208,7.375,2.167,3.375
2013-05-11,2.75,4.0,1.25,1.667
2013-05-12,5.208,7.292,2.083,2.833
2013-05-13,5.375,7.333,1.958,3.125
2013-05-14,6.826,8.565,1.739,3.391
2013-05-15,5.542,6.875,1.333,2.583
2013-05-16,2.333,3.042,0.708,2.792
2013-05-17,3.708,4.958,1.25,3.125
2013-05-18,3.417,4.292,0.875,2.958
2013-05-19,5.667,7.5,1.833,3.375
2013-05-20,7.783,9.913,2.13,2.083
2013-05-21,4.542,5.75,1.208,2.792
2013-05-22,5.625,7.25,1.625,3.625
2013-05-23,2.792,4.083,1.292,2.333
2013-05-24,2.917,4.5,1.583,2.458
2013-05-25,8.125,11.208,3.083,3.208
2013-05-26,2.958,4.667,1.708,2.333
2013-05-27,5.25,7.5,2.25,2.667
2013-05-28,5.739,7.739,2.0,3.261
2013-05-29,4.458,5.583,1.125,2.667
2013-05-30,3.167,3.833,0.667,3.083
2013-05-31,3.25,4.25,1.0,4.375
2013-06-01,5.667,7.458,1.792,4.125
2013-06-02,5.083,6.167,1.083,3.167
2013-06-03,5.25,6.833,1.583,4.667
2013-06-04,1.583,2.792,1.208,2.792
2013-06-05,4.458,6.125,1.667,2.917
2013-06-06,5.875,8.542,2.667,4.208
2013-06-07,4.875,6.75,1.875,4.292
2013-06-08,3.792,5.708,1.917,5.042
2013-06-09,2.25,3.875,1.625,4.542
2013-06-10,3.875,5.542,1.667,4.75
2013-06-11,6.739,9.043,2.304,5.739
2013-06-12,3.583,4.833,1.25,3.375
2013-06-13,6.6,8.9,2.3,3.292
2013-06-14,7.708,10.625,2.917,2.667
2013-06-15,5.083,6.333,1.25,2.958
2013-06-16,6.542,8.333,1.792,3.5
2013-06-17,9.333,11.75,2.417,3.083
2013-06-18,4.875,7.292,2.417,3.2
2013-06-19,6.167,8.667,2.5,3.375
2013-06-20,3.0,4.87,1.87,3.042
2013-06-21,3.208,5.417,2.208,3.208
2013-06-22,2.958,4.75,1.792,3.25
2013-06-23,2.25,3.667,1.417,3.167
2013-06-24,2.208,3.25,1.042,3.292
2013-06-25,10.348,13.217,2.87,4.652
2013-06-26,6.792,8.375,1.583,4.0
2013-06-27,4.292,5.542,1.25,3.375
2013-06-28,2.458,3.583,1.125,4.125
2013-06-29,3.5,5.0,1.5,4.083
2013-06-30,3.958,5.333,1.375,3.958
2013-07-01,7.75,10.458,2.708,4.0
2013-07-02,6.75,8.25,1.5,5.083
2013-07-03,2.458,3.375,0.917,2.958
2013-07-04,6.375,8.917,2.542,3.25
2013-07-05,6.75,9.958,3.208,2.958
2013-07-06,5.667,8.375,2.708,4.083
2013-07-07,2.042,3.333,1.292,3.917
2013-07-08,3.792,5.208,1.417,4.042
2013-07-09,7.609,9.565,1.957,3.609
2013-07-10,4.167,5.208,1.042,2.333
2013-07-11,5.458,6.958,1.5,2.667
2013-07-12,7.25,9.417,2.167,3.875
2013-07-13,3.0,4.125,1.125,3.375
2013-07-14,3.208,4.583,1.375,3.417
2013-07-15,3.042,4.292,1.25,4.0
2013-07-16,5.667,7.375,1.708,5.417
2013-07-17,1.917,3.208,1.292,3.5
2013-07-18,1.565,2.696,1.13,2.75
2013-07-19,3.5,5.167,1.667,2.75
2013-07-20,4.375,6.25,1.875,3.917
2013-07-21,4.083,6.583,2.5,3.167
2013-07-22,3.333,5.292,1.958,2.417
2013-07-23,4.174,6.174,2.0,3.043
2013-07-24,2.083,2.875,0.792,2.125
2013-07-25,1.542,2.0,0.458,1.958
2013-07-26,1.542,2.292,0.75,2.042
2013-07-27,1.375,2.583,1.208,2.0
2013-07-28,1.875,3.0,1.125,2.0
2013-07-29,4.5,7.042,2.542,2.0
2013-07-30,6.833,10.208,3.375,2.458
2013-07-31,5.292,8.167,2.875,2.167
2013-08-01,5.13,8.304,3.174,3.522
2013-08-02,5.167,8.583,3.417,4.417
2013-08-03,2.875,4.542,1.667,3.0
2013-08-04,2.083,3.5,1.417,2.542
2013-08-05,4.542,6.458,1.917,2.583
2013-08-06,6.174,8.391,2.217,2.913
2013-08-07,4.875,6.458,1.583,3.125
2013-08-08,6.208,7.958,1.75,2.708
2013-08-09,6.083,7.292,1.208,2.042
2013-08-10,4.458,5.625,1.167,2.5
2013-08-11,2.875,4.083,1.208,2.458
2013-08-12,3.042,4.5,1.458,2.417
2013-08-13,2.783,4.087,1.304,2.542
2013-08-14,5.125,7.083,1.958,3.125
2013-08-15,4.625,6.25,1.625,4.708
2013-08-16,3.542,4.875,1.333,2.958
2013-08-17,3.417,4.792,1.375,2.917
2013-08-18,2.333,3.417,1.083,2.125
2013-08-19,2.875,4.25,1.375,2.5
2013-08-20,3.13,4.435,1.304,2.696
2013-08-21,2.0,2.792,0.792,2.542
2013-08-22,2.917,4.083,1.167,2.625
2013-08-23,5.958,8.042,2.083,4.25
2013-08-24,2.333,3.083,0.75,2.542
2013-08-25,1.208,1.708,0.5,2.542
2013-08-26,1.375,2.167,0.792,2.5
2013-08-27,2.917,4.417,1.5,3.25
2013-08-28,2.25,3.708,1.458,2.625
2013-08-29,3.125,4.667,1.542,2.292
2013-08-30,2.125,3.083,0.958,2.125
2013-08-31,2.167,3.292,1.125,2.167
2013-09-01,3.042,4.5,1.458,2.333
2013-09-02,1.5,2.542,1.042,2.0
2013-09-03,4.304,5.913,1.609,1.87
2013-09-04,6.792,8.792,2.0,1.714
2013-09-05,2.167,3.083,0.917,
2013-09-06,2.5,3.833,1.333,
2013-09-07,4.208,6.292,2.083,
2013-09-08,1.833,3.208,1.375,
2013-09-09,2.625,4.375,1.75,
2013-09-10,4.042,5.958,1.917,3.6
2013-09-11,4.75,7.0,2.25,3.0
2013-09-12,4.087,5.913,1.826,2.5
2013-09-13,2.958,4.708,1.75,2.958
2013-09-14,3.667,5.375,1.708,2.458
2013-09-15,4.958,6.708,1.75,3.333
2013-09-16,3.125,4.625,1.5,2.125
2013-09-17,2.087,3.304,1.217,2.348
2013-09-18,1.875,2.792,0.917,2.292
2013-09-19,3.292,4.375,1.083,2.208
2013-09-20,3.625,4.625,1.0,2.75
2013-09-21,3.083,3.917,0.833,2.75
2013-09-22,0.75,0.958,0.208,2.375
2013-09-23,2.542,3.375,0.833,2.792
2013-09-24,4.875,6.083,1.208,3.0
2013-09-25,4.208,5.042,0.833,1.583
2013-09-26,1.458,2.0,0.542,2.042
2013-09-27,3.25,4.417,1.167,1.833
2013-09-28,3.333,4.667,1.333,2.667
2013-09-29,3.333,4.458,1.125,2.875
2013-09-30,4.333,6.0,1.667,2.0
2013-10-01,5.652,7.435,1.783,1.826
2013-10-02,5.542,7.042,1.5,3.042
2013-10-03,1.5,2.083,0.583,2.333
2013-10-04,2.708,3.5,0.792,2.042
2013-10-05,4.917,6.542,1.625,3.417
2013-10-06,2.917,4.25,1.333,2.833
2013-10-07,1.708,2.708,1.0,1.833
2013-10-08,3.333,4.75,1.417,2.75
2013-10-09,6.292,8.458,2.167,2.542
2013-10-10,3.167,4.708,1.542,2.042
2013-10-11,3.458,4.542,1.083,2.083
2013-10-12,1.125,2.375,1.25,2.167
2013-10-13,1.0,2.0,1.0,1.458
2013-10-14,3.333,4.75,1.417,2.75
2013-10-15,0.957,1.87,0.913,2.0
2013-10-16,0.958,1.958,1.0,1.083
2013-10-17,2.792,4.167,1.375,1.417
2013-10-18,3.833,5.25,1.417,1.875
2013-10-19,3.875,5.292,1.417,2.667
2013-10-20,1.5,2.417,0.917,1.625
2013-10-21,4.208,5.833,1.625,2.167
2013-10-22,5.375,6.958,1.583,2.125
2013-10-23,3.955,5.545,1.591,2.833
2013-10-24,2.25,3.375,1.125,1.792
2013-10-25,2.958,4.208,1.25,1.167
2013-10-26,2.708,4.125,1.417,1.75
2013-10-27,1.708,2.75,1.042,1.292
2013-10-28,4.625,6.375,1.75,1.417
2013-10-29,4.826,6.913,2.087,2.435
2013-10-30,0.292,0.708,0.417,3.167
2013-10-31,0.125,0.417,0.292,3.042
2013-11-01,0.083,0.208,0.125,2.208
2013-11-02,0.042,0.208,0.167,1.875
2013-11-03,0.083,0.292,0.208,1.875
2013-11-04,0.0,0.125,0.125,1.833
2013-11-05,0.375,1.0,0.625,1.875
2013-11-06,0.292,0.75,0.458,1.958
2013-11-07,0.333,0.833,0.5,2.458
2013-11-08,0.0,0.042,0.042,1.25
2013-11-09,0.042,0.292,0.25,1.792
2013-11-10,0.0,0.042,0.042,2.25
2013-11-11,0.0,0.0,0.0,1.5
2013-11-12,2.087,2.522,0.435,1.5
2013-11-13,4.625,5.708,1.083,1.5
2013-11-14,5.5,7.0,1.5,1.917
2013-11-15,6.625,7.875,1.25,2.625
2013-11-16,5.167,6.625,1.458,3.167
2013-11-17,3.333,4.375,1.042,2.417
2013-11-18,3.667,4.5,0.833,2.167
2013-11-19,3.75,5.042,1.292,1.958
2013-11-20,2.542,3.542,1.0,1.583
2013-11-21,2.304,3.217,0.913,1.125
2013-11-22,3.792,5.167,1.375,1.25
2013-11-23,3.167,4.375,1.208,1.5
2013-11-24,2.5,3.875,1.375,2.125
2013-11-25,2.375,3.458,1.083,1.917
2013-11-26,1.087,1.957,0.87,2.87
2013-11-27,3.042,4.333,1.292,1.958
2013-11-28,4.208,5.833,1.625,2.0
2013-11-29,2.25,3.625,1.375,1.958
2013-11-30,2.167,3.708,1.542,1.875
2013-12-01,1.333,2.667,1.333,2.0
2013-12-02,2.333,3.708,1.375,2.0
2013-12-03,4.125,5.958,1.833,2.083
2013-12-04,10.333,13.583,3.25,3.25
2013-12-05,3.917,5.667,1.75,2.125
2013-12-06,2.375,4.0,1.625,1.958
2013-12-07,1.833,3.375,1.542,2.292
2013-12-08,1.792,3.333,1.542,2.0
2013-12-09,4.083,5.917,1.833,2.458
2013-12-10,4.565,5.913,1.348,2.261
2013-12-11,1.417,2.042,0.625,1.875
2013-12-12,1.375,1.583,0.208,2.0
2013-12-13,2.833,3.708,0.875,2.25
2013-12-14,1.375,1.667,0.292,2.583
2013-12-15,1.0,1.292,0.292,2.042
2013-12-16,2.917,3.875,0.958,1.583
2013-12-17,4.875,6.375,1.5,1.833
2013-12-18,2.958,3.75,0.792,2.0
2013-12-19,7.5,9.708,2.208,3.583
2013-12-20,3.458,4.5,1.042,2.542
2013-12-21,1.25,1.708,0.458,2.0
2013-12-22,2.542,3.417,0.875,2.0
2013-12-23,3.125,4.333,1.208,2.0
2013-12-24,4.391,5.913,1.522,2.0
2013-12-25,4.167,4.958,0.792,2.0
2013-12-26,4.542,5.375,0.833,2.417
2013-12-27,1.542,2.208,0.667,1.875
2013-12-28,0.833,0.875,0.042,1.875
2013-12-29,1.333,1.875,0.542,2.083
2013-12-30,1.792,2.667,0.875,2.708
2013-12-31,1.833,2.875,1.042,2.667
2014-01-01,1.333,2.0,0.667,2.292
2014-01-02,0.708,1.625,0.917,2.0
2014-01-03,1.042,2.25,1.208,2.0
2014-01-04,2.042,3.25,1.208,3.208
2014-01-05,4.542,6.583,2.042,3.083
2014-01-06,3.522,4.435,0.913,3.609
2014-01-07,1.0,1.583,0.583,2.417
2014-01-08,1.417,1.917,0.5,1.708
2014-01-09,2.083,2.542,0.458,1.542
2014-01-10,1.917,2.458,0.542,1.792
2014-01-11,1.542,1.792,0.25,1.75
2014-01-12,0.792,0.958,0.167,1.208
2014-01-13,2.333,2.792,0.458,1.708
2014-01-14,5.292,7.542,2.25,2.542
2014-01-15,6.708,8.542,1.833,3.625
2014-01-16,2.292,3.333,1.042,2.0
2014-01-17,1.125,1.958,0.833,1.958
2014-01-18,1.5,2.583,1.083,2.0
2014-01-19,3.125,4.667,1.542,2.5
2014-01-20,2.174,3.174,1.0,2.0
2014-01-21,6.5,8.0,1.5,2.083
2014-01-22,4.417,5.167,0.75,2.5
2014-01-23,1.042,1.042,0.0,1.75
2014-01-24,3.5,4.667,1.167,1.792
2014-01-25,2.958,3.667,0.708,2.0
2014-01-26,4.875,6.292,1.417,3.042
2014-01-27,1.75,2.375,0.625,2.458
2014-01-28,1.708,2.708,1.0,2.417
2014-01-29,2.75,4.583,1.833,2.042
2014-01-30,5.458,7.417,1.958,2.958
2014-01-31,0.792,1.875,1.083,1.917
2014-02-01,0.792,1.708,0.917,1.833
2014-02-02,0.917,1.917,1.0,1.875
2014-02-03,0.955,1.773,0.818,1.87
2014-02-04,1.625,2.083,0.458,1.958
2014-02-05,6.583,8.542,1.958,3.167
2014-02-06,4.292,5.708,1.417,2.083
2014-02-07,3.875,4.708,0.833,2.333
2014-02-08,3.667,4.208,0.542,2.417
2014-02-09,1.667,2.917,1.25,2.5
2014-02-10,2.625,4.042,1.417,2.292
2014-02-11,6.083,8.083,2.0,2.292
2014-02-12,5.25,7.125,1.875,2.333
2014-02-13,2.167,3.208,1.042,2.375
2014-02-14,1.583,2.708,1.125,1.958
2014-02-15,1.083,2.0,0.917,1.875
2014-02-16,1.609,2.739,1.13,1.391
2014-02-17,4.435,6.043,1.609,2.217
2014-02-18,2.125,2.167,0.042,2.0
2014-02-19,4.417,5.417,1.0,2.083
2014-02-20,3.458,4.292,0.833,2.125
2014-02-21,3.708,4.458,0.75,2.333
2014-02-22,2.875,3.458,0.583,2.083
2014-02-23,2.542,3.792,1.25,2.25
2014-02-24,2.667,3.625,0.958,2.5
2014-02-25,2.625,3.75,1.125,2.0
2014-02-26,3.042,4.208,1.167,2.208
2014-02-27,1.917,2.792,0.875,1.75
2014-02-28,1.417,2.167,0.75,1.917
2014-03-01,6.583,8.208,1.625,2.208
2014-03-02,2.333,3.375,1.042,1.958
2014-03-03,3.087,4.087,1.0,2.435
2014-03-04,3.583,4.208,0.625,1.875
2014-03-05,1.917,2.083,0.167,1.833
2014-03-06,4.417,5.833,1.417,2.5
2014-03-07,1.875,2.292,0.417,1.708
2014-03-08,4.542,5.542,1.0,2.167
2014-03-09,4.958,6.167,1.208,2.083
2014-03-10,3.875,5.25,1.375,1.208
2014-03-11,1.167,2.417,1.25,1.542
2014-03-12,1.5,3.167,1.667,1.667
2014-03-13,4.417,6.375,1.958,1.5
2014-03-14,4.833,7.042,2.208,1.583
2014-03-15,3.708,5.125,1.417,1.833
2014-03-16,6.25,8.333,2.083,2.542
2014-03-17,8.043,10.652,2.609,3.591
2014-03-18,3.75,4.708,0.958,2.708
2014-03-19,6.583,8.292,1.708,3.5
2014-03-20,6.833,8.083,1.25,2.875
2014-03-21,6.208,8.667,2.458,3.417
2014-03-22,2.375,2.958,0.583,2.5
2014-03-23,2.083,2.792,0.708,2.0
2014-03-24,1.583,2.167,0.583,1.583
2014-03-25,1.625,1.917,0.292,1.542
2014-03-26,4.833,6.417,1.583,2.083
2014-03-27,4.167,5.25,1.083,3.208
2014-03-28,2.417,3.0,0.583,4.167
2014-03-29,2.375,2.917,0.542,4.875
2014-03-30,4.042,5.125,1.083,3.917
2014-03-31,2.708,3.458,0.75,2.958
2014-04-01,3.435,4.522,1.087,3.0
2014-04-02,12.333,15.083,2.75,4.792
2014-04-03,7.25,8.75,1.5,3.0
2014-04-04,3.208,3.5,0.292,2.0
2014-04-05,1.417,1.958,0.542,2.0
2014-04-06,2.292,3.208,0.917,2.0
2014-04-07,3.5,4.708,1.208,3.125
2014-04-08,4.083,5.833,1.75,3.417
2014-04-09,5.042,6.875,1.833,3.542
2014-04-10,2.375,3.542,1.167,2.333
2014-04-11,1.958,3.25,1.292,2.042
2014-04-12,4.25,7.083,2.833,2.542
2014-04-13,1.917,3.458,1.542,2.458
2014-04-14,3.708,6.0,2.292,2.875
2014-04-15,3.565,4.739,1.174,2.478
2014-04-16,2.5,2.958,0.458,2.875
2014-04-17,3.25,4.25,1.0,2.792
2014-04-18,3.458,4.292,0.833,2.5
2014-04-19,2.042,2.375,0.333,2.292
2014-04-20,3.542,4.667,1.125,2.292
2014-04-21,5.958,7.625,1.667,3.125
2014-04-22,6.292,7.875,1.583,2.792
2014-04-23,4.042,5.458,1.417,3.125
2014-04-24,3.625,4.875,1.25,3.875
2014-04-25,3.458,4.875,1.417,4.625
2014-04-26,6.0,8.0,2.0,5.375
2014-04-27,4.167,5.75,1.583,5.292
2014-04-28,2.087,2.87,0.783,3.391
2014-04-29,9.583,15.75,6.167,5.75
2014-04-30,5.333,9.042,3.708,3.042
2014-05-01,3.833,6.458,2.625,1.792
2014-05-02,7.292,12.458,5.167,3.083
2014-05-03,5.625,10.958,5.333,2.75
2014-05-04,1.583,3.25,1.667,3.0
2014-05-05,2.958,5.125,2.167,3.0
2014-05-06,2.417,4.875,2.458,2.708
2014-05-07,2.417,4.458,2.042,2.208
2014-05-08,5.667,8.958,3.292,4.75
2014-05-09,4.292,7.042,2.75,3.125
2014-05-10,3.292,5.583,2.292,3.333
2014-05-11,4.125,6.917,2.792,3.792
2014-05-12,6.042,9.667,3.625,3.958
2014-05-13,3.522,5.304,1.783,2.957
2014-05-14,2.25,3.625,1.375,3.625
2014-05-15,7.5,11.958,4.458,4.458
2014-05-16,1.833,3.542,1.708,2.458
2014-05-17,0.708,2.125,1.417,2.333
2014-05-18,1.25,3.208,1.958,2.708
2014-05-19,3.542,7.5,3.958,2.75
2014-05-20,8.083,14.542,6.458,3.083
2014-05-21,5.917,10.458,4.542,2.333
2014-05-22,5.625,9.833,4.208,3.375
2014-05-23,5.042,9.083,4.042,3.375
2014-05-24,2.208,4.542,2.333,2.167
2014-05-25,2.667,5.25,2.583,3.458
2014-05-26,1.667,3.5,1.833,2.375
2014-05-27,5.522,8.043,2.522,2.87
2014-05-28,3.833,4.583,0.75,2.167
2014-05-29,9.125,11.0,1.875,3.083
2014-05-30,13.625,16.917,3.292,6.292
2014-05-31,2.292,2.667,0.375,4.583
2014-06-01,2.458,3.208,0.75,4.583
2014-06-02,7.208,9.708,2.5,4.875
2014-06-03,6.042,7.833,1.792,6.5
2014-06-04,5.75,7.917,2.167,5.042
2014-06-05,3.083,4.583,1.5,4.958
2014-06-06,2.708,3.917,1.208,3.5
2014-06-07,0.792,1.667,0.875,2.458
2014-06-08,2.625,4.083,1.458,2.0
2014-06-09,5.583,8.25,2.667,2.042
2014-06-10,5.391,7.957,2.565,2.217
2014-06-11,7.083,9.917,2.833,1.792
2014-06-12,4.375,6.125,1.75,1.875
2014-06-13,4.083,5.458,1.375,1.708
2014-06-14,1.792,2.583,0.792,1.708
2014-06-15,3.542,5.5,1.958,2.375
2014-06-16,8.792,12.208,3.417,3.042
2014-06-17,7.417,9.667,2.25,2.333
2014-06-18,4.292,6.042,1.75,2.417
2014-06-19,4.208,6.083,1.875,2.708
2014-06-20,1.333,2.75,1.417,2.792
2014-06-21,2.375,3.917,1.542,2.917
2014-06-22,4.208,6.417,2.208,4.417
2014-06-23,3.333,6.042,2.708,4.476
2014-06-24,4.13,5.522,1.391,3.565
2014-06-25,3.208,4.208,1.0,3.375
2014-06-26,5.0,6.542,1.542,5.917
2014-06-27,4.417,5.708,1.292,4.833
2014-06-28,3.042,4.458,1.417,3.042
2014-06-29,0.667,1.458,0.792,2.833
2014-06-30,3.0,4.792,1.792,3.125
2014-07-01,3.875,6.0,2.125,2.833
2014-07-02,2.375,3.75,1.375,2.458
2014-07-03,7.053,9.368,2.316,3.458
2014-07-04,3.583,5.208,1.625,3.25
2014-07-05,4.5,6.5,2.0,4.167
2014-07-06,3.625,5.208,1.583,4.25
2014-07-07,5.333,7.25,1.917,4.5
2014-07-08,6.522,9.391,2.87,5.043
2014-07-09,6.708,8.958,2.25,3.5
2014-07-10,4.708,6.167,1.458,2.667
2014-07-11,3.083,4.333,1.25,2.833
2014-07-12,1.5,2.375,0.875,2.583
2014-07-13,3.833,5.292,1.458,4.083
2014-07-14,4.125,5.333,1.208,3.833
2014-07-15,3.0,4.042,1.042,3.375
2014-07-16,2.667,3.75,1.083,2.958
2014-07-17,3.5,4.958,1.458,3.042
2014-07-18,3.292,4.542,1.25,3.625
2014-07-19,1.083,2.083,1.0,3.0
2014-07-20,0.875,1.875,1.0,2.708
2014-07-21,1.417,2.625,1.208,2.625
2014-07-22,6.957,9.261,2.304,2.957
2014-07-23,6.292,8.458,2.167,2.542
2014-07-24,2.792,4.208,1.417,2.417
2014-07-25,2.875,4.083,1.208,3.5
2014-07-26,4.292,5.75,1.458,3.375
2014-07-27,1.75,2.875,1.125,2.125
2014-07-28,2.25,3.708,1.458,2.875
2014-07-29,3.833,6.167,2.333,3.625
2014-07-30,4.375,6.458,2.083,3.958
2014-07-31,4.542,6.5,1.958,3.708
2014-08-01,2.917,4.458,1.542,3.125
2014-08-02,2.208,3.583,1.375,2.917
2014-08-03,2.542,3.917,1.375,3.667
2014-08-04,7.833,12.083,4.25,4.458
2014-08-05,4.87,6.435,1.565,1.609
2014-08-06,6.542,8.833,2.292,2.083
2014-08-07,7.667,10.667,3.0,2.667
2014-08-08,4.125,6.0,1.875,2.458
2014-08-09,2.833,4.833,2.0,2.75
2014-08-10,1.417,3.125,1.708,2.333
2014-08-11,1.708,3.875,2.167,2.25
2014-08-12,2.083,3.958,1.875,2.542
2014-08-13,1.917,3.792,1.875,2.375
2014-08-14,1.542,3.042,1.5,2.083
2014-08-15,3.125,5.375,2.25,2.875
2014-08-16,2.417,4.417,2.0,2.958
2014-08-17,1.333,2.958,1.625,2.167
2014-08-18,2.542,4.333,1.792,2.0
2014-08-19,4.478,6.652,2.174,1.478
2014-08-20,2.833,4.208,1.375,1.667
2014-08-21,2.833,4.25,1.417,2.25
2014-08-22,5.083,7.5,2.417,1.458
2014-08-23,3.0,4.625,1.625,1.875
2014-08-24,2.083,3.458,1.375,1.875
2014-08-25,3.375,5.417,2.042,2.125
2014-08-26,1.875,3.417,1.542,2.083
2014-08-27,3.083,4.708,1.625,2.583
2014-08-28,2.875,4.333,1.458,2.375
2014-08-29,3.042,4.792,1.75,2.417
2014-08-30,2.042,3.375,1.333,2.125
2014-08-31,2.542,3.917,1.375,2.5
2014-09-01,2.958,4.292,1.333,2.583
2014-09-02,2.565,3.435,0.87,2.087
2014-09-03,3.333,4.167,0.833,2.042
2014-09-04,1.167,1.292,0.125,1.625
2014-09-05,4.875,5.875,1.0,2.375
2014-09-06,1.583,1.958,0.375,1.958
2014-09-07,1.25,1.417,0.167,1.75
2014-09-08,2.5,3.458,0.958,1.833
2014-09-09,2.958,4.167,1.208,2.25
2014-09-10,2.542,3.542,1.0,2.917
2014-09-11,3.0,4.125,1.125,2.167
2014-09-12,2.958,4.25,1.292,2.292
2014-09-13,1.208,1.792,0.583,2.042
2014-09-14,2.208,3.0,0.792,2.333
2014-09-15,3.5,4.708,1.208,3.167
2014-09-16,3.565,4.609,1.043,2.652
2014-09-17,2.083,2.833,0.75,1.917
2014-09-18,2.042,2.625,0.583,1.5
2014-09-19,2.75,3.583,0.833,1.75
2014-09-20,2.625,3.458,0.833,1.875
2014-09-21,1.792,2.25,0.458,1.958
2014-09-22,2.625,3.542,0.917,2.125
2014-09-23,2.542,3.333,0.792,1.917
2014-09-24,6.625,8.333,1.708,2.875
2014-09-25,2.833,3.875,1.042,3.125
2014-09-26,0.917,1.5,0.583,2.792
2014-09-27,2.083,3.0,0.917,2.625
2014-09-28,2.292,3.333,1.042,2.583
2014-09-29,5.087,6.609,1.522,3.348
2014-09-30,2.583,3.292,0.708,1.917
2014-10-01,2.542,3.417,0.875,2.333
2014-10-02,4.25,5.167,0.917,2.417
2014-10-03,6.417,8.167,1.75,2.542
2014-10-04,2.25,3.0,0.75,1.917
2014-10-05,1.542,2.292,0.75,2.0
2014-10-06,4.0,5.667,1.667,1.792
2014-10-07,3.333,4.708,1.375,2.0
2014-10-08,2.875,3.958,1.083,1.875
2014-10-09,4.708,6.25,1.542,2.667
2014-10-10,2.0,3.042,1.042,1.958
2014-10-11,2.292,3.542,1.25,1.833
2014-10-12,3.375,4.5,1.125,2.292
2014-10-13,2.292,3.25,0.958,1.708
2014-10-14,1.043,1.304,0.261,1.043
2014-10-15,2.875,3.583,0.708,1.75
2014-10-16,2.417,2.792,0.375,2.0
2014-10-17,3.083,3.5,0.417,1.708
2014-10-18,2.875,3.625,0.75,2.208
2014-10-19,4.625,5.75,1.125,2.667
2014-10-20,5.917,7.292,1.375,3.458
2014-10-21,3.708,5.0,1.292,1.792
2014-10-22,2.524,3.762,1.238,2.042
2014-10-23,5.417,7.458,2.042,2.042
2014-10-24,5.417,7.542,2.125,2.125
2014-10-25,7.417,9.708,2.292,2.583
2014-10-26,5.375,7.292,1.917,3.75
2014-10-27,1.792,2.792,1.0,1.875
2014-10-28,1.043,1.783,0.739,1.043
2014-10-29,1.875,2.125,0.25,1.292
2014-10-30,5.792,7.292,1.5,1.708
2014-10-31,6.583,8.208,1.625,1.875
2014-11-01,6.042,7.875,1.833,4.0
2014-11-02,4.333,5.25,0.917,3.375
2014-11-03,1.083,1.958,0.875,1.333
2014-11-04,2.667,3.833,1.167,1.875
2014-11-05,9.292,12.5,3.208,2.875
2014-11-06,6.792,9.458,2.667,2.5
2014-11-07,1.417,2.208,0.792,1.917
2014-11-08,2.167,3.375,1.208,1.958
2014-11-09,5.5,7.458,1.958,2.042
2014-11-10,3.375,4.75,1.375,1.458
2014-11-11,7.739,10.174,2.435,2.318
2014-11-12,5.167,6.167,1.0,2.042
2014-11-13,1.042,1.75,0.708,1.958
2014-11-14,1.333,2.125,0.792,2.0
2014-11-15,1.875,2.542,0.667,
2014-11-16,1.917,2.167,0.25,
2014-11-17,6.417,8.083,1.667,
2014-11-18,3.667,4.875,1.208,2.0
2014-11-19,2.75,3.417,0.667,1.917
2014-11-20,7.5,9.458,1.958,2.125
2014-11-21,11.833,14.833,3.0,3.5
2014-11-22,6.542,8.625,2.083,2.542
2014-11-23,1.583,2.25,0.667,2.0
2014-11-24,5.333,7.208,1.875,2.208
2014-11-25,1.913,2.478,0.565,2.565
2014-11-26,1.958,2.292,0.333,2.375
2014-11-27,4.75,6.042,1.292,1.75
2014-11-28,5.125,6.542,1.417,2.167
2014-11-29,4.375,5.333,0.958,2.458
2014-11-30,5.042,6.042,1.0,2.583
2014-12-01,1.25,1.542,0.292,1.333
2014-12-02,0.958,1.5,0.542,2.042
2014-12-03,1.083,2.125,1.042,2.0
2014-12-04,3.167,4.292,1.125,2.208
2014-12-05,2.333,3.292,0.958,2.083
2014-12-06,1.25,1.708,0.458,2.0
2014-12-07,2.417,3.042,0.625,1.75
2014-12-08,6.917,8.917,2.0,1.792
2014-12-09,3.348,4.304,0.957,1.913
2014-12-10,4.708,5.833,1.125,2.208
2014-12-11,3.417,4.375,0.958,3.0
2014-12-12,1.417,1.875,0.458,2.417
2014-12-13,1.042,1.458,0.417,2.583
2014-12-14,1.25,1.875,0.625,2.167
2014-12-15,4.958,7.0,2.042,1.917
2014-12-16,3.875,5.125,1.25,2.292
2014-12-17,1.5,2.875,1.375,2.042
2014-12-18,1.0,1.958,0.958,1.167
2014-12-19,3.375,5.417,2.042,1.667
2014-12-20,5.208,6.917,1.708,3.333
2014-12-21,1.083,2.542,1.458,2.375
2014-12-22,1.348,2.435,1.087,2.0
2014-12-23,1.5,2.042,0.542,2.0
2014-12-24,4.958,6.083,1.125,2.375
2014-12-25,1.875,2.417,0.542,2.208
2014-12-26,2.917,3.833,0.917,2.167
2014-12-27,4.875,6.208,1.333,2.042
2014-12-28,4.625,6.542,1.917,2.0
2014-12-29,2.625,3.417,0.792,4.9
2014-12-30,2.25,2.875,0.625,4.042
2014-12-31,1.208,1.833,0.625,2.333
2015-01-01,1.458,2.292,0.833,2.0
2015-01-02,3.167,4.458,1.292,3.833
2015-01-03,1.167,2.208,1.042,2.792
2015-01-04,0.957,1.696,0.739,2.043
2015-01-05,0.917,1.167,0.25,2.417
2015-01-06,1.75,2.25,0.5,2.042
2015-01-07,1.5,1.875,0.375,2.375
2015-01-08,1.375,1.75,0.375,2.083
2015-01-09,1.708,2.042,0.333,2.083
2015-01-10,1.458,1.792,0.333,2.417
2015-01-11,1.042,1.458,0.417,2.0
2015-01-12,1.25,1.958,0.708,2.292
2015-01-13,2.542,3.75,1.208,2.125
2015-01-14,1.667,3.083,1.417,2.167
2015-01-15,2.333,3.875,1.542,2.0
2015-01-16,1.958,3.375,1.417,2.0
2015-01-17,2.833,3.833,1.0,1.917
2015-01-18,2.333,3.208,0.875,2.0
2015-01-19,1.739,2.304,0.565,2.043
2015-01-20,0.833,0.958,0.125,1.958
2015-01-21,2.875,3.292,0.417,1.833
2015-01-22,3.292,3.958,0.667,2.042
2015-01-23,3.333,4.25,0.917,2.042
2015-01-24,2.167,2.458,0.292,2.417
2015-01-25,2.917,4.042,1.125,2.083
2015-01-26,5.083,6.958,1.875,2.0
2015-01-27,1.542,2.292,0.75,3.25
2015-01-28,1.583,2.708,1.125,3.208
2015-01-29,1.25,2.292,1.042,2.375
2015-01-30,2.625,4.083,1.458,2.375
2015-01-31,0.667,1.75,1.083,2.042
2015-02-01,1.125,2.375,1.25,2.417
2015-02-02,1.696,2.696,1.0,2.478
2015-02-03,3.25,4.042,0.792,2.417
2015-02-04,4.125,5.458,1.333,2.042
2015-02-05,1.125,1.333,0.208,2.792
2015-02-06,1.417,1.75,0.333,2.083
2015-02-07,1.458,2.5,1.042,2.333
2015-02-08,3.667,5.458,1.792,2.75
2015-02-09,2.667,4.292,1.625,2.792
2015-02-10,2.083,3.75,1.667,2.5
2015-02-11,3.083,5.125,2.042,2.167
2015-02-12,8.292,12.125,3.833,3.708
2015-02-13,11.333,15.667,4.333,3.5
2015-02-14,7.083,10.375,3.292,1.917
2015-02-15,0.958,2.542,1.583,2.083
2015-02-16,1.565,2.913,1.348,2.174
2015-02-17,2.042,2.708,0.667,2.667
2015-02-18,6.5,8.773,2.273,2.5
2015-02-19,6.375,8.167,1.792,3.083
2015-02-20,4.5,5.792,1.292,3.667
2015-02-21,1.958,2.583,0.625,2.292
2015-02-22,2.208,2.958,0.75,2.583
2015-02-23,3.652,4.913,1.261,2.87
2015-02-24,1.125,1.917,0.792,2.0
2015-02-25,3.25,5.083,1.833,2.0
2015-02-26,3.542,5.333,1.792,2.292
2015-02-27,1.917,3.25,1.333,2.417
2015-02-28,2.583,4.083,1.5,2.75
2015-03-01,1.087,1.87,0.783,2.0
2015-03-02,2.042,2.625,0.583,2.0
2015-03-03,2.458,3.167,0.708,2.708
2015-03-04,4.083,5.125,1.042,2.042
2015-03-05,3.833,5.292,1.458,2.542
2015-03-06,2.083,2.917,0.833,2.0
2015-03-07,2.792,4.292,1.5,1.833
2015-03-08,4.625,6.792,2.167,2.625
2015-03-09,1.375,2.75,1.375,2.458
2015-03-10,3.375,5.083,1.708,2.0
2015-03-11,2.917,4.875,1.958,2.083
2015-03-12,2.0,3.458,1.458,2.0
2015-03-13,3.625,5.167,1.542,2.667
2015-03-14,4.125,6.25,2.125,2.375
2015-03-15,2.19,3.048,0.857,2.524
2015-03-16,3.292,3.833,0.542,2.708
2015-03-17,4.125,4.833,0.708,4.125
2015-03-18,9.0,10.625,1.625,5.417
2015-03-19,6.333,7.583,1.25,2.042
2015-03-20,0.667,0.667,0.0,2.0
2015-03-21,2.167,2.458,0.292,2.0
2015-03-22,2.458,3.083,0.625,2.208
2015-03-23,2.417,3.083,0.667,2.0
2015-03-24,2.833,3.75,0.917,2.0
2015-03-25,3.917,5.125,1.208,2.0
2015-03-26,3.958,5.583,1.625,2.0
2015-03-27,2.208,3.458,1.25,2.458
2015-03-28,2.565,3.348,0.783,2.609
2015-03-29,7.458,9.542,2.083,3.375
2015-03-30,2.917,3.333,0.417,2.417
2015-03-31,3.542,4.458,0.917,2.833
2015-04-01,3.348,3.957,0.609,2.783
2015-04-02,2.875,3.917,1.042,2.833
2015-04-03,4.083,4.958,0.875,2.125
2015-04-04,2.292,2.792,0.5,2.458
2015-04-05,1.083,1.083,0.0,1.625
2015-04-06,2.917,3.542,0.625,1.667
2015-04-07,1.292,1.458,0.167,2.0
2015-04-08,2.708,3.583,0.875,2.25
2015-04-09,2.833,4.125,1.292,2.625
2015-04-10,2.458,3.5,1.042,2.083
2015-04-11,6.25,8.292,2.042,2.042
2015-04-12,2.583,4.125,1.542,2.208
2015-04-13,5.0,7.292,2.292,2.875
2015-04-14,4.174,5.391,1.217,3.043
2015-04-15,5.917,7.0,1.083,1.958
2015-04-16,2.667,3.208,0.542,1.875
2015-04-17,2.5,2.875,0.375,2.125
2015-04-18,5.667,7.292,1.625,4.292
2015-04-19,1.625,1.917,0.292,2.167
2015-04-20,4.417,5.125,0.708,1.708
2015-04-21,1.667,2.0,0.333,1.708
2015-04-22,2.792,3.375,0.583,2.208
2015-04-23,5.542,7.333,1.792,4.042
2015-04-24,3.792,4.708,0.917,3.708
2015-04-25,2.625,3.625,1.0,2.917
2015-04-26,2.167,2.833,0.667,3.417
2015-04-27,2.826,3.348,0.522,4.696
2015-04-28,5.0,5.917,0.917,5.208
2015-04-29,2.833,3.458,0.625,3.0
2015-04-30,9.0,11.583,2.583,2.833
2015-05-01,3.583,4.333,0.75,5.583
2015-05-02,5.542,7.417,1.875,4.875
2015-05-03,2.125,2.625,0.5,3.375
2015-05-04,4.375,5.792,1.417,2.042
2015-05-05,1.458,2.125,0.667,3.167
2015-05-06,2.25,3.375,1.125,3.75
2015-05-07,2.458,3.958,1.5,3.125
2015-05-08,4.417,6.5,2.083,3.5
2015-05-09,1.417,2.5,1.083,2.625
2015-05-10,1.417,2.458,1.042,2.292
2015-05-11,2.625,4.167,1.542,3.083
2015-05-12,8.087,10.13,2.043,2.609
2015-05-13,2.708,3.0,0.292,2.583
2015-05-14,2.958,3.5,0.542,2.833
2015-05-15,1.792,1.917,0.125,1.875
2015-05-16,2.542,2.917,0.375,2.333
2015-05-17,1.292,1.417,0.125,2.208
2015-05-18,5.417,7.083,1.667,3.458
2015-05-19,4.042,4.708,0.667,2.083
2015-05-20,3.167,4.375,1.208,2.167
2015-05-21,3.125,4.292,1.167,2.292
2015-05-22,2.458,3.417,0.958,2.625
2015-05-23,2.042,2.875,0.833,3.792
2015-05-24,2.083,3.083,1.0,3.708
2015-05-25,3.0,4.333,1.333,3.25
2015-05-26,4.435,5.522,1.087,2.739
2015-05-27,3.792,4.667,0.875,3.292
2015-05-28,4.083,5.042,0.958,2.792
2015-05-29,5.167,6.208,1.042,3.792
2015-05-30,3.083,3.792,0.708,2.583
2015-05-31,2.458,3.167,0.708,3.5
2015-06-01,2.625,4.083,1.458,3.833
2015-06-02,2.333,3.333,1.0,4.375
2015-06-03,5.833,7.542,1.708,3.458
2015-06-04,1.208,2.417,1.208,2.042
2015-06-05,1.083,2.083,1.0,2.125
2015-06-06,0.833,1.667,0.833,2.458
2015-06-07,1.792,2.792,1.0,2.75
2015-06-08,6.5,10.0,3.5,4.208
2015-06-09,3.261,4.087,0.826,2.13
2015-06-10,3.083,3.5,0.417,2.75
2015-06-11,2.917,3.375,0.458,2.875
2015-06-12,4.042,5.083,1.042,3.417
2015-06-13,4.25,5.125,0.875,2.375
2015-06-14,2.208,2.667,0.458,3.167
2015-06-15,4.583,5.875,1.292,3.762
2015-06-16,4.792,6.25,1.458,4.458
2015-06-17,2.708,3.875,1.167,3.875
2015-06-18,2.25,3.75,1.5,3.375
2015-06-19,4.875,7.042,2.167,4.125
2015-06-20,1.625,2.625,1.0,3.083
2015-06-21,4.458,6.583,2.125,4.333
2015-06-22,1.833,2.833,1.0,3.125
2015-06-23,1.696,2.435,0.739,2.913
2015-06-24,3.292,4.667,1.375,3.125
2015-06-25,5.067,6.6,1.533,3.375
2015-06-26,4.875,6.083,1.208,3.042
2015-06-27,5.125,6.542,1.417,2.083
2015-06-28,4.375,5.417,1.042,1.917
2015-06-29,4.333,5.208,0.875,2.708
2015-06-30,8.167,10.0,1.833,2.667
2015-07-01,3.792,5.167,1.375,2.417
2015-07-02,3.833,5.083,1.25,2.833
2015-07-03,1.375,2.458,1.083,2.458
2015-07-04,2.708,4.333,1.625,2.833
2015-07-05,2.0,3.25,1.25,2.792
2015-07-06,5.708,7.625,1.917,3.167
2015-07-07,3.174,4.304,1.13,2.826
2015-07-08,3.375,3.958,0.583,3.375
2015-07-09,5.25,6.542,1.292,3.875
2015-07-10,2.167,2.5,0.333,3.0
2015-07-11,1.75,1.958,0.208,3.417
2015-07-12,1.792,2.083,0.292,3.875
2015-07-13,7.708,9.458,1.75,4.667
2015-07-14,3.792,5.0,1.208,3.125
2015-07-15,1.625,2.75,1.125,3.083
2015-07-16,1.458,2.5,1.042,3.042
2015-07-17,6.75,8.875,2.125,4.708
2015-07-18,7.708,10.083,2.375,3.75
2015-07-19,7.417,10.875,3.458,2.542
2015-07-20,3.167,4.333,1.167,2.875
2015-07-21,8.87,11.043,2.174,3.435
2015-07-22,6.75,8.958,2.208,2.125
2015-07-23,3.708,5.167,1.458,2.25
2015-07-24,2.75,3.75,1.0,2.083
2015-07-25,5.542,7.0,1.458,2.0
2015-07-26,6.167,7.625,1.458,2.167
2015-07-27,3.167,4.0,0.833,2.0
2015-07-28,12.0,17.375,5.375,4.5
2015-07-29,8.667,13.0,4.333,4.083
2015-07-30,6.417,8.458,2.042,2.75
2015-07-31,8.542,11.417,2.875,3.083
2015-08-01,2.167,3.125,0.958,2.583
2015-08-02,2.292,3.333,1.042,2.625
2015-08-03,8.5,11.0,2.5,4.458
2015-08-04,11.0,15.0,4.0,4.348
2015-08-05,2.708,3.75,1.042,2.625
2015-08-06,3.667,4.708,1.042,2.667
2015-08-07,3.333,4.833,1.5,2.5
2015-08-08,3.167,5.25,2.083,3.167
2015-08-09,2.625,4.458,1.833,2.125
2015-08-10,4.875,8.25,3.375,2.167
2015-08-11,6.125,8.417,2.292,2.625
2015-08-12,4.583,7.167,2.583,2.083
2015-08-13,3.125,4.958,1.833,2.583
2015-08-14,1.333,2.708,1.375,2.0
2015-08-15,3.5,5.667,2.167,3.0
2015-08-16,5.458,7.875,2.417,3.208
2015-08-17,1.708,3.125,1.417,2.0
2015-08-18,2.609,3.696,1.087,1.913
2015-08-19,1.75,2.042,0.292,1.958
2015-08-20,2.5,3.292,0.792,1.792
2015-08-21,4.208,4.792,0.583,2.292
2015-08-22,3.167,3.958,0.792,2.375
2015-08-23,2.125,2.417,0.292,2.25
2015-08-24,6.167,8.042,1.875,3.708
2015-08-25,4.0,5.375,1.375,2.917
2015-08-26,1.083,1.667,0.583,2.292
2015-08-27,2.167,2.958,0.792,2.0
2015-08-28,3.0,4.417,1.417,2.792
2015-08-29,2.208,3.292,1.083,2.125
2015-08-30,1.375,2.292,0.917,1.958
2015-08-31,3.083,4.292,1.208,1.875
2015-09-01,4.696,6.087,1.391,2.652
2015-09-02,2.75,3.125,0.375,1.75
2015-09-03,3.292,4.333,1.042,1.75
2015-09-04,2.583,2.958,0.375,1.75
2015-09-05,2.208,2.708,0.5,1.583
2015-09-06,2.208,2.833,0.625,2.208
2015-09-07,3.417,4.667,1.25,2.458
2015-09-08,3.542,4.875,1.333,2.875
2015-09-09,4.375,6.208,1.833,2.417
2015-09-10,1.333,2.375,1.042,2.0
2015-09-11,3.667,5.625,1.958,2.375
2015-09-12,3.083,4.833,1.75,1.917
2015-09-13,2.375,3.792,1.417,1.625
2015-09-14,2.167,3.75,1.583,1.542
2015-09-15,2.043,3.087,1.043,1.652
2015-09-16,2.5,3.042,0.542,1.708
2015-09-17,3.625,4.333,0.708,2.583
2015-09-18,4.583,5.5,0.917,1.792
2015-09-19,4.833,5.958,1.125,1.542
2015-09-20,1.667,2.0,0.333,1.542
2015-09-21,2.25,2.667,0.417,1.625
2015-09-22,2.375,2.875,0.5,1.792
2015-09-23,2.833,3.458,0.625,1.792
2015-09-24,4.167,5.292,1.125,2.667
2015-09-25,3.167,4.042,0.875,2.417
2015-09-26,4.042,5.292,1.25,1.708
2015-09-27,2.042,3.042,1.0,1.625
2015-09-28,2.375,3.708,1.333,1.625
2015-09-29,1.304,2.13,0.826,1.391
2015-09-30,1.875,2.375,0.5,1.5
2015-10-01,2.833,3.417,0.583,2.292
2015-10-02,1.792,2.292,0.5,1.875
2015-10-03,1.542,2.25,0.708,1.958
2015-10-04,1.708,2.0,0.292,1.542
2015-10-05,2.75,3.458,0.708,1.375
2015-10-06,3.417,4.458,1.042,1.875
2015-10-07,3.833,5.083,1.25,2.75
2015-10-08,0.375,0.917,0.542,1.542
2015-10-09,2.167,3.083,0.917,1.0
2015-10-10,2.5,3.75,1.25,1.708
2015-10-11,1.625,2.708,1.083,1.917
2015-10-12,1.875,3.292,1.417,1.75
2015-10-13,1.609,2.565,0.957,1.348
2015-10-14,2.042,2.667,0.625,1.333
2015-10-15,3.75,4.833,1.083,1.75
2015-10-16,4.292,5.625,1.333,1.625
2015-10-17,3.208,4.0,0.792,1.708
2015-10-18,1.25,1.417,0.167,1.875
2015-10-19,4.333,5.125,0.792,2.792
2015-10-20,3.708,4.75,1.042,1.75
2015-10-21,2.625,3.458,0.833,1.458
2015-10-22,3.5,4.727,1.227,1.583
2015-10-23,3.083,4.208,1.125,1.875
2015-10-24,3.792,4.542,0.75,1.625
2015-10-25,1.042,1.25,0.208,1.625
2015-10-26,2.875,3.875,1.0,2.125
2015-10-27,3.391,4.304,0.913,2.696
2015-10-28,3.083,4.042,0.958,2.458
2015-10-29,2.167,3.0,0.833,1.917
2015-10-30,2.708,3.375,0.667,1.625
2015-10-31,2.417,2.958,0.542,2.0
2015-11-01,2.333,2.875,0.542,2.458
2015-11-02,7.375,9.542,2.167,1.833
2015-11-03,4.542,5.667,1.125,2.417
2015-11-04,4.917,6.125,1.208,2.833
2015-11-05,5.333,6.542,1.208,2.208
2015-11-06,2.208,3.083,0.875,2.25
2015-11-07,2.458,3.333,0.875,2.0
2015-11-08,6.833,8.833,2.0,2.25
2015-11-09,6.333,8.042,1.708,1.875
2015-11-10,3.348,4.435,1.087,1.13
2015-11-11,2.792,3.542,0.75,1.042
2015-11-12,4.417,5.75,1.333,1.375
2015-11-13,5.917,7.75,1.833,2.792
2015-11-14,1.042,1.208,0.167,1.208
2015-11-15,7.792,10.0,2.208,1.458
2015-11-16,4.25,6.125,1.875,1.75
2015-11-17,8.792,11.042,2.25,2.792
2015-11-18,1.087,1.913,0.826,1.833
2015-11-19,1.75,2.75,1.0,1.625
2015-11-20,4.5,6.0,1.5,1.958
2015-11-21,1.292,2.292,1.0,1.375
2015-11-22,0.75,1.5,0.75,1.625
2015-11-23,2.292,3.292,1.0,2.042
2015-11-24,2.217,3.0,0.783,1.696
2015-11-25,5.167,6.375,1.208,1.875
2015-11-26,1.75,2.125,0.375,1.958
2015-11-27,3.667,4.375,0.708,1.708
2015-11-28,1.708,2.208,0.5,1.25
2015-11-29,1.208,2.0,0.792,1.708
2015-11-30,5.25,6.708,1.458,2.167
2015-12-01,1.5,2.25,0.75,1.958
2015-12-02,5.125,6.708,1.583,2.583
2015-12-03,2.042,2.875,0.833,1.5
2015-12-04,1.708,2.958,1.25,2.0
2015-12-05,1.125,1.708,0.583,1.958
2015-12-06,1.167,1.75,0.583,2.0
2015-12-07,1.75,2.583,0.833,1.75
2015-12-08,4.13,5.174,1.043,1.739
2015-12-09,4.958,6.208,1.25,1.542
2015-12-10,8.25,9.625,1.375,2.125
2015-12-11,3.833,4.292,0.458,2.25
2015-12-12,1.958,2.208,0.25,1.958
2015-12-13,2.792,3.542,0.75,1.833
2015-12-14,6.917,8.833,1.917,2.792
2015-12-15,9.708,12.083,2.375,3.292
2015-12-16,3.667,5.417,1.75,1.417
2015-12-17,2.083,3.292,1.208,1.833
2015-12-18,2.083,3.375,1.292,2.0
2015-12-19,0.917,1.875,0.958,2.0
2015-12-20,2.25,3.667,1.417,2.0
2015-12-21,6.435,8.348,1.913,1.478
2015-12-22,2.458,2.792,0.333,1.792
2015-12-23,4.833,5.75,0.917,2.167
2015-12-24,6.292,7.375,1.083,2.333
2015-12-25,1.875,2.042,0.167,2.208
2015-12-26,1.375,1.625,0.25,2.542
2015-12-27,1.208,1.667,0.458,2.083
2015-12-28,1.375,1.958,0.583,2.167
2015-12-29,1.625,2.375,0.75,2.292
2015-12-30,3.875,5.5,1.625,2.083
2015-12-31,1.917,2.75,0.833,2.0
2016-01-01,2.458,3.583,1.125,2.125
2016-01-02,1.792,2.958,1.167,5.167
2016-01-03,2.583,4.292,1.708,5.083
2016-01-04,3.304,4.304,1.0,3.478
2016-01-05,1.625,2.042,0.417,2.25
2016-01-06,2.542,3.208,0.667,2.292
2016-01-07,4.708,6.208,1.5,2.458
2016-01-08,3.042,3.542,0.5,2.625
2016-01-09,3.25,4.667,1.417,2.25
2016-01-10,1.042,1.458,0.417,2.75
2016-01-11,1.375,2.333,0.958,2.625
2016-01-12,1.417,2.833,1.417,2.875
2016-01-13,3.667,5.292,1.625,2.542
2016-01-14,1.625,2.75,1.125,2.5
2016-01-15,4.0,5.917,1.917,2.083
2016-01-16,1.25,2.333,1.083,2.0
2016-01-17,3.304,4.217,0.913,2.0
2016-01-18,4.792,5.75,0.958,2.042
2016-01-19,2.125,2.417,0.292,2.208
2016-01-20,2.833,3.417,0.583,2.208
2016-01-21,1.25,1.333,0.083,2.0
2016-01-22,2.167,2.333,0.167,2.583
2016-01-23,1.667,1.875,0.208,2.0
2016-01-24,3.917,5.667,1.75,2.167
2016-01-25,1.958,2.75,0.792,2.083
2016-01-26,4.458,5.5,1.042,2.75
2016-01-27,3.667,4.292,0.625,3.625
2016-01-28,1.208,1.667,0.458,2.5
2016-01-29,1.917,2.375,0.458,2.833
2016-01-30,2.5,3.042,0.542,3.125
2016-01-31,2.522,3.174,0.652,2.13
2016-02-01,3.583,4.542,0.958,2.458
2016-02-02,1.125,1.625,0.5,2.125
2016-02-03,2.75,3.625,0.875,2.25
2016-02-04,2.208,2.75,0.542,2.5
2016-02-05,3.042,3.542,0.5,4.0
2016-02-06,1.875,2.542,0.667,2.792
2016-02-07,0.917,1.208,0.292,2.0
2016-02-08,2.208,3.458,1.25,2.0
2016-02-09,5.083,6.75,1.667,3.25
2016-02-10,5.045,7.182,2.136,2.833
2016-02-11,1.792,2.833,1.042,2.0
2016-02-12,1.875,3.25,1.375,2.042
2016-02-13,2.783,3.826,1.043,2.0
2016-02-14,2.75,3.167,0.417,2.0
2016-02-15,3.625,4.125,0.5,2.125
2016-02-16,6.125,7.125,1.0,3.625
2016-02-17,3.208,3.625,0.417,3.417
2016-02-18,1.25,1.5,0.25,2.542
2016-02-19,1.542,1.708,0.167,2.292
2016-02-20,2.542,3.125,0.583,2.542
2016-02-21,1.75,2.042,0.292,2.0
2016-02-22,3.917,5.292,1.375,2.292
2016-02-23,3.5,4.333,0.833,2.375
2016-02-24,1.25,2.125,0.875,2.667
2016-02-25,3.583,5.417,1.833,2.625
2016-02-26,1.208,2.208,1.0,2.417
2016-02-27,3.417,4.75,1.333,2.542
2016-02-28,3.913,4.87,0.957,2.348
2016-03-01,7.75,8.917,1.167,2.875
2016-03-02,4.208,4.708,0.5,2.75
2016-03-03,1.375,1.625,0.25,2.125
2016-03-04,1.375,1.792,0.417,2.833
2016-03-05,1.417,1.917,0.5,2.75
2016-03-06,3.875,4.958,1.083,3.125
2016-03-07,2.75,4.167,1.417,2.417
2016-03-08,4.125,5.833,1.708,2.083
2016-03-09,3.375,4.917,1.542,2.542
2016-03-10,2.333,3.583,1.25,2.0
2016-03-11,2.833,4.333,1.5,2.125
2016-03-12,4.292,5.625,1.333,2.875
2016-03-13,4.458,6.125,1.667,3.5
2016-03-14,1.87,2.435,0.565,2.304
2016-03-15,2.083,2.208,0.125,2.625
2016-03-16,2.5,2.875,0.375,2.083
2016-03-17,2.292,2.417,0.125,2.208
2016-03-18,3.333,3.833,0.5,2.292
2016-03-19,1.417,1.625,0.208,2.208
2016-03-20,3.0,3.792,0.792,2.5
2016-03-21,4.125,5.208,1.083,3.5
2016-03-22,2.667,3.75,1.083,2.0
2016-03-23,1.958,2.958,1.0,2.0
2016-03-24,3.458,5.208,1.75,2.0
2016-03-25,2.0,3.208,1.208,2.083
2016-03-26,2.667,4.083,1.417,2.458
2016-03-27,4.5,6.375,1.875,3.417
2016-03-28,3.667,5.25,1.583,2.667
2016-03-29,4.522,5.957,1.435,3.0
2016-03-30,3.375,3.5,0.125,2.583
2016-03-31,3.5,3.833,0.333,2.458
2016-04-01,2.917,3.792,0.875,2.792
2016-04-02,0.833,0.875,0.042,2.0
2016-04-03,3.208,4.042,0.833,1.958
2016-04-04,3.833,4.917,1.083,2.292
2016-04-05,3.417,4.833,1.417,2.25
2016-04-06,2.333,3.167,0.833,2.417
2016-04-07,4.542,5.958,1.417,3.125
2016-04-08,2.792,3.417,0.625,1.625
2016-04-09,2.458,3.458,1.0,2.5
2016-04-10,1.917,2.542,0.625,2.417
2016-04-11,1.261,1.652,0.391,2.0
2016-04-12,3.792,4.875,1.083,2.167
2016-04-13,5.875,6.667,0.792,3.042
2016-04-14,10.083,12.625,2.542,2.25
2016-04-15,1.125,1.167,0.042,1.917
2016-04-16,4.875,5.958,1.083,2.792
2016-04-17,3.0,3.958,0.958,2.375
2016-04-18,1.667,2.75,1.083,1.292
2016-04-19,2.708,4.083,1.375,1.583
2016-04-20,3.0,4.5,1.5,1.917
2016-04-21,3.167,4.333,1.167,2.958
2016-04-22,5.708,7.708,2.0,4.125
2016-04-23,4.375,6.708,2.333,2.083
2016-04-24,2.542,4.208,1.667,2.625
2016-04-25,3.391,4.174,0.783,3.043
2016-04-26,4.542,5.5,0.958,3.5
2016-04-27,3.042,3.708,0.667,2.583
2016-04-28,2.333,2.542,0.208,1.833
2016-04-29,0.875,0.958,0.083,1.208
2016-04-30,0.75,1.083,0.333,1.458
2016-05-01,2.875,3.958,1.083,2.375
2016-05-02,6.5,9.0,2.5,3.5
2016-05-03,4.667,6.208,1.542,2.417
2016-05-04,2.667,3.75,1.083,2.208
2016-05-05,1.583,2.625,1.042,2.208
2016-05-06,5.0,6.708,1.708,2.667
2016-05-07,2.625,4.0,1.375,2.292
2016-05-08,2.0,2.917,0.917,3.625
2016-05-09,4.174,4.826,0.652,4.609
2016-05-10,7.125,8.667,1.542,3.542
2016-05-11,3.333,3.875,0.542,1.75
2016-05-12,2.0,2.333,0.333,1.708
2016-05-13,5.0,6.875,1.875,3.625
2016-05-14,2.833,3.708,0.875,3.125
2016-05-15,1.083,1.5,0.417,3.583
2016-05-16,1.375,2.125,0.75,2.625
2016-05-17,1.958,2.917,0.958,2.917
2016-05-18,4.375,6.25,1.875,3.417
2016-05-19,7.042,9.5,2.458,3.708
2016-05-20,8.0,10.708,2.708,4.125
2016-05-21,5.667,8.167,2.5,5.375
2016-05-22,4.5,7.208,2.708,4.042
2016-05-23,3.739,5.217,1.478,4.217
2016-05-24,2.958,3.667,0.708,4.375
2016-05-25,3.167,3.708,0.542,3.083
2016-05-26,2.708,3.208,0.5,3.458
2016-05-27,2.542,3.25,0.708,3.625
2016-05-28,1.5,1.917,0.417,3.083
2016-05-29,3.458,4.458,1.0,3.083
2016-05-30,3.25,4.292,1.042,3.417
2016-05-31,2.875,4.167,1.292,2.417
2016-06-01,1.375,2.417,1.042,2.333
2016-06-02,0.458,1.25,0.792,1.875
2016-06-03,3.417,6.25,2.833,2.083
2016-06-04,3.792,5.25,1.458,2.042
2016-06-05,1.375,2.75,1.375,2.375
2016-06-06,3.625,5.333,1.708,2.833
2016-06-07,7.261,9.87,2.609,4.478
2016-06-08,5.167,6.125,0.958,2.417
2016-06-09,6.75,8.167,1.417,2.042
2016-06-10,2.667,3.25,0.583,2.545
2016-06-11,2.333,2.708,0.375,2.792
2016-06-12,2.375,3.0,0.625,2.708
2016-06-13,1.958,2.875,0.917,2.125
2016-06-14,0.833,1.75,0.917,2.125
2016-06-15,0.792,1.583,0.792,2.458
2016-06-16,1.083,1.875,0.792,2.0
2016-06-17,5.25,7.625,2.375,2.042
2016-06-18,3.167,5.042,1.875,2.5
2016-06-19,8.417,12.0,3.583,3.125
2016-06-20,5.292,7.25,1.958,2.208
2016-06-21,6.565,8.609,2.043,2.957
2016-06-22,4.958,6.667,1.708,3.333
2016-06-23,3.833,5.292,1.458,3.25
2016-06-24,2.0,2.542,0.542,2.292
2016-06-25,0.542,0.542,0.0,2.208
2016-06-26,2.542,3.542,1.0,2.458
2016-06-27,1.583,2.25,0.667,2.458
2016-06-28,5.125,7.75,2.625,3.917
2016-06-29,3.95,5.6,1.65,2.917
2016-06-30,3.375,4.792,1.417,2.792
2016-07-01,2.292,3.167,0.875,3.042
2016-07-02,6.542,8.375,1.833,3.167
2016-07-03,1.708,2.375,0.667,2.542
2016-07-04,1.174,1.652,0.478,2.522
2016-07-05,3.167,4.333,1.167,3.125
2016-07-06,2.625,3.292,0.667,2.542
2016-07-07,3.417,4.083,0.667,3.208
2016-07-08,3.333,4.583,1.25,3.083
2016-07-09,5.292,7.083,1.792,3.417
2016-07-10,2.75,3.917,1.167,3.0
2016-07-11,1.208,2.292,1.083,2.708
2016-07-12,2.75,4.5,1.75,3.042
2016-07-13,4.333,6.25,1.917,3.292
2016-07-14,1.708,3.042,1.333,2.667
2016-07-15,4.583,6.375,1.792,3.25
2016-07-16,7.458,10.833,3.375,5.25
2016-07-17,5.875,9.208,3.333,2.75
2016-07-18,6.083,8.667,2.583,2.958
2016-07-19,6.609,9.783,3.174,2.87
2016-07-20,5.583,7.458,1.875,2.833
2016-07-21,3.708,5.0,1.292,3.5
2016-07-22,3.708,5.417,1.708,3.333
2016-07-23,2.583,4.25,1.667,2.958
2016-07-24,1.917,3.417,1.5,3.083
2016-07-25,2.5,4.542,2.042,2.625
2016-07-26,2.958,5.0,2.042,2.625
2016-07-27,1.75,3.0,1.25,2.0
2016-07-28,9.167,12.792,3.625,2.333
2016-07-29,11.167,15.75,4.583,2.625
2016-07-30,5.208,8.458,3.25,2.958
2016-07-31,5.125,7.833,2.708,2.917
2016-08-01,7.042,11.667,4.625,3.417
2016-08-02,4.609,8.174,3.565,2.783
2016-08-03,5.875,8.417,2.542,3.0
2016-08-04,2.125,2.667,0.542,3.0
2016-08-05,2.667,3.583,0.917,3.083
2016-08-06,2.75,4.0,1.25,3.458
2016-08-07,4.75,6.125,1.375,4.125
2016-08-08,4.583,6.292,1.708,2.667
2016-08-09,1.958,3.125,1.167,3.458
2016-08-10,1.583,3.25,1.667,3.25
2016-08-11,2.417,4.167,1.75,2.875
2016-08-12,5.792,7.875,2.083,4.333
2016-08-13,2.583,4.333,1.75,3.417
2016-08-14,2.0,3.667,1.667,2.75
2016-08-15,2.792,4.5,1.708,2.792
2016-08-16,3.609,5.087,1.478,2.696
2016-08-17,2.292,2.958,0.667,1.917
2016-08-18,2.542,3.375,0.833,2.583
2016-08-19,3.833,4.792,0.958,2.708
2016-08-20,6.333,12.292,5.958,2.083
2016-08-21,2.417,4.292,1.875,1.833
2016-08-22,7.0,11.0,4.0,1.75
2016-08-23,3.125,4.625,1.5,2.458
2016-08-24,2.5,4.125,1.625,2.583
2016-08-25,3.583,5.208,1.625,2.667
2016-08-26,2.458,3.708,1.25,2.625
2016-08-27,1.625,3.042,1.417,2.833
2016-08-28,2.25,3.667,1.417,3.542
2016-08-29,0.875,1.875,1.0,2.25
2016-08-30,0.304,0.783,0.478,1.565
2016-08-31,1.667,1.875,0.208,2.833
2016-09-01,3.083,3.833,0.75,2.875
2016-09-02,3.0,3.792,0.792,3.083
2016-09-03,1.917,2.417,0.5,2.542
2016-09-04,2.292,3.167,0.875,2.542
2016-09-05,3.125,4.542,1.417,2.542
2016-09-06,4.375,6.708,2.333,2.125
2016-09-07,2.208,3.708,1.5,2.75
2016-09-08,4.5,6.833,2.333,2.75
2016-09-09,2.25,3.583,1.333,2.333
2016-09-10,1.917,3.292,1.375,2.5
2016-09-11,1.042,2.208,1.167,2.5
2016-09-12,2.417,4.083,1.667,3.125
2016-09-13,1.783,2.522,0.739,2.478
2016-09-14,3.583,4.208,0.625,2.417
2016-09-15,3.083,3.833,0.75,2.708
2016-09-16,3.542,4.375,0.833,3.042
2016-09-17,1.583,2.292,0.708,2.458
2016-09-18,0.792,1.625,0.833,2.417
2016-09-19,1.75,3.0,1.25,2.333
2016-09-20,2.042,3.375,1.333,2.375
2016-09-21,2.125,3.667,1.542,2.958
2016-09-22,1.667,3.083,1.417,2.833
2016-09-23,2.5,4.292,1.792,2.042
2016-09-24,3.708,5.792,2.083,2.875
2016-09-25,2.125,3.667,1.542,2.625
2016-09-26,3.333,5.25,1.917,2.708
2016-09-27,6.522,8.739,2.217,4.087
2016-09-28,4.0,4.75,0.75,2.417
2016-09-29,3.292,4.125,0.833,2.375
2016-09-30,1.958,2.625,0.667,2.25
2016-10-01,1.875,2.125,0.25,2.375
2016-10-02,1.708,2.083,0.375,2.25
2016-10-03,3.917,4.875,0.958,2.125
2016-10-04,0.917,1.292,0.375,2.417
2016-10-05,2.312,3.062,0.75,2.75
2016-10-06,1.5,1.792,0.292,2.292
2016-10-07,1.708,2.042,0.333,2.083
2016-10-08,3.875,4.583,0.708,2.083
2016-10-09,0.875,1.167,0.292,1.875
2016-10-10,1.167,1.708,0.542,1.583
2016-10-11,2.083,2.875,0.792,1.958
2016-10-12,2.13,2.739,0.609,1.826
2016-10-13,2.583,3.292,0.708,2.292
2016-10-14,2.875,3.708,0.833,2.292
2016-10-15,2.958,4.167,1.208,2.458
2016-10-16,2.417,3.125,0.708,2.75
2016-10-17,10.25,12.542,2.292,3.417
2016-10-18,2.5,3.458,0.958,2.458
2016-10-19,4.458,6.333,1.875,2.375
2016-10-20,1.5,2.292,0.792,1.917
2016-10-21,1.167,2.042,0.875,2.0
2016-10-22,3.792,5.25,1.458,1.958
2016-10-23,1.083,2.042,0.958,2.0
2016-10-24,1.435,2.217,0.783,2.0
2016-10-25,3.75,4.625,0.875,2.583
2016-10-26,2.583,3.625,1.042,2.25
2016-10-27,1.458,1.875,0.417,2.375
2016-10-28,1.958,2.583,0.625,2.583
2016-10-29,1.208,1.583,0.375,2.75
2016-10-30,1.708,2.042,0.333,2.625
2016-10-31,3.625,4.208,0.583,2.75
2016-11-01,2.25,2.583,0.333,2.625
2016-11-02,2.625,3.208,0.583,2.542
2016-11-03,3.458,4.125,0.667,2.583
2016-11-04,2.0,2.5,0.5,3.375
2016-11-05,6.667,7.917,1.25,2.958
2016-11-06,1.042,1.958,0.917,2.0
2016-11-07,3.75,4.917,1.167,2.542
2016-11-08,2.957,3.783,0.826,2.696
2016-11-09,1.333,1.708,0.375,2.208
2016-11-10,2.5,3.0,0.5,2.125
2016-11-11,3.125,3.708,0.583,2.25
2016-11-12,3.458,4.167,0.708,2.083
2016-11-13,3.292,3.875,0.583,2.667
2016-11-14,4.583,5.75,1.167,3.917
2016-11-15,2.167,2.875,0.708,2.542
2016-11-16,1.875,2.958,1.083,2.083
2016-11-17,1.5,2.583,1.083,2.583
2016-11-18,5.917,7.917,2.0,2.292
2016-11-19,7.208,9.333,2.125,3.167
2016-11-20,4.042,5.208,1.167,2.417
2016-11-21,2.652,3.609,0.957,2.478
2016-11-22,1.0,1.667,0.667,2.0
2016-11-23,1.208,1.583,0.375,2.0
2016-11-24,4.583,5.708,1.125,2.0
2016-11-25,1.875,2.458,0.583,2.125
2016-11-26,3.708,4.375,0.667,2.167
2016-11-27,4.125,5.208,1.083,2.167
2016-11-28,2.667,3.625,0.958,2.708
2016-11-29,2.583,4.083,1.5,2.667
2016-11-30,5.458,7.417,1.958,2.667
2016-12-01,5.708,8.042,2.333,2.833
2016-12-02,1.417,2.792,1.375,3.125
2016-12-03,2.875,4.708,1.833,2.625
2016-12-04,4.75,6.417,1.667,2.833
2016-12-05,7.292,9.583,2.292,3.083
2016-12-06,1.174,2.174,1.0,2.261
2016-12-07,2.167,2.708,0.542,2.0
2016-12-08,3.583,4.5,0.917,2.0
2016-12-09,4.75,5.875,1.125,2.083
2016-12-10,1.917,2.25,0.333,2.0
2016-12-11,1.5,1.667,0.167,2.0
2016-12-12,4.417,5.5,1.083,2.0
2016-12-13,2.792,3.542,0.75,2.375
2016-12-14,2.375,3.208,0.833,2.167
2016-12-15,3.0,4.667,1.667,2.0
2016-12-16,3.167,4.792,1.625,2.042
2016-12-17,1.583,2.75,1.167,2.292
2016-12-18,2.083,3.458,1.375,2.958
2016-12-19,3.652,4.826,1.174,2.696
2016-12-20,6.708,8.125,1.417,2.667
2016-12-21,6.208,7.25,1.042,3.333
2016-12-22,6.5,7.75,1.25,2.583
2016-12-23,1.583,1.667,0.083,2.042
2016-12-24,1.625,2.0,0.375,2.0
2016-12-25,2.083,2.5,0.417,2.0
2016-12-26,4.667,5.625,0.958,2.0
2016-12-27,2.292,2.958,0.667,2.792
2016-12-28,2.583,3.583,1.0,2.125
2016-12-29,1.542,2.625,1.083,2.5
2016-12-30,2.5,3.875,1.375,2.125
2016-12-31,1.583,2.5,0.917,2.583
2017-01-01,1.708,3.75,2.042,2.083
2017-01-02,1.917,5.042,3.125,2.25
2017-01-03,1.375,3.458,2.083,2.208
2017-01-04,1.087,2.522,1.435,2.13
2017-01-05,1.958,3.417,1.458,2.042
2017-01-06,2.042,3.208,1.167,2.0
2017-01-07,2.167,3.875,1.708,2.5
2017-01-08,5.583,7.875,2.292,2.542
2017-01-09,2.75,4.5,1.75,2.125
2017-01-10,1.667,3.292,1.625,2.583
2017-01-11,1.625,3.5,1.875,2.208
2017-01-12,2.042,3.25,1.208,2.083
2017-01-13,3.417,5.375,1.958,2.042
2017-01-14,2.292,4.417,2.125,2.0
2017-01-15,4.708,6.792,2.083,2.75
2017-01-16,2.739,4.478,1.739,4.087
2017-01-17,3.625,4.542,0.917,2.875
2017-01-18,4.5,5.917,1.417,3.333
2017-01-19,1.792,2.417,0.625,3.417
2017-01-20,3.25,4.167,0.917,2.958
2017-01-21,0.875,1.292,0.417,3.042
2017-01-22,2.375,3.208,0.833,3.417
2017-01-23,1.083,1.208,0.125,2.292
2017-01-24,1.625,3.0,1.375,2.917
2017-01-25,1.875,2.875,1.0,2.5
2017-01-26,2.625,4.5,1.875,2.25
2017-01-27,2.458,3.958,1.5,2.458
2017-01-28,1.833,3.208,1.375,2.583
2017-01-29,2.083,3.792,1.708,2.792
2017-01-30,1.783,3.304,1.522,2.783
2017-01-31,3.083,4.5,1.417,3.292
2017-02-01,4.542,5.833,1.292,3.125
2017-02-02,5.208,6.75,1.542,4.292
2017-02-03,1.667,1.875,0.208,3.125
2017-02-04,1.792,2.292,0.5,2.667
2017-02-05,3.167,4.333,1.167,2.75
2017-02-06,2.25,3.458,1.208,3.042
2017-02-07,1.917,3.125,1.208,2.167
2017-02-08,2.042,4.0,1.958,2.583
2017-02-09,3.042,5.083,2.042,2.458
2017-02-10,8.75,10.875,2.125,4.208
2017-02-11,2.042,3.25,1.208,3.667
2017-02-12,1.125,2.5,1.375,3.125
2017-02-13,1.957,3.609,1.652,2.87
2017-02-14,4.875,6.583,1.708,2.958
2017-02-15,2.083,3.75,1.667,3.375
2017-02-16,2.958,4.75,1.792,2.875
2017-02-17,2.083,3.208,1.125,3.042
2017-02-18,1.625,2.5,0.875,2.5
2017-02-19,4.0,6.292,2.292,2.833
2017-02-20,2.125,3.75,1.625,3.083
2017-02-21,3.125,4.958,1.833,2.667
2017-02-22,3.409,5.227,1.818,2.625
2017-02-23,4.917,7.375,2.458,3.0
2017-02-24,2.25,3.917,1.667,2.708
2017-02-25,1.125,2.458,1.333,2.833
2017-02-26,3.292,5.542,2.25,2.833
2017-02-27,4.522,6.304,1.783,2.565
2017-02-28,5.042,7.083,2.042,3.167
2017-03-01,1.083,1.292,0.208,2.708
2017-03-02,0.917,1.667,0.75,2.75
2017-03-03,4.792,6.708,1.917,2.958
2017-03-04,4.125,5.333,1.208,3.208
2017-03-05,1.75,2.208,0.458,3.125
2017-03-06,1.75,2.458,0.708,3.333
2017-03-07,2.167,3.125,0.958,3.0
2017-03-08,1.167,1.625,0.458,2.417
2017-03-09,4.5,6.083,1.583,2.167
2017-03-10,1.542,2.458,0.917,2.417
2017-03-11,3.0,4.25,1.25,3.083
2017-03-12,4.375,6.583,2.208,2.667
2017-03-13,7.435,8.739,1.304,3.609
2017-03-14,5.125,5.625,0.5,3.667
2017-03-15,8.708,10.25,1.542,3.292
2017-03-16,1.125,1.167,0.042,2.0
2017-03-17,2.208,3.167,0.958,2.458
2017-03-18,2.375,3.125,0.75,2.0
2017-03-19,1.708,2.542,0.833,2.708
2017-03-20,1.167,2.25,1.083,2.375
2017-03-21,2.542,3.75,1.208,2.667
2017-03-22,3.333,4.667,1.333,2.083
2017-03-23,2.0,3.333,1.333,2.708
2017-03-24,3.042,4.583,1.542,2.292
2017-03-25,2.083,3.375,1.292,3.167
2017-03-26,3.391,4.696,1.304,3.478
2017-03-27,11.667,16.5,4.833,4.833
2017-03-28,5.458,7.542,2.083,5.083
2017-03-29,1.917,2.917,1.0,3.542
2017-03-30,1.792,2.583,0.792,2.833
2017-03-31,2.125,3.25,1.125,3.167
2017-04-01,4.167,5.083,0.917,3.208
2017-04-02,3.667,4.458,0.792,3.917
2017-04-03,3.167,3.917,0.75,2.917
2017-04-04,4.542,6.042,1.5,2.708
2017-04-05,3.833,5.125,1.292,3.542
2017-04-06,6.125,8.208,2.083,4.125
2017-04-07,2.417,3.5,1.083,3.208
2017-04-08,2.458,3.542,1.083,2.375
2017-04-09,2.0,3.292,1.292,2.583
2017-04-10,2.333,3.583,1.25,2.75
2017-04-11,1.565,2.174,0.609,2.783
2017-04-12,1.958,2.167,0.208,2.0
2017-04-13,1.375,1.667,0.292,2.667
2017-04-14,2.667,3.208,0.542,2.708
2017-04-15,2.708,3.167,0.458,3.167
2017-04-16,1.708,1.875,0.167,3.5
2017-04-17,3.208,4.292,1.083,3.708
2017-04-18,0.75,0.75,0.0,2.083
2017-04-19,2.167,2.542,0.375,2.0
2017-04-20,1.583,1.917,0.333,2.0
2017-04-21,4.042,5.417,1.375,3.375
2017-04-22,3.75,4.75,1.0,2.0
2017-04-23,1.792,2.417,0.625,2.5
2017-04-24,5.5,7.875,2.375,3.25
2017-04-25,5.565,6.913,1.348,2.304
2017-04-26,6.375,7.375,1.0,3.0
2017-04-27,3.333,3.958,0.625,2.417
2017-04-28,3.708,4.458,0.75,2.583
2017-04-29,2.917,3.208,0.292,3.958
2017-04-30,4.292,4.792,0.5,3.5
2017-05-01,2.0,2.75,0.75,2.5
2017-05-02,2.208,2.958,0.75,2.708
2017-05-03,1.833,2.333,0.5,3.25
2017-05-04,3.125,4.042,0.917,3.958
2017-05-05,3.333,4.292,0.958,4.5
2017-05-06,2.0,2.542,0.542,2.917
2017-05-07,1.833,2.958,1.125,2.542
2017-05-08,1.25,1.833,0.583,1.833
2017-05-09,2.565,3.435,0.87,2.391
2017-05-10,6.792,8.458,1.667,2.625
2017-05-11,7.542,9.375,1.833,1.708
2017-05-12,7.292,8.958,1.667,2.458
2017-05-13,2.083,2.458,0.375,2.0
2017-05-14,0.667,0.667,0.0,1.542
2017-05-15,1.042,1.042,0.0,1.042
2017-05-16,6.208,8.0,1.792,1.542
2017-05-17,3.208,4.417,1.208,2.542
2017-05-18,2.667,3.917,1.25,3.0
2017-05-19,2.167,3.0,0.833,3.25
2017-05-20,3.417,4.417,1.0,4.417
2017-05-21,5.625,7.208,1.583,4.708
2017-05-22,4.042,5.208,1.167,3.333
2017-05-23,6.957,8.652,1.696,3.304
2017-05-24,5.5,6.375,0.875,3.0
2017-05-25,6.583,7.75,1.167,3.833
2017-05-26,5.417,6.542,1.125,3.667
2017-05-27,5.042,5.875,0.833,2.167
2017-05-28,5.125,6.625,1.5,2.458
2017-05-29,2.208,3.0,0.792,3.25
2017-05-30,2.667,3.833,1.167,4.042
2017-05-31,5.042,6.833,1.792,3.875
2017-06-01,5.667,7.167,1.5,2.583
2017-06-02,6.125,8.083,1.958,2.917
2017-06-03,4.083,5.542,1.458,2.667
2017-06-04,2.625,3.958,1.333,1.75
2017-06-05,1.167,2.042,0.875,2.125
2017-06-06,2.217,2.87,0.652,2.565
2017-06-07,6.042,7.5,1.458,3.042
2017-06-08,2.667,2.958,0.292,2.0
2017-06-09,2.375,2.667,0.292,2.875
2017-06-10,4.917,5.667,0.75,2.833
2017-06-11,1.333,1.5,0.167,2.0
2017-06-12,1.542,2.25,0.708,2.682
2017-06-13,1.792,2.833,1.042,2.5
2017-06-14,2.25,3.208,0.958,2.542
2017-06-15,4.375,5.583,1.208,2.208
2017-06-16,2.381,3.714,1.333,2.714
2017-06-17,1.875,2.917,1.042,2.542
2017-06-18,2.625,4.042,1.417,3.625
2017-06-19,4.792,6.625,1.833,3.75
2017-06-20,3.478,4.348,0.87,3.13
2017-06-21,5.208,6.708,1.5,2.875
2017-06-22,1.75,2.0,0.25,2.375
2017-06-23,2.167,2.875,0.708,2.708
2017-06-24,1.583,2.292,0.708,2.958
2017-06-25,1.417,2.167,0.75,2.542
2017-06-26,1.167,1.833,0.667,2.375
2017-06-27,2.25,3.167,0.917,2.417
2017-06-28,2.583,3.792,1.208,2.417
2017-06-29,3.952,5.19,1.238,3.0
2017-06-30,4.833,6.458,1.625,3.792
2017-07-01,3.625,4.708,1.083,3.25
2017-07-02,1.833,2.958,1.125,2.917
2017-07-03,5.333,6.75,1.417,2.667
2017-07-04,10.826,13.217,2.391,3.739
2017-07-05,3.75,4.375,0.625,3.958
2017-07-06,1.75,2.083,0.333,3.042
2017-07-07,1.917,2.542,0.625,3.208
2017-07-08,1.958,3.042,1.083,3.333
2017-07-09,2.292,3.625,1.333,3.292
2017-07-10,3.708,5.917,2.208,2.917
2017-07-11,7.0,9.417,2.417,3.75
2017-07-12,4.417,6.375,1.958,4.0
2017-07-13,1.667,3.083,1.417,2.958
2017-07-14,2.125,3.5,1.375,3.083
2017-07-15,2.667,4.042,1.375,3.417
2017-07-16,4.792,6.625,1.833,3.75
2017-07-17,1.708,3.125,1.417,2.667
2017-07-18,3.435,4.913,1.478,2.957
2017-07-19,2.625,3.167,0.542,2.667
2017-07-20,9.417,11.667,2.25,2.875
2017-07-21,8.208,10.167,1.958,4.583
2017-07-22,3.75,4.458,0.708,3.208
2017-07-23,3.917,5.083,1.167,4.792
2017-07-24,2.0,2.917,0.917,3.292
2017-07-25,2.125,3.417,1.292,2.667
2017-07-26,1.75,2.958,1.208,2.583
2017-07-27,4.292,6.208,1.917,3.875
2017-07-28,4.25,6.125,1.875,2.75
2017-07-29,3.958,5.792,1.833,3.875
2017-07-30,3.375,4.75,1.375,3.958
2017-07-31,2.625,4.042,1.417,2.375
2017-08-01,2.957,4.13,1.174,2.522
2017-08-02,3.625,4.583,0.958,2.833
2017-08-03,2.083,2.667,0.583,2.667
2017-08-04,2.25,2.875,0.625,2.125
2017-08-05,2.917,3.958,1.042,2.125
2017-08-06,3.833,5.167,1.333,3.042
2017-08-07,2.625,4.125,1.5,2.792
2017-08-08,2.292,3.5,1.208,2.5
2017-08-09,4.083,5.917,1.833,1.833
2017-08-10,3.958,5.75,1.792,2.375
2017-08-11,7.75,10.458,2.708,3.0
2017-08-12,2.375,3.667,1.292,1.833
2017-08-13,1.708,2.958,1.25,1.667
2017-08-14,2.083,3.208,1.125,1.75
2017-08-15,2.87,5.304,2.435,2.696
2017-08-16,2.75,5.833,3.083,2.875
2017-08-17,2.75,5.458,2.708,2.083
2017-08-18,2.458,5.083,2.625,1.917
2017-08-19,2.75,5.458,2.708,2.5
2017-08-20,6.333,11.625,5.292,4.417
2017-08-21,3.125,6.708,3.583,2.292
2017-08-22,6.875,13.208,6.333,1.958
2017-08-23,3.0,7.0,4.0,2.0
2017-08-24,5.458,9.625,4.167,2.333
2017-08-25,4.083,8.0,3.917,2.375
2017-08-26,2.417,5.833,3.417,2.375
2017-08-27,1.667,4.333,2.667,2.167
2017-08-28,5.333,10.292,4.958,3.625
2017-08-29,2.391,5.957,3.565,2.087
2017-08-30,2.5,7.917,5.417,2.208
2017-08-31,1.667,5.792,4.125,2.208
2017-09-01,1.292,4.667,3.375,2.417
2017-09-02,2.333,7.125,4.792,2.667
2017-09-03,0.75,4.25,3.5,2.375
2017-09-04,2.125,7.292,5.167,1.708
2017-09-05,2.957,8.609,5.652,2.083
2017-09-06,3.667,8.875,5.208,2.458
2017-09-07,3.75,8.375,4.625,2.667
2017-09-08,2.167,5.333,3.167,2.333
2017-09-09,2.042,4.875,2.833,2.208
2017-09-10,1.25,3.208,1.958,2.25
2017-09-11,3.792,6.542,2.75,3.083
2017-09-12,2.957,4.261,1.304,1.696
2017-09-13,2.333,3.292,0.958,1.667
2017-09-14,2.25,3.333,1.083,1.542
2017-09-15,0.833,1.125,0.292,1.625
2017-09-16,2.792,4.167,1.375,2.708
2017-09-17,0.5,1.5,1.0,1.792
2017-09-18,0.083,1.042,0.958,1.375
2017-09-19,2.292,3.792,1.5,1.708
2017-09-20,2.833,4.208,1.375,1.958
2017-09-21,1.0,2.125,1.125,2.0
2017-09-22,3.5,5.292,1.792,2.208
2017-09-23,1.625,2.708,1.083,1.708
2017-09-24,1.917,3.125,1.208,2.042
2017-09-25,2.25,3.458,1.208,2.0
2017-09-26,2.478,3.739,1.261,1.783
2017-09-27,5.083,6.292,1.208,3.042
2017-09-28,2.208,3.208,1.0,1.542
2017-09-29,2.667,3.958,1.292,1.375
2017-09-30,1.5,2.542,1.042,1.75
2017-10-01,2.458,3.458,1.0,2.125
2017-10-02,2.583,3.875,1.292,2.25
2017-10-03,2.0,3.25,1.25,1.875
2017-10-04,1.5,2.5,1.0,1.0
2017-10-05,2.318,3.682,1.364,1.583
2017-10-06,4.5,6.792,2.292,2.333
2017-10-07,5.167,7.083,1.917,1.958
2017-10-08,3.583,5.583,2.0,1.625
2017-10-09,6.25,9.25,3.0,3.5
2017-10-10,1.174,1.783,0.609,1.609
2017-10-11,1.667,1.917,0.25,2.0
2017-10-12,1.25,1.542,0.292,2.0
2017-10-13,2.917,3.667,0.75,2.125
2017-10-14,2.667,3.375,0.708,2.792
2017-10-15,1.417,2.042,0.625,2.5
2017-10-16,2.917,3.833,0.917,3.208
2017-10-17,2.292,3.333,1.042,2.583
2017-10-18,1.917,2.583,0.667,2.708
2017-10-19,2.75,3.875,1.125,2.875
2017-10-20,1.458,2.208,0.75,2.0
2017-10-21,5.417,7.125,1.708,2.042
2017-10-22,1.667,2.792,1.125,2.0
2017-10-23,0.696,1.304,0.609,2.087
2017-10-24,3.375,4.125,0.75,2.25
2017-10-25,3.625,4.458,0.833,2.292
2017-10-26,3.917,5.292,1.375,2.417
2017-10-27,6.375,8.417,2.042,3.458
2017-10-28,4.75,6.125,1.375,3.667
2017-10-29,7.083,9.25,2.167,2.5
2017-10-30,0.792,1.792,1.0,2.042
2017-10-31,1.708,2.875,1.167,2.625
2017-11-01,5.042,7.0,1.958,2.875
2017-11-02,5.083,6.833,1.75,4.292
2017-11-03,3.708,5.083,1.375,2.958
2017-11-04,1.375,2.5,1.125,2.083
2017-11-05,2.583,3.875,1.292,2.708
2017-11-06,5.348,7.0,1.652,2.522
2017-11-07,4.833,6.583,1.75,3.292
2017-11-08,5.75,7.833,2.083,3.25
2017-11-09,1.833,2.708,0.875,2.583
2017-11-10,3.875,5.208,1.333,3.083
2017-11-11,1.458,2.458,1.0,2.25
2017-11-12,1.042,1.667,0.625,2.0
2017-11-13,4.208,5.958,1.75,2.417
2017-11-14,3.292,5.292,2.0,2.75
2017-11-15,2.833,4.833,2.0,2.625
2017-11-16,2.125,3.708,1.583,2.125
2017-11-17,2.208,3.75,1.542,2.333
2017-11-18,1.5,2.917,1.417,2.25
2017-11-19,1.125,2.167,1.042,2.0
2017-11-20,1.652,2.609,0.957,2.13
2017-11-21,2.292,2.917,0.625,2.0
2017-11-22,5.25,6.333,1.083,3.5
2017-11-23,2.417,3.083,0.667,2.125
2017-11-24,1.542,2.25,0.708,2.333
2017-11-25,1.792,2.833,1.042,2.25
2017-11-26,2.708,4.25,1.542,2.417
2017-11-27,1.792,3.083,1.292,2.208
2017-11-28,9.333,12.292,2.958,4.167
2017-11-29,2.25,3.667,1.417,2.667
2017-11-30,1.5,3.125,1.625,2.667
2017-12-01,1.5,3.167,1.667,2.25
2017-12-02,2.042,4.083,2.042,2.667
2017-12-03,4.375,6.375,2.0,2.417
2017-12-04,2.208,3.875,1.667,3.0
2017-12-05,2.304,4.13,1.826,2.348
2017-12-06,1.542,3.042,1.5,2.333
2017-12-07,5.125,8.083,2.958,2.5
2017-12-08,3.792,5.5,1.708,2.208
2017-12-09,2.167,3.333,1.167,2.042
2017-12-10,2.667,3.583,0.917,2.583
2017-12-11,3.167,4.542,1.375,2.542
2017-12-12,1.583,2.75,1.167,2.708
2017-12-13,2.0,2.958,0.958,2.042
2017-12-14,3.042,3.625,0.583,2.0
2017-12-15,3.708,4.875,1.167,2.0
2017-12-16,2.792,3.833,1.042,2.625
2017-12-17,1.542,2.333,0.792,2.458
2017-12-18,3.833,5.583,1.75,2.333
2017-12-19,1.957,3.087,1.13,3.087
2017-12-20,1.708,2.708,1.0,2.458
2017-12-21,6.417,9.917,3.5,2.5
2017-12-22,5.625,8.833,3.208,2.667
2017-12-23,7.542,11.958,4.417,3.708
2017-12-24,3.083,5.542,2.458,3.958
2017-12-25,4.292,8.625,4.333,3.5
2017-12-26,1.375,4.583,3.208,2.917
2017-12-27,1.458,4.25,2.792,2.75
2017-12-28,2.0,4.708,2.708,2.25
2017-12-29,3.042,5.833,2.792,2.458
2017-12-30,4.0,7.208,3.208,2.083
2017-12-31,3.125,6.042,2.917,3.208
2018-01-01,1.333,3.333,2.0,1.917
2018-01-02,1.625,2.792,1.167,1.708
2018-01-03,1.958,3.167,1.208,1.708
2018-01-04,2.087,3.435,1.348,2.364
2018-01-05,2.833,3.417,0.583,4.125
2018-01-06,1.458,1.792,0.333,3.0
2018-01-07,1.458,1.917,0.458,2.292
2018-01-08,3.083,3.958,0.875,2.333
2018-01-09,1.875,2.542,0.667,2.5
2018-01-10,3.0,4.125,1.125,2.875
2018-01-11,1.583,1.875,0.292,2.542
2018-01-12,2.375,3.0,0.625,2.292
2018-01-13,1.958,2.583,0.625,2.375
2018-01-14,2.417,3.708,1.292,2.333
2018-01-15,2.435,3.217,0.783,2.522
2018-01-16,1.458,2.25,0.792,2.375
2018-01-17,1.375,1.542,0.167,2.292
2018-01-18,1.292,1.875,0.583,2.0
2018-01-19,2.208,3.208,1.0,2.0
2018-01-20,1.958,3.25,1.292,2.583
2018-01-21,1.583,2.958,1.375,2.833
2018-01-22,3.333,5.042,1.708,2.25
2018-01-23,3.75,5.708,1.958,4.083
2018-01-24,1.625,3.5,1.875,2.875
2018-01-25,2.625,4.458,1.833,2.75
2018-01-26,2.458,4.25,1.792,2.375
2018-01-27,1.333,2.875,1.542,2.625
2018-01-28,3.917,6.708,2.792,3.0
2018-01-29,1.174,3.0,1.826,2.696
2018-01-30,5.625,7.125,1.5,2.833
2018-01-31,1.708,2.292,0.583,2.917
2018-02-01,1.375,1.833,0.458,2.5
2018-02-02,1.125,1.333,0.208,2.75
2018-02-03,3.125,4.042,0.917,3.708
2018-02-04,2.333,3.542,1.208,3.042
2018-02-05,3.625,5.208,1.583,2.917
2018-02-06,4.375,5.875,1.5,3.208
2018-02-07,2.409,3.636,1.227,2.75
2018-02-08,1.833,3.083,1.25,2.667
2018-02-09,3.667,5.792,2.125,2.083
2018-02-10,2.0,3.542,1.542,2.375
2018-02-11,3.333,5.208,1.875,2.667
2018-02-12,2.739,3.478,0.739,2.913
2018-02-13,2.167,2.583,0.417,3.0
2018-02-14,3.333,4.083,0.75,3.0
2018-02-15,2.375,3.625,1.25,3.458
2018-02-16,3.25,4.458,1.208,3.083
2018-02-17,2.458,3.5,1.042,3.583
2018-02-18,2.125,3.25,1.125,3.667
2018-02-19,9.542,12.208,2.667,4.083
2018-02-20,11.167,14.833,3.667,4.667
2018-02-21,3.667,5.292,1.625,3.875
2018-02-22,4.042,5.917,1.875,5.167
2018-02-23,4.5,6.75,2.25,3.708
2018-02-24,2.083,3.708,1.625,3.208
2018-02-25,5.0,7.333,2.333,3.667
2018-02-26,3.0,4.609,1.609,3.391
2018-02-27,4.708,6.667,1.958,4.458
2018-02-28,4.917,5.833,0.917,5.333
2018-03-01,4.292,5.458,1.167,5.083
2018-03-02,1.917,2.292,0.375,4.125
2018-03-03,2.417,2.792,0.375,4.708
2018-03-04,4.5,5.333,0.833,4.458
2018-03-05,2.25,3.0,0.75,3.833
2018-03-06,4.917,6.375,1.458,3.458
2018-03-07,0.875,1.417,0.542,3.042
2018-03-08,2.0,3.125,1.125,3.125
2018-03-09,4.292,6.042,1.75,3.208
2018-03-10,1.958,3.167,1.208,3.958
2018-03-11,2.083,3.208,1.125,3.667
2018-03-12,4.0,5.478,1.478,2.696
2018-03-13,3.958,5.083,1.125,2.708
2018-03-14,1.417,1.917,0.5,2.667
2018-03-15,2.625,3.208,0.583,2.708
2018-03-16,2.417,3.083,0.667,2.958
2018-03-17,2.125,2.583,0.458,2.833
2018-03-18,2.958,3.833,0.875,3.167
2018-03-19,3.958,4.625,0.667,2.875
2018-03-20,7.333,10.208,2.875,4.125
2018-03-21,5.125,6.333,1.208,3.667
2018-03-22,1.167,1.667,0.5,2.917
2018-03-23,2.042,3.042,1.0,2.958
2018-03-24,2.375,3.542,1.167,3.125
2018-03-25,4.261,7.957,3.696,3.348
2018-03-26,4.5,5.667,1.167,3.708
2018-03-27,1.917,2.708,0.792,3.208
2018-03-28,2.333,2.875,0.542,3.125
2018-03-29,1.917,2.5,0.583,3.0
2018-03-30,3.375,4.5,1.125,3.292
2018-03-31,1.833,2.75,0.917,3.125
2018-04-01,2.583,3.583,1.0,3.125
2018-04-02,3.583,5.0,1.417,2.75
2018-04-03,9.583,12.792,3.208,2.417
2018-04-04,2.583,4.375,1.792,2.75
2018-04-05,2.083,3.458,1.375,2.25
2018-04-06,4.417,6.125,1.708,2.458
2018-04-07,3.417,4.917,1.5,2.292
2018-04-08,2.167,3.667,1.5,2.708
2018-04-09,1.833,3.125,1.292,2.583
2018-04-10,2.826,3.87,1.043,2.826
2018-04-11,2.625,3.042,0.417,2.542
2018-04-12,2.042,2.417,0.375,2.5
2018-04-13,1.042,1.333,0.292,2.042
2018-04-14,2.375,2.875,0.5,1.958
2018-04-15,2.833,3.583,0.75,2.0
2018-04-16,1.792,2.583,0.792,2.167
2018-04-17,2.5,3.0,0.5,2.708
2018-04-18,6.042,7.708,1.667,3.583
2018-04-19,3.125,4.208,1.083,3.208
2018-04-20,4.167,5.5,1.333,4.458
2018-04-21,2.0,3.125,1.125,4.208
2018-04-22,4.042,5.792,1.75,4.0
2018-04-23,3.958,5.458,1.5,3.417
2018-04-24,5.826,7.435,1.609,2.348
2018-04-25,6.875,8.333,1.458,2.083
2018-04-26,3.583,4.833,1.25,2.75
2018-04-27,2.25,2.625,0.375,4.25
2018-04-28,3.042,3.833,0.792,3.625
2018-04-29,2.75,3.25,0.5,4.75
2018-04-30,3.125,3.75,0.625,4.542
2018-05-01,3.792,4.75,0.958,4.458
2018-05-02,4.125,5.292,1.167,4.083
2018-05-03,1.5,2.167,0.667,2.167
2018-05-04,2.583,3.792,1.208,3.125
2018-05-05,2.208,3.708,1.5,2.208
2018-05-06,5.625,7.875,2.25,2.042
2018-05-07,3.227,4.545,1.318,2.864
2018-05-08,4.087,5.957,1.87,4.0
2018-05-09,2.25,3.25,1.0,2.625
2018-05-10,2.167,3.042,0.875,2.458
2018-05-11,2.208,3.25,1.042,2.375
2018-05-12,2.625,3.792,1.167,3.542
2018-05-13,2.417,3.5,1.083,2.958
2018-05-14,3.042,4.75,1.708,3.292
2018-05-15,2.792,4.583,1.792,3.542
2018-05-16,2.958,4.833,1.875,4.417
2018-05-17,2.375,4.083,1.708,3.417
2018-05-18,1.708,3.708,2.0,1.792
2018-05-19,2.292,5.042,2.75,1.417
2018-05-20,1.958,5.292,3.333,2.667
2018-05-21,3.25,8.167,4.917,3.375
2018-05-22,3.889,6.222,2.333,3.304
2018-05-23,7.083,10.625,3.542,3.167
2018-05-24,3.583,5.958,2.375,3.25
2018-05-25,1.542,3.167,1.625,2.917
2018-05-26,1.167,2.75,1.583,2.667
2018-05-27,1.375,3.042,1.667,2.542
2018-05-28,5.0,7.458,2.458,2.583
2018-05-29,3.167,5.042,1.875,3.083
2018-05-30,3.792,6.083,2.292,2.958
2018-05-31,4.208,6.458,2.25,3.5
2018-06-01,3.0,4.792,1.792,3.958
2018-06-02,1.333,2.375,1.042,3.042
2018-06-03,4.083,6.125,2.042,5.542
2018-06-04,4.042,6.083,2.042,4.042
2018-06-05,5.273,6.955,1.682,4.478
2018-06-06,3.417,4.875,1.458,3.958
2018-06-07,2.875,4.167,1.292,4.625
2018-06-08,3.875,5.125,1.25,3.25
2018-06-09,0.5,1.083,0.583,2.5
2018-06-10,1.083,2.167,1.083,2.917
2018-06-11,0.708,1.708,1.0,2.208
2018-06-12,3.636,6.364,2.727,1.875
2018-06-13,2.125,4.958,2.833,1.792
2018-06-14,0.708,2.167,1.458,1.875
2018-06-15,1.458,4.0,2.542,2.875
2018-06-16,2.542,5.833,3.292,3.0
2018-06-17,1.208,3.208,2.0,2.208
2018-06-18,3.667,7.667,4.0,3.0
2018-06-19,4.13,7.565,3.435,2.739
2018-06-20,1.417,2.542,1.125,2.417
2018-06-21,4.917,7.583,2.667,2.292
2018-06-22,2.417,3.792,1.375,2.75
2018-06-23,2.333,3.5,1.167,3.333
2018-06-24,1.375,2.292,0.917,3.208
2018-06-25,0.875,2.083,1.208,2.375
2018-06-26,4.958,8.125,3.167,3.583
2018-06-27,3.083,5.0,1.917,2.208
2018-06-28,5.15,7.0,1.85,2.875
2018-06-29,7.625,10.292,2.667,2.5
2018-06-30,4.25,5.875,1.625,2.75
2018-07-01,5.875,8.0,2.125,2.5
2018-07-02,9.667,14.333,4.667,2.917
2018-07-03,8.522,11.043,2.522,2.696
2018-07-04,8.833,12.125,3.292,3.208
2018-07-05,3.875,5.292,1.417,1.958
2018-07-06,3.125,4.167,1.042,2.75
2018-07-07,2.0,2.417,0.417,2.0
2018-07-08,3.917,5.333,1.417,2.833
2018-07-09,9.208,12.125,2.917,2.542
2018-07-10,8.833,11.167,2.333,2.25
2018-07-11,4.5,6.417,1.917,2.792
2018-07-12,2.917,4.375,1.458,2.875
2018-07-13,5.667,8.083,2.417,3.042
2018-07-14,5.292,7.458,2.167,3.875
2018-07-15,4.792,6.542,1.75,2.625
2018-07-16,5.042,6.917,1.875,3.375
2018-07-17,6.435,8.304,1.87,3.913
2018-07-18,10.353,14.529,4.176,5.0
2018-07-19,9.077,11.538,2.462,6.0
2018-07-20,8.125,11.042,2.917,3.875
2018-07-21,3.0,4.292,1.292,3.25
2018-07-22,2.833,4.375,1.542,3.375
2018-07-23,2.292,3.792,1.5,3.708
2018-07-24,3.875,6.042,2.167,4.5
2018-07-25,8.042,11.75,3.708,6.25
2018-07-26,5.458,8.5,3.042,4.083
2018-07-27,4.167,6.417,2.25,3.917
2018-07-28,2.917,5.042,2.125,3.0
2018-07-29,2.875,6.208,3.333,2.458
2018-07-30,3.167,6.083,2.917,2.625
2018-07-31,3.652,5.696,2.043,3.304
2018-08-01,1.667,2.292,0.625,3.458
2018-08-02,2.167,2.792,0.625,3.917
2018-08-03,1.75,2.375,0.625,3.792
2018-08-04,2.0,2.708,0.708,3.25
2018-08-05,1.708,2.5,0.792,2.542
2018-08-06,3.0,4.458,1.458,2.75
2018-08-07,1.625,2.667,1.042,2.542
2018-08-08,2.958,4.25,1.292,2.875
2018-08-09,5.958,8.417,2.458,2.667
2018-08-10,6.542,9.875,3.333,2.292
2018-08-11,2.5,4.083,1.583,2.75
2018-08-12,2.042,3.75,1.708,2.667
2018-08-13,2.417,4.125,1.708,2.667
2018-08-14,3.826,5.261,1.435,2.304
2018-08-15,3.667,4.875,1.208,2.208
2018-08-16,2.458,3.333,0.875,1.917
2018-08-17,0.458,0.542,0.083,2.167
2018-08-18,1.792,2.625,0.833,2.167
2018-08-19,2.125,2.708,0.583,2.167
2018-08-20,3.125,4.125,1.0,2.792
2018-08-21,6.458,8.833,2.375,2.583
2018-08-22,3.958,5.708,1.75,2.292
2018-08-23,3.125,4.708,1.583,3.0
2018-08-24,4.208,6.458,2.25,2.583
2018-08-25,2.083,3.417,1.333,2.25
2018-08-26,0.792,1.958,1.167,2.458
2018-08-27,2.458,4.167,1.708,2.875
2018-08-28,1.348,2.261,0.913,2.435
2018-08-29,1.75,2.25,0.5,2.5
2018-08-30,4.167,5.167,1.0,2.0
2018-08-31,4.833,6.125,1.292,2.375
2018-09-01,0.667,0.833,0.167,2.375
2018-09-02,1.667,2.375,0.708,3.042
2018-09-03,2.25,2.833,0.583,1.958
2018-09-04,0.417,0.875,0.458,1.917
2018-09-05,1.458,2.292,0.833,2.25
2018-09-06,1.333,2.0,0.667,2.0
2018-09-07,2.7,3.75,1.05,2.95
2018-09-08,1.042,2.042,1.0,2.667
2018-09-09,1.375,2.583,1.208,2.375
2018-09-10,2.875,4.458,1.583,2.417
2018-09-11,2.913,3.957,1.043,2.174
2018-09-12,3.083,4.042,0.958,3.042
2018-09-13,2.5,3.333,0.833,2.708
2018-09-14,3.583,4.875,1.292,3.542
2018-09-15,3.833,4.917,1.083,3.792
2018-09-16,3.333,4.292,0.958,3.708
2018-09-17,2.042,2.792,0.75,3.042
2018-09-18,2.417,3.625,1.208,2.625
2018-09-19,1.833,2.833,1.0,2.292
2018-09-20,2.375,3.583,1.208,2.333
2018-09-21,3.042,4.542,1.5,2.625
2018-09-22,1.125,2.125,1.0,2.0
2018-09-23,1.792,3.042,1.25,1.958
2018-09-24,6.375,8.583,2.208,2.375
2018-09-25,2.913,4.261,1.348,2.087
2018-09-26,1.917,2.667,0.75,1.875
2018-09-27,2.042,2.792,0.75,2.167
2018-09-28,2.667,4.083,1.417,1.875
2018-09-29,3.5,5.25,1.75,2.375
2018-09-30,2.833,4.583,1.75,1.958
2018-10-01,1.708,3.5,1.792,2.0
2018-10-02,2.167,3.875,1.708,1.958
2018-10-03,3.542,5.625,2.083,1.875
2018-10-04,2.917,5.208,2.292,2.125
2018-10-05,6.583,9.667,3.083,4.583
2018-10-06,4.125,6.417,2.292,2.083
2018-10-07,0.5,1.917,1.417,1.625
2018-10-08,1.833,3.583,1.75,1.917
2018-10-09,2.087,3.391,1.304,2.217
2018-10-10,1.958,2.625,0.667,2.125
2018-10-11,4.292,5.167,0.875,2.167
2018-10-12,3.042,4.333,1.292,1.625
2018-10-13,2.208,3.333,1.125,1.917
2018-10-14,2.167,3.375,1.208,1.958
2018-10-15,3.042,5.0,1.958,1.875
2018-10-16,2.042,4.0,1.958,1.958
2018-10-17,2.364,4.318,1.955,1.542
2018-10-18,2.917,4.708,1.792,1.75
2018-10-19,2.708,4.292,1.583,2.083
2018-10-20,3.083,4.583,1.5,1.917
2018-10-21,2.542,4.125,1.583,2.208
2018-10-22,4.583,6.25,1.667,2.583
2018-10-23,2.348,3.565,1.217,2.522
2018-10-24,2.583,3.083,0.5,2.417
2018-10-25,2.958,3.792,0.833,2.083
2018-10-26,3.042,3.583,0.542,2.708
2018-10-27,2.208,2.792,0.583,2.0
2018-10-28,1.792,2.25,0.458,1.958
2018-10-29,2.417,3.542,1.125,1.625
2018-10-30,1.042,1.958,0.917,1.083
2018-10-31,2.833,3.75,0.917,1.0
2018-11-01,2.833,4.25,1.417,1.458
2018-11-02,4.375,6.083,1.708,1.958
2018-11-03,2.333,4.083,1.75,1.917
2018-11-04,2.083,3.5,1.417,1.792
2018-11-05,6.583,8.667,2.083,2.417
2018-11-06,3.522,5.217,1.696,1.826
2018-11-07,1.375,2.333,0.958,2.375
2018-11-08,2.167,3.125,0.958,2.75
2018-11-09,1.208,1.417,0.208,1.667
2018-11-10,3.042,4.792,1.75,2.0
2018-11-11,1.417,2.292,0.875,2.0
2018-11-12,1.792,3.0,1.208,2.083
2018-11-13,2.458,4.208,1.75,2.042
2018-11-14,2.292,3.875,1.583,2.0
2018-11-15,4.083,6.542,2.458,1.958
2018-11-16,4.542,7.375,2.833,2.0
2018-11-17,2.0,3.833,1.833,2.0
2018-11-18,2.083,4.125,2.042,2.083
2018-11-19,3.083,5.333,2.25,2.125
2018-11-20,2.391,3.739,1.348,2.217
2018-11-21,2.75,3.25,0.5,1.875
2018-11-22,4.333,5.0,0.667,2.083
2018-11-23,1.208,1.5,0.292,1.417
2018-11-24,2.542,3.167,0.625,1.583
2018-11-25,2.542,3.0,0.458,2.25
2018-11-26,2.333,3.208,0.875,2.625
2018-11-27,2.167,2.958,0.792,2.458
2018-11-28,1.25,1.458,0.208,2.667
2018-11-29,1.375,1.708,0.333,1.833
2018-11-30,1.625,2.375,0.75,1.708
2018-12-01,2.125,2.875,0.75,1.833
2018-12-02,2.583,3.917,1.333,1.875
2018-12-03,3.583,4.917,1.333,2.25
2018-12-04,5.826,7.174,1.348,2.739
2018-12-05,1.042,1.625,0.583,1.958
2018-12-06,2.125,2.375,0.25,1.667
2018-12-07,1.542,1.792,0.25,1.75
2018-12-08,1.0,1.292,0.292,1.542
2018-12-09,1.167,1.792,0.625,1.5
2018-12-10,1.792,2.625,0.833,1.625
2018-12-11,2.042,2.917,0.875,1.417
2018-12-12,3.125,4.0,0.875,1.25
2018-12-13,6.0,7.833,1.833,1.75
2018-12-14,3.0,4.333,1.333,1.583
2018-12-15,2.792,4.333,1.542,1.583
2018-12-16,3.375,4.958,1.583,2.125
2018-12-17,4.5,6.333,1.833,2.667
2018-12-18,2.0,3.87,1.87,2.174
2018-12-19,4.125,8.292,4.167,2.0
2018-12-20,1.708,3.375,1.667,2.0
2018-12-21,3.875,7.417,3.542,2.042
2018-12-22,5.583,10.0,4.417,2.208
2018-12-23,2.167,4.25,2.083,2.458
2018-12-24,1.0,2.083,1.083,1.958
2018-12-25,2.333,5.167,2.833,2.0
2018-12-26,2.583,5.542,2.958,2.333
2018-12-27,1.208,3.292,2.083,2.083
2018-12-28,2.083,4.833,2.75,1.667
2018-12-29,1.375,3.708,2.333,1.5
2018-12-30,2.5,6.208,3.708,1.25
2018-12-31,3.042,6.625,3.583,1.583
