date,CH4_mean,NMHC_mean,NO2_mean,NOX_mean,NO_mean,SO2_mean,SPM_mean,THC_mean
2013-01-01,203.25,13.75,10.583,12.042,1.375,2.0,21.375,216.833
2013-01-02,199.292,9.333,7.375,8.167,0.958,1.417,3.208,208.5
2013-01-03,196.87,12.478,10.348,11.391,1.087,1.333,7.083,209.261
2013-01-04,195.75,12.417,11.792,14.5,2.542,3.0,10.75,208.125
2013-01-05,193.083,8.333,5.833,6.375,0.625,2.208,1.167,201.125
2013-01-06,195.083,10.125,10.375,13.167,2.75,1.043,1.708,205.042
2013-01-07,199.417,18.792,21.5,35.0,13.542,1.75,10.136,218.0
2013-01-08,199.75,26.167,32.5,52.708,20.167,2.083,32.375,225.75
2013-01-09,189.75,15.375,13.0,14.5,1.458,4.917,4.125,204.958
2013-01-10,194.565,8.478,10.826,12.609,1.609,1.083,0.583,202.957
2013-01-11,197.958,15.917,20.292,32.042,11.75,1.375,4.5,213.75
2013-01-12,198.042,15.0,16.667,19.333,2.75,2.083,13.333,212.875
2013-01-13,195.792,10.708,10.542,13.083,2.417,1.652,7.333,206.167
2013-01-14,196.318,14.682,21.409,29.909,8.409,6.455,4.652,210.818
2013-01-15,194.583,9.958,9.375,10.542,1.042,4.208,1.167,204.292
2013-01-16,197.5,12.208,17.958,23.083,5.125,1.833,6.042,209.5
2013-01-17,196.87,15.217,21.0,28.261,7.261,1.958,10.25,211.87
2013-01-18,194.417,16.25,19.167,24.833,5.75,3.625,10.833,210.458
2013-01-19,193.25,7.375,3.833,4.0,0.083,1.417,3.125,200.417
2013-01-20,199.5,13.667,19.417,25.958,6.458,2.13,6.125,212.833
2013-01-21,198.083,16.958,17.542,24.292,7.0,4.625,12.208,214.875
2013-01-22,194.833,9.333,13.875,15.333,1.458,3.292,17.542,204.042
2013-01-23,195.75,11.417,17.75,21.917,4.25,3.458,5.292,207.0
2013-01-24,199.13,16.957,21.696,33.435,11.87,2.208,12.708,215.913
2013-01-25,201.417,26.083,26.375,45.25,18.875,1.792,34.583,227.375
2013-01-26,188.458,11.125,5.833,6.625,0.708,1.5,9.875,199.5
2013-01-27,193.75,13.0,19.625,29.375,9.833,4.13,3.5,206.5
2013-01-28,193.455,12.636,16.273,20.591,4.136,2.348,6.13,205.818
2013-01-29,193.478,15.609,20.167,26.667,6.375,2.917,5.667,208.739
2013-01-30,196.917,10.083,11.917,14.125,2.208,1.417,11.125,206.875
2013-01-31,193.083,12.708,15.522,19.435,3.957,1.333,9.667,205.417
2013-02-01,195.875,13.917,18.5,22.083,3.625,2.875,8.833,209.583
2013-02-02,197.875,16.083,17.833,20.292,2.542,1.708,37.0,213.583
2013-02-03,193.625,26.042,20.042,24.583,4.75,2.174,45.75,219.5
2013-02-04,189.0,13.25,9.292,10.292,1.0,4.875,7.792,202.125
2013-02-05,193.13,5.043,7.333,8.083,0.792,1.0,1.0,197.957
2013-02-06,195.5,6.917,12.167,14.333,2.083,1.083,4.125,202.333
2013-02-07,194.542,8.667,10.783,13.087,2.348,4.125,3.417,202.958
2013-02-08,192.375,9.917,9.75,11.792,2.167,4.958,4.458,202.167
2013-02-09,189.875,10.708,5.542,6.042,0.5,1.458,2.917,200.5
2013-02-10,195.083,10.875,19.917,26.0,6.208,3.478,5.25,205.708
2013-02-11,195.833,10.5,10.708,12.167,1.375,4.917,5.5,206.292
2013-02-12,193.0,16.409,17.958,21.417,3.5,22.25,12.875,209.227
2013-02-13,193.261,11.0,19.0,22.652,3.565,5.391,6.957,204.087
2013-02-14,191.583,14.417,5.913,7.0,1.391,3.542,2.375,205.792
2013-02-15,184.958,9.375,5.0,5.542,0.5,1.042,9.625,194.125
2013-02-16,188.917,6.958,3.708,3.958,0.333,1.292,4.0,195.5
2013-02-17,193.583,8.792,11.0,13.667,2.75,2.913,20.167,201.958
2013-02-18,192.292,11.0,11.875,13.458,1.458,2.917,8.208,203.042
2013-02-19,192.609,8.391,13.875,15.625,1.792,4.25,7.333,200.696
2013-02-20,193.75,9.75,14.5,17.0,2.5,6.375,11.0,203.125
2013-02-21,193.542,9.542,12.0,13.957,1.87,2.042,9.75,202.792
2013-02-22,195.042,11.0,13.542,15.958,2.25,3.875,6.167,205.75
2013-02-23,195.292,11.208,12.667,16.583,3.958,7.75,3.708,206.083
2013-02-24,193.958,9.583,10.792,12.5,1.708,3.739,6.208,203.25
2013-02-25,194.833,11.542,16.667,18.458,1.75,3.125,18.958,206.083
2013-02-26,198.158,16.053,23.304,28.348,5.043,4.043,42.13,213.842
2013-02-27,199.583,11.958,14.417,18.75,4.125,1.833,35.625,211.417
2013-02-28,191.083,14.917,13.522,16.391,2.913,5.5,28.417,205.542
2013-03-01,194.958,12.958,13.875,14.708,0.833,5.0,20.167,207.375
2013-03-02,191.25,12.583,12.0,12.75,0.708,5.917,10.375,203.333
2013-03-03,192.5,11.583,10.333,11.833,1.583,5.652,6.583,203.708
2013-03-04,194.625,11.0,14.542,16.375,2.042,2.458,10.042,205.208
2013-03-05,190.522,12.522,15.542,18.083,2.5,1.375,14.167,202.739
2013-03-06,189.667,8.833,8.667,9.292,0.667,1.0,3.292,198.208
2013-03-07,191.625,9.792,11.0,12.0,0.913,1.625,5.792,201.125
2013-03-08,193.083,10.5,10.5,11.417,0.833,1.625,6.833,203.417
2013-03-09,189.042,10.208,9.25,10.458,1.25,2.0,3.708,198.792
2013-03-10,190.708,10.125,8.458,9.958,1.5,1.609,6.5,200.625
2013-03-11,192.708,8.917,11.417,13.667,2.25,1.5,2.958,201.5
2013-03-12,198.227,15.636,21.0,25.478,4.739,3.348,27.609,213.364
2013-03-13,187.75,7.292,8.958,11.083,2.083,1.417,20.708,194.792
2013-03-14,187.458,10.458,13.565,15.87,2.217,8.292,8.708,197.625
2013-03-15,191.083,7.917,8.125,9.542,1.375,2.875,4.417,198.583
2013-03-16,196.25,18.0,12.75,15.333,2.5,4.458,20.375,213.917
2013-03-17,195.125,13.833,15.917,18.167,2.417,2.957,26.625,208.75
2013-03-18,190.708,6.625,8.417,9.208,0.708,1.542,27.875,197.083
2013-03-19,194.696,13.478,10.292,12.083,1.792,6.208,13.458,207.957
2013-03-20,190.792,10.792,10.667,12.208,1.417,1.042,9.875,201.167
2013-03-21,189.208,7.042,4.261,4.609,0.304,1.0,1.292,195.917
2013-03-22,194.5,7.208,5.917,6.625,0.625,1.208,2.542,201.542
2013-03-23,196.25,9.417,7.333,7.833,0.625,1.75,7.5,205.25
2013-03-24,197.5,14.333,14.667,18.208,3.458,2.391,15.208,211.625
2013-03-25,198.5,10.125,14.583,16.0,1.333,2.833,28.375,208.208
2013-03-26,199.895,15.474,17.696,23.348,5.609,1.957,36.348,215.053
2013-03-27,191.917,16.5,17.375,18.208,0.75,8.417,35.958,208.125
2013-03-28,197.083,17.125,14.696,19.435,4.609,1.958,32.75,213.875
2013-03-29,195.458,9.667,7.25,7.75,0.375,1.958,23.375,204.792
2013-03-30,185.625,8.458,2.667,2.708,0.0,1.0,15.125,193.833
2013-03-31,187.25,10.25,6.375,6.583,0.167,1.217,6.292,197.333
2013-04-01,192.417,17.583,10.87,12.13,1.304,2.739,11.708,210.0
2013-04-02,187.958,16.917,9.833,10.833,1.0,1.208,12.125,204.875
2013-04-03,187.913,17.478,6.958,7.375,0.542,1.75,8.609,205.391
2013-04-04,195.458,17.125,12.917,16.917,3.875,3.083,9.292,212.542
2013-04-05,196.667,22.833,14.0,15.833,1.667,5.75,22.75,219.5
2013-04-06,191.375,13.25,3.625,4.125,0.542,1.125,16.083,204.625
2013-04-07,184.667,13.583,2.875,2.75,0.0,1.25,14.042,198.25
2013-04-08,190.917,15.125,8.957,9.739,0.696,1.13,5.833,206.042
2013-04-09,198.875,20.708,13.333,17.792,4.375,2.583,15.625,219.583
2013-04-10,192.409,17.818,10.783,12.174,1.348,3.783,14.0,210.227
2013-04-11,194.25,16.792,11.667,12.917,1.375,3.917,9.792,211.042
2013-04-12,194.292,18.042,14.0,15.917,1.917,3.0,13.125,212.333
2013-04-13,195.208,15.292,8.708,9.792,1.125,3.0,7.458,210.5
2013-04-14,195.208,12.167,3.333,3.75,0.208,2.0,19.042,207.375
2013-04-15,191.917,16.0,8.565,9.696,1.043,3.478,18.625,207.917
2013-04-16,192.125,14.792,7.833,8.542,0.625,3.208,13.75,206.917
2013-04-17,193.217,15.087,6.0,6.5,0.708,1.625,31.208,208.304
2013-04-18,187.667,27.5,10.208,12.083,1.917,3.083,18.458,215.167
2013-04-19,190.708,19.583,11.125,12.917,1.667,5.208,9.792,210.25
2013-04-20,193.375,17.25,7.542,8.125,0.5,2.125,11.792,210.625
2013-04-21,193.292,17.167,7.458,8.083,0.542,2.375,4.583,210.458
2013-04-22,195.25,16.125,11.696,12.957,1.348,2.739,12.917,211.292
2013-04-23,197.5,18.458,13.792,16.292,2.417,1.917,20.833,215.958
2013-04-24,187.739,14.522,4.0,4.625,0.542,1.0,17.875,201.826
2013-04-25,186.619,24.095,15.955,18.273,2.273,5.091,16.045,210.714
2013-04-26,187.667,17.625,10.042,11.208,1.042,2.792,16.667,205.292
2013-04-27,188.25,16.25,5.417,5.625,0.208,1.125,7.375,204.5
2013-04-28,190.417,18.75,5.792,5.875,0.042,1.25,14.917,209.167
2013-04-29,195.083,17.583,7.739,8.174,0.435,2.13,18.917,212.667
2013-04-30,187.458,15.958,6.042,6.458,0.458,1.917,23.625,203.417
2013-05-01,190.13,20.826,6.917,7.417,0.583,2.5,15.917,210.957
2013-05-02,190.667,17.042,9.917,11.125,1.25,2.917,5.708,207.708
2013-05-03,194.083,18.333,8.083,9.292,1.208,3.208,5.5,212.417
2013-05-04,193.542,17.417,6.75,8.375,1.5,2.625,6.625,210.958
2013-05-05,194.792,17.833,6.0,6.333,0.333,2.25,15.542,212.625
2013-05-06,200.667,20.292,5.522,5.652,0.174,2.13,21.583,220.958
2013-05-07,191.833,17.5,8.708,10.583,1.792,3.917,7.417,209.333
2013-05-08,191.478,16.348,11.542,12.917,1.625,1.917,5.708,207.826
2013-05-09,196.652,20.348,12.87,15.652,2.696,2.087,15.522,216.545
2013-05-10,195.083,25.5,18.542,21.583,3.125,5.0,25.917,220.542
2013-05-11,191.583,39.125,11.75,13.375,1.75,3.25,23.083,230.708
2013-05-12,190.0,26.125,16.167,18.667,2.542,4.625,13.75,216.125
2013-05-13,187.125,15.458,5.609,6.348,0.739,1.217,14.75,202.583
2013-05-14,190.875,20.208,10.625,12.042,1.417,2.917,19.13,211.083
2013-05-15,190.478,17.522,8.667,9.667,0.958,3.833,27.875,208.0
2013-05-16,192.75,24.708,14.292,18.5,4.25,7.625,21.143,217.458
2013-05-17,191.167,22.0,11.5,15.0,3.5,5.913,10.0,213.167
2013-05-18,197.583,18.375,7.625,8.667,1.25,1.792,13.875,215.958
2013-05-19,186.625,13.625,2.792,3.0,0.083,1.083,9.375,200.25
2013-05-20,183.875,14.5,7.304,8.783,1.391,1.304,7.333,198.208
2013-05-21,186.958,24.917,13.583,16.917,3.375,6.333,15.375,211.875
2013-05-22,189.435,20.043,9.167,10.417,1.125,1.917,20.333,209.478
2013-05-23,196.125,43.708,16.417,19.083,2.625,4.083,31.545,239.833
2013-05-24,203.708,23.167,12.167,13.583,1.5,2.208,17.647,226.875
2013-05-25,190.167,18.833,8.0,11.583,3.542,3.917,8.625,209.0
2013-05-26,192.167,25.542,6.167,6.5,0.292,2.167,12.625,217.708
2013-05-27,195.5,14.083,8.174,9.478,1.217,1.087,10.375,209.583
2013-05-28,192.81,14.048,5.0,6.091,1.0,1.0,7.913,206.857
2013-05-29,188.435,12.478,4.833,5.542,0.75,1.0,11.792,200.913
2013-05-30,185.917,12.083,3.0,3.75,0.708,1.0,11.917,198.0
2013-05-31,189.125,22.417,13.083,14.708,1.625,7.917,20.909,211.542
2013-06-01,187.417,16.333,9.583,10.625,0.875,5.25,17.75,203.75
2013-06-02,187.625,15.167,8.25,9.292,1.125,5.5,16.917,202.833
2013-06-03,189.708,22.792,12.435,14.696,2.13,6.043,14.583,212.5
2013-06-04,193.0,37.25,15.833,20.167,4.333,6.167,25.583,230.25
2013-06-05,196.696,19.0,7.333,8.875,1.458,2.125,15.917,215.696
2013-06-06,193.25,12.333,7.75,9.375,1.583,1.167,12.125,205.583
2013-06-07,184.208,19.208,12.333,13.917,1.792,4.5,9.125,203.417
2013-06-08,184.667,36.542,12.333,14.667,2.208,5.042,12.417,221.208
2013-06-09,190.333,22.75,11.125,12.708,1.417,4.5,24.917,213.083
2013-06-10,202.792,34.958,14.043,15.783,1.913,3.739,29.292,237.667
2013-06-11,188.708,38.958,10.792,12.125,1.208,3.708,17.333,227.667
2013-06-12,191.739,28.696,18.875,29.792,10.708,8.333,30.583,220.435
2013-06-13,186.522,23.826,9.174,11.609,2.435,3.261,10.773,210.348
2013-06-14,194.917,38.542,16.375,28.208,11.792,8.167,30.75,233.458
2013-06-15,186.292,24.042,6.542,10.75,4.125,1.542,14.333,206.167
2013-06-16,188.875,18.25,13.375,17.167,3.875,5.583,16.625,207.125
2013-06-17,188.833,35.625,15.739,18.957,3.391,5.913,19.833,220.292
2013-06-18,200.333,28.833,9.167,10.625,1.458,1.958,36.083,229.167
2013-06-19,186.217,16.957,6.75,8.583,1.75,1.833,28.5,203.174
2013-06-20,198.208,29.875,18.125,21.375,3.25,2.708,16.958,223.917
2013-06-21,202.667,30.917,14.375,15.75,1.167,2.083,15.167,233.583
2013-06-22,204.458,33.083,11.958,13.625,1.542,3.792,28.375,237.542
2013-06-23,197.5,76.125,16.875,19.208,2.375,6.625,19.917,277.708
2013-06-24,194.458,60.292,20.522,24.522,4.174,6.913,19.167,258.917
2013-06-25,196.417,30.042,13.375,17.25,3.833,6.042,26.792,226.458
2013-06-26,196.174,19.391,9.25,10.417,1.25,1.792,18.792,215.522
2013-06-27,189.864,24.091,15.391,19.217,3.87,9.435,13.217,213.955
2013-06-28,192.708,34.333,11.625,14.042,2.417,7.167,11.25,227.042
2013-06-29,191.875,36.5,13.75,17.958,4.125,8.25,18.167,228.375
2013-06-30,191.958,27.583,5.875,7.167,1.292,2.25,12.875,219.542
2013-07-01,198.833,13.417,7.696,10.13,2.304,1.304,8.25,212.208
2013-07-02,203.75,15.667,8.083,10.375,2.458,1.458,7.333,218.917
2013-07-03,201.909,13.364,5.542,7.542,1.958,2.292,8.333,216.826
2013-07-04,178.458,10.917,4.042,5.917,1.833,1.833,16.125,189.083
2013-07-05,180.792,12.292,2.75,5.458,2.5,1.125,21.292,192.542
2013-07-06,178.542,10.417,2.5,4.042,1.583,1.083,16.125,188.583
2013-07-07,187.958,20.708,8.25,9.292,1.125,3.083,23.875,208.375
2013-07-08,192.5,29.542,13.913,17.304,3.435,3.826,26.917,221.625
2013-07-09,191.208,35.0,17.625,22.708,4.917,5.917,60.708,226.0
2013-07-10,199.957,21.957,10.833,12.542,1.708,3.375,51.667,221.739
2013-07-11,222.048,29.714,14.435,17.174,2.826,3.652,55.864,251.476
2013-07-12,187.043,47.261,19.333,24.917,5.667,10.542,49.458,234.0
2013-07-13,186.25,44.583,15.667,16.958,1.417,5.417,54.25,230.625
2013-07-14,191.583,27.333,10.333,12.333,2.042,4.917,55.167,218.625
2013-07-15,195.417,38.875,9.783,11.087,1.217,4.304,37.75,233.958
2013-07-16,192.083,44.167,11.167,13.0,1.792,5.292,14.917,236.042
2013-07-17,197.417,29.125,12.667,15.625,2.958,5.542,17.542,226.042
2013-07-18,187.042,15.125,6.458,7.708,1.375,2.417,28.792,201.875
2013-07-19,188.217,20.348,9.792,11.917,2.292,7.25,13.458,208.304
2013-07-20,193.25,16.875,15.833,20.583,4.875,15.333,18.417,210.042
2013-07-21,189.583,18.542,11.125,14.625,3.625,8.25,14.375,207.958
2013-07-22,190.5,28.917,11.043,13.391,2.261,2.87,22.292,219.25
2013-07-23,192.75,24.875,15.125,18.708,3.667,6.667,33.5,217.417
2013-07-24,189.875,39.083,12.833,14.958,2.208,3.042,16.333,228.75
2013-07-25,187.375,29.208,13.583,20.333,6.792,7.875,18.292,216.417
2013-07-26,185.348,20.304,7.875,9.792,2.0,2.167,26.708,205.565
2013-07-27,184.292,15.75,8.125,9.458,1.333,1.833,28.667,199.917
2013-07-28,192.917,32.333,10.417,11.792,1.458,6.542,19.25,225.083
2013-07-29,192.042,26.708,11.87,13.348,1.522,4.304,31.833,218.583
2013-07-30,186.714,21.571,9.682,11.091,1.364,4.0,26.957,208.238
2013-07-31,184.333,23.542,7.917,10.083,2.083,3.5,19.917,207.583
2013-08-01,190.083,19.75,10.083,13.208,3.208,3.625,19.583,209.542
2013-08-02,182.783,16.348,7.792,16.917,9.125,5.458,13.042,198.783
2013-08-03,188.792,20.0,9.542,11.792,2.333,3.708,20.167,208.542
2013-08-04,193.25,20.875,4.75,5.75,0.958,2.333,15.292,213.75
2013-08-05,186.625,12.708,4.304,6.652,2.391,1.87,13.292,199.167
2013-08-06,187.375,13.625,6.167,8.75,2.667,1.708,21.667,200.833
2013-08-07,194.125,24.917,9.583,12.0,2.375,2.833,23.417,218.917
2013-08-08,214.25,44.583,14.208,17.333,3.167,4.25,40.042,258.583
2013-08-09,199.957,17.565,10.0,11.292,1.375,2.625,57.25,217.174
2013-08-10,206.583,19.042,10.167,11.208,1.125,3.625,66.25,225.417
2013-08-11,209.583,25.5,8.125,8.5,0.417,3.625,73.917,234.708
2013-08-12,191.5,38.542,11.913,14.304,2.304,6.13,70.958,229.792
2013-08-13,196.917,26.167,9.917,11.625,1.708,3.542,39.458,222.75
2013-08-14,199.522,23.565,8.087,9.478,1.261,3.609,35.609,222.913
2013-08-15,207.0,14.833,5.292,6.333,0.958,2.5,32.292,221.708
2013-08-16,200.261,14.261,4.25,5.292,0.917,2.125,31.333,214.261
2013-08-17,190.708,12.25,3.542,4.583,0.958,2.167,18.125,202.792
2013-08-18,189.333,11.083,2.583,3.208,0.708,2.5,12.375,200.167
2013-08-19,188.375,11.625,4.478,6.522,2.043,2.0,18.25,199.708
2013-08-20,181.708,12.125,3.958,6.875,2.792,1.958,12.917,193.708
2013-08-21,184.417,27.875,11.125,14.417,3.333,5.0,17.0,212.042
2013-08-22,185.958,27.583,10.708,12.167,1.375,5.917,20.667,213.375
2013-08-23,188.478,29.87,16.042,18.25,2.292,3.833,32.333,218.174
2013-08-24,193.083,24.083,10.625,12.083,1.458,2.667,23.458,217.0
2013-08-25,196.458,48.125,12.042,13.083,1.208,4.708,22.375,244.375
2013-08-26,198.042,25.417,10.13,12.739,2.609,2.957,16.208,223.042
2013-08-27,191.167,22.667,12.5,15.083,2.542,7.208,12.583,213.583
2013-08-28,200.571,21.286,12.826,14.478,1.652,2.696,21.391,221.714
2013-08-29,203.375,21.167,12.542,14.917,2.542,2.5,32.708,224.417
2013-08-30,185.696,18.174,10.25,12.667,2.333,3.542,32.417,203.478
2013-08-31,191.083,28.667,13.5,16.5,3.0,5.083,28.417,219.375
2013-09-01,181.875,20.583,7.75,9.542,1.875,5.167,25.083,202.167
2013-09-02,186.833,24.042,10.087,12.522,2.565,4.609,18.958,210.625
2013-09-03,181.375,13.5,4.583,9.208,4.583,2.125,9.667,194.458
2013-09-04,184.625,15.833,6.292,8.958,2.667,1.875,12.75,200.125
2013-09-05,183.565,14.435,5.043,7.87,2.957,2.0,16.391,197.609
2013-09-06,190.783,20.261,9.958,13.875,3.875,3.792,17.583,210.739
2013-09-07,189.375,24.042,8.417,10.5,1.833,4.417,15.583,212.958
2013-09-08,187.833,21.833,6.667,7.292,0.667,3.375,18.542,209.292
2013-09-09,190.0,19.5,10.261,15.826,5.565,5.174,13.417,209.125
2013-09-10,189.542,30.0,15.333,26.167,10.917,6.458,15.0,219.167
2013-09-11,190.261,27.261,14.0,17.087,3.391,5.739,17.429,217.217
2013-09-12,192.333,27.042,15.708,20.292,4.708,7.833,21.083,219.375
2013-09-13,190.565,28.0,9.958,12.167,2.292,3.042,18.727,218.609
2013-09-14,192.875,32.917,11.417,13.875,2.375,4.958,18.208,225.792
2013-09-15,180.292,14.0,2.667,4.25,1.667,1.75,16.625,194.292
2013-09-16,178.875,11.0,1.87,2.435,0.435,1.522,21.667,189.75
2013-09-17,191.667,19.167,9.208,11.958,2.833,3.875,15.625,210.792
2013-09-18,194.625,25.917,19.208,26.417,7.25,6.417,16.792,220.458
2013-09-19,195.958,29.333,18.125,28.042,9.917,7.167,17.375,225.292
2013-09-20,200.522,21.478,13.083,16.375,3.375,2.542,20.5,222.0
2013-09-21,200.875,83.958,16.875,26.75,9.75,2.292,22.208,284.833
2013-09-22,203.25,25.583,10.583,12.375,1.583,4.833,26.542,228.833
2013-09-23,188.0,18.708,3.913,4.609,0.652,3.043,13.542,206.625
2013-09-24,188.542,19.292,13.125,17.667,4.5,9.0,20.958,207.708
2013-09-25,183.875,31.0,11.75,14.542,1.958,3.042,21.542,214.875
2013-09-26,186.636,22.182,10.591,11.545,1.182,6.5,23.667,208.682
2013-09-27,192.826,20.609,9.5,12.667,3.167,3.917,,213.391
2013-09-28,193.958,17.75,8.25,10.542,2.458,3.292,,211.708
2013-09-29,192.292,24.083,11.458,16.958,5.542,4.708,,216.083
2013-09-30,189.042,17.583,12.348,14.261,2.13,5.826,,206.458
2013-10-01,188.625,19.583,16.875,20.875,4.0,6.708,,208.083
2013-10-02,186.5,18.542,14.417,18.875,4.583,4.417,,205.125
2013-10-03,195.458,24.458,11.5,15.042,3.583,3.667,,219.917
2013-10-04,190.13,15.609,10.75,11.25,0.5,6.417,,205.739
2013-10-05,192.208,16.458,18.542,20.583,2.042,8.292,,208.542
2013-10-06,190.375,14.042,14.208,16.417,2.083,6.083,,204.417
2013-10-07,189.458,18.667,11.609,14.348,2.87,5.261,,207.875
2013-10-08,193.417,19.833,8.542,14.0,5.458,2.167,,212.958
2013-10-09,187.958,10.833,3.375,4.625,1.292,2.208,1.286,198.708
2013-10-10,194.348,30.348,10.909,13.773,3.0,3.591,7.043,220.348
2013-10-11,188.348,17.913,8.042,10.5,2.583,2.333,16.958,206.261
2013-10-12,185.708,16.375,6.833,7.708,1.042,4.542,17.667,202.083
2013-10-13,197.125,16.708,8.208,9.0,0.792,2.625,15.458,213.333
2013-10-14,190.789,17.421,9.556,11.0,1.611,2.556,13.158,207.789
2013-10-15,197.167,23.667,20.292,25.5,5.208,4.042,21.625,220.667
2013-10-16,182.583,18.375,8.25,9.875,1.5,2.792,16.875,200.875
2013-10-17,190.875,14.25,9.25,12.5,3.833,4.667,8.958,205.125
2013-10-18,190.045,16.955,8.833,11.417,2.417,4.708,7.625,207.0
2013-10-19,190.958,18.5,12.917,14.625,1.708,7.167,14.958,208.958
2013-10-20,188.25,22.708,11.958,13.458,1.542,3.25,13.083,210.542
2013-10-21,186.75,20.875,10.783,14.304,3.435,3.739,7.917,207.542
2013-10-22,185.792,17.792,6.458,7.375,0.917,4.042,6.792,203.542
2013-10-23,187.583,16.5,7.292,8.375,1.0,4.125,6.708,204.167
2013-10-24,190.375,25.125,17.917,19.875,1.958,5.917,15.292,215.417
2013-10-25,187.739,15.391,8.417,10.042,1.542,2.167,12.208,203.087
2013-10-26,190.792,16.875,14.708,16.125,1.417,5.167,15.792,207.667
2013-10-27,195.708,15.292,5.667,5.958,0.208,2.167,10.5,211.417
2013-10-28,195.167,17.083,14.696,18.957,4.261,5.348,10.542,211.958
2013-10-29,199.429,19.286,19.091,24.273,5.182,3.227,19.091,218.286
2013-10-30,191.5,16.875,15.667,18.083,2.417,5.5,12.542,207.958
2013-10-31,205.375,15.125,18.5,21.5,3.083,2.958,23.0,220.25
2013-11-01,206.304,13.826,15.167,19.375,4.25,4.25,22.542,219.696
2013-11-02,198.292,15.208,15.958,19.042,3.083,4.083,20.292,213.083
2013-11-03,206.625,13.958,10.917,11.708,0.708,2.125,55.125,220.333
2013-11-04,202.208,18.333,12.043,12.783,0.652,4.043,37.792,220.125
2013-11-05,195.583,11.958,14.292,16.542,2.167,4.625,17.042,207.333
2013-11-06,212.458,12.5,12.25,20.917,8.708,2.0,19.75,224.792
2013-11-07,202.5,16.375,20.542,26.333,5.917,1.958,25.208,218.583
2013-11-08,199.435,18.478,17.542,22.792,5.292,3.583,15.083,217.522
2013-11-09,197.417,14.458,11.0,13.833,2.833,3.0,8.125,211.458
2013-11-10,194.208,10.875,5.667,6.458,0.542,3.208,13.333,204.833
2013-11-11,190.375,9.5,10.087,11.87,1.609,4.739,7.125,199.667
2013-11-12,196.792,14.208,15.708,24.542,8.875,1.917,9.833,210.667
2013-11-13,195.739,13.913,6.826,7.565,0.739,1.435,3.348,209.261
2013-11-14,199.875,12.792,15.792,20.375,4.75,3.708,6.375,212.5
2013-11-15,200.826,16.217,20.625,27.167,6.542,3.458,20.667,216.609
2013-11-16,194.292,15.875,12.667,14.042,1.542,6.875,17.458,209.792
2013-11-17,205.833,11.375,8.833,10.625,1.667,2.458,27.75,216.833
2013-11-18,201.083,9.458,13.0,17.696,4.652,2.13,19.208,210.167
2013-11-19,193.917,8.458,12.917,16.375,3.292,2.542,5.792,201.792
2013-11-20,196.875,9.583,17.125,21.625,4.542,2.583,9.958,206.0
2013-11-21,198.083,15.0,22.292,28.833,6.625,2.083,14.708,212.583
2013-11-22,205.522,19.609,24.542,41.417,17.125,2.125,19.0,224.739
2013-11-23,197.333,12.958,12.542,15.583,3.042,2.917,11.083,209.833
2013-11-24,202.292,14.917,10.0,11.5,1.5,2.708,15.625,216.708
2013-11-25,197.375,12.167,17.0,26.826,9.87,2.217,20.75,208.917
2013-11-26,191.292,11.167,13.042,16.708,3.542,4.375,14.083,202.167
2013-11-27,194.409,9.864,11.609,16.522,4.913,2.13,6.524,203.682
2013-11-28,193.312,12.812,7.562,9.0,1.188,2.667,7.375,205.688
2013-11-29,200.583,15.25,14.583,18.792,4.167,2.667,4.75,215.333
2013-11-30,204.25,18.875,15.708,21.667,5.917,2.0,11.083,222.667
2013-12-01,210.5,23.083,13.5,19.875,6.5,2.875,16.958,233.292
2013-12-02,201.25,21.625,20.625,30.708,10.125,2.217,29.667,222.625
2013-12-03,201.875,19.25,15.583,21.958,6.333,2.875,17.958,220.917
2013-12-04,198.875,19.375,13.042,17.625,4.583,2.958,8.75,217.708
2013-12-05,196.0,17.957,15.714,20.524,4.714,4.958,13.667,213.435
2013-12-06,206.417,26.542,27.043,44.522,17.565,2.75,24.042,232.542
2013-12-07,194.417,13.917,11.125,14.0,2.958,4.667,5.273,207.875
2013-12-08,195.917,13.042,6.0,6.625,0.75,2.0,5.958,208.5
2013-12-09,199.208,18.75,22.042,30.458,8.417,1.733,25.688,217.667
2013-12-10,198.417,23.5,20.0,32.875,13.0,1.042,30.667,221.458
2013-12-11,192.087,13.348,15.174,19.261,4.174,1.625,6.5,205.13
2013-12-12,196.522,16.391,16.917,21.042,4.042,1.75,9.75,212.652
2013-12-13,198.208,13.167,12.304,17.174,4.913,1.583,6.208,211.083
2013-12-14,198.5,11.75,11.958,15.375,3.375,1.208,5.042,210.125
2013-12-15,196.792,10.375,5.792,6.667,0.958,1.0,0.958,206.958
2013-12-16,196.708,11.333,10.25,11.792,1.458,1.043,1.792,207.833
2013-12-17,199.043,15.739,15.783,19.174,3.609,2.708,4.417,214.565
2013-12-18,197.083,12.875,9.667,10.375,0.667,2.391,2.667,209.667
2013-12-19,189.739,13.478,7.667,8.792,1.167,4.083,4.167,203.043
2013-12-20,186.583,12.292,11.696,13.348,1.565,1.25,1.375,198.625
2013-12-21,193.208,16.667,17.958,25.792,7.833,2.458,7.625,209.625
2013-12-22,192.833,12.917,9.083,10.792,1.833,1.167,3.208,205.583
2013-12-23,196.375,14.833,15.667,19.5,3.917,2.217,6.292,211.083
2013-12-24,193.0,12.125,11.0,13.167,2.167,1.167,4.667,204.833
2013-12-25,197.792,14.917,19.167,27.958,8.917,1.125,8.292,212.542
2013-12-26,202.571,25.095,31.136,48.091,17.091,2.091,28.478,227.429
2013-12-27,196.652,16.522,18.13,22.652,4.522,4.542,19.458,213.043
2013-12-28,194.75,10.125,8.208,9.0,0.917,1.75,2.042,204.75
2013-12-29,198.083,10.167,8.625,10.208,1.417,1.125,7.125,207.917
2013-12-30,202.417,16.125,18.167,22.375,4.292,1.783,13.208,218.5
2013-12-31,202.208,16.625,16.458,19.583,3.208,1.833,21.5,218.75
2014-01-01,192.833,7.792,3.208,3.5,0.292,1.125,2.958,200.542
2014-01-02,194.833,10.375,7.87,9.348,1.435,1.125,0.833,205.0
2014-01-03,195.917,9.042,5.0,5.333,0.417,1.167,0.542,204.792
2014-01-04,200.458,16.625,14.458,17.333,2.917,1.708,8.208,216.875
2014-01-05,205.792,17.375,19.375,26.542,7.208,2.565,20.458,223.0
2014-01-06,201.625,10.792,10.167,12.0,1.917,1.792,13.0,212.333
2014-01-07,192.87,9.478,8.958,10.125,0.958,1.167,0.375,202.174
2014-01-08,196.083,10.208,9.833,11.542,1.708,1.75,2.125,206.0
2014-01-09,196.083,11.208,11.87,13.565,1.696,1.833,1.5,207.083
2014-01-10,195.333,10.083,10.292,11.417,1.083,1.5,0.833,205.208
2014-01-11,200.5,15.25,10.917,12.333,1.5,1.917,5.292,215.458
2014-01-12,198.625,10.583,8.042,9.333,1.0,1.87,1.25,209.042
2014-01-13,205.958,18.458,21.542,34.542,12.958,2.0,7.542,224.292
2014-01-14,198.955,24.136,27.478,46.391,19.0,2.826,18.696,223.091
2014-01-15,192.208,15.125,17.917,24.333,6.5,2.458,17.042,207.083
2014-01-16,188.417,10.792,14.043,21.696,7.652,3.875,5.5,199.083
2014-01-17,189.792,8.5,6.917,8.167,1.208,1.75,5.833,198.25
2014-01-18,188.75,7.25,5.083,5.583,0.292,1.625,0.625,195.75
2014-01-19,191.542,11.125,16.167,20.042,3.833,1.783,4.583,202.542
2014-01-20,194.708,15.833,15.375,22.208,6.75,3.125,10.417,210.375
2014-01-21,191.304,11.87,13.833,16.958,3.208,3.833,5.167,203.043
2014-01-22,188.0,12.625,11.833,12.625,0.625,3.0,5.708,200.458
2014-01-23,187.792,12.417,12.522,15.348,2.87,1.083,4.083,199.708
2014-01-24,192.833,14.875,16.5,22.792,6.292,2.208,3.458,207.667
2014-01-25,194.833,13.917,12.375,14.833,2.417,2.5,7.167,208.625
2014-01-26,192.125,31.125,16.958,19.458,2.208,2.826,15.833,223.083
2014-01-27,189.625,16.0,15.917,18.083,2.125,3.042,13.708,205.333
2014-01-28,194.286,10.619,7.391,8.087,0.652,2.565,2.957,204.762
2014-01-29,197.292,10.292,12.708,15.667,3.042,2.125,0.875,207.458
2014-01-30,193.167,14.5,11.913,13.217,1.261,2.667,4.667,207.583
2014-01-31,193.375,10.833,8.333,10.542,2.083,1.375,1.75,203.875
2014-02-01,195.083,10.417,4.625,5.0,0.375,1.208,0.875,205.375
2014-02-02,197.0,12.417,11.792,15.583,3.792,1.565,1.083,209.25
2014-02-03,197.708,16.0,16.125,19.792,3.542,1.542,4.75,213.625
2014-02-04,191.043,10.348,11.375,13.917,2.75,3.583,1.417,201.174
2014-02-05,188.667,9.208,6.75,7.708,0.958,2.292,2.5,197.708
2014-02-06,190.542,11.125,10.435,11.957,1.435,2.083,6.167,201.5
2014-02-07,193.708,15.583,13.667,21.042,7.375,2.042,3.458,209.042
2014-02-08,190.125,10.917,9.625,10.458,0.833,1.833,13.167,201.042
2014-02-09,194.208,10.542,11.125,12.458,1.458,1.435,9.25,204.583
2014-02-10,197.25,16.208,19.25,28.208,9.083,1.75,7.75,213.25
2014-02-11,199.217,20.739,19.25,26.917,7.708,1.958,14.5,219.783
2014-02-12,198.875,16.542,17.458,26.0,8.667,4.75,21.125,215.208
2014-02-13,193.5,11.182,9.818,11.955,2.091,2.0,12.13,204.636
2014-02-14,192.417,6.458,5.292,6.0,0.5,1.625,1.208,198.75
2014-02-15,193.792,7.125,4.875,5.292,0.292,1.667,3.833,200.667
2014-02-16,193.75,10.708,13.125,15.542,2.458,2.435,3.875,204.167
2014-02-17,191.542,7.083,11.958,14.667,2.667,4.125,1.917,198.542
2014-02-18,191.522,11.739,12.375,13.292,0.917,4.125,5.333,203.043
2014-02-19,191.875,11.167,8.292,10.208,1.917,4.833,3.625,202.792
2014-02-20,193.75,11.5,8.652,9.913,1.304,5.667,1.833,205.042
2014-02-21,194.5,10.917,7.625,8.375,0.75,3.25,2.583,205.292
2014-02-22,193.333,11.542,6.25,6.75,0.417,1.583,9.208,204.625
2014-02-23,191.417,15.833,11.208,14.125,2.958,3.304,16.125,207.042
2014-02-24,194.833,20.708,14.125,15.958,1.833,3.333,25.125,215.375
2014-02-25,192.348,9.348,8.75,10.208,1.417,4.208,26.667,201.565
2014-02-26,192.762,11.81,12.043,12.957,0.957,2.304,15.0,204.333
2014-02-27,193.042,10.125,10.609,13.174,2.696,1.667,9.042,202.917
2014-02-28,194.625,9.958,7.25,8.125,0.917,2.708,4.625,204.333
2014-03-01,191.083,7.583,4.208,4.375,0.25,1.417,4.708,198.417
2014-03-02,191.167,6.875,5.167,5.458,0.417,1.696,4.667,197.625
2014-03-03,194.167,10.917,12.833,14.375,1.625,4.0,8.917,204.792
2014-03-04,193.174,22.0,17.875,20.25,2.417,3.375,16.208,215.0
2014-03-05,196.042,11.167,11.333,12.5,1.125,4.167,6.125,206.833
2014-03-06,196.25,8.5,7.913,9.565,1.652,3.417,1.708,204.458
2014-03-07,197.75,6.25,9.5,10.5,0.833,5.208,7.792,203.667
2014-03-08,200.458,10.292,21.292,23.792,2.5,10.542,21.667,210.583
2014-03-09,194.708,10.083,17.708,20.333,2.5,6.304,15.125,204.583
2014-03-10,190.833,8.5,6.25,7.083,0.708,1.208,1.208,199.0
2014-03-11,194.783,8.652,9.25,10.75,1.583,1.875,2.625,203.217
2014-03-12,194.125,8.5,9.792,10.958,1.083,2.375,8.417,202.458
2014-03-13,195.957,8.783,11.091,12.955,1.909,2.217,9.478,204.652
2014-03-14,195.5,11.0,8.583,9.833,1.083,2.458,10.958,206.208
2014-03-15,199.875,12.5,12.042,13.292,1.292,3.792,14.542,212.208
2014-03-16,201.042,26.583,18.958,25.375,6.25,3.739,25.75,227.208
2014-03-17,196.833,14.333,15.792,19.708,3.792,4.042,22.917,210.875
2014-03-18,198.087,29.217,22.708,29.292,6.625,7.083,31.667,227.0
2014-03-19,195.583,18.375,22.833,25.667,2.667,5.583,26.292,213.5
2014-03-20,193.208,16.375,14.696,15.652,1.087,5.833,14.958,209.292
2014-03-21,194.292,14.875,12.333,14.542,2.25,6.0,13.042,208.917
2014-03-22,195.5,11.833,6.25,6.875,0.458,2.25,16.583,206.875
2014-03-23,192.833,16.792,9.458,10.292,0.792,3.87,14.917,209.375
2014-03-24,193.792,9.75,5.958,6.75,0.667,1.083,1.958,203.375
2014-03-25,195.522,10.87,8.542,9.5,0.833,2.708,2.583,206.261
2014-03-26,199.75,13.958,14.042,17.208,3.167,2.875,9.167,213.5
2014-03-27,200.905,10.619,12.5,15.091,2.682,1.739,13.087,211.238
2014-03-28,205.417,14.292,16.25,20.208,3.917,2.833,23.667,219.542
2014-03-29,192.333,7.0,5.208,5.542,0.417,1.458,12.708,199.208
2014-03-30,190.292,13.583,14.25,15.708,1.458,5.261,28.083,203.792
2014-03-31,195.458,8.292,9.958,10.625,0.708,3.125,27.542,203.542
2014-04-01,193.375,12.625,10.667,12.083,1.458,3.292,12.125,205.625
2014-04-02,193.174,12.348,12.167,14.375,2.083,1.625,11.75,205.261
2014-04-03,188.208,12.042,8.542,9.333,0.708,1.083,12.417,199.958
2014-04-04,182.958,8.667,7.522,8.609,0.957,1.875,8.0,191.458
2014-04-05,189.208,8.583,5.042,5.375,0.333,1.375,4.542,197.542
2014-04-06,190.958,10.208,7.167,8.042,0.792,2.792,7.875,200.917
2014-04-07,192.958,8.458,9.208,10.875,1.667,1.13,6.833,201.083
2014-04-08,196.375,25.042,18.333,22.75,4.292,3.208,20.25,221.25
2014-04-09,192.727,23.909,9.087,10.217,1.087,2.522,18.739,216.455
2014-04-10,194.667,13.833,13.208,14.75,1.583,1.875,26.542,208.208
2014-04-11,191.417,10.708,7.174,7.565,0.261,1.458,13.583,201.875
2014-04-12,196.958,13.583,10.417,11.292,0.875,1.625,15.583,210.375
2014-04-13,195.917,13.25,9.458,11.042,1.417,2.625,12.042,209.0
2014-04-14,193.75,11.333,11.792,13.083,1.167,1.261,11.917,204.917
2014-04-15,200.458,13.542,13.833,17.875,3.917,2.125,19.625,213.917
2014-04-16,200.478,15.826,12.542,14.042,1.417,2.042,32.583,216.174
2014-04-17,193.167,29.333,14.75,16.292,1.583,5.0,25.75,222.292
2014-04-18,193.292,15.708,11.565,12.304,0.739,4.25,24.167,208.792
2014-04-19,195.5,15.625,10.875,13.125,2.208,7.0,13.75,210.875
2014-04-20,195.0,12.958,7.0,8.458,1.458,3.042,7.167,207.792
2014-04-21,195.0,9.875,6.667,7.917,1.083,1.0,8.833,204.75
2014-04-22,191.292,19.917,13.25,15.667,2.417,5.125,14.958,211.042
2014-04-23,193.565,11.391,9.667,10.792,1.208,2.458,16.25,204.696
2014-04-24,196.417,14.875,13.292,15.208,2.083,3.458,18.042,211.208
2014-04-25,203.375,12.667,10.826,13.304,2.522,2.333,22.292,215.833
2014-04-26,201.75,11.083,8.917,9.75,0.875,1.875,20.542,212.458
2014-04-27,199.083,9.917,4.0,4.125,0.042,1.292,13.75,208.458
2014-04-28,192.792,8.708,7.25,7.917,0.75,1.913,16.375,201.125
2014-04-29,193.292,11.542,6.625,7.042,0.375,2.417,21.0,204.458
2014-04-30,189.211,9.526,5.087,5.565,0.609,1.0,21.87,198.421
2014-05-01,188.625,13.5,5.458,5.917,0.5,1.5,19.833,201.792
2014-05-02,190.417,16.125,10.609,12.565,1.957,2.708,14.792,206.167
2014-05-03,196.542,16.0,8.875,9.708,0.708,2.958,29.542,212.208
2014-05-04,193.417,20.167,6.917,7.583,0.625,3.292,21.958,213.333
2014-05-05,194.333,11.708,4.708,5.0,0.208,1.043,25.958,205.875
2014-05-06,192.458,12.958,6.042,6.292,0.167,2.833,17.25,205.0
2014-05-07,192.174,10.913,6.375,7.375,0.958,1.792,14.333,202.87
2014-05-08,194.458,7.75,6.708,7.833,1.167,1.0,15.333,202.0
2014-05-09,191.875,16.125,11.348,12.348,0.87,2.542,16.042,207.708
2014-05-10,197.708,16.875,12.042,13.417,1.333,5.542,15.875,214.25
2014-05-11,199.0,13.75,8.417,9.875,1.375,4.0,15.875,212.292
2014-05-12,200.917,8.042,6.75,7.75,0.958,1.435,16.708,208.458
2014-05-13,190.292,15.917,9.167,9.792,0.75,1.875,18.208,205.875
2014-05-14,200.182,12.136,10.13,13.087,3.043,2.0,28.957,212.182
2014-05-15,187.292,16.125,10.542,11.083,0.417,2.542,24.125,203.25
2014-05-16,195.0,16.292,10.348,11.565,1.391,2.417,26.708,211.0
2014-05-17,192.625,11.583,6.75,7.292,0.583,1.667,8.125,203.917
2014-05-18,192.208,11.25,4.417,4.542,0.167,1.625,11.625,203.208
2014-05-19,193.042,28.708,9.583,10.542,1.125,2.304,18.625,221.542
2014-05-20,193.167,22.958,13.0,14.875,2.0,4.0,44.458,216.083
2014-05-21,186.174,17.87,6.458,7.208,0.667,1.917,16.208,203.957
2014-05-22,189.0,15.917,9.167,10.5,1.458,2.5,6.417,204.667
2014-05-23,192.125,13.917,7.348,8.783,1.304,2.458,10.042,206.0
2014-05-24,199.208,10.458,7.542,8.25,0.708,1.792,16.125,209.458
2014-05-25,200.583,11.042,7.333,7.5,0.25,2.042,26.792,211.5
2014-05-26,196.083,9.042,6.333,6.833,0.75,1.087,20.875,205.083
2014-05-27,186.292,14.167,7.917,8.75,0.917,3.25,12.167,200.375
2014-05-28,191.1,13.8,6.818,7.409,0.636,1.864,23.217,204.85
2014-05-29,203.583,12.292,7.667,8.375,0.625,2.5,36.5,215.792
2014-05-30,211.083,14.917,11.174,12.87,1.696,2.875,49.708,225.875
2014-05-31,207.542,15.208,8.458,9.083,0.708,2.833,58.125,222.708
2014-06-01,227.958,17.417,9.583,10.333,0.458,3.208,59.333,245.375
2014-06-02,219.458,26.667,10.25,11.25,0.917,3.739,51.833,245.958
2014-06-03,192.875,26.667,13.25,14.875,1.833,3.625,48.958,219.333
2014-06-04,191.826,9.13,8.25,9.542,1.125,1.375,38.958,200.87
2014-06-05,185.833,13.417,5.667,6.167,0.417,1.625,11.917,199.167
2014-06-06,183.542,22.875,7.217,8.174,1.13,1.083,12.708,206.333
2014-06-07,186.667,26.792,10.375,11.833,1.5,2.208,17.125,213.25
2014-06-08,187.208,6.75,5.042,5.625,0.5,1.417,20.292,193.833
2014-06-09,189.583,13.167,10.292,13.125,2.917,2.174,23.25,202.583
2014-06-10,185.792,29.667,12.75,19.375,6.625,5.75,17.708,215.333
2014-06-11,183.955,42.227,12.87,19.565,6.696,3.087,21.043,226.045
2014-06-12,186.125,13.292,6.542,8.125,1.5,1.417,14.792,199.375
2014-06-13,194.625,17.333,9.696,11.522,1.826,2.167,18.625,211.833
2014-06-14,194.75,21.5,7.542,8.375,0.708,2.5,19.417,216.167
2014-06-15,192.625,33.125,6.792,7.458,0.625,3.25,17.208,225.75
2014-06-16,212.625,9.792,8.417,9.375,0.875,3.087,44.958,222.292
2014-06-17,197.667,8.417,6.0,6.833,0.917,2.667,46.417,206.0
2014-06-18,197.043,27.957,10.0,11.0,1.083,2.5,42.042,224.87
2014-06-19,193.458,24.208,10.542,13.083,2.542,4.458,23.458,217.625
2014-06-20,197.833,9.875,6.13,7.174,1.087,1.875,13.708,207.458
2014-06-21,193.208,9.125,5.625,6.958,1.083,2.083,17.875,202.25
2014-06-22,192.708,27.958,14.125,16.167,2.125,5.208,29.25,220.583
2014-06-23,198.167,14.25,7.958,9.25,1.333,1.739,24.042,212.292
2014-06-24,198.957,13.826,10.348,11.174,0.826,1.957,22.217,212.609
2014-06-25,194.95,11.55,11.174,12.565,1.304,2.217,16.304,206.45
2014-06-26,197.208,17.875,10.792,12.542,1.75,3.083,19.375,215.0
2014-06-27,187.083,26.917,6.261,7.957,1.565,1.917,9.708,214.0
2014-06-28,182.167,20.583,4.5,5.125,0.542,2.542,9.5,202.667
2014-06-29,183.833,15.292,7.0,8.625,1.75,5.292,11.167,198.917
2014-06-30,185.0,8.833,6.25,8.25,2.0,3.217,8.958,193.625
2014-07-01,187.375,15.292,10.083,12.667,2.625,6.333,13.75,202.5
2014-07-02,192.478,16.261,8.833,10.25,1.583,3.667,16.708,208.609
2014-07-03,218.333,8.625,5.833,7.542,1.583,1.583,26.417,226.792
2014-07-04,186.75,19.583,7.522,7.957,0.522,2.0,13.833,206.125
2014-07-05,188.0,11.167,7.875,9.083,1.333,4.958,19.625,199.083
2014-07-06,189.75,16.0,6.292,7.958,1.667,2.667,14.458,205.708
2014-07-07,196.625,9.625,7.583,9.042,1.542,1.217,16.0,205.958
2014-07-08,198.375,46.667,8.417,9.917,1.5,2.292,14.875,244.917
2014-07-09,193.318,14.318,6.913,8.13,1.174,1.609,14.174,207.455
2014-07-10,191.792,10.542,5.333,8.708,3.292,1.375,23.208,202.25
2014-07-11,180.75,13.583,5.261,5.826,0.609,1.458,19.042,194.125
2014-07-12,191.0,35.583,9.667,11.75,2.042,3.917,20.458,226.417
2014-07-13,205.875,15.417,5.083,5.833,0.583,2.167,32.917,221.0
2014-07-14,190.667,32.25,9.708,11.375,1.542,3.217,35.792,222.75
2014-07-15,198.417,27.958,13.375,15.125,1.833,6.792,25.667,226.208
2014-07-16,192.0,10.696,8.5,9.583,1.292,2.792,43.25,202.391
2014-07-17,189.917,37.708,10.042,11.417,1.5,6.75,23.833,227.458
2014-07-18,189.583,23.417,10.609,12.652,1.957,5.125,19.083,212.917
2014-07-19,191.792,19.208,10.208,12.083,1.917,6.125,20.375,210.917
2014-07-20,187.125,9.5,5.5,7.25,1.75,2.625,11.667,196.458
2014-07-21,190.625,10.917,5.042,7.125,2.042,2.435,13.542,201.5
2014-07-22,200.0,8.958,7.583,9.625,2.125,1.958,31.875,208.75
2014-07-23,218.174,12.826,8.542,10.583,1.958,2.542,49.667,230.826
2014-07-24,195.708,29.875,10.042,11.917,1.708,3.833,44.292,225.333
2014-07-25,192.458,18.958,10.913,13.957,3.043,5.5,37.958,211.208
2014-07-26,189.75,8.417,4.875,6.083,1.167,1.458,44.25,197.917
2014-07-27,191.25,13.5,6.625,7.583,0.917,4.167,34.292,204.458
2014-07-28,195.833,12.75,8.125,8.833,0.708,2.478,16.5,208.333
2014-07-29,216.429,17.81,7.261,8.87,1.652,1.913,29.043,234.095
2014-07-30,203.435,8.783,5.375,6.708,1.25,1.833,31.292,211.913
2014-07-31,189.375,7.875,4.417,6.708,2.333,2.458,20.583,197.083
2014-08-01,192.208,8.958,6.217,8.826,2.696,2.125,20.917,200.875
2014-08-02,205.333,15.417,9.417,11.042,1.542,2.25,27.667,220.625
2014-08-03,205.542,24.042,10.833,14.167,3.5,6.375,28.375,229.333
2014-08-04,189.458,8.208,4.208,7.333,3.208,1.435,13.25,197.667
2014-08-05,184.458,6.958,3.167,5.792,2.417,1.375,16.417,191.292
2014-08-06,187.0,7.043,3.583,6.083,2.417,1.542,20.958,194.0
2014-08-07,187.042,6.708,3.208,5.167,2.083,1.375,19.042,193.625
2014-08-08,190.5,7.542,5.826,8.739,3.043,1.75,20.458,197.75
2014-08-09,189.292,13.625,9.0,11.208,2.167,5.833,21.875,202.792
2014-08-10,179.792,8.25,3.042,3.75,0.75,1.542,24.875,187.833
2014-08-11,179.75,5.542,3.0,4.125,1.25,1.87,27.75,185.083
2014-08-12,189.917,10.917,7.875,9.5,1.792,3.333,23.833,200.542
2014-08-13,196.0,12.455,6.348,7.043,0.783,2.478,28.087,208.273
2014-08-14,220.125,21.708,8.583,10.167,1.542,3.167,38.458,241.667
2014-08-15,194.458,8.0,2.435,3.957,1.522,1.417,19.25,202.25
2014-08-16,192.667,13.458,8.375,9.958,1.458,5.292,20.0,205.917
2014-08-17,192.292,20.0,8.542,10.208,1.667,4.917,19.042,211.958
2014-08-18,198.625,16.167,7.875,12.25,4.5,3.0,24.125,214.583
2014-08-19,195.583,8.917,5.75,8.792,3.125,2.167,16.083,204.125
2014-08-20,201.565,13.913,9.833,13.0,3.292,3.5,27.583,215.391
2014-08-21,209.333,12.958,10.125,12.333,2.375,2.25,30.417,222.167
2014-08-22,195.583,17.917,10.261,13.565,3.435,3.417,31.083,213.333
2014-08-23,183.875,7.708,4.667,7.25,2.667,1.5,14.542,191.583
2014-08-24,190.833,11.167,5.792,6.917,1.042,1.625,18.167,201.917
2014-08-25,196.542,26.833,12.208,14.25,2.208,3.217,21.583,223.25
2014-08-26,197.167,22.292,13.333,14.625,1.292,3.833,32.208,219.292
2014-08-27,194.0,14.857,12.696,16.391,3.478,8.478,18.0,208.429
2014-08-28,193.875,14.792,14.583,17.25,2.75,5.042,15.208,208.458
2014-08-29,191.875,17.792,10.696,13.174,2.174,4.792,12.875,209.583
2014-08-30,190.375,16.292,10.042,11.75,1.667,4.75,12.917,206.458
2014-08-31,191.25,20.417,11.833,13.417,1.833,5.375,14.708,211.5
2014-09-01,192.417,11.792,11.667,13.5,1.833,6.13,14.417,204.125
2014-09-02,189.792,10.833,8.292,10.542,2.167,5.792,11.833,200.458
2014-09-03,187.304,12.739,8.458,14.625,6.0,5.5,13.5,199.957
2014-09-04,190.208,13.083,5.958,6.792,0.75,1.375,15.125,203.208
2014-09-05,190.125,8.083,6.565,8.087,1.522,1.333,15.25,198.042
2014-09-06,192.417,28.625,10.0,12.542,2.625,2.958,19.667,220.875
2014-09-07,191.625,14.167,8.167,9.125,0.75,4.167,16.417,205.625
2014-09-08,192.75,14.625,10.292,11.5,1.25,3.609,17.958,207.167
2014-09-09,188.545,15.818,8.087,9.261,1.087,4.174,17.261,204.136
2014-09-10,193.087,11.174,7.292,8.667,1.167,2.25,16.667,204.174
2014-09-11,197.125,20.042,11.75,13.292,1.667,1.583,19.125,216.833
2014-09-12,195.333,17.375,11.739,14.87,3.217,3.542,18.208,212.583
2014-09-13,193.917,23.792,10.292,12.958,2.667,4.125,15.458,217.542
2014-09-14,197.167,17.625,9.083,11.625,2.5,4.375,14.167,214.583
2014-09-15,196.458,17.583,9.958,14.292,4.083,3.435,14.417,213.958
2014-09-16,218.625,18.875,11.917,13.5,1.542,1.917,24.375,237.458
2014-09-17,189.826,16.739,13.957,19.609,5.739,6.13,15.826,206.304
2014-09-18,198.25,13.208,11.708,14.167,2.625,7.958,22.167,211.208
2014-09-19,208.833,15.625,11.565,15.348,3.783,2.167,21.833,224.292
2014-09-20,192.583,21.042,10.458,13.875,3.458,4.458,18.833,213.542
2014-09-21,197.917,12.583,8.417,11.333,2.875,3.208,16.708,210.208
2014-09-22,202.792,15.625,11.208,17.167,5.833,5.826,18.167,218.292
2014-09-23,196.833,14.625,9.5,12.958,3.375,3.208,16.917,211.292
2014-09-24,197.13,9.652,7.708,9.417,1.583,1.25,17.583,206.652
2014-09-25,185.429,10.286,7.652,8.739,1.087,2.478,18.652,195.524
2014-09-26,186.708,14.875,9.391,12.304,2.826,5.833,12.333,201.5
2014-09-27,187.917,12.083,5.833,6.542,0.75,4.0,18.542,199.917
2014-09-28,190.125,15.292,13.0,16.0,3.042,10.542,27.833,205.25
2014-09-29,186.75,14.875,7.375,9.208,1.625,5.783,23.458,201.458
2014-09-30,196.208,15.542,11.958,14.0,2.25,2.375,26.875,211.708
2014-10-01,189.739,15.087,9.833,10.833,0.958,5.0,21.917,204.826
2014-10-02,189.5,12.708,8.792,10.167,1.292,3.0,15.833,202.167
2014-10-03,191.208,8.333,6.174,8.087,1.957,2.0,16.875,199.375
2014-10-04,189.542,17.292,8.917,10.042,1.125,5.375,19.042,206.583
2014-10-05,191.583,13.583,8.917,9.833,0.875,4.583,18.833,205.042
2014-10-06,183.083,16.625,5.375,6.292,0.917,4.826,15.5,199.542
2014-10-07,189.0,12.167,4.75,6.792,1.958,3.042,8.583,201.125
2014-10-08,190.182,15.864,7.826,10.391,2.739,3.565,11.087,205.864
2014-10-09,192.792,16.333,8.708,10.167,1.458,1.667,14.833,206.542
2014-10-10,204.25,15.792,11.348,16.565,5.348,1.375,18.917,219.875
2014-10-11,189.542,15.042,12.542,17.125,4.292,4.875,19.625,204.333
2014-10-12,192.333,15.5,11.333,15.0,3.792,4.917,16.958,207.667
2014-10-13,191.625,12.875,5.333,6.542,1.208,2.304,16.833,204.292
2014-10-14,181.792,9.208,4.542,5.5,0.875,2.708,14.5,190.917
2014-10-15,190.217,14.913,6.958,8.25,1.25,5.375,10.292,204.826
2014-10-16,190.542,19.542,9.417,11.167,1.958,5.208,10.875,209.833
2014-10-17,196.417,15.917,9.87,13.739,3.957,2.458,15.208,212.083
2014-10-18,198.875,14.875,10.083,14.458,4.333,4.958,13.875,213.458
2014-10-19,206.625,18.875,10.917,12.583,1.542,4.375,26.708,225.292
2014-10-20,219.684,20.842,10.792,18.458,7.625,1.174,24.667,240.368
2014-10-21,203.125,15.375,9.0,11.292,2.583,1.0,21.625,218.292
2014-10-22,194.217,14.217,8.958,9.958,0.958,4.125,14.042,208.261
2014-10-23,195.417,12.75,11.833,13.625,1.708,8.708,16.042,207.917
2014-10-24,194.667,17.429,11.913,16.043,4.087,5.208,12.875,211.952
2014-10-25,203.542,17.75,10.417,16.292,5.792,2.042,20.083,220.958
2014-10-26,206.417,17.042,6.208,7.208,0.917,1.083,21.5,223.167
2014-10-27,193.583,16.292,10.667,12.583,2.042,1.826,19.625,209.625
2014-10-28,192.917,12.417,7.042,8.792,1.625,1.375,8.042,205.208
2014-10-29,203.043,16.478,15.875,20.125,4.292,2.417,20.5,219.174
2014-10-30,204.292,13.958,13.417,16.542,3.167,1.833,19.833,217.75
2014-10-31,218.762,19.952,15.4,22.45,7.0,1.429,37.455,238.333
2014-11-01,221.25,25.917,19.667,29.333,9.667,2.708,45.875,247.083
2014-11-02,189.5,8.958,3.208,3.917,0.542,1.625,17.125,198.292
2014-11-03,191.125,11.583,7.833,9.708,1.875,2.913,11.417,202.25
2014-11-04,197.5,11.417,13.125,18.75,5.667,3.958,8.708,208.625
2014-11-05,191.261,12.0,7.25,8.917,1.625,2.5,9.25,202.957
2014-11-06,190.25,17.292,9.583,11.125,1.333,3.708,14.958,207.417
2014-11-07,190.167,12.833,9.652,11.391,1.565,3.458,15.625,202.875
2014-11-08,192.417,12.792,5.458,6.167,0.708,1.875,11.208,205.042
2014-11-09,195.875,10.417,6.917,7.833,0.958,1.583,22.75,206.0
2014-11-10,195.542,12.625,10.417,13.792,3.458,4.087,25.917,207.875
2014-11-11,190.917,11.5,11.0,12.667,1.583,4.833,17.792,202.167
2014-11-12,197.0,12.714,13.435,17.783,4.391,1.348,26.0,209.381
2014-11-13,207.333,13.083,11.792,19.0,7.083,1.292,13.167,220.167
2014-11-14,200.75,10.083,11.913,14.783,2.826,1.583,8.208,210.375
2014-11-15,202.25,13.042,9.125,11.458,2.417,1.333,6.542,215.167
2014-11-16,206.792,13.292,9.417,11.542,2.083,1.5,14.5,219.792
2014-11-17,210.042,14.917,16.75,22.167,5.5,2.348,27.167,224.708
2014-11-18,203.167,15.625,11.167,14.583,3.417,1.958,20.75,218.583
2014-11-19,198.565,14.609,9.692,17.538,7.769,1.304,11.292,212.739
2014-11-20,196.75,15.833,19.385,23.692,4.154,2.792,13.0,212.125
2014-11-21,195.708,14.667,15.348,18.739,3.348,3.5,16.75,210.042
2014-11-22,199.25,19.958,18.5,22.583,4.292,3.917,25.792,218.958
2014-11-23,199.083,14.792,8.417,9.0,0.792,3.25,17.75,213.542
2014-11-24,195.458,15.833,11.083,12.25,1.25,2.261,22.583,211.208
2014-11-25,199.667,24.833,12.708,19.333,6.75,3.167,27.208,224.167
2014-11-26,189.652,14.652,9.708,10.042,0.5,4.167,9.75,204.0
2014-11-27,191.875,7.833,7.333,8.083,1.125,3.333,4.583,199.375
2014-11-28,198.905,13.286,15.909,22.273,6.364,1.783,12.348,211.857
2014-11-29,193.708,10.25,11.25,12.292,0.833,1.417,13.125,203.708
2014-11-30,190.75,9.583,8.292,9.708,1.292,3.292,9.75,200.0
2014-12-01,190.333,10.333,14.208,16.375,2.083,1.13,15.125,200.375
2014-12-02,191.13,9.174,12.652,14.13,1.522,1.889,8.111,199.913
2014-12-03,193.652,12.217,11.0,13.042,1.792,,,205.565
2014-12-04,194.167,11.167,16.875,19.333,2.417,,,205.042
2014-12-05,194.25,13.708,15.13,20.783,5.565,,,207.667
2014-12-06,195.583,9.917,9.375,10.917,1.417,,,205.083
2014-12-07,198.625,13.458,10.625,12.5,2.083,,,211.875
2014-12-08,199.625,15.333,16.875,26.333,9.5,,,214.625
2014-12-09,199.5,12.75,14.333,19.625,5.292,1.75,8.75,211.792
2014-12-10,196.682,14.182,19.783,26.565,6.826,1.87,11.13,210.591
2014-12-11,194.083,16.5,18.208,23.708,5.708,1.391,19.043,210.083
2014-12-12,192.625,18.25,16.87,21.0,4.087,2.708,10.5,210.583
2014-12-13,191.125,12.333,13.417,21.333,7.917,1.667,6.458,203.125
2014-12-14,192.208,9.458,6.083,7.583,1.25,1.417,2.417,201.458
2014-12-15,194.292,12.417,12.625,16.625,4.125,3.391,2.125,206.292
2014-12-16,190.167,14.333,16.542,22.5,5.958,1.292,6.292,204.208
2014-12-17,194.783,11.0,13.125,15.917,2.583,1.458,1.875,205.565
2014-12-18,198.292,9.042,7.333,9.167,1.667,1.125,0.167,207.208
2014-12-19,206.625,14.958,19.478,29.696,10.174,2.25,9.417,221.417
2014-12-20,211.333,21.75,19.208,30.917,11.625,1.542,21.958,232.833
2014-12-21,200.211,14.0,10.211,12.789,2.368,1.421,9.0,214.0
2014-12-22,201.25,11.25,13.708,16.375,2.625,1.739,4.0,212.292
2014-12-23,201.417,14.875,12.333,15.292,2.875,1.583,2.292,215.958
2014-12-24,201.174,26.87,26.792,50.75,23.958,1.917,20.375,227.87
2014-12-25,196.286,16.238,15.957,25.696,9.696,1.739,9.0,212.19
2014-12-26,193.417,10.667,12.261,16.826,4.348,1.625,0.75,203.958
2014-12-27,195.25,11.917,11.333,13.625,2.25,1.625,7.0,207.083
2014-12-28,198.125,15.125,14.75,16.458,1.792,3.542,20.5,213.208
2014-12-29,192.958,13.833,15.0,17.333,2.542,1.478,20.708,206.542
2014-12-30,197.75,16.583,14.583,19.5,4.875,1.667,16.917,214.167
2014-12-31,203.217,13.826,11.875,13.833,2.208,1.917,18.375,216.826
2018-01-01,206.042,8.417,15.708,17.75,2.042,0.458,9.083,214.458
2018-01-02,200.417,4.125,7.667,7.917,0.25,0.042,4.0,204.542
2018-01-03,198.5,3.958,9.667,10.333,0.667,1.333,4.75,202.417
2018-01-04,201.409,8.364,20.826,23.391,2.565,0.217,10.652,209.727
2018-01-05,207.25,11.042,21.042,23.75,2.708,1.0,11.583,218.292
2018-01-06,200.0,8.417,14.5,14.833,0.333,0.333,8.792,208.5
2018-01-07,199.957,13.522,33.217,43.13,9.913,0.609,9.958,213.478
2018-01-08,200.625,17.0,42.958,55.833,12.875,1.208,13.958,217.667
2018-01-09,195.625,8.958,14.625,15.833,1.208,0.5,5.583,204.583
2018-01-10,201.167,15.625,39.917,50.25,10.333,0.875,15.375,216.833
2018-01-11,200.125,21.5,39.792,56.25,16.458,2.125,17.208,221.667
2018-01-12,196.625,12.333,21.833,24.042,2.208,2.25,9.667,209.042
2018-01-13,195.958,13.917,16.75,19.583,2.833,5.5,8.375,209.958
2018-01-14,196.739,10.0,14.435,16.565,2.13,2.391,5.833,206.87
2018-01-15,200.0,11.542,34.792,43.958,9.167,1.208,12.458,211.625
2018-01-16,202.625,16.208,28.0,32.125,4.125,1.708,14.792,218.917
2018-01-17,202.125,10.708,25.625,29.042,3.417,0.875,14.125,212.958
2018-01-18,196.609,7.696,10.609,11.348,0.739,0.217,4.0,204.522
2018-01-19,198.0,12.375,27.708,35.208,7.5,0.792,8.333,210.417
2018-01-20,203.875,13.708,21.792,23.583,1.792,1.25,19.125,217.583
2018-01-21,198.652,12.304,21.391,27.348,5.957,0.739,6.375,211.043
2018-01-22,200.417,12.25,22.833,30.083,7.25,0.833,8.25,212.708
2018-01-23,199.167,10.5,17.167,19.917,2.75,1.083,12.708,209.667
2018-01-24,196.043,8.739,7.87,9.0,1.13,0.565,4.609,204.783
2018-01-25,198.458,12.875,14.458,17.125,2.667,1.5,8.792,211.333
2018-01-26,197.304,11.087,7.087,7.783,0.696,0.652,5.609,208.478
2018-01-27,195.875,7.625,4.208,4.458,0.25,0.542,6.75,203.5
2018-01-28,201.565,9.609,14.652,19.435,4.783,1.0,9.833,211.174
2018-01-29,197.25,8.375,8.125,9.083,0.958,0.833,10.958,205.583
2018-01-30,200.125,13.167,18.125,22.375,4.25,1.375,18.542,213.417
2018-01-31,208.792,19.958,23.667,34.25,10.583,1.167,28.667,228.792
2018-02-01,196.75,6.792,8.167,9.333,1.167,0.333,5.667,203.542
2018-02-02,198.917,8.917,12.0,14.542,2.542,0.875,10.333,207.958
2018-02-03,203.708,14.125,13.125,15.583,2.458,1.208,17.625,217.75
2018-02-04,196.565,7.609,6.87,7.609,0.739,0.652,10.167,204.174
2018-02-05,196.682,10.773,10.217,11.609,1.391,1.174,14.696,207.545
2018-02-06,198.792,11.5,14.75,16.667,1.958,0.25,19.167,210.333
2018-02-07,201.167,18.958,16.042,33.208,17.208,0.917,19.375,220.208
2018-02-08,197.75,10.167,9.958,11.167,1.208,0.292,7.625,208.125
2018-02-09,196.958,6.958,8.708,9.75,1.042,1.75,6.542,203.875
2018-02-10,195.958,5.25,3.333,3.458,0.125,0.75,5.917,201.25
2018-02-11,197.478,8.435,7.565,8.217,0.652,0.652,6.542,205.957
2018-02-12,197.583,9.708,10.5,12.167,1.667,0.833,10.417,207.333
2018-02-13,197.25,9.5,9.875,11.25,1.375,0.833,9.583,206.917
2018-02-14,197.292,6.917,5.917,6.292,0.375,1.917,8.5,204.417
2018-02-15,195.542,8.292,10.958,12.458,1.5,1.417,7.042,203.833
2018-02-16,201.167,10.833,11.792,18.583,6.792,1.25,12.667,212.042
2018-02-17,200.5,12.792,9.5,10.333,0.833,1.375,18.375,213.333
2018-02-18,200.13,14.261,17.826,22.435,4.609,0.783,15.625,214.435
2018-02-19,204.783,21.043,23.435,31.304,7.87,1.087,24.957,225.87
2018-02-20,198.708,19.042,13.917,18.083,4.167,1.542,21.208,217.792
2018-02-21,197.333,9.042,9.167,10.417,1.25,2.375,6.667,206.458
2018-02-22,196.417,13.417,8.875,10.333,1.458,1.125,8.917,209.958
2018-02-23,197.708,8.25,8.833,10.25,1.417,4.125,18.958,206.042
2018-02-24,199.75,8.583,6.625,7.875,1.25,0.292,17.167,208.5
2018-02-25,201.0,14.043,13.783,16.652,2.87,1.087,16.75,215.043
2018-02-26,196.458,10.375,10.783,12.087,1.304,8.375,20.833,206.833
2018-02-27,198.208,6.75,8.542,9.292,0.75,2.958,16.083,204.958
2018-02-28,200.167,12.042,15.167,17.792,2.667,1.583,20.292,212.292
2018-03-01,198.5,8.208,14.75,16.583,1.833,5.542,18.25,206.708
2018-03-02,199.25,8.167,9.833,11.542,1.708,1.333,20.208,207.5
2018-03-03,198.042,10.125,9.25,10.042,0.792,0.542,21.625,208.25
2018-03-04,195.261,8.174,13.043,14.478,1.435,3.913,11.25,203.435
2018-03-05,195.5,7.864,9.87,11.217,1.348,2.409,21.136,203.364
2018-03-06,202.958,7.917,12.75,17.958,5.208,0.292,15.542,210.875
2018-03-07,198.583,9.458,11.5,12.458,0.958,0.542,12.958,208.125
2018-03-08,195.5,5.958,6.625,7.125,0.5,0.0,10.167,201.5
2018-03-09,199.875,7.917,9.833,13.458,3.625,0.0,10.625,207.875
2018-03-10,196.958,6.083,5.292,5.875,0.583,0.042,9.0,203.042
2018-03-11,192.913,6.043,5.739,6.391,0.652,0.304,5.625,198.913
2018-03-12,196.042,5.5,12.792,15.125,2.333,1.167,10.958,201.667
2018-03-13,199.25,6.125,10.333,11.875,1.542,0.917,10.792,205.375
2018-03-14,197.375,3.417,7.333,7.958,0.625,0.208,6.958,200.792
2018-03-15,196.875,3.0,9.042,10.208,1.167,0.25,8.75,199.833
2018-03-16,198.583,6.542,9.833,10.958,1.125,2.542,13.625,205.208
2018-03-17,195.833,3.542,5.25,5.625,0.375,1.0,9.75,199.375
2018-03-18,197.174,9.783,8.391,9.696,1.304,0.826,7.542,207.087
2018-03-19,201.182,12.364,11.565,13.478,1.913,0.913,9.217,213.682
2018-03-20,197.917,14.375,12.583,14.292,1.708,3.5,14.625,212.375
2018-03-21,203.333,8.0,3.667,4.417,0.75,0.25,11.333,211.25
2018-03-22,199.5,21.25,13.542,16.167,2.625,4.458,10.0,220.875
2018-03-23,197.667,10.75,6.833,7.792,0.958,2.625,6.417,208.458
2018-03-24,197.792,8.875,5.292,5.958,0.667,0.75,8.5,206.667
2018-03-25,197.913,9.609,12.261,14.217,1.957,2.826,11.708,207.522
2018-03-26,198.25,11.917,16.292,18.542,2.25,1.167,14.875,210.208
2018-03-27,197.167,6.25,8.0,8.833,0.833,0.833,13.667,203.375
2018-03-28,196.833,10.208,8.042,8.917,0.875,3.917,11.458,207.125
2018-03-29,197.125,7.75,9.625,11.792,2.167,5.125,8.375,204.958
2018-03-30,197.542,8.792,8.333,9.042,0.708,2.125,12.5,206.417
2018-03-31,197.875,12.417,9.292,10.542,1.25,3.958,12.583,210.417
2018-04-01,199.042,6.5,3.042,3.208,0.167,1.125,12.5,205.583
2018-04-02,197.87,13.391,10.087,12.261,2.174,2.478,19.625,211.261
2018-04-03,195.208,8.542,8.667,9.208,0.542,1.792,29.583,203.833
2018-04-04,199.375,8.417,11.083,12.833,1.75,2.083,31.417,207.792
2018-04-05,193.083,11.792,8.0,9.667,1.667,1.833,8.75,204.792
2018-04-06,194.545,4.636,3.739,4.478,0.739,0.0,18.913,199.227
2018-04-07,195.25,10.125,7.083,8.167,1.083,2.0,10.875,205.375
2018-04-08,198.083,8.292,4.917,5.333,0.417,0.917,12.917,206.375
2018-04-09,197.304,9.261,10.043,10.783,0.739,1.87,14.458,206.652
2018-04-10,196.625,10.458,12.667,15.083,2.417,2.292,13.333,207.125
2018-04-11,194.875,4.958,4.25,4.708,0.458,0.417,15.5,199.792
2018-04-12,193.417,20.292,12.708,15.625,2.917,4.458,19.5,213.75
2018-04-13,195.458,12.375,10.125,11.792,1.667,2.5,10.458,207.917
2018-04-14,193.542,7.708,3.25,3.375,0.125,0.5,10.875,201.25
2018-04-15,193.625,7.75,4.833,5.083,0.25,1.292,13.125,201.375
2018-04-16,196.13,9.957,11.435,14.087,2.652,2.826,17.083,206.217
2018-04-17,193.833,9.75,8.458,9.25,0.792,0.917,13.917,203.667
2018-04-18,193.625,10.0,9.292,9.917,0.625,2.208,15.875,203.792
2018-04-19,196.696,7.522,8.391,9.522,1.13,1.304,10.261,204.217
2018-04-20,196.292,11.958,11.667,13.042,1.375,3.75,20.333,208.25
2018-04-21,202.25,11.125,9.083,9.583,0.5,1.375,24.958,213.458
2018-04-22,200.542,26.125,14.292,14.917,0.625,4.292,32.542,226.75
2018-04-23,196.174,6.913,10.957,11.304,0.348,3.957,27.958,203.087
2018-04-24,192.583,12.583,5.208,5.542,0.333,0.583,16.542,205.125
2018-04-25,190.625,5.792,6.583,7.208,0.625,0.458,15.5,196.458
2018-04-26,193.792,8.25,8.667,10.333,1.667,5.0,6.0,202.0
2018-04-27,198.25,8.667,7.417,8.167,0.75,0.333,8.75,206.917
2018-04-28,195.667,7.25,7.333,7.958,0.625,1.75,18.333,203.0
2018-04-29,191.542,3.708,1.667,1.667,0.0,0.208,18.667,195.208
2018-04-30,189.957,3.043,1.957,2.0,0.043,0.348,14.333,193.0
2018-05-01,196.167,8.958,9.5,10.875,1.375,2.375,21.0,205.125
2018-05-02,192.5,14.833,7.375,7.833,0.458,1.5,25.75,207.292
2018-05-03,192.75,5.042,3.458,3.625,0.167,1.042,20.0,197.75
2018-05-04,194.667,7.208,6.25,6.667,0.417,3.083,10.542,201.833
2018-05-05,197.083,5.542,4.792,4.958,0.167,1.417,14.333,202.667
2018-05-06,202.042,5.083,3.875,4.083,0.208,1.625,19.208,207.167
2018-05-07,193.217,5.565,7.217,7.522,0.304,2.0,14.25,198.739
2018-05-08,193.818,6.909,9.609,10.217,0.609,4.217,14.304,200.773
2018-05-09,193.583,8.75,9.667,10.25,0.583,2.292,9.292,202.333
2018-05-10,196.75,11.875,12.542,13.542,1.0,1.333,7.958,208.667
2018-05-11,205.875,8.333,8.708,11.292,2.625,0.042,9.042,214.083
2018-05-12,204.792,7.0,7.875,8.25,0.375,0.667,17.417,211.833
2018-05-13,192.875,9.75,4.375,4.417,0.042,0.083,9.167,202.583
2018-05-14,197.043,19.435,10.957,12.174,1.217,1.435,12.708,216.565
2018-05-15,202.958,11.958,10.125,11.042,0.917,1.042,16.917,214.958
2018-05-16,193.833,6.958,4.875,5.333,0.458,1.0,13.625,200.792
2018-05-17,202.167,7.75,6.042,6.583,0.542,0.625,24.542,209.833
2018-05-18,199.375,33.625,13.25,14.75,1.5,3.542,26.917,233.0
2018-05-19,191.0,11.333,7.125,8.458,1.333,1.208,12.708,202.375
2018-05-20,194.25,7.667,7.708,9.833,2.125,4.292,8.125,201.917
2018-05-21,205.609,6.957,12.609,15.087,2.478,1.957,11.792,212.522
2018-05-22,210.304,5.087,9.087,11.261,2.174,1.043,12.043,215.391
2018-05-23,196.0,2.792,7.875,8.75,0.875,0.208,9.708,198.833
2018-05-24,192.875,6.542,7.917,9.0,1.083,2.042,6.708,199.458
2018-05-25,201.917,3.375,6.375,7.417,1.042,1.125,12.125,205.333
2018-05-26,198.042,17.5,8.167,8.625,0.458,3.042,23.458,215.5
2018-05-27,192.0,6.417,5.625,6.625,1.0,2.542,17.625,198.375
2018-05-28,196.957,18.522,10.435,11.565,1.13,1.739,15.667,215.478
2018-05-29,201.0,3.875,5.0,5.875,0.875,0.458,12.792,204.958
2018-05-30,194.542,14.833,8.417,9.333,0.917,0.25,13.333,209.375
2018-05-31,200.25,7.417,8.333,8.958,0.625,0.833,13.375,207.75
2018-06-01,196.708,7.667,7.5,8.625,1.125,2.083,9.083,204.333
2018-06-02,195.875,10.0,6.0,6.875,0.875,1.333,7.958,205.833
2018-06-03,214.792,5.375,4.917,5.208,0.292,0.625,8.333,220.167
2018-06-04,196.087,14.0,10.174,11.609,1.435,2.174,8.458,210.043
2018-06-05,189.5,2.25,6.208,7.042,0.833,2.208,6.792,191.75
2018-06-06,203.292,0.667,8.625,9.458,0.833,1.75,9.667,204.083
2018-06-07,197.909,5.773,7.348,7.652,0.304,1.435,9.826,203.727
2018-06-08,206.167,4.292,3.875,4.417,0.542,0.5,13.042,210.458
2018-06-09,201.167,12.125,8.125,8.833,0.708,0.875,18.75,213.333
2018-06-10,195.625,13.833,7.292,7.875,0.583,0.792,15.0,209.542
2018-06-11,195.913,32.174,12.913,14.565,1.652,0.913,6.208,228.087
2018-06-12,190.208,9.5,6.542,7.583,1.042,1.417,7.208,199.708
2018-06-13,192.958,3.083,5.375,6.333,0.958,1.083,7.25,196.083
2018-06-14,189.417,5.083,6.708,7.917,1.208,0.958,6.667,194.5
2018-06-15,190.583,4.458,12.458,14.042,1.583,4.917,10.542,195.083
2018-06-16,191.125,8.542,5.083,5.542,0.458,1.75,4.625,199.708
2018-06-17,191.0,4.25,5.0,5.708,0.708,1.75,5.292,195.25
2018-06-18,193.087,11.609,5.478,6.391,0.913,0.304,6.583,204.696
2018-06-19,192.167,18.833,8.5,10.75,2.25,3.958,11.583,211.083
2018-06-20,188.667,9.75,7.375,7.917,0.542,1.208,11.208,198.417
2018-06-21,196.0,11.565,11.652,12.783,1.13,2.609,11.957,207.652
2018-06-22,216.75,9.708,9.042,10.917,1.875,1.208,14.333,226.417
2018-06-23,204.875,21.333,13.292,15.458,2.167,1.958,21.667,226.167
2018-06-24,217.25,17.375,9.792,11.042,1.25,1.5,23.583,234.625
2018-06-25,213.696,22.609,10.652,11.696,1.043,1.348,21.125,236.348
2018-06-26,197.208,12.625,7.208,7.958,0.75,1.333,29.292,209.75
2018-06-27,186.75,2.25,1.708,2.875,1.167,0.208,11.458,189.0
2018-06-28,185.458,2.792,2.333,3.958,1.625,0.458,17.167,188.25
2018-06-29,186.75,2.583,1.542,3.667,2.125,0.25,15.292,189.292
2018-06-30,184.375,2.333,1.708,3.542,1.833,0.292,13.958,186.708
2018-07-01,184.5,2.042,1.5,3.125,1.625,0.667,15.792,186.542
2018-07-02,195.609,6.304,4.87,8.043,3.174,0.826,17.792,201.826
2018-07-03,192.875,6.75,3.833,5.708,1.875,0.542,14.708,199.667
2018-07-04,189.708,4.917,2.0,3.792,1.792,0.208,17.542,194.708
2018-07-05,184.292,4.458,2.125,3.583,1.458,0.0,14.583,188.708
2018-07-06,189.318,8.773,8.348,10.043,1.696,2.13,14.435,198.136
2018-07-07,185.208,19.125,6.208,9.167,2.958,1.875,18.042,204.333
2018-07-08,183.875,4.792,2.625,4.083,1.458,0.875,13.208,188.625
2018-07-09,185.435,7.087,4.13,6.261,2.13,0.609,12.292,192.522
2018-07-10,187.5,6.958,4.0,6.042,2.042,0.75,11.125,194.375
2018-07-11,195.625,10.333,6.917,8.917,2.0,1.125,18.75,206.042
2018-07-12,188.208,26.292,13.292,17.542,4.25,3.333,18.292,214.5
2018-07-13,197.167,9.083,5.667,7.208,1.542,0.417,19.542,206.375
2018-07-14,204.083,25.708,8.958,10.25,1.292,2.042,32.5,229.75
2018-07-15,187.25,16.708,6.792,8.208,1.417,1.5,34.5,203.958
2018-07-16,193.087,6.565,2.913,3.565,0.652,0.087,44.542,199.652
2018-07-17,187.583,6.167,3.792,4.958,1.167,0.0,36.0,193.75
2018-07-18,189.042,7.417,5.167,7.0,1.833,0.417,28.958,196.417
2018-07-19,191.75,6.333,4.0,6.083,2.083,0.083,16.5,198.083
2018-07-20,185.565,7.13,2.435,4.739,2.304,0.0,14.87,192.609
2018-07-21,190.167,8.292,3.542,5.583,2.042,0.083,15.333,198.458
2018-07-22,202.333,9.25,5.583,7.208,1.625,0.375,26.708,211.625
2018-07-23,203.217,22.609,12.087,14.261,2.174,3.696,34.542,225.87
2018-07-24,185.333,27.667,10.167,12.0,1.833,2.333,22.667,213.125
2018-07-25,187.292,19.583,9.292,11.625,2.333,1.708,13.083,206.958
2018-07-26,187.0,19.667,13.625,21.625,8.0,4.833,11.083,206.625
2018-07-27,187.042,9.833,5.042,5.833,0.792,2.708,11.958,196.875
2018-07-28,186.167,12.375,8.208,11.75,3.542,6.083,39.25,198.583
2018-07-29,181.833,6.0,1.125,1.5,0.375,0.167,28.333,187.667
2018-07-30,183.13,30.043,8.522,13.043,4.522,2.043,17.0,213.174
2018-07-31,186.917,12.75,7.333,12.208,4.875,2.0,15.292,199.625
2018-08-01,205.0,13.125,8.75,11.208,2.458,1.458,19.25,218.208
2018-08-02,214.458,27.292,14.792,16.708,1.917,6.375,37.708,241.833
2018-08-03,186.792,35.333,15.875,18.833,2.958,10.208,40.708,222.125
2018-08-04,191.25,16.167,7.958,9.208,1.25,3.917,20.625,207.5
2018-08-05,196.083,7.0,4.25,4.875,0.625,0.667,38.625,203.083
2018-08-06,192.619,10.857,7.571,8.238,0.667,3.524,27.409,203.476
2018-08-07,190.375,8.625,13.833,17.458,3.625,9.458,20.458,199.042
2018-08-08,185.792,13.75,12.333,17.583,5.25,10.5,39.375,199.542
2018-08-09,190.458,17.042,5.5,6.333,0.833,0.292,32.333,207.583
2018-08-10,195.917,8.125,5.125,6.208,1.083,0.125,28.125,204.042
2018-08-11,194.25,29.167,12.625,16.083,3.458,4.167,41.25,223.458
2018-08-12,191.042,21.125,16.042,20.333,4.292,8.167,27.708,212.167
2018-08-13,191.478,22.13,13.0,18.0,5.0,5.13,32.208,213.652
2018-08-14,195.333,0.125,2.667,4.417,1.75,1.125,15.375,195.458
2018-08-15,185.333,0.042,1.417,2.25,0.833,0.792,12.208,185.375
2018-08-16,184.792,0.0,1.417,2.208,0.792,0.125,14.458,184.792
2018-08-17,193.0,4.542,8.542,9.917,1.375,4.083,9.542,197.542
2018-08-18,190.667,4.833,7.208,9.208,2.0,4.458,9.5,195.5
2018-08-19,193.833,3.917,5.917,6.75,0.833,1.542,9.417,197.792
2018-08-20,194.348,8.087,10.957,12.478,1.522,3.826,10.792,202.435
2018-08-21,185.87,2.913,4.0,6.435,2.435,0.609,22.87,188.783
2018-08-22,181.833,0.667,1.917,4.5,2.583,0.375,18.875,182.5
2018-08-23,182.333,0.625,2.0,4.792,2.792,0.333,27.583,182.958
2018-08-24,180.625,0.958,1.292,2.708,1.417,0.0,28.208,181.583
2018-08-25,183.167,2.958,4.792,5.5,0.708,0.625,19.708,186.125
2018-08-26,196.083,7.792,6.833,7.125,0.292,1.458,27.542,204.0
2018-08-27,187.435,9.522,7.478,9.087,1.609,1.826,20.875,196.957
2018-08-28,191.292,6.417,9.208,10.333,1.125,4.417,16.833,197.708
2018-08-29,189.125,5.0,8.417,9.708,1.292,4.25,16.333,194.125
2018-08-30,184.958,4.375,6.667,8.458,1.792,1.375,21.083,189.333
2018-08-31,189.375,5.208,7.667,9.0,1.333,1.417,23.875,194.583
2018-09-01,191.458,7.125,8.833,10.917,2.083,2.583,16.375,198.583
2018-09-02,192.292,18.625,9.125,10.417,1.292,4.208,12.833,210.833
2018-09-03,189.087,25.304,11.522,13.696,2.174,3.696,14.667,214.478
2018-09-04,189.458,6.0,2.958,5.833,2.875,0.792,25.667,195.458
2018-09-05,190.0,3.292,3.083,3.625,0.542,0.708,27.125,193.208
2018-09-06,196.625,5.5,6.708,7.083,0.375,1.708,31.75,202.125
2018-09-07,191.0,4.409,2.409,4.136,1.727,0.727,22.5,195.364
2018-09-08,188.292,9.583,4.625,6.042,1.417,1.625,16.292,197.875
2018-09-09,184.167,4.333,1.792,3.0,1.208,0.583,12.5,188.458
2018-09-10,186.783,14.261,7.957,10.783,2.826,3.13,12.667,201.043
2018-09-11,190.375,7.0,9.208,10.083,0.875,8.083,10.25,197.333
2018-09-12,189.042,8.833,13.833,18.958,5.125,7.125,9.375,197.875
2018-09-13,192.417,12.917,13.833,16.583,2.75,5.417,16.167,205.417
2018-09-14,192.042,19.875,13.375,15.042,1.667,1.25,11.625,211.875
2018-09-15,190.417,16.0,10.708,12.292,1.583,2.25,9.304,206.458
2018-09-16,192.708,11.25,7.667,8.875,1.208,2.667,12.417,204.083
2018-09-17,200.739,8.13,7.087,8.522,1.435,1.783,15.417,208.913
2018-09-18,191.792,8.0,7.0,8.083,1.083,1.125,9.625,199.792
2018-09-19,191.625,10.958,9.583,11.625,2.042,4.25,8.208,202.458
2018-09-20,196.958,16.208,12.75,14.458,1.708,2.792,10.125,213.125
2018-09-21,189.957,10.913,11.0,11.826,0.826,3.174,11.696,200.826
2018-09-22,194.625,13.625,9.083,9.875,0.792,1.208,10.167,208.292
2018-09-23,189.25,19.292,7.625,9.083,1.458,2.417,9.417,208.542
2018-09-24,194.391,25.826,13.957,15.478,1.522,2.826,17.0,220.304
2018-09-25,193.75,13.125,13.333,14.625,1.292,3.042,13.875,206.875
2018-09-26,193.667,7.333,11.208,12.0,0.792,8.125,12.917,201.0
2018-09-27,195.875,10.0,10.667,11.5,0.833,2.833,11.583,205.917
2018-09-28,200.833,14.542,15.25,19.958,4.708,2.833,12.542,215.375
2018-09-29,202.0,15.167,8.667,10.125,1.458,0.458,10.625,217.125
2018-09-30,192.542,14.667,5.292,5.833,0.542,0.333,21.208,207.125
2018-10-01,190.739,7.043,5.217,5.739,0.522,0.13,18.333,197.739
2018-10-02,198.333,8.583,9.458,10.5,1.042,0.5,14.958,206.917
2018-10-03,198.333,16.542,9.875,11.083,1.208,1.5,16.208,214.958
2018-10-04,190.292,7.25,9.0,9.75,0.75,2.5,11.833,197.5
2018-10-05,190.8,12.3,12.3,13.7,1.4,2.8,13.1,203.3
2018-10-09,186.231,10.077,5.636,7.727,2.091,1.071,8.071,196.308
2018-10-10,187.042,9.917,9.458,13.708,4.292,4.625,10.542,197.0
2018-10-11,187.458,11.292,11.458,13.375,1.917,3.083,14.167,198.875
2018-10-12,190.542,11.667,9.083,10.5,1.417,4.875,7.375,202.208
2018-10-13,189.5,8.375,6.458,7.25,0.792,6.708,7.708,197.833
2018-10-14,189.958,9.0,6.292,7.208,0.917,2.917,7.208,198.958
2018-10-15,193.792,8.542,10.667,13.583,2.917,2.042,8.708,202.375
2018-10-16,193.958,8.167,8.875,10.083,1.208,1.833,10.458,202.125
2018-10-17,192.583,8.833,9.292,10.75,1.458,4.167,11.625,201.458
2018-10-18,190.625,6.208,5.333,5.792,0.458,3.125,9.5,196.833
2018-10-19,191.0,9.0,9.0,9.826,0.826,5.783,9.522,200.043
2018-10-20,192.917,9.083,10.375,12.0,1.625,5.042,11.583,202.0
2018-10-21,191.208,6.458,5.583,7.083,1.5,5.375,8.708,197.667
2018-10-22,191.667,8.333,11.292,13.0,1.708,2.875,10.333,199.958
2018-10-23,191.0,9.375,11.75,13.25,1.5,1.792,13.25,200.375
2018-10-24,191.833,8.292,12.375,14.042,1.667,4.625,13.625,200.125
2018-10-25,192.667,8.125,10.542,11.583,1.042,7.083,21.333,200.75
2018-10-26,192.875,9.292,13.458,15.458,2.0,2.625,20.25,202.167
2018-10-27,192.292,6.083,5.292,5.917,0.625,1.0,11.833,198.333
2018-10-28,192.125,7.292,5.042,5.583,0.542,2.333,8.583,199.375
2018-10-29,200.958,9.5,10.792,12.125,1.333,2.0,12.417,210.5
2018-10-30,195.167,9.792,10.417,12.167,1.75,1.875,9.083,205.0
2018-10-31,196.083,8.167,9.625,10.917,1.292,0.458,5.5,204.292
2018-11-01,196.125,8.583,10.542,12.583,2.042,1.292,6.375,204.667
2018-11-02,196.208,7.833,12.333,13.708,1.375,1.833,7.458,204.042
2018-11-03,200.458,13.25,10.375,11.375,1.0,0.667,12.833,213.75
2018-11-04,199.917,12.208,8.208,8.958,0.75,0.708,13.042,212.25
2018-11-05,196.227,10.909,13.773,16.773,3.0,0.864,9.5,207.182
2018-11-06,195.125,12.417,10.792,11.917,1.125,0.875,9.792,207.542
2018-11-07,195.583,10.167,10.083,10.583,0.5,3.917,14.75,205.667
2018-11-08,197.625,7.625,11.708,12.583,0.917,6.042,17.75,205.417
2018-11-09,197.083,7.083,10.042,11.708,1.667,0.833,9.833,204.333
2018-11-10,201.083,10.458,9.542,11.542,2.0,2.917,12.833,211.5
2018-11-11,199.583,7.083,5.3,5.8,0.5,1.375,19.333,206.708
2018-11-12,201.348,6.478,,,,0.174,17.625,207.87
2018-11-13,195.708,4.75,,,,3.0,9.083,200.5
2018-11-14,196.167,6.833,,,,7.292,9.833,203.125
2018-11-15,195.833,4.0,,,,2.958,5.75,199.875
2018-11-16,197.958,8.792,22.538,27.923,5.385,0.458,8.792,206.833
2018-11-17,200.5,9.5,19.917,24.708,4.792,2.375,12.042,210.042
2018-11-18,195.125,5.083,24.708,33.958,9.25,6.0,6.833,200.125
2018-11-19,197.696,5.522,18.783,22.0,3.217,1.087,9.458,203.174
2018-11-20,195.565,6.435,19.792,24.125,4.333,3.091,9.091,202.0
2018-11-21,200.792,16.625,33.708,47.458,13.75,0.667,11.667,217.417
2018-11-22,200.176,17.882,28.0,34.765,6.765,1.235,11.118,218.118
2018-11-26,197.071,22.643,25.286,31.214,5.929,2.643,10.929,219.714
2018-11-27,205.042,14.958,37.0,56.208,19.208,0.792,19.083,220.0
2018-11-28,207.833,17.458,36.208,53.958,17.75,2.292,22.625,225.292
2018-11-29,195.667,4.25,14.458,19.0,4.542,1.818,15.955,199.958
2018-11-30,198.105,11.316,24.208,31.917,7.708,0.167,12.167,209.474
2018-12-01,196.625,11.208,16.917,22.833,5.917,0.542,7.917,208.0
2018-12-02,192.583,9.0,15.375,24.917,9.542,2.375,9.917,201.583
2018-12-03,200.19,11.476,30.208,44.167,13.958,0.087,17.522,211.571
2018-12-04,204.409,11.5,23.261,34.391,11.13,0.0,12.727,215.955
2018-12-05,197.667,12.333,26.917,30.833,3.917,4.125,12.167,210.125
2018-12-06,196.583,11.583,23.542,26.25,2.708,1.417,9.625,208.292
2018-12-07,203.583,13.458,27.125,39.5,12.375,0.625,11.833,217.167
2018-12-08,197.958,8.208,12.958,13.25,0.292,2.25,4.208,206.292
2018-12-09,199.167,4.917,5.333,5.417,0.083,0.042,3.583,204.125
2018-12-10,196.565,6.304,15.391,17.087,1.696,0.217,4.083,202.913
2018-12-11,196.167,15.417,24.583,30.875,6.292,2.0,3.875,211.667
2018-12-12,196.292,8.625,16.625,18.583,1.958,0.208,3.667,204.917
2018-12-13,197.292,12.958,24.833,31.583,6.75,1.0,5.042,210.292
2018-12-14,197.542,9.333,16.583,18.958,2.375,0.125,7.5,206.958
2018-12-15,197.083,6.625,12.917,13.208,0.333,0.042,7.042,203.75
2018-12-16,202.0,13.958,21.792,23.417,1.625,0.667,17.458,216.0
2018-12-17,198.696,13.565,31.565,40.783,9.217,1.391,17.0,212.304
2018-12-18,200.478,13.826,24.913,28.478,3.565,0.609,8.565,214.391
2018-12-19,199.542,16.458,32.833,43.417,10.583,1.042,9.542,216.042
2018-12-20,195.458,20.792,31.042,37.417,6.417,1.667,9.333,216.292
2018-12-21,194.542,19.167,33.792,43.958,10.167,1.208,12.625,213.75
2018-12-22,196.208,22.25,33.667,43.167,9.5,3.042,15.833,218.458
2018-12-23,194.542,12.583,15.667,18.708,3.042,2.5,18.042,207.208
2018-12-24,200.087,7.261,11.174,12.087,0.913,0.087,7.917,207.391
2018-12-25,197.292,9.875,29.458,34.833,5.375,1.708,9.167,207.292
2018-12-26,203.125,16.917,44.833,59.625,14.792,1.292,22.75,220.042
2018-12-27,202.667,12.25,33.875,37.125,3.25,1.083,16.458,214.917
2018-12-28,195.458,3.625,8.5,8.542,0.042,0.375,2.375,199.083
2018-12-29,195.083,3.125,7.958,8.0,0.042,0.625,2.875,198.208
2018-12-30,195.708,3.25,8.958,9.625,0.667,0.708,5.083,198.875
2018-12-31,200.565,7.348,13.174,14.565,1.391,0.261,9.542,207.913
